URL,Path,Division,Group / Sector,Page Type,Industry / Entity,Service / Solution,Parent Hub,Indexation,Launch Phase,Primary Intent,XML Sitemap,Reference / Source
https://www.consultusdigital.com/dtc-marketing-agency/,/dtc-marketing-agency/,DTC,,Division Marketing Agency Hub,DTC,,/divisions/,Index,Phase 1,dtc marketing agency,dtc-division-sitemap.xml,https://www.cardinaldigitalmarketing.com/healthcare-specialties/mental-healthcare-providers-agency/
https://www.consultusdigital.com/dtc-industries/,/dtc-industries/,DTC,,Industry Directory,DTC industries,,/dtc-marketing-agency/,Index,Phase 1,dtc marketing agency industries,dtc-industry-agency-sitemap.xml,https://www.cardinaldigitalmarketing.com/healthcare-specialties/mental-healthcare-providers-agency/
https://www.consultusdigital.com/dtc-marketing-services/,/dtc-marketing-services/,DTC,,Division Service Hub,DTC marketing services,,/dtc-marketing-agency/,Index,Phase 1,dtc marketing services,dtc-service-industry-sitemap.xml,Consultus architecture
https://www.consultusdigital.com/dtc-marketing-agency/solutions/,/dtc-marketing-agency/solutions/,DTC,,Division Solution Hub,DTC solutions,,/dtc-marketing-agency/,Index,Phase 1,dtc solutions,dtc-solutions-sitemap.xml,Consultus architecture
https://www.consultusdigital.com/dtc-marketing-agency/case-studies/,/dtc-marketing-agency/case-studies/,DTC,,Division Case Study Hub,DTC case studies,,/dtc-marketing-agency/,Index,Phase 1,dtc case studies,case-study-sitemap.xml,Consultus architecture
https://www.consultusdigital.com/dtc-marketing-agency/insights/,/dtc-marketing-agency/insights/,DTC,,Division Insight Hub,DTC insights,,/dtc-marketing-agency/,Index,Phase 1,dtc insights,post-sitemap.xml,Consultus architecture
https://www.consultusdigital.com/dtc-marketing-agency/lead-strategist/,/dtc-marketing-agency/lead-strategist/,DTC,,Division Lead Strategist,DTC lead strategist,,/dtc-marketing-agency/,Index,Phase 1,dtc lead strategist,expert-sitemap.xml,Consultus architecture
https://www.consultusdigital.com/dtc-marketing-agency/growth-assessment/,/dtc-marketing-agency/growth-assessment/,DTC,,Division Assessment,DTC growth assessment,,/dtc-marketing-agency/,Index,Phase 1,dtc growth assessment,resource-sitemap.xml,Consultus architecture
https://www.consultusdigital.com/dtc-marketing-agency/solutions/customer-acquisition/,/dtc-marketing-agency/solutions/customer-acquisition/,DTC,,Division Solution,Customer acquisition,Customer acquisition,/dtc-marketing-agency/solutions/,Index,Phase 1,dtc customer acquisition,dtc-solutions-sitemap.xml,Consultus architecture
https://www.consultusdigital.com/dtc-marketing-agency/solutions/creative-testing/,/dtc-marketing-agency/solutions/creative-testing/,DTC,,Division Solution,Creative testing,Creative testing,/dtc-marketing-agency/solutions/,Index,Phase 1,dtc creative testing,dtc-solutions-sitemap.xml,Consultus architecture
https://www.consultusdigital.com/dtc-marketing-agency/solutions/conversion-optimization/,/dtc-marketing-agency/solutions/conversion-optimization/,DTC,,Division Solution,Conversion optimization,Conversion optimization,/dtc-marketing-agency/solutions/,Index,Phase 1,dtc conversion optimization,dtc-solutions-sitemap.xml,Consultus architecture
https://www.consultusdigital.com/dtc-marketing-agency/solutions/product-launches/,/dtc-marketing-agency/solutions/product-launches/,DTC,,Division Solution,Product launches,Product launches,/dtc-marketing-agency/solutions/,Index,Phase 1,dtc product launches,dtc-solutions-sitemap.xml,Consultus architecture
https://www.consultusdigital.com/dtc-marketing-agency/solutions/retention-and-lifecycle-growth/,/dtc-marketing-agency/solutions/retention-and-lifecycle-growth/,DTC,,Division Solution,Retention and lifecycle growth,Retention and lifecycle growth,/dtc-marketing-agency/solutions/,Index,Phase 1,dtc retention and lifecycle growth,dtc-solutions-sitemap.xml,Consultus architecture
https://www.consultusdigital.com/dtc-marketing-agency/solutions/profitability-and-attribution/,/dtc-marketing-agency/solutions/profitability-and-attribution/,DTC,,Division Solution,Profitability and attribution,Profitability and attribution,/dtc-marketing-agency/solutions/,Index,Phase 1,dtc profitability and attribution,dtc-solutions-sitemap.xml,Consultus architecture
https://www.consultusdigital.com/dtc-marketing-agency/solutions/marketplace-expansion/,/dtc-marketing-agency/solutions/marketplace-expansion/,DTC,,Division Solution,Marketplace expansion,Marketplace expansion,/dtc-marketing-agency/solutions/,Index,Phase 1,dtc marketplace expansion,dtc-solutions-sitemap.xml,Consultus architecture
https://www.consultusdigital.com/dtc-marketing-agency/solutions/international-growth/,/dtc-marketing-agency/solutions/international-growth/,DTC,,Division Solution,International growth,International growth,/dtc-marketing-agency/solutions/,Index,Phase 1,dtc international growth,dtc-solutions-sitemap.xml,Consultus architecture
https://www.consultusdigital.com/dtc-marketing-agency/solutions/subscription-growth/,/dtc-marketing-agency/solutions/subscription-growth/,DTC,,Division Solution,Subscription growth,Subscription growth,/dtc-marketing-agency/solutions/,Index,Phase 1,dtc subscription growth,dtc-solutions-sitemap.xml,Consultus architecture
https://www.consultusdigital.com/dtc-marketing-agency/solutions/omnichannel-growth/,/dtc-marketing-agency/solutions/omnichannel-growth/,DTC,,Division Solution,Omnichannel growth,Omnichannel growth,/dtc-marketing-agency/solutions/,Index,Phase 1,dtc omnichannel growth,dtc-solutions-sitemap.xml,Consultus architecture
https://www.consultusdigital.com/dtc-industries/beauty-and-personal-care/,/dtc-industries/beauty-and-personal-care/,DTC,Beauty and personal care,Sector Hub,Beauty and personal care,,/dtc-industries/,Index,Phase 1,beauty and personal care marketing agency,dtc-industry-agency-sitemap.xml,https://www.cardinaldigitalmarketing.com/healthcare-specialties/mental-healthcare-providers-agency/
https://www.consultusdigital.com/dtc-industries/skincare-brands-marketing-agency/,/dtc-industries/skincare-brands-marketing-agency/,DTC,Beauty and personal care,Industry Marketing Agency Page,Skincare brands,,/dtc-industries/beauty-and-personal-care/,Index,Phase 2,skincare brands marketing agency,dtc-industry-agency-sitemap.xml,https://www.cardinaldigitalmarketing.com/healthcare-specialties/mental-healthcare-providers-agency/
https://www.consultusdigital.com/dtc-marketing-services/performance-marketing-for-skincare-brands/,/dtc-marketing-services/performance-marketing-for-skincare-brands/,DTC,Beauty and personal care,Service × Industry Landing Page,Skincare brands,Performance Marketing Agency,/dtc-industries/skincare-brands-marketing-agency/,Index after content threshold,Phase 3,performance marketing agency for skincare brands,dtc-service-industry-sitemap.xml,Consultus campaign matrix pattern
https://www.consultusdigital.com/dtc-marketing-services/paid-social-for-skincare-brands/,/dtc-marketing-services/paid-social-for-skincare-brands/,DTC,Beauty and personal care,Service × Industry Landing Page,Skincare brands,Paid Social,/dtc-industries/skincare-brands-marketing-agency/,Index after content threshold,Phase 3,paid social for skincare brands,dtc-service-industry-sitemap.xml,Consultus campaign matrix pattern
https://www.consultusdigital.com/dtc-marketing-services/paid-search-shopping-for-skincare-brands/,/dtc-marketing-services/paid-search-shopping-for-skincare-brands/,DTC,Beauty and personal care,Service × Industry Landing Page,Skincare brands,Paid Search and Shopping,/dtc-industries/skincare-brands-marketing-agency/,Index after content threshold,Phase 3,paid search and shopping for skincare brands,dtc-service-industry-sitemap.xml,Consultus campaign matrix pattern
https://www.consultusdigital.com/dtc-marketing-services/seo-for-skincare-brands/,/dtc-marketing-services/seo-for-skincare-brands/,DTC,Beauty and personal care,Service × Industry Landing Page,Skincare brands,E-commerce SEO,/dtc-industries/skincare-brands-marketing-agency/,Index after content threshold,Phase 3,e-commerce seo for skincare brands,dtc-service-industry-sitemap.xml,Consultus campaign matrix pattern
https://www.consultusdigital.com/dtc-marketing-services/ai-search-for-skincare-brands/,/dtc-marketing-services/ai-search-for-skincare-brands/,DTC,Beauty and personal care,Service × Industry Landing Page,Skincare brands,"AEO, GEO and AI Search",/dtc-industries/skincare-brands-marketing-agency/,Index after content threshold,Phase 3,"aeo, geo and ai search for skincare brands",dtc-service-industry-sitemap.xml,Consultus campaign matrix pattern
https://www.consultusdigital.com/dtc-marketing-services/performance-creative-for-skincare-brands/,/dtc-marketing-services/performance-creative-for-skincare-brands/,DTC,Beauty and personal care,Service × Industry Landing Page,Skincare brands,Performance Creative,/dtc-industries/skincare-brands-marketing-agency/,Index after content threshold,Phase 3,performance creative for skincare brands,dtc-service-industry-sitemap.xml,Consultus campaign matrix pattern
https://www.consultusdigital.com/dtc-marketing-services/shopify-cro-for-skincare-brands/,/dtc-marketing-services/shopify-cro-for-skincare-brands/,DTC,Beauty and personal care,Service × Industry Landing Page,Skincare brands,Shopify Development and CRO,/dtc-industries/skincare-brands-marketing-agency/,Index after content threshold,Phase 3,shopify development and cro for skincare brands,dtc-service-industry-sitemap.xml,Consultus campaign matrix pattern
https://www.consultusdigital.com/dtc-marketing-services/email-sms-for-skincare-brands/,/dtc-marketing-services/email-sms-for-skincare-brands/,DTC,Beauty and personal care,Service × Industry Landing Page,Skincare brands,Email and SMS,/dtc-industries/skincare-brands-marketing-agency/,Index after content threshold,Phase 3,email and sms for skincare brands,dtc-service-industry-sitemap.xml,Consultus campaign matrix pattern
https://www.consultusdigital.com/dtc-marketing-services/analytics-for-skincare-brands/,/dtc-marketing-services/analytics-for-skincare-brands/,DTC,Beauty and personal care,Service × Industry Landing Page,Skincare brands,Analytics and Attribution,/dtc-industries/skincare-brands-marketing-agency/,Index after content threshold,Phase 3,analytics and attribution for skincare brands,dtc-service-industry-sitemap.xml,Consultus campaign matrix pattern
https://www.consultusdigital.com/dtc-marketing-services/marketplace-marketing-for-skincare-brands/,/dtc-marketing-services/marketplace-marketing-for-skincare-brands/,DTC,Beauty and personal care,Service × Industry Landing Page,Skincare brands,Marketplace Marketing,/dtc-industries/skincare-brands-marketing-agency/,Index after content threshold,Phase 3,marketplace marketing for skincare brands,dtc-service-industry-sitemap.xml,Consultus campaign matrix pattern
https://www.consultusdigital.com/dtc-industries/cosmetics-brands-marketing-agency/,/dtc-industries/cosmetics-brands-marketing-agency/,DTC,Beauty and personal care,Industry Marketing Agency Page,Cosmetics brands,,/dtc-industries/beauty-and-personal-care/,Index,Phase 2,cosmetics brands marketing agency,dtc-industry-agency-sitemap.xml,https://www.cardinaldigitalmarketing.com/healthcare-specialties/mental-healthcare-providers-agency/
https://www.consultusdigital.com/dtc-marketing-services/performance-marketing-for-cosmetics-brands/,/dtc-marketing-services/performance-marketing-for-cosmetics-brands/,DTC,Beauty and personal care,Service × Industry Landing Page,Cosmetics brands,Performance Marketing Agency,/dtc-industries/cosmetics-brands-marketing-agency/,Index after content threshold,Phase 3,performance marketing agency for cosmetics brands,dtc-service-industry-sitemap.xml,Consultus campaign matrix pattern
https://www.consultusdigital.com/dtc-marketing-services/paid-social-for-cosmetics-brands/,/dtc-marketing-services/paid-social-for-cosmetics-brands/,DTC,Beauty and personal care,Service × Industry Landing Page,Cosmetics brands,Paid Social,/dtc-industries/cosmetics-brands-marketing-agency/,Index after content threshold,Phase 3,paid social for cosmetics brands,dtc-service-industry-sitemap.xml,Consultus campaign matrix pattern
https://www.consultusdigital.com/dtc-marketing-services/paid-search-shopping-for-cosmetics-brands/,/dtc-marketing-services/paid-search-shopping-for-cosmetics-brands/,DTC,Beauty and personal care,Service × Industry Landing Page,Cosmetics brands,Paid Search and Shopping,/dtc-industries/cosmetics-brands-marketing-agency/,Index after content threshold,Phase 3,paid search and shopping for cosmetics brands,dtc-service-industry-sitemap.xml,Consultus campaign matrix pattern
https://www.consultusdigital.com/dtc-marketing-services/seo-for-cosmetics-brands/,/dtc-marketing-services/seo-for-cosmetics-brands/,DTC,Beauty and personal care,Service × Industry Landing Page,Cosmetics brands,E-commerce SEO,/dtc-industries/cosmetics-brands-marketing-agency/,Index after content threshold,Phase 3,e-commerce seo for cosmetics brands,dtc-service-industry-sitemap.xml,Consultus campaign matrix pattern
https://www.consultusdigital.com/dtc-marketing-services/ai-search-for-cosmetics-brands/,/dtc-marketing-services/ai-search-for-cosmetics-brands/,DTC,Beauty and personal care,Service × Industry Landing Page,Cosmetics brands,"AEO, GEO and AI Search",/dtc-industries/cosmetics-brands-marketing-agency/,Index after content threshold,Phase 3,"aeo, geo and ai search for cosmetics brands",dtc-service-industry-sitemap.xml,Consultus campaign matrix pattern
https://www.consultusdigital.com/dtc-marketing-services/performance-creative-for-cosmetics-brands/,/dtc-marketing-services/performance-creative-for-cosmetics-brands/,DTC,Beauty and personal care,Service × Industry Landing Page,Cosmetics brands,Performance Creative,/dtc-industries/cosmetics-brands-marketing-agency/,Index after content threshold,Phase 3,performance creative for cosmetics brands,dtc-service-industry-sitemap.xml,Consultus campaign matrix pattern
https://www.consultusdigital.com/dtc-marketing-services/shopify-cro-for-cosmetics-brands/,/dtc-marketing-services/shopify-cro-for-cosmetics-brands/,DTC,Beauty and personal care,Service × Industry Landing Page,Cosmetics brands,Shopify Development and CRO,/dtc-industries/cosmetics-brands-marketing-agency/,Index after content threshold,Phase 3,shopify development and cro for cosmetics brands,dtc-service-industry-sitemap.xml,Consultus campaign matrix pattern
https://www.consultusdigital.com/dtc-marketing-services/email-sms-for-cosmetics-brands/,/dtc-marketing-services/email-sms-for-cosmetics-brands/,DTC,Beauty and personal care,Service × Industry Landing Page,Cosmetics brands,Email and SMS,/dtc-industries/cosmetics-brands-marketing-agency/,Index after content threshold,Phase 3,email and sms for cosmetics brands,dtc-service-industry-sitemap.xml,Consultus campaign matrix pattern
https://www.consultusdigital.com/dtc-marketing-services/analytics-for-cosmetics-brands/,/dtc-marketing-services/analytics-for-cosmetics-brands/,DTC,Beauty and personal care,Service × Industry Landing Page,Cosmetics brands,Analytics and Attribution,/dtc-industries/cosmetics-brands-marketing-agency/,Index after content threshold,Phase 3,analytics and attribution for cosmetics brands,dtc-service-industry-sitemap.xml,Consultus campaign matrix pattern
https://www.consultusdigital.com/dtc-marketing-services/marketplace-marketing-for-cosmetics-brands/,/dtc-marketing-services/marketplace-marketing-for-cosmetics-brands/,DTC,Beauty and personal care,Service × Industry Landing Page,Cosmetics brands,Marketplace Marketing,/dtc-industries/cosmetics-brands-marketing-agency/,Index after content threshold,Phase 3,marketplace marketing for cosmetics brands,dtc-service-industry-sitemap.xml,Consultus campaign matrix pattern
https://www.consultusdigital.com/dtc-industries/haircare-brands-marketing-agency/,/dtc-industries/haircare-brands-marketing-agency/,DTC,Beauty and personal care,Industry Marketing Agency Page,Haircare brands,,/dtc-industries/beauty-and-personal-care/,Index,Phase 2,haircare brands marketing agency,dtc-industry-agency-sitemap.xml,https://www.cardinaldigitalmarketing.com/healthcare-specialties/mental-healthcare-providers-agency/
https://www.consultusdigital.com/dtc-marketing-services/performance-marketing-for-haircare-brands/,/dtc-marketing-services/performance-marketing-for-haircare-brands/,DTC,Beauty and personal care,Service × Industry Landing Page,Haircare brands,Performance Marketing Agency,/dtc-industries/haircare-brands-marketing-agency/,Index after content threshold,Phase 3,performance marketing agency for haircare brands,dtc-service-industry-sitemap.xml,Consultus campaign matrix pattern
https://www.consultusdigital.com/dtc-marketing-services/paid-social-for-haircare-brands/,/dtc-marketing-services/paid-social-for-haircare-brands/,DTC,Beauty and personal care,Service × Industry Landing Page,Haircare brands,Paid Social,/dtc-industries/haircare-brands-marketing-agency/,Index after content threshold,Phase 3,paid social for haircare brands,dtc-service-industry-sitemap.xml,Consultus campaign matrix pattern
https://www.consultusdigital.com/dtc-marketing-services/paid-search-shopping-for-haircare-brands/,/dtc-marketing-services/paid-search-shopping-for-haircare-brands/,DTC,Beauty and personal care,Service × Industry Landing Page,Haircare brands,Paid Search and Shopping,/dtc-industries/haircare-brands-marketing-agency/,Index after content threshold,Phase 3,paid search and shopping for haircare brands,dtc-service-industry-sitemap.xml,Consultus campaign matrix pattern
https://www.consultusdigital.com/dtc-marketing-services/seo-for-haircare-brands/,/dtc-marketing-services/seo-for-haircare-brands/,DTC,Beauty and personal care,Service × Industry Landing Page,Haircare brands,E-commerce SEO,/dtc-industries/haircare-brands-marketing-agency/,Index after content threshold,Phase 3,e-commerce seo for haircare brands,dtc-service-industry-sitemap.xml,Consultus campaign matrix pattern
https://www.consultusdigital.com/dtc-marketing-services/ai-search-for-haircare-brands/,/dtc-marketing-services/ai-search-for-haircare-brands/,DTC,Beauty and personal care,Service × Industry Landing Page,Haircare brands,"AEO, GEO and AI Search",/dtc-industries/haircare-brands-marketing-agency/,Index after content threshold,Phase 3,"aeo, geo and ai search for haircare brands",dtc-service-industry-sitemap.xml,Consultus campaign matrix pattern
https://www.consultusdigital.com/dtc-marketing-services/performance-creative-for-haircare-brands/,/dtc-marketing-services/performance-creative-for-haircare-brands/,DTC,Beauty and personal care,Service × Industry Landing Page,Haircare brands,Performance Creative,/dtc-industries/haircare-brands-marketing-agency/,Index after content threshold,Phase 3,performance creative for haircare brands,dtc-service-industry-sitemap.xml,Consultus campaign matrix pattern
https://www.consultusdigital.com/dtc-marketing-services/shopify-cro-for-haircare-brands/,/dtc-marketing-services/shopify-cro-for-haircare-brands/,DTC,Beauty and personal care,Service × Industry Landing Page,Haircare brands,Shopify Development and CRO,/dtc-industries/haircare-brands-marketing-agency/,Index after content threshold,Phase 3,shopify development and cro for haircare brands,dtc-service-industry-sitemap.xml,Consultus campaign matrix pattern
https://www.consultusdigital.com/dtc-marketing-services/email-sms-for-haircare-brands/,/dtc-marketing-services/email-sms-for-haircare-brands/,DTC,Beauty and personal care,Service × Industry Landing Page,Haircare brands,Email and SMS,/dtc-industries/haircare-brands-marketing-agency/,Index after content threshold,Phase 3,email and sms for haircare brands,dtc-service-industry-sitemap.xml,Consultus campaign matrix pattern
https://www.consultusdigital.com/dtc-marketing-services/analytics-for-haircare-brands/,/dtc-marketing-services/analytics-for-haircare-brands/,DTC,Beauty and personal care,Service × Industry Landing Page,Haircare brands,Analytics and Attribution,/dtc-industries/haircare-brands-marketing-agency/,Index after content threshold,Phase 3,analytics and attribution for haircare brands,dtc-service-industry-sitemap.xml,Consultus campaign matrix pattern
https://www.consultusdigital.com/dtc-marketing-services/marketplace-marketing-for-haircare-brands/,/dtc-marketing-services/marketplace-marketing-for-haircare-brands/,DTC,Beauty and personal care,Service × Industry Landing Page,Haircare brands,Marketplace Marketing,/dtc-industries/haircare-brands-marketing-agency/,Index after content threshold,Phase 3,marketplace marketing for haircare brands,dtc-service-industry-sitemap.xml,Consultus campaign matrix pattern
https://www.consultusdigital.com/dtc-industries/fragrance-brands-marketing-agency/,/dtc-industries/fragrance-brands-marketing-agency/,DTC,Beauty and personal care,Industry Marketing Agency Page,Fragrance brands,,/dtc-industries/beauty-and-personal-care/,Index,Phase 2,fragrance brands marketing agency,dtc-industry-agency-sitemap.xml,https://www.cardinaldigitalmarketing.com/healthcare-specialties/mental-healthcare-providers-agency/
https://www.consultusdigital.com/dtc-marketing-services/performance-marketing-for-fragrance-brands/,/dtc-marketing-services/performance-marketing-for-fragrance-brands/,DTC,Beauty and personal care,Service × Industry Landing Page,Fragrance brands,Performance Marketing Agency,/dtc-industries/fragrance-brands-marketing-agency/,Index after content threshold,Phase 3,performance marketing agency for fragrance brands,dtc-service-industry-sitemap.xml,Consultus campaign matrix pattern
https://www.consultusdigital.com/dtc-marketing-services/paid-social-for-fragrance-brands/,/dtc-marketing-services/paid-social-for-fragrance-brands/,DTC,Beauty and personal care,Service × Industry Landing Page,Fragrance brands,Paid Social,/dtc-industries/fragrance-brands-marketing-agency/,Index after content threshold,Phase 3,paid social for fragrance brands,dtc-service-industry-sitemap.xml,Consultus campaign matrix pattern
https://www.consultusdigital.com/dtc-marketing-services/paid-search-shopping-for-fragrance-brands/,/dtc-marketing-services/paid-search-shopping-for-fragrance-brands/,DTC,Beauty and personal care,Service × Industry Landing Page,Fragrance brands,Paid Search and Shopping,/dtc-industries/fragrance-brands-marketing-agency/,Index after content threshold,Phase 3,paid search and shopping for fragrance brands,dtc-service-industry-sitemap.xml,Consultus campaign matrix pattern
https://www.consultusdigital.com/dtc-marketing-services/seo-for-fragrance-brands/,/dtc-marketing-services/seo-for-fragrance-brands/,DTC,Beauty and personal care,Service × Industry Landing Page,Fragrance brands,E-commerce SEO,/dtc-industries/fragrance-brands-marketing-agency/,Index after content threshold,Phase 3,e-commerce seo for fragrance brands,dtc-service-industry-sitemap.xml,Consultus campaign matrix pattern
https://www.consultusdigital.com/dtc-marketing-services/ai-search-for-fragrance-brands/,/dtc-marketing-services/ai-search-for-fragrance-brands/,DTC,Beauty and personal care,Service × Industry Landing Page,Fragrance brands,"AEO, GEO and AI Search",/dtc-industries/fragrance-brands-marketing-agency/,Index after content threshold,Phase 3,"aeo, geo and ai search for fragrance brands",dtc-service-industry-sitemap.xml,Consultus campaign matrix pattern
https://www.consultusdigital.com/dtc-marketing-services/performance-creative-for-fragrance-brands/,/dtc-marketing-services/performance-creative-for-fragrance-brands/,DTC,Beauty and personal care,Service × Industry Landing Page,Fragrance brands,Performance Creative,/dtc-industries/fragrance-brands-marketing-agency/,Index after content threshold,Phase 3,performance creative for fragrance brands,dtc-service-industry-sitemap.xml,Consultus campaign matrix pattern
https://www.consultusdigital.com/dtc-marketing-services/shopify-cro-for-fragrance-brands/,/dtc-marketing-services/shopify-cro-for-fragrance-brands/,DTC,Beauty and personal care,Service × Industry Landing Page,Fragrance brands,Shopify Development and CRO,/dtc-industries/fragrance-brands-marketing-agency/,Index after content threshold,Phase 3,shopify development and cro for fragrance brands,dtc-service-industry-sitemap.xml,Consultus campaign matrix pattern
https://www.consultusdigital.com/dtc-marketing-services/email-sms-for-fragrance-brands/,/dtc-marketing-services/email-sms-for-fragrance-brands/,DTC,Beauty and personal care,Service × Industry Landing Page,Fragrance brands,Email and SMS,/dtc-industries/fragrance-brands-marketing-agency/,Index after content threshold,Phase 3,email and sms for fragrance brands,dtc-service-industry-sitemap.xml,Consultus campaign matrix pattern
https://www.consultusdigital.com/dtc-marketing-services/analytics-for-fragrance-brands/,/dtc-marketing-services/analytics-for-fragrance-brands/,DTC,Beauty and personal care,Service × Industry Landing Page,Fragrance brands,Analytics and Attribution,/dtc-industries/fragrance-brands-marketing-agency/,Index after content threshold,Phase 3,analytics and attribution for fragrance brands,dtc-service-industry-sitemap.xml,Consultus campaign matrix pattern
https://www.consultusdigital.com/dtc-marketing-services/marketplace-marketing-for-fragrance-brands/,/dtc-marketing-services/marketplace-marketing-for-fragrance-brands/,DTC,Beauty and personal care,Service × Industry Landing Page,Fragrance brands,Marketplace Marketing,/dtc-industries/fragrance-brands-marketing-agency/,Index after content threshold,Phase 3,marketplace marketing for fragrance brands,dtc-service-industry-sitemap.xml,Consultus campaign matrix pattern
https://www.consultusdigital.com/dtc-industries/mens-grooming-brands-marketing-agency/,/dtc-industries/mens-grooming-brands-marketing-agency/,DTC,Beauty and personal care,Industry Marketing Agency Page,Mens grooming brands,,/dtc-industries/beauty-and-personal-care/,Index,Phase 2,mens grooming brands marketing agency,dtc-industry-agency-sitemap.xml,https://www.cardinaldigitalmarketing.com/healthcare-specialties/mental-healthcare-providers-agency/
https://www.consultusdigital.com/dtc-marketing-services/performance-marketing-for-mens-grooming-brands/,/dtc-marketing-services/performance-marketing-for-mens-grooming-brands/,DTC,Beauty and personal care,Service × Industry Landing Page,Mens grooming brands,Performance Marketing Agency,/dtc-industries/mens-grooming-brands-marketing-agency/,Index after content threshold,Phase 3,performance marketing agency for mens grooming brands,dtc-service-industry-sitemap.xml,Consultus campaign matrix pattern
https://www.consultusdigital.com/dtc-marketing-services/paid-social-for-mens-grooming-brands/,/dtc-marketing-services/paid-social-for-mens-grooming-brands/,DTC,Beauty and personal care,Service × Industry Landing Page,Mens grooming brands,Paid Social,/dtc-industries/mens-grooming-brands-marketing-agency/,Index after content threshold,Phase 3,paid social for mens grooming brands,dtc-service-industry-sitemap.xml,Consultus campaign matrix pattern
https://www.consultusdigital.com/dtc-marketing-services/paid-search-shopping-for-mens-grooming-brands/,/dtc-marketing-services/paid-search-shopping-for-mens-grooming-brands/,DTC,Beauty and personal care,Service × Industry Landing Page,Mens grooming brands,Paid Search and Shopping,/dtc-industries/mens-grooming-brands-marketing-agency/,Index after content threshold,Phase 3,paid search and shopping for mens grooming brands,dtc-service-industry-sitemap.xml,Consultus campaign matrix pattern
https://www.consultusdigital.com/dtc-marketing-services/seo-for-mens-grooming-brands/,/dtc-marketing-services/seo-for-mens-grooming-brands/,DTC,Beauty and personal care,Service × Industry Landing Page,Mens grooming brands,E-commerce SEO,/dtc-industries/mens-grooming-brands-marketing-agency/,Index after content threshold,Phase 3,e-commerce seo for mens grooming brands,dtc-service-industry-sitemap.xml,Consultus campaign matrix pattern
https://www.consultusdigital.com/dtc-marketing-services/ai-search-for-mens-grooming-brands/,/dtc-marketing-services/ai-search-for-mens-grooming-brands/,DTC,Beauty and personal care,Service × Industry Landing Page,Mens grooming brands,"AEO, GEO and AI Search",/dtc-industries/mens-grooming-brands-marketing-agency/,Index after content threshold,Phase 3,"aeo, geo and ai search for mens grooming brands",dtc-service-industry-sitemap.xml,Consultus campaign matrix pattern
https://www.consultusdigital.com/dtc-marketing-services/performance-creative-for-mens-grooming-brands/,/dtc-marketing-services/performance-creative-for-mens-grooming-brands/,DTC,Beauty and personal care,Service × Industry Landing Page,Mens grooming brands,Performance Creative,/dtc-industries/mens-grooming-brands-marketing-agency/,Index after content threshold,Phase 3,performance creative for mens grooming brands,dtc-service-industry-sitemap.xml,Consultus campaign matrix pattern
https://www.consultusdigital.com/dtc-marketing-services/shopify-cro-for-mens-grooming-brands/,/dtc-marketing-services/shopify-cro-for-mens-grooming-brands/,DTC,Beauty and personal care,Service × Industry Landing Page,Mens grooming brands,Shopify Development and CRO,/dtc-industries/mens-grooming-brands-marketing-agency/,Index after content threshold,Phase 3,shopify development and cro for mens grooming brands,dtc-service-industry-sitemap.xml,Consultus campaign matrix pattern
https://www.consultusdigital.com/dtc-marketing-services/email-sms-for-mens-grooming-brands/,/dtc-marketing-services/email-sms-for-mens-grooming-brands/,DTC,Beauty and personal care,Service × Industry Landing Page,Mens grooming brands,Email and SMS,/dtc-industries/mens-grooming-brands-marketing-agency/,Index after content threshold,Phase 3,email and sms for mens grooming brands,dtc-service-industry-sitemap.xml,Consultus campaign matrix pattern
https://www.consultusdigital.com/dtc-marketing-services/analytics-for-mens-grooming-brands/,/dtc-marketing-services/analytics-for-mens-grooming-brands/,DTC,Beauty and personal care,Service × Industry Landing Page,Mens grooming brands,Analytics and Attribution,/dtc-industries/mens-grooming-brands-marketing-agency/,Index after content threshold,Phase 3,analytics and attribution for mens grooming brands,dtc-service-industry-sitemap.xml,Consultus campaign matrix pattern
https://www.consultusdigital.com/dtc-marketing-services/marketplace-marketing-for-mens-grooming-brands/,/dtc-marketing-services/marketplace-marketing-for-mens-grooming-brands/,DTC,Beauty and personal care,Service × Industry Landing Page,Mens grooming brands,Marketplace Marketing,/dtc-industries/mens-grooming-brands-marketing-agency/,Index after content threshold,Phase 3,marketplace marketing for mens grooming brands,dtc-service-industry-sitemap.xml,Consultus campaign matrix pattern
https://www.consultusdigital.com/dtc-industries/oral-care-brands-marketing-agency/,/dtc-industries/oral-care-brands-marketing-agency/,DTC,Beauty and personal care,Industry Marketing Agency Page,Oral care brands,,/dtc-industries/beauty-and-personal-care/,Index,Phase 2,oral care brands marketing agency,dtc-industry-agency-sitemap.xml,https://www.cardinaldigitalmarketing.com/healthcare-specialties/mental-healthcare-providers-agency/
https://www.consultusdigital.com/dtc-marketing-services/performance-marketing-for-oral-care-brands/,/dtc-marketing-services/performance-marketing-for-oral-care-brands/,DTC,Beauty and personal care,Service × Industry Landing Page,Oral care brands,Performance Marketing Agency,/dtc-industries/oral-care-brands-marketing-agency/,Index after content threshold,Phase 3,performance marketing agency for oral care brands,dtc-service-industry-sitemap.xml,Consultus campaign matrix pattern
https://www.consultusdigital.com/dtc-marketing-services/paid-social-for-oral-care-brands/,/dtc-marketing-services/paid-social-for-oral-care-brands/,DTC,Beauty and personal care,Service × Industry Landing Page,Oral care brands,Paid Social,/dtc-industries/oral-care-brands-marketing-agency/,Index after content threshold,Phase 3,paid social for oral care brands,dtc-service-industry-sitemap.xml,Consultus campaign matrix pattern
https://www.consultusdigital.com/dtc-marketing-services/paid-search-shopping-for-oral-care-brands/,/dtc-marketing-services/paid-search-shopping-for-oral-care-brands/,DTC,Beauty and personal care,Service × Industry Landing Page,Oral care brands,Paid Search and Shopping,/dtc-industries/oral-care-brands-marketing-agency/,Index after content threshold,Phase 3,paid search and shopping for oral care brands,dtc-service-industry-sitemap.xml,Consultus campaign matrix pattern
https://www.consultusdigital.com/dtc-marketing-services/seo-for-oral-care-brands/,/dtc-marketing-services/seo-for-oral-care-brands/,DTC,Beauty and personal care,Service × Industry Landing Page,Oral care brands,E-commerce SEO,/dtc-industries/oral-care-brands-marketing-agency/,Index after content threshold,Phase 3,e-commerce seo for oral care brands,dtc-service-industry-sitemap.xml,Consultus campaign matrix pattern
https://www.consultusdigital.com/dtc-marketing-services/ai-search-for-oral-care-brands/,/dtc-marketing-services/ai-search-for-oral-care-brands/,DTC,Beauty and personal care,Service × Industry Landing Page,Oral care brands,"AEO, GEO and AI Search",/dtc-industries/oral-care-brands-marketing-agency/,Index after content threshold,Phase 3,"aeo, geo and ai search for oral care brands",dtc-service-industry-sitemap.xml,Consultus campaign matrix pattern
https://www.consultusdigital.com/dtc-marketing-services/performance-creative-for-oral-care-brands/,/dtc-marketing-services/performance-creative-for-oral-care-brands/,DTC,Beauty and personal care,Service × Industry Landing Page,Oral care brands,Performance Creative,/dtc-industries/oral-care-brands-marketing-agency/,Index after content threshold,Phase 3,performance creative for oral care brands,dtc-service-industry-sitemap.xml,Consultus campaign matrix pattern
https://www.consultusdigital.com/dtc-marketing-services/shopify-cro-for-oral-care-brands/,/dtc-marketing-services/shopify-cro-for-oral-care-brands/,DTC,Beauty and personal care,Service × Industry Landing Page,Oral care brands,Shopify Development and CRO,/dtc-industries/oral-care-brands-marketing-agency/,Index after content threshold,Phase 3,shopify development and cro for oral care brands,dtc-service-industry-sitemap.xml,Consultus campaign matrix pattern
https://www.consultusdigital.com/dtc-marketing-services/email-sms-for-oral-care-brands/,/dtc-marketing-services/email-sms-for-oral-care-brands/,DTC,Beauty and personal care,Service × Industry Landing Page,Oral care brands,Email and SMS,/dtc-industries/oral-care-brands-marketing-agency/,Index after content threshold,Phase 3,email and sms for oral care brands,dtc-service-industry-sitemap.xml,Consultus campaign matrix pattern
https://www.consultusdigital.com/dtc-marketing-services/analytics-for-oral-care-brands/,/dtc-marketing-services/analytics-for-oral-care-brands/,DTC,Beauty and personal care,Service × Industry Landing Page,Oral care brands,Analytics and Attribution,/dtc-industries/oral-care-brands-marketing-agency/,Index after content threshold,Phase 3,analytics and attribution for oral care brands,dtc-service-industry-sitemap.xml,Consultus campaign matrix pattern
https://www.consultusdigital.com/dtc-marketing-services/marketplace-marketing-for-oral-care-brands/,/dtc-marketing-services/marketplace-marketing-for-oral-care-brands/,DTC,Beauty and personal care,Service × Industry Landing Page,Oral care brands,Marketplace Marketing,/dtc-industries/oral-care-brands-marketing-agency/,Index after content threshold,Phase 3,marketplace marketing for oral care brands,dtc-service-industry-sitemap.xml,Consultus campaign matrix pattern
https://www.consultusdigital.com/dtc-industries/bath-and-body-brands-marketing-agency/,/dtc-industries/bath-and-body-brands-marketing-agency/,DTC,Beauty and personal care,Industry Marketing Agency Page,Bath and body brands,,/dtc-industries/beauty-and-personal-care/,Index,Phase 2,bath and body brands marketing agency,dtc-industry-agency-sitemap.xml,https://www.cardinaldigitalmarketing.com/healthcare-specialties/mental-healthcare-providers-agency/
https://www.consultusdigital.com/dtc-marketing-services/performance-marketing-for-bath-and-body-brands/,/dtc-marketing-services/performance-marketing-for-bath-and-body-brands/,DTC,Beauty and personal care,Service × Industry Landing Page,Bath and body brands,Performance Marketing Agency,/dtc-industries/bath-and-body-brands-marketing-agency/,Index after content threshold,Phase 3,performance marketing agency for bath and body brands,dtc-service-industry-sitemap.xml,Consultus campaign matrix pattern
https://www.consultusdigital.com/dtc-marketing-services/paid-social-for-bath-and-body-brands/,/dtc-marketing-services/paid-social-for-bath-and-body-brands/,DTC,Beauty and personal care,Service × Industry Landing Page,Bath and body brands,Paid Social,/dtc-industries/bath-and-body-brands-marketing-agency/,Index after content threshold,Phase 3,paid social for bath and body brands,dtc-service-industry-sitemap.xml,Consultus campaign matrix pattern
https://www.consultusdigital.com/dtc-marketing-services/paid-search-shopping-for-bath-and-body-brands/,/dtc-marketing-services/paid-search-shopping-for-bath-and-body-brands/,DTC,Beauty and personal care,Service × Industry Landing Page,Bath and body brands,Paid Search and Shopping,/dtc-industries/bath-and-body-brands-marketing-agency/,Index after content threshold,Phase 3,paid search and shopping for bath and body brands,dtc-service-industry-sitemap.xml,Consultus campaign matrix pattern
https://www.consultusdigital.com/dtc-marketing-services/seo-for-bath-and-body-brands/,/dtc-marketing-services/seo-for-bath-and-body-brands/,DTC,Beauty and personal care,Service × Industry Landing Page,Bath and body brands,E-commerce SEO,/dtc-industries/bath-and-body-brands-marketing-agency/,Index after content threshold,Phase 3,e-commerce seo for bath and body brands,dtc-service-industry-sitemap.xml,Consultus campaign matrix pattern
https://www.consultusdigital.com/dtc-marketing-services/ai-search-for-bath-and-body-brands/,/dtc-marketing-services/ai-search-for-bath-and-body-brands/,DTC,Beauty and personal care,Service × Industry Landing Page,Bath and body brands,"AEO, GEO and AI Search",/dtc-industries/bath-and-body-brands-marketing-agency/,Index after content threshold,Phase 3,"aeo, geo and ai search for bath and body brands",dtc-service-industry-sitemap.xml,Consultus campaign matrix pattern
https://www.consultusdigital.com/dtc-marketing-services/performance-creative-for-bath-and-body-brands/,/dtc-marketing-services/performance-creative-for-bath-and-body-brands/,DTC,Beauty and personal care,Service × Industry Landing Page,Bath and body brands,Performance Creative,/dtc-industries/bath-and-body-brands-marketing-agency/,Index after content threshold,Phase 3,performance creative for bath and body brands,dtc-service-industry-sitemap.xml,Consultus campaign matrix pattern
https://www.consultusdigital.com/dtc-marketing-services/shopify-cro-for-bath-and-body-brands/,/dtc-marketing-services/shopify-cro-for-bath-and-body-brands/,DTC,Beauty and personal care,Service × Industry Landing Page,Bath and body brands,Shopify Development and CRO,/dtc-industries/bath-and-body-brands-marketing-agency/,Index after content threshold,Phase 3,shopify development and cro for bath and body brands,dtc-service-industry-sitemap.xml,Consultus campaign matrix pattern
https://www.consultusdigital.com/dtc-marketing-services/email-sms-for-bath-and-body-brands/,/dtc-marketing-services/email-sms-for-bath-and-body-brands/,DTC,Beauty and personal care,Service × Industry Landing Page,Bath and body brands,Email and SMS,/dtc-industries/bath-and-body-brands-marketing-agency/,Index after content threshold,Phase 3,email and sms for bath and body brands,dtc-service-industry-sitemap.xml,Consultus campaign matrix pattern
https://www.consultusdigital.com/dtc-marketing-services/analytics-for-bath-and-body-brands/,/dtc-marketing-services/analytics-for-bath-and-body-brands/,DTC,Beauty and personal care,Service × Industry Landing Page,Bath and body brands,Analytics and Attribution,/dtc-industries/bath-and-body-brands-marketing-agency/,Index after content threshold,Phase 3,analytics and attribution for bath and body brands,dtc-service-industry-sitemap.xml,Consultus campaign matrix pattern
https://www.consultusdigital.com/dtc-marketing-services/marketplace-marketing-for-bath-and-body-brands/,/dtc-marketing-services/marketplace-marketing-for-bath-and-body-brands/,DTC,Beauty and personal care,Service × Industry Landing Page,Bath and body brands,Marketplace Marketing,/dtc-industries/bath-and-body-brands-marketing-agency/,Index after content threshold,Phase 3,marketplace marketing for bath and body brands,dtc-service-industry-sitemap.xml,Consultus campaign matrix pattern
https://www.consultusdigital.com/dtc-industries/nail-care-brands-marketing-agency/,/dtc-industries/nail-care-brands-marketing-agency/,DTC,Beauty and personal care,Industry Marketing Agency Page,Nail care brands,,/dtc-industries/beauty-and-personal-care/,Index,Phase 2,nail care brands marketing agency,dtc-industry-agency-sitemap.xml,https://www.cardinaldigitalmarketing.com/healthcare-specialties/mental-healthcare-providers-agency/
https://www.consultusdigital.com/dtc-marketing-services/performance-marketing-for-nail-care-brands/,/dtc-marketing-services/performance-marketing-for-nail-care-brands/,DTC,Beauty and personal care,Service × Industry Landing Page,Nail care brands,Performance Marketing Agency,/dtc-industries/nail-care-brands-marketing-agency/,Index after content threshold,Phase 3,performance marketing agency for nail care brands,dtc-service-industry-sitemap.xml,Consultus campaign matrix pattern
https://www.consultusdigital.com/dtc-marketing-services/paid-social-for-nail-care-brands/,/dtc-marketing-services/paid-social-for-nail-care-brands/,DTC,Beauty and personal care,Service × Industry Landing Page,Nail care brands,Paid Social,/dtc-industries/nail-care-brands-marketing-agency/,Index after content threshold,Phase 3,paid social for nail care brands,dtc-service-industry-sitemap.xml,Consultus campaign matrix pattern
https://www.consultusdigital.com/dtc-marketing-services/paid-search-shopping-for-nail-care-brands/,/dtc-marketing-services/paid-search-shopping-for-nail-care-brands/,DTC,Beauty and personal care,Service × Industry Landing Page,Nail care brands,Paid Search and Shopping,/dtc-industries/nail-care-brands-marketing-agency/,Index after content threshold,Phase 3,paid search and shopping for nail care brands,dtc-service-industry-sitemap.xml,Consultus campaign matrix pattern
https://www.consultusdigital.com/dtc-marketing-services/seo-for-nail-care-brands/,/dtc-marketing-services/seo-for-nail-care-brands/,DTC,Beauty and personal care,Service × Industry Landing Page,Nail care brands,E-commerce SEO,/dtc-industries/nail-care-brands-marketing-agency/,Index after content threshold,Phase 3,e-commerce seo for nail care brands,dtc-service-industry-sitemap.xml,Consultus campaign matrix pattern
https://www.consultusdigital.com/dtc-marketing-services/ai-search-for-nail-care-brands/,/dtc-marketing-services/ai-search-for-nail-care-brands/,DTC,Beauty and personal care,Service × Industry Landing Page,Nail care brands,"AEO, GEO and AI Search",/dtc-industries/nail-care-brands-marketing-agency/,Index after content threshold,Phase 3,"aeo, geo and ai search for nail care brands",dtc-service-industry-sitemap.xml,Consultus campaign matrix pattern
https://www.consultusdigital.com/dtc-marketing-services/performance-creative-for-nail-care-brands/,/dtc-marketing-services/performance-creative-for-nail-care-brands/,DTC,Beauty and personal care,Service × Industry Landing Page,Nail care brands,Performance Creative,/dtc-industries/nail-care-brands-marketing-agency/,Index after content threshold,Phase 3,performance creative for nail care brands,dtc-service-industry-sitemap.xml,Consultus campaign matrix pattern
https://www.consultusdigital.com/dtc-marketing-services/shopify-cro-for-nail-care-brands/,/dtc-marketing-services/shopify-cro-for-nail-care-brands/,DTC,Beauty and personal care,Service × Industry Landing Page,Nail care brands,Shopify Development and CRO,/dtc-industries/nail-care-brands-marketing-agency/,Index after content threshold,Phase 3,shopify development and cro for nail care brands,dtc-service-industry-sitemap.xml,Consultus campaign matrix pattern
https://www.consultusdigital.com/dtc-marketing-services/email-sms-for-nail-care-brands/,/dtc-marketing-services/email-sms-for-nail-care-brands/,DTC,Beauty and personal care,Service × Industry Landing Page,Nail care brands,Email and SMS,/dtc-industries/nail-care-brands-marketing-agency/,Index after content threshold,Phase 3,email and sms for nail care brands,dtc-service-industry-sitemap.xml,Consultus campaign matrix pattern
https://www.consultusdigital.com/dtc-marketing-services/analytics-for-nail-care-brands/,/dtc-marketing-services/analytics-for-nail-care-brands/,DTC,Beauty and personal care,Service × Industry Landing Page,Nail care brands,Analytics and Attribution,/dtc-industries/nail-care-brands-marketing-agency/,Index after content threshold,Phase 3,analytics and attribution for nail care brands,dtc-service-industry-sitemap.xml,Consultus campaign matrix pattern
https://www.consultusdigital.com/dtc-marketing-services/marketplace-marketing-for-nail-care-brands/,/dtc-marketing-services/marketplace-marketing-for-nail-care-brands/,DTC,Beauty and personal care,Service × Industry Landing Page,Nail care brands,Marketplace Marketing,/dtc-industries/nail-care-brands-marketing-agency/,Index after content threshold,Phase 3,marketplace marketing for nail care brands,dtc-service-industry-sitemap.xml,Consultus campaign matrix pattern
https://www.consultusdigital.com/dtc-industries/beauty-device-brands-marketing-agency/,/dtc-industries/beauty-device-brands-marketing-agency/,DTC,Beauty and personal care,Industry Marketing Agency Page,Beauty device brands,,/dtc-industries/beauty-and-personal-care/,Index,Phase 2,beauty device brands marketing agency,dtc-industry-agency-sitemap.xml,https://www.cardinaldigitalmarketing.com/healthcare-specialties/mental-healthcare-providers-agency/
https://www.consultusdigital.com/dtc-marketing-services/performance-marketing-for-beauty-device-brands/,/dtc-marketing-services/performance-marketing-for-beauty-device-brands/,DTC,Beauty and personal care,Service × Industry Landing Page,Beauty device brands,Performance Marketing Agency,/dtc-industries/beauty-device-brands-marketing-agency/,Index after content threshold,Phase 3,performance marketing agency for beauty device brands,dtc-service-industry-sitemap.xml,Consultus campaign matrix pattern
https://www.consultusdigital.com/dtc-marketing-services/paid-social-for-beauty-device-brands/,/dtc-marketing-services/paid-social-for-beauty-device-brands/,DTC,Beauty and personal care,Service × Industry Landing Page,Beauty device brands,Paid Social,/dtc-industries/beauty-device-brands-marketing-agency/,Index after content threshold,Phase 3,paid social for beauty device brands,dtc-service-industry-sitemap.xml,Consultus campaign matrix pattern
https://www.consultusdigital.com/dtc-marketing-services/paid-search-shopping-for-beauty-device-brands/,/dtc-marketing-services/paid-search-shopping-for-beauty-device-brands/,DTC,Beauty and personal care,Service × Industry Landing Page,Beauty device brands,Paid Search and Shopping,/dtc-industries/beauty-device-brands-marketing-agency/,Index after content threshold,Phase 3,paid search and shopping for beauty device brands,dtc-service-industry-sitemap.xml,Consultus campaign matrix pattern
https://www.consultusdigital.com/dtc-marketing-services/seo-for-beauty-device-brands/,/dtc-marketing-services/seo-for-beauty-device-brands/,DTC,Beauty and personal care,Service × Industry Landing Page,Beauty device brands,E-commerce SEO,/dtc-industries/beauty-device-brands-marketing-agency/,Index after content threshold,Phase 3,e-commerce seo for beauty device brands,dtc-service-industry-sitemap.xml,Consultus campaign matrix pattern
https://www.consultusdigital.com/dtc-marketing-services/ai-search-for-beauty-device-brands/,/dtc-marketing-services/ai-search-for-beauty-device-brands/,DTC,Beauty and personal care,Service × Industry Landing Page,Beauty device brands,"AEO, GEO and AI Search",/dtc-industries/beauty-device-brands-marketing-agency/,Index after content threshold,Phase 3,"aeo, geo and ai search for beauty device brands",dtc-service-industry-sitemap.xml,Consultus campaign matrix pattern
https://www.consultusdigital.com/dtc-marketing-services/performance-creative-for-beauty-device-brands/,/dtc-marketing-services/performance-creative-for-beauty-device-brands/,DTC,Beauty and personal care,Service × Industry Landing Page,Beauty device brands,Performance Creative,/dtc-industries/beauty-device-brands-marketing-agency/,Index after content threshold,Phase 3,performance creative for beauty device brands,dtc-service-industry-sitemap.xml,Consultus campaign matrix pattern
https://www.consultusdigital.com/dtc-marketing-services/shopify-cro-for-beauty-device-brands/,/dtc-marketing-services/shopify-cro-for-beauty-device-brands/,DTC,Beauty and personal care,Service × Industry Landing Page,Beauty device brands,Shopify Development and CRO,/dtc-industries/beauty-device-brands-marketing-agency/,Index after content threshold,Phase 3,shopify development and cro for beauty device brands,dtc-service-industry-sitemap.xml,Consultus campaign matrix pattern
https://www.consultusdigital.com/dtc-marketing-services/email-sms-for-beauty-device-brands/,/dtc-marketing-services/email-sms-for-beauty-device-brands/,DTC,Beauty and personal care,Service × Industry Landing Page,Beauty device brands,Email and SMS,/dtc-industries/beauty-device-brands-marketing-agency/,Index after content threshold,Phase 3,email and sms for beauty device brands,dtc-service-industry-sitemap.xml,Consultus campaign matrix pattern
https://www.consultusdigital.com/dtc-marketing-services/analytics-for-beauty-device-brands/,/dtc-marketing-services/analytics-for-beauty-device-brands/,DTC,Beauty and personal care,Service × Industry Landing Page,Beauty device brands,Analytics and Attribution,/dtc-industries/beauty-device-brands-marketing-agency/,Index after content threshold,Phase 3,analytics and attribution for beauty device brands,dtc-service-industry-sitemap.xml,Consultus campaign matrix pattern
https://www.consultusdigital.com/dtc-marketing-services/marketplace-marketing-for-beauty-device-brands/,/dtc-marketing-services/marketplace-marketing-for-beauty-device-brands/,DTC,Beauty and personal care,Service × Industry Landing Page,Beauty device brands,Marketplace Marketing,/dtc-industries/beauty-device-brands-marketing-agency/,Index after content threshold,Phase 3,marketplace marketing for beauty device brands,dtc-service-industry-sitemap.xml,Consultus campaign matrix pattern
https://www.consultusdigital.com/dtc-industries/clean-beauty-brands-marketing-agency/,/dtc-industries/clean-beauty-brands-marketing-agency/,DTC,Beauty and personal care,Industry Marketing Agency Page,Clean beauty brands,,/dtc-industries/beauty-and-personal-care/,Index,Phase 2,clean beauty brands marketing agency,dtc-industry-agency-sitemap.xml,https://www.cardinaldigitalmarketing.com/healthcare-specialties/mental-healthcare-providers-agency/
https://www.consultusdigital.com/dtc-marketing-services/performance-marketing-for-clean-beauty-brands/,/dtc-marketing-services/performance-marketing-for-clean-beauty-brands/,DTC,Beauty and personal care,Service × Industry Landing Page,Clean beauty brands,Performance Marketing Agency,/dtc-industries/clean-beauty-brands-marketing-agency/,Index after content threshold,Phase 3,performance marketing agency for clean beauty brands,dtc-service-industry-sitemap.xml,Consultus campaign matrix pattern
https://www.consultusdigital.com/dtc-marketing-services/paid-social-for-clean-beauty-brands/,/dtc-marketing-services/paid-social-for-clean-beauty-brands/,DTC,Beauty and personal care,Service × Industry Landing Page,Clean beauty brands,Paid Social,/dtc-industries/clean-beauty-brands-marketing-agency/,Index after content threshold,Phase 3,paid social for clean beauty brands,dtc-service-industry-sitemap.xml,Consultus campaign matrix pattern
https://www.consultusdigital.com/dtc-marketing-services/paid-search-shopping-for-clean-beauty-brands/,/dtc-marketing-services/paid-search-shopping-for-clean-beauty-brands/,DTC,Beauty and personal care,Service × Industry Landing Page,Clean beauty brands,Paid Search and Shopping,/dtc-industries/clean-beauty-brands-marketing-agency/,Index after content threshold,Phase 3,paid search and shopping for clean beauty brands,dtc-service-industry-sitemap.xml,Consultus campaign matrix pattern
https://www.consultusdigital.com/dtc-marketing-services/seo-for-clean-beauty-brands/,/dtc-marketing-services/seo-for-clean-beauty-brands/,DTC,Beauty and personal care,Service × Industry Landing Page,Clean beauty brands,E-commerce SEO,/dtc-industries/clean-beauty-brands-marketing-agency/,Index after content threshold,Phase 3,e-commerce seo for clean beauty brands,dtc-service-industry-sitemap.xml,Consultus campaign matrix pattern
https://www.consultusdigital.com/dtc-marketing-services/ai-search-for-clean-beauty-brands/,/dtc-marketing-services/ai-search-for-clean-beauty-brands/,DTC,Beauty and personal care,Service × Industry Landing Page,Clean beauty brands,"AEO, GEO and AI Search",/dtc-industries/clean-beauty-brands-marketing-agency/,Index after content threshold,Phase 3,"aeo, geo and ai search for clean beauty brands",dtc-service-industry-sitemap.xml,Consultus campaign matrix pattern
https://www.consultusdigital.com/dtc-marketing-services/performance-creative-for-clean-beauty-brands/,/dtc-marketing-services/performance-creative-for-clean-beauty-brands/,DTC,Beauty and personal care,Service × Industry Landing Page,Clean beauty brands,Performance Creative,/dtc-industries/clean-beauty-brands-marketing-agency/,Index after content threshold,Phase 3,performance creative for clean beauty brands,dtc-service-industry-sitemap.xml,Consultus campaign matrix pattern
https://www.consultusdigital.com/dtc-marketing-services/shopify-cro-for-clean-beauty-brands/,/dtc-marketing-services/shopify-cro-for-clean-beauty-brands/,DTC,Beauty and personal care,Service × Industry Landing Page,Clean beauty brands,Shopify Development and CRO,/dtc-industries/clean-beauty-brands-marketing-agency/,Index after content threshold,Phase 3,shopify development and cro for clean beauty brands,dtc-service-industry-sitemap.xml,Consultus campaign matrix pattern
https://www.consultusdigital.com/dtc-marketing-services/email-sms-for-clean-beauty-brands/,/dtc-marketing-services/email-sms-for-clean-beauty-brands/,DTC,Beauty and personal care,Service × Industry Landing Page,Clean beauty brands,Email and SMS,/dtc-industries/clean-beauty-brands-marketing-agency/,Index after content threshold,Phase 3,email and sms for clean beauty brands,dtc-service-industry-sitemap.xml,Consultus campaign matrix pattern
https://www.consultusdigital.com/dtc-marketing-services/analytics-for-clean-beauty-brands/,/dtc-marketing-services/analytics-for-clean-beauty-brands/,DTC,Beauty and personal care,Service × Industry Landing Page,Clean beauty brands,Analytics and Attribution,/dtc-industries/clean-beauty-brands-marketing-agency/,Index after content threshold,Phase 3,analytics and attribution for clean beauty brands,dtc-service-industry-sitemap.xml,Consultus campaign matrix pattern
https://www.consultusdigital.com/dtc-marketing-services/marketplace-marketing-for-clean-beauty-brands/,/dtc-marketing-services/marketplace-marketing-for-clean-beauty-brands/,DTC,Beauty and personal care,Service × Industry Landing Page,Clean beauty brands,Marketplace Marketing,/dtc-industries/clean-beauty-brands-marketing-agency/,Index after content threshold,Phase 3,marketplace marketing for clean beauty brands,dtc-service-industry-sitemap.xml,Consultus campaign matrix pattern
https://www.consultusdigital.com/dtc-industries/professional-beauty-brands-marketing-agency/,/dtc-industries/professional-beauty-brands-marketing-agency/,DTC,Beauty and personal care,Industry Marketing Agency Page,Professional beauty brands,,/dtc-industries/beauty-and-personal-care/,Index,Phase 2,professional beauty brands marketing agency,dtc-industry-agency-sitemap.xml,https://www.cardinaldigitalmarketing.com/healthcare-specialties/mental-healthcare-providers-agency/
https://www.consultusdigital.com/dtc-marketing-services/performance-marketing-for-professional-beauty-brands/,/dtc-marketing-services/performance-marketing-for-professional-beauty-brands/,DTC,Beauty and personal care,Service × Industry Landing Page,Professional beauty brands,Performance Marketing Agency,/dtc-industries/professional-beauty-brands-marketing-agency/,Index after content threshold,Phase 3,performance marketing agency for professional beauty brands,dtc-service-industry-sitemap.xml,Consultus campaign matrix pattern
https://www.consultusdigital.com/dtc-marketing-services/paid-social-for-professional-beauty-brands/,/dtc-marketing-services/paid-social-for-professional-beauty-brands/,DTC,Beauty and personal care,Service × Industry Landing Page,Professional beauty brands,Paid Social,/dtc-industries/professional-beauty-brands-marketing-agency/,Index after content threshold,Phase 3,paid social for professional beauty brands,dtc-service-industry-sitemap.xml,Consultus campaign matrix pattern
https://www.consultusdigital.com/dtc-marketing-services/paid-search-shopping-for-professional-beauty-brands/,/dtc-marketing-services/paid-search-shopping-for-professional-beauty-brands/,DTC,Beauty and personal care,Service × Industry Landing Page,Professional beauty brands,Paid Search and Shopping,/dtc-industries/professional-beauty-brands-marketing-agency/,Index after content threshold,Phase 3,paid search and shopping for professional beauty brands,dtc-service-industry-sitemap.xml,Consultus campaign matrix pattern
https://www.consultusdigital.com/dtc-marketing-services/seo-for-professional-beauty-brands/,/dtc-marketing-services/seo-for-professional-beauty-brands/,DTC,Beauty and personal care,Service × Industry Landing Page,Professional beauty brands,E-commerce SEO,/dtc-industries/professional-beauty-brands-marketing-agency/,Index after content threshold,Phase 3,e-commerce seo for professional beauty brands,dtc-service-industry-sitemap.xml,Consultus campaign matrix pattern
https://www.consultusdigital.com/dtc-marketing-services/ai-search-for-professional-beauty-brands/,/dtc-marketing-services/ai-search-for-professional-beauty-brands/,DTC,Beauty and personal care,Service × Industry Landing Page,Professional beauty brands,"AEO, GEO and AI Search",/dtc-industries/professional-beauty-brands-marketing-agency/,Index after content threshold,Phase 3,"aeo, geo and ai search for professional beauty brands",dtc-service-industry-sitemap.xml,Consultus campaign matrix pattern
https://www.consultusdigital.com/dtc-marketing-services/performance-creative-for-professional-beauty-brands/,/dtc-marketing-services/performance-creative-for-professional-beauty-brands/,DTC,Beauty and personal care,Service × Industry Landing Page,Professional beauty brands,Performance Creative,/dtc-industries/professional-beauty-brands-marketing-agency/,Index after content threshold,Phase 3,performance creative for professional beauty brands,dtc-service-industry-sitemap.xml,Consultus campaign matrix pattern
https://www.consultusdigital.com/dtc-marketing-services/shopify-cro-for-professional-beauty-brands/,/dtc-marketing-services/shopify-cro-for-professional-beauty-brands/,DTC,Beauty and personal care,Service × Industry Landing Page,Professional beauty brands,Shopify Development and CRO,/dtc-industries/professional-beauty-brands-marketing-agency/,Index after content threshold,Phase 3,shopify development and cro for professional beauty brands,dtc-service-industry-sitemap.xml,Consultus campaign matrix pattern
https://www.consultusdigital.com/dtc-marketing-services/email-sms-for-professional-beauty-brands/,/dtc-marketing-services/email-sms-for-professional-beauty-brands/,DTC,Beauty and personal care,Service × Industry Landing Page,Professional beauty brands,Email and SMS,/dtc-industries/professional-beauty-brands-marketing-agency/,Index after content threshold,Phase 3,email and sms for professional beauty brands,dtc-service-industry-sitemap.xml,Consultus campaign matrix pattern
https://www.consultusdigital.com/dtc-marketing-services/analytics-for-professional-beauty-brands/,/dtc-marketing-services/analytics-for-professional-beauty-brands/,DTC,Beauty and personal care,Service × Industry Landing Page,Professional beauty brands,Analytics and Attribution,/dtc-industries/professional-beauty-brands-marketing-agency/,Index after content threshold,Phase 3,analytics and attribution for professional beauty brands,dtc-service-industry-sitemap.xml,Consultus campaign matrix pattern
https://www.consultusdigital.com/dtc-marketing-services/marketplace-marketing-for-professional-beauty-brands/,/dtc-marketing-services/marketplace-marketing-for-professional-beauty-brands/,DTC,Beauty and personal care,Service × Industry Landing Page,Professional beauty brands,Marketplace Marketing,/dtc-industries/professional-beauty-brands-marketing-agency/,Index after content threshold,Phase 3,marketplace marketing for professional beauty brands,dtc-service-industry-sitemap.xml,Consultus campaign matrix pattern
https://www.consultusdigital.com/dtc-industries/health-and-wellness/,/dtc-industries/health-and-wellness/,DTC,Health and wellness,Sector Hub,Health and wellness,,/dtc-industries/,Index,Phase 1,health and wellness marketing agency,dtc-industry-agency-sitemap.xml,https://www.cardinaldigitalmarketing.com/healthcare-specialties/mental-healthcare-providers-agency/
https://www.consultusdigital.com/dtc-industries/supplement-brands-marketing-agency/,/dtc-industries/supplement-brands-marketing-agency/,DTC,Health and wellness,Industry Marketing Agency Page,Supplement brands,,/dtc-industries/health-and-wellness/,Index,Phase 2,supplement brands marketing agency,dtc-industry-agency-sitemap.xml,https://www.cardinaldigitalmarketing.com/healthcare-specialties/mental-healthcare-providers-agency/
https://www.consultusdigital.com/dtc-marketing-services/performance-marketing-for-supplement-brands/,/dtc-marketing-services/performance-marketing-for-supplement-brands/,DTC,Health and wellness,Service × Industry Landing Page,Supplement brands,Performance Marketing Agency,/dtc-industries/supplement-brands-marketing-agency/,Index after content threshold,Phase 3,performance marketing agency for supplement brands,dtc-service-industry-sitemap.xml,Consultus campaign matrix pattern
https://www.consultusdigital.com/dtc-marketing-services/paid-social-for-supplement-brands/,/dtc-marketing-services/paid-social-for-supplement-brands/,DTC,Health and wellness,Service × Industry Landing Page,Supplement brands,Paid Social,/dtc-industries/supplement-brands-marketing-agency/,Index after content threshold,Phase 3,paid social for supplement brands,dtc-service-industry-sitemap.xml,Consultus campaign matrix pattern
https://www.consultusdigital.com/dtc-marketing-services/paid-search-shopping-for-supplement-brands/,/dtc-marketing-services/paid-search-shopping-for-supplement-brands/,DTC,Health and wellness,Service × Industry Landing Page,Supplement brands,Paid Search and Shopping,/dtc-industries/supplement-brands-marketing-agency/,Index after content threshold,Phase 3,paid search and shopping for supplement brands,dtc-service-industry-sitemap.xml,Consultus campaign matrix pattern
https://www.consultusdigital.com/dtc-marketing-services/seo-for-supplement-brands/,/dtc-marketing-services/seo-for-supplement-brands/,DTC,Health and wellness,Service × Industry Landing Page,Supplement brands,E-commerce SEO,/dtc-industries/supplement-brands-marketing-agency/,Index after content threshold,Phase 3,e-commerce seo for supplement brands,dtc-service-industry-sitemap.xml,Consultus campaign matrix pattern
https://www.consultusdigital.com/dtc-marketing-services/ai-search-for-supplement-brands/,/dtc-marketing-services/ai-search-for-supplement-brands/,DTC,Health and wellness,Service × Industry Landing Page,Supplement brands,"AEO, GEO and AI Search",/dtc-industries/supplement-brands-marketing-agency/,Index after content threshold,Phase 3,"aeo, geo and ai search for supplement brands",dtc-service-industry-sitemap.xml,Consultus campaign matrix pattern
https://www.consultusdigital.com/dtc-marketing-services/performance-creative-for-supplement-brands/,/dtc-marketing-services/performance-creative-for-supplement-brands/,DTC,Health and wellness,Service × Industry Landing Page,Supplement brands,Performance Creative,/dtc-industries/supplement-brands-marketing-agency/,Index after content threshold,Phase 3,performance creative for supplement brands,dtc-service-industry-sitemap.xml,Consultus campaign matrix pattern
https://www.consultusdigital.com/dtc-marketing-services/shopify-cro-for-supplement-brands/,/dtc-marketing-services/shopify-cro-for-supplement-brands/,DTC,Health and wellness,Service × Industry Landing Page,Supplement brands,Shopify Development and CRO,/dtc-industries/supplement-brands-marketing-agency/,Index after content threshold,Phase 3,shopify development and cro for supplement brands,dtc-service-industry-sitemap.xml,Consultus campaign matrix pattern
https://www.consultusdigital.com/dtc-marketing-services/email-sms-for-supplement-brands/,/dtc-marketing-services/email-sms-for-supplement-brands/,DTC,Health and wellness,Service × Industry Landing Page,Supplement brands,Email and SMS,/dtc-industries/supplement-brands-marketing-agency/,Index after content threshold,Phase 3,email and sms for supplement brands,dtc-service-industry-sitemap.xml,Consultus campaign matrix pattern
https://www.consultusdigital.com/dtc-marketing-services/analytics-for-supplement-brands/,/dtc-marketing-services/analytics-for-supplement-brands/,DTC,Health and wellness,Service × Industry Landing Page,Supplement brands,Analytics and Attribution,/dtc-industries/supplement-brands-marketing-agency/,Index after content threshold,Phase 3,analytics and attribution for supplement brands,dtc-service-industry-sitemap.xml,Consultus campaign matrix pattern
https://www.consultusdigital.com/dtc-marketing-services/marketplace-marketing-for-supplement-brands/,/dtc-marketing-services/marketplace-marketing-for-supplement-brands/,DTC,Health and wellness,Service × Industry Landing Page,Supplement brands,Marketplace Marketing,/dtc-industries/supplement-brands-marketing-agency/,Index after content threshold,Phase 3,marketplace marketing for supplement brands,dtc-service-industry-sitemap.xml,Consultus campaign matrix pattern
https://www.consultusdigital.com/dtc-industries/vitamin-brands-marketing-agency/,/dtc-industries/vitamin-brands-marketing-agency/,DTC,Health and wellness,Industry Marketing Agency Page,Vitamin brands,,/dtc-industries/health-and-wellness/,Index,Phase 2,vitamin brands marketing agency,dtc-industry-agency-sitemap.xml,https://www.cardinaldigitalmarketing.com/healthcare-specialties/mental-healthcare-providers-agency/
https://www.consultusdigital.com/dtc-marketing-services/performance-marketing-for-vitamin-brands/,/dtc-marketing-services/performance-marketing-for-vitamin-brands/,DTC,Health and wellness,Service × Industry Landing Page,Vitamin brands,Performance Marketing Agency,/dtc-industries/vitamin-brands-marketing-agency/,Index after content threshold,Phase 3,performance marketing agency for vitamin brands,dtc-service-industry-sitemap.xml,Consultus campaign matrix pattern
https://www.consultusdigital.com/dtc-marketing-services/paid-social-for-vitamin-brands/,/dtc-marketing-services/paid-social-for-vitamin-brands/,DTC,Health and wellness,Service × Industry Landing Page,Vitamin brands,Paid Social,/dtc-industries/vitamin-brands-marketing-agency/,Index after content threshold,Phase 3,paid social for vitamin brands,dtc-service-industry-sitemap.xml,Consultus campaign matrix pattern
https://www.consultusdigital.com/dtc-marketing-services/paid-search-shopping-for-vitamin-brands/,/dtc-marketing-services/paid-search-shopping-for-vitamin-brands/,DTC,Health and wellness,Service × Industry Landing Page,Vitamin brands,Paid Search and Shopping,/dtc-industries/vitamin-brands-marketing-agency/,Index after content threshold,Phase 3,paid search and shopping for vitamin brands,dtc-service-industry-sitemap.xml,Consultus campaign matrix pattern
https://www.consultusdigital.com/dtc-marketing-services/seo-for-vitamin-brands/,/dtc-marketing-services/seo-for-vitamin-brands/,DTC,Health and wellness,Service × Industry Landing Page,Vitamin brands,E-commerce SEO,/dtc-industries/vitamin-brands-marketing-agency/,Index after content threshold,Phase 3,e-commerce seo for vitamin brands,dtc-service-industry-sitemap.xml,Consultus campaign matrix pattern
https://www.consultusdigital.com/dtc-marketing-services/ai-search-for-vitamin-brands/,/dtc-marketing-services/ai-search-for-vitamin-brands/,DTC,Health and wellness,Service × Industry Landing Page,Vitamin brands,"AEO, GEO and AI Search",/dtc-industries/vitamin-brands-marketing-agency/,Index after content threshold,Phase 3,"aeo, geo and ai search for vitamin brands",dtc-service-industry-sitemap.xml,Consultus campaign matrix pattern
https://www.consultusdigital.com/dtc-marketing-services/performance-creative-for-vitamin-brands/,/dtc-marketing-services/performance-creative-for-vitamin-brands/,DTC,Health and wellness,Service × Industry Landing Page,Vitamin brands,Performance Creative,/dtc-industries/vitamin-brands-marketing-agency/,Index after content threshold,Phase 3,performance creative for vitamin brands,dtc-service-industry-sitemap.xml,Consultus campaign matrix pattern
https://www.consultusdigital.com/dtc-marketing-services/shopify-cro-for-vitamin-brands/,/dtc-marketing-services/shopify-cro-for-vitamin-brands/,DTC,Health and wellness,Service × Industry Landing Page,Vitamin brands,Shopify Development and CRO,/dtc-industries/vitamin-brands-marketing-agency/,Index after content threshold,Phase 3,shopify development and cro for vitamin brands,dtc-service-industry-sitemap.xml,Consultus campaign matrix pattern
https://www.consultusdigital.com/dtc-marketing-services/email-sms-for-vitamin-brands/,/dtc-marketing-services/email-sms-for-vitamin-brands/,DTC,Health and wellness,Service × Industry Landing Page,Vitamin brands,Email and SMS,/dtc-industries/vitamin-brands-marketing-agency/,Index after content threshold,Phase 3,email and sms for vitamin brands,dtc-service-industry-sitemap.xml,Consultus campaign matrix pattern
https://www.consultusdigital.com/dtc-marketing-services/analytics-for-vitamin-brands/,/dtc-marketing-services/analytics-for-vitamin-brands/,DTC,Health and wellness,Service × Industry Landing Page,Vitamin brands,Analytics and Attribution,/dtc-industries/vitamin-brands-marketing-agency/,Index after content threshold,Phase 3,analytics and attribution for vitamin brands,dtc-service-industry-sitemap.xml,Consultus campaign matrix pattern
https://www.consultusdigital.com/dtc-marketing-services/marketplace-marketing-for-vitamin-brands/,/dtc-marketing-services/marketplace-marketing-for-vitamin-brands/,DTC,Health and wellness,Service × Industry Landing Page,Vitamin brands,Marketplace Marketing,/dtc-industries/vitamin-brands-marketing-agency/,Index after content threshold,Phase 3,marketplace marketing for vitamin brands,dtc-service-industry-sitemap.xml,Consultus campaign matrix pattern
https://www.consultusdigital.com/dtc-industries/functional-medicine-products-marketing-agency/,/dtc-industries/functional-medicine-products-marketing-agency/,DTC,Health and wellness,Industry Marketing Agency Page,Functional medicine products,,/dtc-industries/health-and-wellness/,Index,Phase 2,functional medicine products marketing agency,dtc-industry-agency-sitemap.xml,https://www.cardinaldigitalmarketing.com/healthcare-specialties/mental-healthcare-providers-agency/
https://www.consultusdigital.com/dtc-marketing-services/performance-marketing-for-functional-medicine-products/,/dtc-marketing-services/performance-marketing-for-functional-medicine-products/,DTC,Health and wellness,Service × Industry Landing Page,Functional medicine products,Performance Marketing Agency,/dtc-industries/functional-medicine-products-marketing-agency/,Index after content threshold,Phase 3,performance marketing agency for functional medicine products,dtc-service-industry-sitemap.xml,Consultus campaign matrix pattern
https://www.consultusdigital.com/dtc-marketing-services/paid-social-for-functional-medicine-products/,/dtc-marketing-services/paid-social-for-functional-medicine-products/,DTC,Health and wellness,Service × Industry Landing Page,Functional medicine products,Paid Social,/dtc-industries/functional-medicine-products-marketing-agency/,Index after content threshold,Phase 3,paid social for functional medicine products,dtc-service-industry-sitemap.xml,Consultus campaign matrix pattern
https://www.consultusdigital.com/dtc-marketing-services/paid-search-shopping-for-functional-medicine-products/,/dtc-marketing-services/paid-search-shopping-for-functional-medicine-products/,DTC,Health and wellness,Service × Industry Landing Page,Functional medicine products,Paid Search and Shopping,/dtc-industries/functional-medicine-products-marketing-agency/,Index after content threshold,Phase 3,paid search and shopping for functional medicine products,dtc-service-industry-sitemap.xml,Consultus campaign matrix pattern
https://www.consultusdigital.com/dtc-marketing-services/seo-for-functional-medicine-products/,/dtc-marketing-services/seo-for-functional-medicine-products/,DTC,Health and wellness,Service × Industry Landing Page,Functional medicine products,E-commerce SEO,/dtc-industries/functional-medicine-products-marketing-agency/,Index after content threshold,Phase 3,e-commerce seo for functional medicine products,dtc-service-industry-sitemap.xml,Consultus campaign matrix pattern
https://www.consultusdigital.com/dtc-marketing-services/ai-search-for-functional-medicine-products/,/dtc-marketing-services/ai-search-for-functional-medicine-products/,DTC,Health and wellness,Service × Industry Landing Page,Functional medicine products,"AEO, GEO and AI Search",/dtc-industries/functional-medicine-products-marketing-agency/,Index after content threshold,Phase 3,"aeo, geo and ai search for functional medicine products",dtc-service-industry-sitemap.xml,Consultus campaign matrix pattern
https://www.consultusdigital.com/dtc-marketing-services/performance-creative-for-functional-medicine-products/,/dtc-marketing-services/performance-creative-for-functional-medicine-products/,DTC,Health and wellness,Service × Industry Landing Page,Functional medicine products,Performance Creative,/dtc-industries/functional-medicine-products-marketing-agency/,Index after content threshold,Phase 3,performance creative for functional medicine products,dtc-service-industry-sitemap.xml,Consultus campaign matrix pattern
https://www.consultusdigital.com/dtc-marketing-services/shopify-cro-for-functional-medicine-products/,/dtc-marketing-services/shopify-cro-for-functional-medicine-products/,DTC,Health and wellness,Service × Industry Landing Page,Functional medicine products,Shopify Development and CRO,/dtc-industries/functional-medicine-products-marketing-agency/,Index after content threshold,Phase 3,shopify development and cro for functional medicine products,dtc-service-industry-sitemap.xml,Consultus campaign matrix pattern
https://www.consultusdigital.com/dtc-marketing-services/email-sms-for-functional-medicine-products/,/dtc-marketing-services/email-sms-for-functional-medicine-products/,DTC,Health and wellness,Service × Industry Landing Page,Functional medicine products,Email and SMS,/dtc-industries/functional-medicine-products-marketing-agency/,Index after content threshold,Phase 3,email and sms for functional medicine products,dtc-service-industry-sitemap.xml,Consultus campaign matrix pattern
https://www.consultusdigital.com/dtc-marketing-services/analytics-for-functional-medicine-products/,/dtc-marketing-services/analytics-for-functional-medicine-products/,DTC,Health and wellness,Service × Industry Landing Page,Functional medicine products,Analytics and Attribution,/dtc-industries/functional-medicine-products-marketing-agency/,Index after content threshold,Phase 3,analytics and attribution for functional medicine products,dtc-service-industry-sitemap.xml,Consultus campaign matrix pattern
https://www.consultusdigital.com/dtc-marketing-services/marketplace-marketing-for-functional-medicine-products/,/dtc-marketing-services/marketplace-marketing-for-functional-medicine-products/,DTC,Health and wellness,Service × Industry Landing Page,Functional medicine products,Marketplace Marketing,/dtc-industries/functional-medicine-products-marketing-agency/,Index after content threshold,Phase 3,marketplace marketing for functional medicine products,dtc-service-industry-sitemap.xml,Consultus campaign matrix pattern
https://www.consultusdigital.com/dtc-industries/womens-health-brands-marketing-agency/,/dtc-industries/womens-health-brands-marketing-agency/,DTC,Health and wellness,Industry Marketing Agency Page,Womens health brands,,/dtc-industries/health-and-wellness/,Index,Phase 2,womens health brands marketing agency,dtc-industry-agency-sitemap.xml,https://www.cardinaldigitalmarketing.com/healthcare-specialties/mental-healthcare-providers-agency/
https://www.consultusdigital.com/dtc-marketing-services/performance-marketing-for-womens-health-brands/,/dtc-marketing-services/performance-marketing-for-womens-health-brands/,DTC,Health and wellness,Service × Industry Landing Page,Womens health brands,Performance Marketing Agency,/dtc-industries/womens-health-brands-marketing-agency/,Index after content threshold,Phase 3,performance marketing agency for womens health brands,dtc-service-industry-sitemap.xml,Consultus campaign matrix pattern
https://www.consultusdigital.com/dtc-marketing-services/paid-social-for-womens-health-brands/,/dtc-marketing-services/paid-social-for-womens-health-brands/,DTC,Health and wellness,Service × Industry Landing Page,Womens health brands,Paid Social,/dtc-industries/womens-health-brands-marketing-agency/,Index after content threshold,Phase 3,paid social for womens health brands,dtc-service-industry-sitemap.xml,Consultus campaign matrix pattern
https://www.consultusdigital.com/dtc-marketing-services/paid-search-shopping-for-womens-health-brands/,/dtc-marketing-services/paid-search-shopping-for-womens-health-brands/,DTC,Health and wellness,Service × Industry Landing Page,Womens health brands,Paid Search and Shopping,/dtc-industries/womens-health-brands-marketing-agency/,Index after content threshold,Phase 3,paid search and shopping for womens health brands,dtc-service-industry-sitemap.xml,Consultus campaign matrix pattern
https://www.consultusdigital.com/dtc-marketing-services/seo-for-womens-health-brands/,/dtc-marketing-services/seo-for-womens-health-brands/,DTC,Health and wellness,Service × Industry Landing Page,Womens health brands,E-commerce SEO,/dtc-industries/womens-health-brands-marketing-agency/,Index after content threshold,Phase 3,e-commerce seo for womens health brands,dtc-service-industry-sitemap.xml,Consultus campaign matrix pattern
https://www.consultusdigital.com/dtc-marketing-services/ai-search-for-womens-health-brands/,/dtc-marketing-services/ai-search-for-womens-health-brands/,DTC,Health and wellness,Service × Industry Landing Page,Womens health brands,"AEO, GEO and AI Search",/dtc-industries/womens-health-brands-marketing-agency/,Index after content threshold,Phase 3,"aeo, geo and ai search for womens health brands",dtc-service-industry-sitemap.xml,Consultus campaign matrix pattern
https://www.consultusdigital.com/dtc-marketing-services/performance-creative-for-womens-health-brands/,/dtc-marketing-services/performance-creative-for-womens-health-brands/,DTC,Health and wellness,Service × Industry Landing Page,Womens health brands,Performance Creative,/dtc-industries/womens-health-brands-marketing-agency/,Index after content threshold,Phase 3,performance creative for womens health brands,dtc-service-industry-sitemap.xml,Consultus campaign matrix pattern
https://www.consultusdigital.com/dtc-marketing-services/shopify-cro-for-womens-health-brands/,/dtc-marketing-services/shopify-cro-for-womens-health-brands/,DTC,Health and wellness,Service × Industry Landing Page,Womens health brands,Shopify Development and CRO,/dtc-industries/womens-health-brands-marketing-agency/,Index after content threshold,Phase 3,shopify development and cro for womens health brands,dtc-service-industry-sitemap.xml,Consultus campaign matrix pattern
https://www.consultusdigital.com/dtc-marketing-services/email-sms-for-womens-health-brands/,/dtc-marketing-services/email-sms-for-womens-health-brands/,DTC,Health and wellness,Service × Industry Landing Page,Womens health brands,Email and SMS,/dtc-industries/womens-health-brands-marketing-agency/,Index after content threshold,Phase 3,email and sms for womens health brands,dtc-service-industry-sitemap.xml,Consultus campaign matrix pattern
https://www.consultusdigital.com/dtc-marketing-services/analytics-for-womens-health-brands/,/dtc-marketing-services/analytics-for-womens-health-brands/,DTC,Health and wellness,Service × Industry Landing Page,Womens health brands,Analytics and Attribution,/dtc-industries/womens-health-brands-marketing-agency/,Index after content threshold,Phase 3,analytics and attribution for womens health brands,dtc-service-industry-sitemap.xml,Consultus campaign matrix pattern
https://www.consultusdigital.com/dtc-marketing-services/marketplace-marketing-for-womens-health-brands/,/dtc-marketing-services/marketplace-marketing-for-womens-health-brands/,DTC,Health and wellness,Service × Industry Landing Page,Womens health brands,Marketplace Marketing,/dtc-industries/womens-health-brands-marketing-agency/,Index after content threshold,Phase 3,marketplace marketing for womens health brands,dtc-service-industry-sitemap.xml,Consultus campaign matrix pattern
https://www.consultusdigital.com/dtc-industries/mens-health-brands-marketing-agency/,/dtc-industries/mens-health-brands-marketing-agency/,DTC,Health and wellness,Industry Marketing Agency Page,Mens health brands,,/dtc-industries/health-and-wellness/,Index,Phase 2,mens health brands marketing agency,dtc-industry-agency-sitemap.xml,https://www.cardinaldigitalmarketing.com/healthcare-specialties/mental-healthcare-providers-agency/
https://www.consultusdigital.com/dtc-marketing-services/performance-marketing-for-mens-health-brands/,/dtc-marketing-services/performance-marketing-for-mens-health-brands/,DTC,Health and wellness,Service × Industry Landing Page,Mens health brands,Performance Marketing Agency,/dtc-industries/mens-health-brands-marketing-agency/,Index after content threshold,Phase 3,performance marketing agency for mens health brands,dtc-service-industry-sitemap.xml,Consultus campaign matrix pattern
https://www.consultusdigital.com/dtc-marketing-services/paid-social-for-mens-health-brands/,/dtc-marketing-services/paid-social-for-mens-health-brands/,DTC,Health and wellness,Service × Industry Landing Page,Mens health brands,Paid Social,/dtc-industries/mens-health-brands-marketing-agency/,Index after content threshold,Phase 3,paid social for mens health brands,dtc-service-industry-sitemap.xml,Consultus campaign matrix pattern
https://www.consultusdigital.com/dtc-marketing-services/paid-search-shopping-for-mens-health-brands/,/dtc-marketing-services/paid-search-shopping-for-mens-health-brands/,DTC,Health and wellness,Service × Industry Landing Page,Mens health brands,Paid Search and Shopping,/dtc-industries/mens-health-brands-marketing-agency/,Index after content threshold,Phase 3,paid search and shopping for mens health brands,dtc-service-industry-sitemap.xml,Consultus campaign matrix pattern
https://www.consultusdigital.com/dtc-marketing-services/seo-for-mens-health-brands/,/dtc-marketing-services/seo-for-mens-health-brands/,DTC,Health and wellness,Service × Industry Landing Page,Mens health brands,E-commerce SEO,/dtc-industries/mens-health-brands-marketing-agency/,Index after content threshold,Phase 3,e-commerce seo for mens health brands,dtc-service-industry-sitemap.xml,Consultus campaign matrix pattern
https://www.consultusdigital.com/dtc-marketing-services/ai-search-for-mens-health-brands/,/dtc-marketing-services/ai-search-for-mens-health-brands/,DTC,Health and wellness,Service × Industry Landing Page,Mens health brands,"AEO, GEO and AI Search",/dtc-industries/mens-health-brands-marketing-agency/,Index after content threshold,Phase 3,"aeo, geo and ai search for mens health brands",dtc-service-industry-sitemap.xml,Consultus campaign matrix pattern
https://www.consultusdigital.com/dtc-marketing-services/performance-creative-for-mens-health-brands/,/dtc-marketing-services/performance-creative-for-mens-health-brands/,DTC,Health and wellness,Service × Industry Landing Page,Mens health brands,Performance Creative,/dtc-industries/mens-health-brands-marketing-agency/,Index after content threshold,Phase 3,performance creative for mens health brands,dtc-service-industry-sitemap.xml,Consultus campaign matrix pattern
https://www.consultusdigital.com/dtc-marketing-services/shopify-cro-for-mens-health-brands/,/dtc-marketing-services/shopify-cro-for-mens-health-brands/,DTC,Health and wellness,Service × Industry Landing Page,Mens health brands,Shopify Development and CRO,/dtc-industries/mens-health-brands-marketing-agency/,Index after content threshold,Phase 3,shopify development and cro for mens health brands,dtc-service-industry-sitemap.xml,Consultus campaign matrix pattern
https://www.consultusdigital.com/dtc-marketing-services/email-sms-for-mens-health-brands/,/dtc-marketing-services/email-sms-for-mens-health-brands/,DTC,Health and wellness,Service × Industry Landing Page,Mens health brands,Email and SMS,/dtc-industries/mens-health-brands-marketing-agency/,Index after content threshold,Phase 3,email and sms for mens health brands,dtc-service-industry-sitemap.xml,Consultus campaign matrix pattern
https://www.consultusdigital.com/dtc-marketing-services/analytics-for-mens-health-brands/,/dtc-marketing-services/analytics-for-mens-health-brands/,DTC,Health and wellness,Service × Industry Landing Page,Mens health brands,Analytics and Attribution,/dtc-industries/mens-health-brands-marketing-agency/,Index after content threshold,Phase 3,analytics and attribution for mens health brands,dtc-service-industry-sitemap.xml,Consultus campaign matrix pattern
https://www.consultusdigital.com/dtc-marketing-services/marketplace-marketing-for-mens-health-brands/,/dtc-marketing-services/marketplace-marketing-for-mens-health-brands/,DTC,Health and wellness,Service × Industry Landing Page,Mens health brands,Marketplace Marketing,/dtc-industries/mens-health-brands-marketing-agency/,Index after content threshold,Phase 3,marketplace marketing for mens health brands,dtc-service-industry-sitemap.xml,Consultus campaign matrix pattern
https://www.consultusdigital.com/dtc-industries/sexual-wellness-brands-marketing-agency/,/dtc-industries/sexual-wellness-brands-marketing-agency/,DTC,Health and wellness,Industry Marketing Agency Page,Sexual wellness brands,,/dtc-industries/health-and-wellness/,Index,Phase 2,sexual wellness brands marketing agency,dtc-industry-agency-sitemap.xml,https://www.cardinaldigitalmarketing.com/healthcare-specialties/mental-healthcare-providers-agency/
https://www.consultusdigital.com/dtc-marketing-services/performance-marketing-for-sexual-wellness-brands/,/dtc-marketing-services/performance-marketing-for-sexual-wellness-brands/,DTC,Health and wellness,Service × Industry Landing Page,Sexual wellness brands,Performance Marketing Agency,/dtc-industries/sexual-wellness-brands-marketing-agency/,Index after content threshold,Phase 3,performance marketing agency for sexual wellness brands,dtc-service-industry-sitemap.xml,Consultus campaign matrix pattern
https://www.consultusdigital.com/dtc-marketing-services/paid-social-for-sexual-wellness-brands/,/dtc-marketing-services/paid-social-for-sexual-wellness-brands/,DTC,Health and wellness,Service × Industry Landing Page,Sexual wellness brands,Paid Social,/dtc-industries/sexual-wellness-brands-marketing-agency/,Index after content threshold,Phase 3,paid social for sexual wellness brands,dtc-service-industry-sitemap.xml,Consultus campaign matrix pattern
https://www.consultusdigital.com/dtc-marketing-services/paid-search-shopping-for-sexual-wellness-brands/,/dtc-marketing-services/paid-search-shopping-for-sexual-wellness-brands/,DTC,Health and wellness,Service × Industry Landing Page,Sexual wellness brands,Paid Search and Shopping,/dtc-industries/sexual-wellness-brands-marketing-agency/,Index after content threshold,Phase 3,paid search and shopping for sexual wellness brands,dtc-service-industry-sitemap.xml,Consultus campaign matrix pattern
https://www.consultusdigital.com/dtc-marketing-services/seo-for-sexual-wellness-brands/,/dtc-marketing-services/seo-for-sexual-wellness-brands/,DTC,Health and wellness,Service × Industry Landing Page,Sexual wellness brands,E-commerce SEO,/dtc-industries/sexual-wellness-brands-marketing-agency/,Index after content threshold,Phase 3,e-commerce seo for sexual wellness brands,dtc-service-industry-sitemap.xml,Consultus campaign matrix pattern
https://www.consultusdigital.com/dtc-marketing-services/ai-search-for-sexual-wellness-brands/,/dtc-marketing-services/ai-search-for-sexual-wellness-brands/,DTC,Health and wellness,Service × Industry Landing Page,Sexual wellness brands,"AEO, GEO and AI Search",/dtc-industries/sexual-wellness-brands-marketing-agency/,Index after content threshold,Phase 3,"aeo, geo and ai search for sexual wellness brands",dtc-service-industry-sitemap.xml,Consultus campaign matrix pattern
https://www.consultusdigital.com/dtc-marketing-services/performance-creative-for-sexual-wellness-brands/,/dtc-marketing-services/performance-creative-for-sexual-wellness-brands/,DTC,Health and wellness,Service × Industry Landing Page,Sexual wellness brands,Performance Creative,/dtc-industries/sexual-wellness-brands-marketing-agency/,Index after content threshold,Phase 3,performance creative for sexual wellness brands,dtc-service-industry-sitemap.xml,Consultus campaign matrix pattern
https://www.consultusdigital.com/dtc-marketing-services/shopify-cro-for-sexual-wellness-brands/,/dtc-marketing-services/shopify-cro-for-sexual-wellness-brands/,DTC,Health and wellness,Service × Industry Landing Page,Sexual wellness brands,Shopify Development and CRO,/dtc-industries/sexual-wellness-brands-marketing-agency/,Index after content threshold,Phase 3,shopify development and cro for sexual wellness brands,dtc-service-industry-sitemap.xml,Consultus campaign matrix pattern
https://www.consultusdigital.com/dtc-marketing-services/email-sms-for-sexual-wellness-brands/,/dtc-marketing-services/email-sms-for-sexual-wellness-brands/,DTC,Health and wellness,Service × Industry Landing Page,Sexual wellness brands,Email and SMS,/dtc-industries/sexual-wellness-brands-marketing-agency/,Index after content threshold,Phase 3,email and sms for sexual wellness brands,dtc-service-industry-sitemap.xml,Consultus campaign matrix pattern
https://www.consultusdigital.com/dtc-marketing-services/analytics-for-sexual-wellness-brands/,/dtc-marketing-services/analytics-for-sexual-wellness-brands/,DTC,Health and wellness,Service × Industry Landing Page,Sexual wellness brands,Analytics and Attribution,/dtc-industries/sexual-wellness-brands-marketing-agency/,Index after content threshold,Phase 3,analytics and attribution for sexual wellness brands,dtc-service-industry-sitemap.xml,Consultus campaign matrix pattern
https://www.consultusdigital.com/dtc-marketing-services/marketplace-marketing-for-sexual-wellness-brands/,/dtc-marketing-services/marketplace-marketing-for-sexual-wellness-brands/,DTC,Health and wellness,Service × Industry Landing Page,Sexual wellness brands,Marketplace Marketing,/dtc-industries/sexual-wellness-brands-marketing-agency/,Index after content threshold,Phase 3,marketplace marketing for sexual wellness brands,dtc-service-industry-sitemap.xml,Consultus campaign matrix pattern
https://www.consultusdigital.com/dtc-industries/sleep-brands-marketing-agency/,/dtc-industries/sleep-brands-marketing-agency/,DTC,Health and wellness,Industry Marketing Agency Page,Sleep brands,,/dtc-industries/health-and-wellness/,Index,Phase 2,sleep brands marketing agency,dtc-industry-agency-sitemap.xml,https://www.cardinaldigitalmarketing.com/healthcare-specialties/mental-healthcare-providers-agency/
https://www.consultusdigital.com/dtc-marketing-services/performance-marketing-for-sleep-brands/,/dtc-marketing-services/performance-marketing-for-sleep-brands/,DTC,Health and wellness,Service × Industry Landing Page,Sleep brands,Performance Marketing Agency,/dtc-industries/sleep-brands-marketing-agency/,Index after content threshold,Phase 3,performance marketing agency for sleep brands,dtc-service-industry-sitemap.xml,Consultus campaign matrix pattern
https://www.consultusdigital.com/dtc-marketing-services/paid-social-for-sleep-brands/,/dtc-marketing-services/paid-social-for-sleep-brands/,DTC,Health and wellness,Service × Industry Landing Page,Sleep brands,Paid Social,/dtc-industries/sleep-brands-marketing-agency/,Index after content threshold,Phase 3,paid social for sleep brands,dtc-service-industry-sitemap.xml,Consultus campaign matrix pattern
https://www.consultusdigital.com/dtc-marketing-services/paid-search-shopping-for-sleep-brands/,/dtc-marketing-services/paid-search-shopping-for-sleep-brands/,DTC,Health and wellness,Service × Industry Landing Page,Sleep brands,Paid Search and Shopping,/dtc-industries/sleep-brands-marketing-agency/,Index after content threshold,Phase 3,paid search and shopping for sleep brands,dtc-service-industry-sitemap.xml,Consultus campaign matrix pattern
https://www.consultusdigital.com/dtc-marketing-services/seo-for-sleep-brands/,/dtc-marketing-services/seo-for-sleep-brands/,DTC,Health and wellness,Service × Industry Landing Page,Sleep brands,E-commerce SEO,/dtc-industries/sleep-brands-marketing-agency/,Index after content threshold,Phase 3,e-commerce seo for sleep brands,dtc-service-industry-sitemap.xml,Consultus campaign matrix pattern
https://www.consultusdigital.com/dtc-marketing-services/ai-search-for-sleep-brands/,/dtc-marketing-services/ai-search-for-sleep-brands/,DTC,Health and wellness,Service × Industry Landing Page,Sleep brands,"AEO, GEO and AI Search",/dtc-industries/sleep-brands-marketing-agency/,Index after content threshold,Phase 3,"aeo, geo and ai search for sleep brands",dtc-service-industry-sitemap.xml,Consultus campaign matrix pattern
https://www.consultusdigital.com/dtc-marketing-services/performance-creative-for-sleep-brands/,/dtc-marketing-services/performance-creative-for-sleep-brands/,DTC,Health and wellness,Service × Industry Landing Page,Sleep brands,Performance Creative,/dtc-industries/sleep-brands-marketing-agency/,Index after content threshold,Phase 3,performance creative for sleep brands,dtc-service-industry-sitemap.xml,Consultus campaign matrix pattern
https://www.consultusdigital.com/dtc-marketing-services/shopify-cro-for-sleep-brands/,/dtc-marketing-services/shopify-cro-for-sleep-brands/,DTC,Health and wellness,Service × Industry Landing Page,Sleep brands,Shopify Development and CRO,/dtc-industries/sleep-brands-marketing-agency/,Index after content threshold,Phase 3,shopify development and cro for sleep brands,dtc-service-industry-sitemap.xml,Consultus campaign matrix pattern
https://www.consultusdigital.com/dtc-marketing-services/email-sms-for-sleep-brands/,/dtc-marketing-services/email-sms-for-sleep-brands/,DTC,Health and wellness,Service × Industry Landing Page,Sleep brands,Email and SMS,/dtc-industries/sleep-brands-marketing-agency/,Index after content threshold,Phase 3,email and sms for sleep brands,dtc-service-industry-sitemap.xml,Consultus campaign matrix pattern
https://www.consultusdigital.com/dtc-marketing-services/analytics-for-sleep-brands/,/dtc-marketing-services/analytics-for-sleep-brands/,DTC,Health and wellness,Service × Industry Landing Page,Sleep brands,Analytics and Attribution,/dtc-industries/sleep-brands-marketing-agency/,Index after content threshold,Phase 3,analytics and attribution for sleep brands,dtc-service-industry-sitemap.xml,Consultus campaign matrix pattern
https://www.consultusdigital.com/dtc-marketing-services/marketplace-marketing-for-sleep-brands/,/dtc-marketing-services/marketplace-marketing-for-sleep-brands/,DTC,Health and wellness,Service × Industry Landing Page,Sleep brands,Marketplace Marketing,/dtc-industries/sleep-brands-marketing-agency/,Index after content threshold,Phase 3,marketplace marketing for sleep brands,dtc-service-industry-sitemap.xml,Consultus campaign matrix pattern
https://www.consultusdigital.com/dtc-industries/stress-and-anxiety-brands-marketing-agency/,/dtc-industries/stress-and-anxiety-brands-marketing-agency/,DTC,Health and wellness,Industry Marketing Agency Page,Stress and anxiety brands,,/dtc-industries/health-and-wellness/,Index,Phase 2,stress and anxiety brands marketing agency,dtc-industry-agency-sitemap.xml,https://www.cardinaldigitalmarketing.com/healthcare-specialties/mental-healthcare-providers-agency/
https://www.consultusdigital.com/dtc-marketing-services/performance-marketing-for-stress-and-anxiety-brands/,/dtc-marketing-services/performance-marketing-for-stress-and-anxiety-brands/,DTC,Health and wellness,Service × Industry Landing Page,Stress and anxiety brands,Performance Marketing Agency,/dtc-industries/stress-and-anxiety-brands-marketing-agency/,Index after content threshold,Phase 3,performance marketing agency for stress and anxiety brands,dtc-service-industry-sitemap.xml,Consultus campaign matrix pattern
https://www.consultusdigital.com/dtc-marketing-services/paid-social-for-stress-and-anxiety-brands/,/dtc-marketing-services/paid-social-for-stress-and-anxiety-brands/,DTC,Health and wellness,Service × Industry Landing Page,Stress and anxiety brands,Paid Social,/dtc-industries/stress-and-anxiety-brands-marketing-agency/,Index after content threshold,Phase 3,paid social for stress and anxiety brands,dtc-service-industry-sitemap.xml,Consultus campaign matrix pattern
https://www.consultusdigital.com/dtc-marketing-services/paid-search-shopping-for-stress-and-anxiety-brands/,/dtc-marketing-services/paid-search-shopping-for-stress-and-anxiety-brands/,DTC,Health and wellness,Service × Industry Landing Page,Stress and anxiety brands,Paid Search and Shopping,/dtc-industries/stress-and-anxiety-brands-marketing-agency/,Index after content threshold,Phase 3,paid search and shopping for stress and anxiety brands,dtc-service-industry-sitemap.xml,Consultus campaign matrix pattern
https://www.consultusdigital.com/dtc-marketing-services/seo-for-stress-and-anxiety-brands/,/dtc-marketing-services/seo-for-stress-and-anxiety-brands/,DTC,Health and wellness,Service × Industry Landing Page,Stress and anxiety brands,E-commerce SEO,/dtc-industries/stress-and-anxiety-brands-marketing-agency/,Index after content threshold,Phase 3,e-commerce seo for stress and anxiety brands,dtc-service-industry-sitemap.xml,Consultus campaign matrix pattern
https://www.consultusdigital.com/dtc-marketing-services/ai-search-for-stress-and-anxiety-brands/,/dtc-marketing-services/ai-search-for-stress-and-anxiety-brands/,DTC,Health and wellness,Service × Industry Landing Page,Stress and anxiety brands,"AEO, GEO and AI Search",/dtc-industries/stress-and-anxiety-brands-marketing-agency/,Index after content threshold,Phase 3,"aeo, geo and ai search for stress and anxiety brands",dtc-service-industry-sitemap.xml,Consultus campaign matrix pattern
https://www.consultusdigital.com/dtc-marketing-services/performance-creative-for-stress-and-anxiety-brands/,/dtc-marketing-services/performance-creative-for-stress-and-anxiety-brands/,DTC,Health and wellness,Service × Industry Landing Page,Stress and anxiety brands,Performance Creative,/dtc-industries/stress-and-anxiety-brands-marketing-agency/,Index after content threshold,Phase 3,performance creative for stress and anxiety brands,dtc-service-industry-sitemap.xml,Consultus campaign matrix pattern
https://www.consultusdigital.com/dtc-marketing-services/shopify-cro-for-stress-and-anxiety-brands/,/dtc-marketing-services/shopify-cro-for-stress-and-anxiety-brands/,DTC,Health and wellness,Service × Industry Landing Page,Stress and anxiety brands,Shopify Development and CRO,/dtc-industries/stress-and-anxiety-brands-marketing-agency/,Index after content threshold,Phase 3,shopify development and cro for stress and anxiety brands,dtc-service-industry-sitemap.xml,Consultus campaign matrix pattern
https://www.consultusdigital.com/dtc-marketing-services/email-sms-for-stress-and-anxiety-brands/,/dtc-marketing-services/email-sms-for-stress-and-anxiety-brands/,DTC,Health and wellness,Service × Industry Landing Page,Stress and anxiety brands,Email and SMS,/dtc-industries/stress-and-anxiety-brands-marketing-agency/,Index after content threshold,Phase 3,email and sms for stress and anxiety brands,dtc-service-industry-sitemap.xml,Consultus campaign matrix pattern
https://www.consultusdigital.com/dtc-marketing-services/analytics-for-stress-and-anxiety-brands/,/dtc-marketing-services/analytics-for-stress-and-anxiety-brands/,DTC,Health and wellness,Service × Industry Landing Page,Stress and anxiety brands,Analytics and Attribution,/dtc-industries/stress-and-anxiety-brands-marketing-agency/,Index after content threshold,Phase 3,analytics and attribution for stress and anxiety brands,dtc-service-industry-sitemap.xml,Consultus campaign matrix pattern
https://www.consultusdigital.com/dtc-marketing-services/marketplace-marketing-for-stress-and-anxiety-brands/,/dtc-marketing-services/marketplace-marketing-for-stress-and-anxiety-brands/,DTC,Health and wellness,Service × Industry Landing Page,Stress and anxiety brands,Marketplace Marketing,/dtc-industries/stress-and-anxiety-brands-marketing-agency/,Index after content threshold,Phase 3,marketplace marketing for stress and anxiety brands,dtc-service-industry-sitemap.xml,Consultus campaign matrix pattern
https://www.consultusdigital.com/dtc-industries/fitness-supplement-brands-marketing-agency/,/dtc-industries/fitness-supplement-brands-marketing-agency/,DTC,Health and wellness,Industry Marketing Agency Page,Fitness supplement brands,,/dtc-industries/health-and-wellness/,Index,Phase 2,fitness supplement brands marketing agency,dtc-industry-agency-sitemap.xml,https://www.cardinaldigitalmarketing.com/healthcare-specialties/mental-healthcare-providers-agency/
https://www.consultusdigital.com/dtc-marketing-services/performance-marketing-for-fitness-supplement-brands/,/dtc-marketing-services/performance-marketing-for-fitness-supplement-brands/,DTC,Health and wellness,Service × Industry Landing Page,Fitness supplement brands,Performance Marketing Agency,/dtc-industries/fitness-supplement-brands-marketing-agency/,Index after content threshold,Phase 3,performance marketing agency for fitness supplement brands,dtc-service-industry-sitemap.xml,Consultus campaign matrix pattern
https://www.consultusdigital.com/dtc-marketing-services/paid-social-for-fitness-supplement-brands/,/dtc-marketing-services/paid-social-for-fitness-supplement-brands/,DTC,Health and wellness,Service × Industry Landing Page,Fitness supplement brands,Paid Social,/dtc-industries/fitness-supplement-brands-marketing-agency/,Index after content threshold,Phase 3,paid social for fitness supplement brands,dtc-service-industry-sitemap.xml,Consultus campaign matrix pattern
https://www.consultusdigital.com/dtc-marketing-services/paid-search-shopping-for-fitness-supplement-brands/,/dtc-marketing-services/paid-search-shopping-for-fitness-supplement-brands/,DTC,Health and wellness,Service × Industry Landing Page,Fitness supplement brands,Paid Search and Shopping,/dtc-industries/fitness-supplement-brands-marketing-agency/,Index after content threshold,Phase 3,paid search and shopping for fitness supplement brands,dtc-service-industry-sitemap.xml,Consultus campaign matrix pattern
https://www.consultusdigital.com/dtc-marketing-services/seo-for-fitness-supplement-brands/,/dtc-marketing-services/seo-for-fitness-supplement-brands/,DTC,Health and wellness,Service × Industry Landing Page,Fitness supplement brands,E-commerce SEO,/dtc-industries/fitness-supplement-brands-marketing-agency/,Index after content threshold,Phase 3,e-commerce seo for fitness supplement brands,dtc-service-industry-sitemap.xml,Consultus campaign matrix pattern
https://www.consultusdigital.com/dtc-marketing-services/ai-search-for-fitness-supplement-brands/,/dtc-marketing-services/ai-search-for-fitness-supplement-brands/,DTC,Health and wellness,Service × Industry Landing Page,Fitness supplement brands,"AEO, GEO and AI Search",/dtc-industries/fitness-supplement-brands-marketing-agency/,Index after content threshold,Phase 3,"aeo, geo and ai search for fitness supplement brands",dtc-service-industry-sitemap.xml,Consultus campaign matrix pattern
https://www.consultusdigital.com/dtc-marketing-services/performance-creative-for-fitness-supplement-brands/,/dtc-marketing-services/performance-creative-for-fitness-supplement-brands/,DTC,Health and wellness,Service × Industry Landing Page,Fitness supplement brands,Performance Creative,/dtc-industries/fitness-supplement-brands-marketing-agency/,Index after content threshold,Phase 3,performance creative for fitness supplement brands,dtc-service-industry-sitemap.xml,Consultus campaign matrix pattern
https://www.consultusdigital.com/dtc-marketing-services/shopify-cro-for-fitness-supplement-brands/,/dtc-marketing-services/shopify-cro-for-fitness-supplement-brands/,DTC,Health and wellness,Service × Industry Landing Page,Fitness supplement brands,Shopify Development and CRO,/dtc-industries/fitness-supplement-brands-marketing-agency/,Index after content threshold,Phase 3,shopify development and cro for fitness supplement brands,dtc-service-industry-sitemap.xml,Consultus campaign matrix pattern
https://www.consultusdigital.com/dtc-marketing-services/email-sms-for-fitness-supplement-brands/,/dtc-marketing-services/email-sms-for-fitness-supplement-brands/,DTC,Health and wellness,Service × Industry Landing Page,Fitness supplement brands,Email and SMS,/dtc-industries/fitness-supplement-brands-marketing-agency/,Index after content threshold,Phase 3,email and sms for fitness supplement brands,dtc-service-industry-sitemap.xml,Consultus campaign matrix pattern
https://www.consultusdigital.com/dtc-marketing-services/analytics-for-fitness-supplement-brands/,/dtc-marketing-services/analytics-for-fitness-supplement-brands/,DTC,Health and wellness,Service × Industry Landing Page,Fitness supplement brands,Analytics and Attribution,/dtc-industries/fitness-supplement-brands-marketing-agency/,Index after content threshold,Phase 3,analytics and attribution for fitness supplement brands,dtc-service-industry-sitemap.xml,Consultus campaign matrix pattern
https://www.consultusdigital.com/dtc-marketing-services/marketplace-marketing-for-fitness-supplement-brands/,/dtc-marketing-services/marketplace-marketing-for-fitness-supplement-brands/,DTC,Health and wellness,Service × Industry Landing Page,Fitness supplement brands,Marketplace Marketing,/dtc-industries/fitness-supplement-brands-marketing-agency/,Index after content threshold,Phase 3,marketplace marketing for fitness supplement brands,dtc-service-industry-sitemap.xml,Consultus campaign matrix pattern
https://www.consultusdigital.com/dtc-industries/hydration-brands-marketing-agency/,/dtc-industries/hydration-brands-marketing-agency/,DTC,Health and wellness,Industry Marketing Agency Page,Hydration brands,,/dtc-industries/health-and-wellness/,Index,Phase 2,hydration brands marketing agency,dtc-industry-agency-sitemap.xml,https://www.cardinaldigitalmarketing.com/healthcare-specialties/mental-healthcare-providers-agency/
https://www.consultusdigital.com/dtc-marketing-services/performance-marketing-for-hydration-brands/,/dtc-marketing-services/performance-marketing-for-hydration-brands/,DTC,Health and wellness,Service × Industry Landing Page,Hydration brands,Performance Marketing Agency,/dtc-industries/hydration-brands-marketing-agency/,Index after content threshold,Phase 3,performance marketing agency for hydration brands,dtc-service-industry-sitemap.xml,Consultus campaign matrix pattern
https://www.consultusdigital.com/dtc-marketing-services/paid-social-for-hydration-brands/,/dtc-marketing-services/paid-social-for-hydration-brands/,DTC,Health and wellness,Service × Industry Landing Page,Hydration brands,Paid Social,/dtc-industries/hydration-brands-marketing-agency/,Index after content threshold,Phase 3,paid social for hydration brands,dtc-service-industry-sitemap.xml,Consultus campaign matrix pattern
https://www.consultusdigital.com/dtc-marketing-services/paid-search-shopping-for-hydration-brands/,/dtc-marketing-services/paid-search-shopping-for-hydration-brands/,DTC,Health and wellness,Service × Industry Landing Page,Hydration brands,Paid Search and Shopping,/dtc-industries/hydration-brands-marketing-agency/,Index after content threshold,Phase 3,paid search and shopping for hydration brands,dtc-service-industry-sitemap.xml,Consultus campaign matrix pattern
https://www.consultusdigital.com/dtc-marketing-services/seo-for-hydration-brands/,/dtc-marketing-services/seo-for-hydration-brands/,DTC,Health and wellness,Service × Industry Landing Page,Hydration brands,E-commerce SEO,/dtc-industries/hydration-brands-marketing-agency/,Index after content threshold,Phase 3,e-commerce seo for hydration brands,dtc-service-industry-sitemap.xml,Consultus campaign matrix pattern
https://www.consultusdigital.com/dtc-marketing-services/ai-search-for-hydration-brands/,/dtc-marketing-services/ai-search-for-hydration-brands/,DTC,Health and wellness,Service × Industry Landing Page,Hydration brands,"AEO, GEO and AI Search",/dtc-industries/hydration-brands-marketing-agency/,Index after content threshold,Phase 3,"aeo, geo and ai search for hydration brands",dtc-service-industry-sitemap.xml,Consultus campaign matrix pattern
https://www.consultusdigital.com/dtc-marketing-services/performance-creative-for-hydration-brands/,/dtc-marketing-services/performance-creative-for-hydration-brands/,DTC,Health and wellness,Service × Industry Landing Page,Hydration brands,Performance Creative,/dtc-industries/hydration-brands-marketing-agency/,Index after content threshold,Phase 3,performance creative for hydration brands,dtc-service-industry-sitemap.xml,Consultus campaign matrix pattern
https://www.consultusdigital.com/dtc-marketing-services/shopify-cro-for-hydration-brands/,/dtc-marketing-services/shopify-cro-for-hydration-brands/,DTC,Health and wellness,Service × Industry Landing Page,Hydration brands,Shopify Development and CRO,/dtc-industries/hydration-brands-marketing-agency/,Index after content threshold,Phase 3,shopify development and cro for hydration brands,dtc-service-industry-sitemap.xml,Consultus campaign matrix pattern
https://www.consultusdigital.com/dtc-marketing-services/email-sms-for-hydration-brands/,/dtc-marketing-services/email-sms-for-hydration-brands/,DTC,Health and wellness,Service × Industry Landing Page,Hydration brands,Email and SMS,/dtc-industries/hydration-brands-marketing-agency/,Index after content threshold,Phase 3,email and sms for hydration brands,dtc-service-industry-sitemap.xml,Consultus campaign matrix pattern
https://www.consultusdigital.com/dtc-marketing-services/analytics-for-hydration-brands/,/dtc-marketing-services/analytics-for-hydration-brands/,DTC,Health and wellness,Service × Industry Landing Page,Hydration brands,Analytics and Attribution,/dtc-industries/hydration-brands-marketing-agency/,Index after content threshold,Phase 3,analytics and attribution for hydration brands,dtc-service-industry-sitemap.xml,Consultus campaign matrix pattern
https://www.consultusdigital.com/dtc-marketing-services/marketplace-marketing-for-hydration-brands/,/dtc-marketing-services/marketplace-marketing-for-hydration-brands/,DTC,Health and wellness,Service × Industry Landing Page,Hydration brands,Marketplace Marketing,/dtc-industries/hydration-brands-marketing-agency/,Index after content threshold,Phase 3,marketplace marketing for hydration brands,dtc-service-industry-sitemap.xml,Consultus campaign matrix pattern
https://www.consultusdigital.com/dtc-industries/weight-management-brands-marketing-agency/,/dtc-industries/weight-management-brands-marketing-agency/,DTC,Health and wellness,Industry Marketing Agency Page,Weight management brands,,/dtc-industries/health-and-wellness/,Index,Phase 2,weight management brands marketing agency,dtc-industry-agency-sitemap.xml,https://www.cardinaldigitalmarketing.com/healthcare-specialties/mental-healthcare-providers-agency/
https://www.consultusdigital.com/dtc-marketing-services/performance-marketing-for-weight-management-brands/,/dtc-marketing-services/performance-marketing-for-weight-management-brands/,DTC,Health and wellness,Service × Industry Landing Page,Weight management brands,Performance Marketing Agency,/dtc-industries/weight-management-brands-marketing-agency/,Index after content threshold,Phase 3,performance marketing agency for weight management brands,dtc-service-industry-sitemap.xml,Consultus campaign matrix pattern
https://www.consultusdigital.com/dtc-marketing-services/paid-social-for-weight-management-brands/,/dtc-marketing-services/paid-social-for-weight-management-brands/,DTC,Health and wellness,Service × Industry Landing Page,Weight management brands,Paid Social,/dtc-industries/weight-management-brands-marketing-agency/,Index after content threshold,Phase 3,paid social for weight management brands,dtc-service-industry-sitemap.xml,Consultus campaign matrix pattern
https://www.consultusdigital.com/dtc-marketing-services/paid-search-shopping-for-weight-management-brands/,/dtc-marketing-services/paid-search-shopping-for-weight-management-brands/,DTC,Health and wellness,Service × Industry Landing Page,Weight management brands,Paid Search and Shopping,/dtc-industries/weight-management-brands-marketing-agency/,Index after content threshold,Phase 3,paid search and shopping for weight management brands,dtc-service-industry-sitemap.xml,Consultus campaign matrix pattern
https://www.consultusdigital.com/dtc-marketing-services/seo-for-weight-management-brands/,/dtc-marketing-services/seo-for-weight-management-brands/,DTC,Health and wellness,Service × Industry Landing Page,Weight management brands,E-commerce SEO,/dtc-industries/weight-management-brands-marketing-agency/,Index after content threshold,Phase 3,e-commerce seo for weight management brands,dtc-service-industry-sitemap.xml,Consultus campaign matrix pattern
https://www.consultusdigital.com/dtc-marketing-services/ai-search-for-weight-management-brands/,/dtc-marketing-services/ai-search-for-weight-management-brands/,DTC,Health and wellness,Service × Industry Landing Page,Weight management brands,"AEO, GEO and AI Search",/dtc-industries/weight-management-brands-marketing-agency/,Index after content threshold,Phase 3,"aeo, geo and ai search for weight management brands",dtc-service-industry-sitemap.xml,Consultus campaign matrix pattern
https://www.consultusdigital.com/dtc-marketing-services/performance-creative-for-weight-management-brands/,/dtc-marketing-services/performance-creative-for-weight-management-brands/,DTC,Health and wellness,Service × Industry Landing Page,Weight management brands,Performance Creative,/dtc-industries/weight-management-brands-marketing-agency/,Index after content threshold,Phase 3,performance creative for weight management brands,dtc-service-industry-sitemap.xml,Consultus campaign matrix pattern
https://www.consultusdigital.com/dtc-marketing-services/shopify-cro-for-weight-management-brands/,/dtc-marketing-services/shopify-cro-for-weight-management-brands/,DTC,Health and wellness,Service × Industry Landing Page,Weight management brands,Shopify Development and CRO,/dtc-industries/weight-management-brands-marketing-agency/,Index after content threshold,Phase 3,shopify development and cro for weight management brands,dtc-service-industry-sitemap.xml,Consultus campaign matrix pattern
https://www.consultusdigital.com/dtc-marketing-services/email-sms-for-weight-management-brands/,/dtc-marketing-services/email-sms-for-weight-management-brands/,DTC,Health and wellness,Service × Industry Landing Page,Weight management brands,Email and SMS,/dtc-industries/weight-management-brands-marketing-agency/,Index after content threshold,Phase 3,email and sms for weight management brands,dtc-service-industry-sitemap.xml,Consultus campaign matrix pattern
https://www.consultusdigital.com/dtc-marketing-services/analytics-for-weight-management-brands/,/dtc-marketing-services/analytics-for-weight-management-brands/,DTC,Health and wellness,Service × Industry Landing Page,Weight management brands,Analytics and Attribution,/dtc-industries/weight-management-brands-marketing-agency/,Index after content threshold,Phase 3,analytics and attribution for weight management brands,dtc-service-industry-sitemap.xml,Consultus campaign matrix pattern
https://www.consultusdigital.com/dtc-marketing-services/marketplace-marketing-for-weight-management-brands/,/dtc-marketing-services/marketplace-marketing-for-weight-management-brands/,DTC,Health and wellness,Service × Industry Landing Page,Weight management brands,Marketplace Marketing,/dtc-industries/weight-management-brands-marketing-agency/,Index after content threshold,Phase 3,marketplace marketing for weight management brands,dtc-service-industry-sitemap.xml,Consultus campaign matrix pattern
https://www.consultusdigital.com/dtc-industries/longevity-brands-marketing-agency/,/dtc-industries/longevity-brands-marketing-agency/,DTC,Health and wellness,Industry Marketing Agency Page,Longevity brands,,/dtc-industries/health-and-wellness/,Index,Phase 2,longevity brands marketing agency,dtc-industry-agency-sitemap.xml,https://www.cardinaldigitalmarketing.com/healthcare-specialties/mental-healthcare-providers-agency/
https://www.consultusdigital.com/dtc-marketing-services/performance-marketing-for-longevity-brands/,/dtc-marketing-services/performance-marketing-for-longevity-brands/,DTC,Health and wellness,Service × Industry Landing Page,Longevity brands,Performance Marketing Agency,/dtc-industries/longevity-brands-marketing-agency/,Index after content threshold,Phase 3,performance marketing agency for longevity brands,dtc-service-industry-sitemap.xml,Consultus campaign matrix pattern
https://www.consultusdigital.com/dtc-marketing-services/paid-social-for-longevity-brands/,/dtc-marketing-services/paid-social-for-longevity-brands/,DTC,Health and wellness,Service × Industry Landing Page,Longevity brands,Paid Social,/dtc-industries/longevity-brands-marketing-agency/,Index after content threshold,Phase 3,paid social for longevity brands,dtc-service-industry-sitemap.xml,Consultus campaign matrix pattern
https://www.consultusdigital.com/dtc-marketing-services/paid-search-shopping-for-longevity-brands/,/dtc-marketing-services/paid-search-shopping-for-longevity-brands/,DTC,Health and wellness,Service × Industry Landing Page,Longevity brands,Paid Search and Shopping,/dtc-industries/longevity-brands-marketing-agency/,Index after content threshold,Phase 3,paid search and shopping for longevity brands,dtc-service-industry-sitemap.xml,Consultus campaign matrix pattern
https://www.consultusdigital.com/dtc-marketing-services/seo-for-longevity-brands/,/dtc-marketing-services/seo-for-longevity-brands/,DTC,Health and wellness,Service × Industry Landing Page,Longevity brands,E-commerce SEO,/dtc-industries/longevity-brands-marketing-agency/,Index after content threshold,Phase 3,e-commerce seo for longevity brands,dtc-service-industry-sitemap.xml,Consultus campaign matrix pattern
https://www.consultusdigital.com/dtc-marketing-services/ai-search-for-longevity-brands/,/dtc-marketing-services/ai-search-for-longevity-brands/,DTC,Health and wellness,Service × Industry Landing Page,Longevity brands,"AEO, GEO and AI Search",/dtc-industries/longevity-brands-marketing-agency/,Index after content threshold,Phase 3,"aeo, geo and ai search for longevity brands",dtc-service-industry-sitemap.xml,Consultus campaign matrix pattern
https://www.consultusdigital.com/dtc-marketing-services/performance-creative-for-longevity-brands/,/dtc-marketing-services/performance-creative-for-longevity-brands/,DTC,Health and wellness,Service × Industry Landing Page,Longevity brands,Performance Creative,/dtc-industries/longevity-brands-marketing-agency/,Index after content threshold,Phase 3,performance creative for longevity brands,dtc-service-industry-sitemap.xml,Consultus campaign matrix pattern
https://www.consultusdigital.com/dtc-marketing-services/shopify-cro-for-longevity-brands/,/dtc-marketing-services/shopify-cro-for-longevity-brands/,DTC,Health and wellness,Service × Industry Landing Page,Longevity brands,Shopify Development and CRO,/dtc-industries/longevity-brands-marketing-agency/,Index after content threshold,Phase 3,shopify development and cro for longevity brands,dtc-service-industry-sitemap.xml,Consultus campaign matrix pattern
https://www.consultusdigital.com/dtc-marketing-services/email-sms-for-longevity-brands/,/dtc-marketing-services/email-sms-for-longevity-brands/,DTC,Health and wellness,Service × Industry Landing Page,Longevity brands,Email and SMS,/dtc-industries/longevity-brands-marketing-agency/,Index after content threshold,Phase 3,email and sms for longevity brands,dtc-service-industry-sitemap.xml,Consultus campaign matrix pattern
https://www.consultusdigital.com/dtc-marketing-services/analytics-for-longevity-brands/,/dtc-marketing-services/analytics-for-longevity-brands/,DTC,Health and wellness,Service × Industry Landing Page,Longevity brands,Analytics and Attribution,/dtc-industries/longevity-brands-marketing-agency/,Index after content threshold,Phase 3,analytics and attribution for longevity brands,dtc-service-industry-sitemap.xml,Consultus campaign matrix pattern
https://www.consultusdigital.com/dtc-marketing-services/marketplace-marketing-for-longevity-brands/,/dtc-marketing-services/marketplace-marketing-for-longevity-brands/,DTC,Health and wellness,Service × Industry Landing Page,Longevity brands,Marketplace Marketing,/dtc-industries/longevity-brands-marketing-agency/,Index after content threshold,Phase 3,marketplace marketing for longevity brands,dtc-service-industry-sitemap.xml,Consultus campaign matrix pattern
https://www.consultusdigital.com/dtc-industries/recovery-brands-marketing-agency/,/dtc-industries/recovery-brands-marketing-agency/,DTC,Health and wellness,Industry Marketing Agency Page,Recovery brands,,/dtc-industries/health-and-wellness/,Index,Phase 2,recovery brands marketing agency,dtc-industry-agency-sitemap.xml,https://www.cardinaldigitalmarketing.com/healthcare-specialties/mental-healthcare-providers-agency/
https://www.consultusdigital.com/dtc-marketing-services/performance-marketing-for-recovery-brands/,/dtc-marketing-services/performance-marketing-for-recovery-brands/,DTC,Health and wellness,Service × Industry Landing Page,Recovery brands,Performance Marketing Agency,/dtc-industries/recovery-brands-marketing-agency/,Index after content threshold,Phase 3,performance marketing agency for recovery brands,dtc-service-industry-sitemap.xml,Consultus campaign matrix pattern
https://www.consultusdigital.com/dtc-marketing-services/paid-social-for-recovery-brands/,/dtc-marketing-services/paid-social-for-recovery-brands/,DTC,Health and wellness,Service × Industry Landing Page,Recovery brands,Paid Social,/dtc-industries/recovery-brands-marketing-agency/,Index after content threshold,Phase 3,paid social for recovery brands,dtc-service-industry-sitemap.xml,Consultus campaign matrix pattern
https://www.consultusdigital.com/dtc-marketing-services/paid-search-shopping-for-recovery-brands/,/dtc-marketing-services/paid-search-shopping-for-recovery-brands/,DTC,Health and wellness,Service × Industry Landing Page,Recovery brands,Paid Search and Shopping,/dtc-industries/recovery-brands-marketing-agency/,Index after content threshold,Phase 3,paid search and shopping for recovery brands,dtc-service-industry-sitemap.xml,Consultus campaign matrix pattern
https://www.consultusdigital.com/dtc-marketing-services/seo-for-recovery-brands/,/dtc-marketing-services/seo-for-recovery-brands/,DTC,Health and wellness,Service × Industry Landing Page,Recovery brands,E-commerce SEO,/dtc-industries/recovery-brands-marketing-agency/,Index after content threshold,Phase 3,e-commerce seo for recovery brands,dtc-service-industry-sitemap.xml,Consultus campaign matrix pattern
https://www.consultusdigital.com/dtc-marketing-services/ai-search-for-recovery-brands/,/dtc-marketing-services/ai-search-for-recovery-brands/,DTC,Health and wellness,Service × Industry Landing Page,Recovery brands,"AEO, GEO and AI Search",/dtc-industries/recovery-brands-marketing-agency/,Index after content threshold,Phase 3,"aeo, geo and ai search for recovery brands",dtc-service-industry-sitemap.xml,Consultus campaign matrix pattern
https://www.consultusdigital.com/dtc-marketing-services/performance-creative-for-recovery-brands/,/dtc-marketing-services/performance-creative-for-recovery-brands/,DTC,Health and wellness,Service × Industry Landing Page,Recovery brands,Performance Creative,/dtc-industries/recovery-brands-marketing-agency/,Index after content threshold,Phase 3,performance creative for recovery brands,dtc-service-industry-sitemap.xml,Consultus campaign matrix pattern
https://www.consultusdigital.com/dtc-marketing-services/shopify-cro-for-recovery-brands/,/dtc-marketing-services/shopify-cro-for-recovery-brands/,DTC,Health and wellness,Service × Industry Landing Page,Recovery brands,Shopify Development and CRO,/dtc-industries/recovery-brands-marketing-agency/,Index after content threshold,Phase 3,shopify development and cro for recovery brands,dtc-service-industry-sitemap.xml,Consultus campaign matrix pattern
https://www.consultusdigital.com/dtc-marketing-services/email-sms-for-recovery-brands/,/dtc-marketing-services/email-sms-for-recovery-brands/,DTC,Health and wellness,Service × Industry Landing Page,Recovery brands,Email and SMS,/dtc-industries/recovery-brands-marketing-agency/,Index after content threshold,Phase 3,email and sms for recovery brands,dtc-service-industry-sitemap.xml,Consultus campaign matrix pattern
https://www.consultusdigital.com/dtc-marketing-services/analytics-for-recovery-brands/,/dtc-marketing-services/analytics-for-recovery-brands/,DTC,Health and wellness,Service × Industry Landing Page,Recovery brands,Analytics and Attribution,/dtc-industries/recovery-brands-marketing-agency/,Index after content threshold,Phase 3,analytics and attribution for recovery brands,dtc-service-industry-sitemap.xml,Consultus campaign matrix pattern
https://www.consultusdigital.com/dtc-marketing-services/marketplace-marketing-for-recovery-brands/,/dtc-marketing-services/marketplace-marketing-for-recovery-brands/,DTC,Health and wellness,Service × Industry Landing Page,Recovery brands,Marketplace Marketing,/dtc-industries/recovery-brands-marketing-agency/,Index after content threshold,Phase 3,marketplace marketing for recovery brands,dtc-service-industry-sitemap.xml,Consultus campaign matrix pattern
https://www.consultusdigital.com/dtc-industries/mobility-products-marketing-agency/,/dtc-industries/mobility-products-marketing-agency/,DTC,Health and wellness,Industry Marketing Agency Page,Mobility products,,/dtc-industries/health-and-wellness/,Index,Phase 2,mobility products marketing agency,dtc-industry-agency-sitemap.xml,https://www.cardinaldigitalmarketing.com/healthcare-specialties/mental-healthcare-providers-agency/
https://www.consultusdigital.com/dtc-marketing-services/performance-marketing-for-mobility-products/,/dtc-marketing-services/performance-marketing-for-mobility-products/,DTC,Health and wellness,Service × Industry Landing Page,Mobility products,Performance Marketing Agency,/dtc-industries/mobility-products-marketing-agency/,Index after content threshold,Phase 3,performance marketing agency for mobility products,dtc-service-industry-sitemap.xml,Consultus campaign matrix pattern
https://www.consultusdigital.com/dtc-marketing-services/paid-social-for-mobility-products/,/dtc-marketing-services/paid-social-for-mobility-products/,DTC,Health and wellness,Service × Industry Landing Page,Mobility products,Paid Social,/dtc-industries/mobility-products-marketing-agency/,Index after content threshold,Phase 3,paid social for mobility products,dtc-service-industry-sitemap.xml,Consultus campaign matrix pattern
https://www.consultusdigital.com/dtc-marketing-services/paid-search-shopping-for-mobility-products/,/dtc-marketing-services/paid-search-shopping-for-mobility-products/,DTC,Health and wellness,Service × Industry Landing Page,Mobility products,Paid Search and Shopping,/dtc-industries/mobility-products-marketing-agency/,Index after content threshold,Phase 3,paid search and shopping for mobility products,dtc-service-industry-sitemap.xml,Consultus campaign matrix pattern
https://www.consultusdigital.com/dtc-marketing-services/seo-for-mobility-products/,/dtc-marketing-services/seo-for-mobility-products/,DTC,Health and wellness,Service × Industry Landing Page,Mobility products,E-commerce SEO,/dtc-industries/mobility-products-marketing-agency/,Index after content threshold,Phase 3,e-commerce seo for mobility products,dtc-service-industry-sitemap.xml,Consultus campaign matrix pattern
https://www.consultusdigital.com/dtc-marketing-services/ai-search-for-mobility-products/,/dtc-marketing-services/ai-search-for-mobility-products/,DTC,Health and wellness,Service × Industry Landing Page,Mobility products,"AEO, GEO and AI Search",/dtc-industries/mobility-products-marketing-agency/,Index after content threshold,Phase 3,"aeo, geo and ai search for mobility products",dtc-service-industry-sitemap.xml,Consultus campaign matrix pattern
https://www.consultusdigital.com/dtc-marketing-services/performance-creative-for-mobility-products/,/dtc-marketing-services/performance-creative-for-mobility-products/,DTC,Health and wellness,Service × Industry Landing Page,Mobility products,Performance Creative,/dtc-industries/mobility-products-marketing-agency/,Index after content threshold,Phase 3,performance creative for mobility products,dtc-service-industry-sitemap.xml,Consultus campaign matrix pattern
https://www.consultusdigital.com/dtc-marketing-services/shopify-cro-for-mobility-products/,/dtc-marketing-services/shopify-cro-for-mobility-products/,DTC,Health and wellness,Service × Industry Landing Page,Mobility products,Shopify Development and CRO,/dtc-industries/mobility-products-marketing-agency/,Index after content threshold,Phase 3,shopify development and cro for mobility products,dtc-service-industry-sitemap.xml,Consultus campaign matrix pattern
https://www.consultusdigital.com/dtc-marketing-services/email-sms-for-mobility-products/,/dtc-marketing-services/email-sms-for-mobility-products/,DTC,Health and wellness,Service × Industry Landing Page,Mobility products,Email and SMS,/dtc-industries/mobility-products-marketing-agency/,Index after content threshold,Phase 3,email and sms for mobility products,dtc-service-industry-sitemap.xml,Consultus campaign matrix pattern
https://www.consultusdigital.com/dtc-marketing-services/analytics-for-mobility-products/,/dtc-marketing-services/analytics-for-mobility-products/,DTC,Health and wellness,Service × Industry Landing Page,Mobility products,Analytics and Attribution,/dtc-industries/mobility-products-marketing-agency/,Index after content threshold,Phase 3,analytics and attribution for mobility products,dtc-service-industry-sitemap.xml,Consultus campaign matrix pattern
https://www.consultusdigital.com/dtc-marketing-services/marketplace-marketing-for-mobility-products/,/dtc-marketing-services/marketplace-marketing-for-mobility-products/,DTC,Health and wellness,Service × Industry Landing Page,Mobility products,Marketplace Marketing,/dtc-industries/mobility-products-marketing-agency/,Index after content threshold,Phase 3,marketplace marketing for mobility products,dtc-service-industry-sitemap.xml,Consultus campaign matrix pattern
https://www.consultusdigital.com/dtc-industries/first-aid-brands-marketing-agency/,/dtc-industries/first-aid-brands-marketing-agency/,DTC,Health and wellness,Industry Marketing Agency Page,First aid brands,,/dtc-industries/health-and-wellness/,Index,Phase 2,first aid brands marketing agency,dtc-industry-agency-sitemap.xml,https://www.cardinaldigitalmarketing.com/healthcare-specialties/mental-healthcare-providers-agency/
https://www.consultusdigital.com/dtc-marketing-services/performance-marketing-for-first-aid-brands/,/dtc-marketing-services/performance-marketing-for-first-aid-brands/,DTC,Health and wellness,Service × Industry Landing Page,First aid brands,Performance Marketing Agency,/dtc-industries/first-aid-brands-marketing-agency/,Index after content threshold,Phase 3,performance marketing agency for first aid brands,dtc-service-industry-sitemap.xml,Consultus campaign matrix pattern
https://www.consultusdigital.com/dtc-marketing-services/paid-social-for-first-aid-brands/,/dtc-marketing-services/paid-social-for-first-aid-brands/,DTC,Health and wellness,Service × Industry Landing Page,First aid brands,Paid Social,/dtc-industries/first-aid-brands-marketing-agency/,Index after content threshold,Phase 3,paid social for first aid brands,dtc-service-industry-sitemap.xml,Consultus campaign matrix pattern
https://www.consultusdigital.com/dtc-marketing-services/paid-search-shopping-for-first-aid-brands/,/dtc-marketing-services/paid-search-shopping-for-first-aid-brands/,DTC,Health and wellness,Service × Industry Landing Page,First aid brands,Paid Search and Shopping,/dtc-industries/first-aid-brands-marketing-agency/,Index after content threshold,Phase 3,paid search and shopping for first aid brands,dtc-service-industry-sitemap.xml,Consultus campaign matrix pattern
https://www.consultusdigital.com/dtc-marketing-services/seo-for-first-aid-brands/,/dtc-marketing-services/seo-for-first-aid-brands/,DTC,Health and wellness,Service × Industry Landing Page,First aid brands,E-commerce SEO,/dtc-industries/first-aid-brands-marketing-agency/,Index after content threshold,Phase 3,e-commerce seo for first aid brands,dtc-service-industry-sitemap.xml,Consultus campaign matrix pattern
https://www.consultusdigital.com/dtc-marketing-services/ai-search-for-first-aid-brands/,/dtc-marketing-services/ai-search-for-first-aid-brands/,DTC,Health and wellness,Service × Industry Landing Page,First aid brands,"AEO, GEO and AI Search",/dtc-industries/first-aid-brands-marketing-agency/,Index after content threshold,Phase 3,"aeo, geo and ai search for first aid brands",dtc-service-industry-sitemap.xml,Consultus campaign matrix pattern
https://www.consultusdigital.com/dtc-marketing-services/performance-creative-for-first-aid-brands/,/dtc-marketing-services/performance-creative-for-first-aid-brands/,DTC,Health and wellness,Service × Industry Landing Page,First aid brands,Performance Creative,/dtc-industries/first-aid-brands-marketing-agency/,Index after content threshold,Phase 3,performance creative for first aid brands,dtc-service-industry-sitemap.xml,Consultus campaign matrix pattern
https://www.consultusdigital.com/dtc-marketing-services/shopify-cro-for-first-aid-brands/,/dtc-marketing-services/shopify-cro-for-first-aid-brands/,DTC,Health and wellness,Service × Industry Landing Page,First aid brands,Shopify Development and CRO,/dtc-industries/first-aid-brands-marketing-agency/,Index after content threshold,Phase 3,shopify development and cro for first aid brands,dtc-service-industry-sitemap.xml,Consultus campaign matrix pattern
https://www.consultusdigital.com/dtc-marketing-services/email-sms-for-first-aid-brands/,/dtc-marketing-services/email-sms-for-first-aid-brands/,DTC,Health and wellness,Service × Industry Landing Page,First aid brands,Email and SMS,/dtc-industries/first-aid-brands-marketing-agency/,Index after content threshold,Phase 3,email and sms for first aid brands,dtc-service-industry-sitemap.xml,Consultus campaign matrix pattern
https://www.consultusdigital.com/dtc-marketing-services/analytics-for-first-aid-brands/,/dtc-marketing-services/analytics-for-first-aid-brands/,DTC,Health and wellness,Service × Industry Landing Page,First aid brands,Analytics and Attribution,/dtc-industries/first-aid-brands-marketing-agency/,Index after content threshold,Phase 3,analytics and attribution for first aid brands,dtc-service-industry-sitemap.xml,Consultus campaign matrix pattern
https://www.consultusdigital.com/dtc-marketing-services/marketplace-marketing-for-first-aid-brands/,/dtc-marketing-services/marketplace-marketing-for-first-aid-brands/,DTC,Health and wellness,Service × Industry Landing Page,First aid brands,Marketplace Marketing,/dtc-industries/first-aid-brands-marketing-agency/,Index after content threshold,Phase 3,marketplace marketing for first aid brands,dtc-service-industry-sitemap.xml,Consultus campaign matrix pattern
https://www.consultusdigital.com/dtc-industries/food-and-beverage/,/dtc-industries/food-and-beverage/,DTC,Food and beverage,Sector Hub,Food and beverage,,/dtc-industries/,Index,Phase 1,food and beverage marketing agency,dtc-industry-agency-sitemap.xml,https://www.cardinaldigitalmarketing.com/healthcare-specialties/mental-healthcare-providers-agency/
https://www.consultusdigital.com/dtc-industries/food-brands-marketing-agency/,/dtc-industries/food-brands-marketing-agency/,DTC,Food and beverage,Industry Marketing Agency Page,Food brands,,/dtc-industries/food-and-beverage/,Index,Phase 2,food brands marketing agency,dtc-industry-agency-sitemap.xml,https://www.cardinaldigitalmarketing.com/healthcare-specialties/mental-healthcare-providers-agency/
https://www.consultusdigital.com/dtc-marketing-services/performance-marketing-for-food-brands/,/dtc-marketing-services/performance-marketing-for-food-brands/,DTC,Food and beverage,Service × Industry Landing Page,Food brands,Performance Marketing Agency,/dtc-industries/food-brands-marketing-agency/,Index after content threshold,Phase 3,performance marketing agency for food brands,dtc-service-industry-sitemap.xml,Consultus campaign matrix pattern
https://www.consultusdigital.com/dtc-marketing-services/paid-social-for-food-brands/,/dtc-marketing-services/paid-social-for-food-brands/,DTC,Food and beverage,Service × Industry Landing Page,Food brands,Paid Social,/dtc-industries/food-brands-marketing-agency/,Index after content threshold,Phase 3,paid social for food brands,dtc-service-industry-sitemap.xml,Consultus campaign matrix pattern
https://www.consultusdigital.com/dtc-marketing-services/paid-search-shopping-for-food-brands/,/dtc-marketing-services/paid-search-shopping-for-food-brands/,DTC,Food and beverage,Service × Industry Landing Page,Food brands,Paid Search and Shopping,/dtc-industries/food-brands-marketing-agency/,Index after content threshold,Phase 3,paid search and shopping for food brands,dtc-service-industry-sitemap.xml,Consultus campaign matrix pattern
https://www.consultusdigital.com/dtc-marketing-services/seo-for-food-brands/,/dtc-marketing-services/seo-for-food-brands/,DTC,Food and beverage,Service × Industry Landing Page,Food brands,E-commerce SEO,/dtc-industries/food-brands-marketing-agency/,Index after content threshold,Phase 3,e-commerce seo for food brands,dtc-service-industry-sitemap.xml,Consultus campaign matrix pattern
https://www.consultusdigital.com/dtc-marketing-services/ai-search-for-food-brands/,/dtc-marketing-services/ai-search-for-food-brands/,DTC,Food and beverage,Service × Industry Landing Page,Food brands,"AEO, GEO and AI Search",/dtc-industries/food-brands-marketing-agency/,Index after content threshold,Phase 3,"aeo, geo and ai search for food brands",dtc-service-industry-sitemap.xml,Consultus campaign matrix pattern
https://www.consultusdigital.com/dtc-marketing-services/performance-creative-for-food-brands/,/dtc-marketing-services/performance-creative-for-food-brands/,DTC,Food and beverage,Service × Industry Landing Page,Food brands,Performance Creative,/dtc-industries/food-brands-marketing-agency/,Index after content threshold,Phase 3,performance creative for food brands,dtc-service-industry-sitemap.xml,Consultus campaign matrix pattern
https://www.consultusdigital.com/dtc-marketing-services/shopify-cro-for-food-brands/,/dtc-marketing-services/shopify-cro-for-food-brands/,DTC,Food and beverage,Service × Industry Landing Page,Food brands,Shopify Development and CRO,/dtc-industries/food-brands-marketing-agency/,Index after content threshold,Phase 3,shopify development and cro for food brands,dtc-service-industry-sitemap.xml,Consultus campaign matrix pattern
https://www.consultusdigital.com/dtc-marketing-services/email-sms-for-food-brands/,/dtc-marketing-services/email-sms-for-food-brands/,DTC,Food and beverage,Service × Industry Landing Page,Food brands,Email and SMS,/dtc-industries/food-brands-marketing-agency/,Index after content threshold,Phase 3,email and sms for food brands,dtc-service-industry-sitemap.xml,Consultus campaign matrix pattern
https://www.consultusdigital.com/dtc-marketing-services/analytics-for-food-brands/,/dtc-marketing-services/analytics-for-food-brands/,DTC,Food and beverage,Service × Industry Landing Page,Food brands,Analytics and Attribution,/dtc-industries/food-brands-marketing-agency/,Index after content threshold,Phase 3,analytics and attribution for food brands,dtc-service-industry-sitemap.xml,Consultus campaign matrix pattern
https://www.consultusdigital.com/dtc-marketing-services/marketplace-marketing-for-food-brands/,/dtc-marketing-services/marketplace-marketing-for-food-brands/,DTC,Food and beverage,Service × Industry Landing Page,Food brands,Marketplace Marketing,/dtc-industries/food-brands-marketing-agency/,Index after content threshold,Phase 3,marketplace marketing for food brands,dtc-service-industry-sitemap.xml,Consultus campaign matrix pattern
https://www.consultusdigital.com/dtc-industries/beverage-brands-marketing-agency/,/dtc-industries/beverage-brands-marketing-agency/,DTC,Food and beverage,Industry Marketing Agency Page,Beverage brands,,/dtc-industries/food-and-beverage/,Index,Phase 2,beverage brands marketing agency,dtc-industry-agency-sitemap.xml,https://www.cardinaldigitalmarketing.com/healthcare-specialties/mental-healthcare-providers-agency/
https://www.consultusdigital.com/dtc-marketing-services/performance-marketing-for-beverage-brands/,/dtc-marketing-services/performance-marketing-for-beverage-brands/,DTC,Food and beverage,Service × Industry Landing Page,Beverage brands,Performance Marketing Agency,/dtc-industries/beverage-brands-marketing-agency/,Index after content threshold,Phase 3,performance marketing agency for beverage brands,dtc-service-industry-sitemap.xml,Consultus campaign matrix pattern
https://www.consultusdigital.com/dtc-marketing-services/paid-social-for-beverage-brands/,/dtc-marketing-services/paid-social-for-beverage-brands/,DTC,Food and beverage,Service × Industry Landing Page,Beverage brands,Paid Social,/dtc-industries/beverage-brands-marketing-agency/,Index after content threshold,Phase 3,paid social for beverage brands,dtc-service-industry-sitemap.xml,Consultus campaign matrix pattern
https://www.consultusdigital.com/dtc-marketing-services/paid-search-shopping-for-beverage-brands/,/dtc-marketing-services/paid-search-shopping-for-beverage-brands/,DTC,Food and beverage,Service × Industry Landing Page,Beverage brands,Paid Search and Shopping,/dtc-industries/beverage-brands-marketing-agency/,Index after content threshold,Phase 3,paid search and shopping for beverage brands,dtc-service-industry-sitemap.xml,Consultus campaign matrix pattern
https://www.consultusdigital.com/dtc-marketing-services/seo-for-beverage-brands/,/dtc-marketing-services/seo-for-beverage-brands/,DTC,Food and beverage,Service × Industry Landing Page,Beverage brands,E-commerce SEO,/dtc-industries/beverage-brands-marketing-agency/,Index after content threshold,Phase 3,e-commerce seo for beverage brands,dtc-service-industry-sitemap.xml,Consultus campaign matrix pattern
https://www.consultusdigital.com/dtc-marketing-services/ai-search-for-beverage-brands/,/dtc-marketing-services/ai-search-for-beverage-brands/,DTC,Food and beverage,Service × Industry Landing Page,Beverage brands,"AEO, GEO and AI Search",/dtc-industries/beverage-brands-marketing-agency/,Index after content threshold,Phase 3,"aeo, geo and ai search for beverage brands",dtc-service-industry-sitemap.xml,Consultus campaign matrix pattern
https://www.consultusdigital.com/dtc-marketing-services/performance-creative-for-beverage-brands/,/dtc-marketing-services/performance-creative-for-beverage-brands/,DTC,Food and beverage,Service × Industry Landing Page,Beverage brands,Performance Creative,/dtc-industries/beverage-brands-marketing-agency/,Index after content threshold,Phase 3,performance creative for beverage brands,dtc-service-industry-sitemap.xml,Consultus campaign matrix pattern
https://www.consultusdigital.com/dtc-marketing-services/shopify-cro-for-beverage-brands/,/dtc-marketing-services/shopify-cro-for-beverage-brands/,DTC,Food and beverage,Service × Industry Landing Page,Beverage brands,Shopify Development and CRO,/dtc-industries/beverage-brands-marketing-agency/,Index after content threshold,Phase 3,shopify development and cro for beverage brands,dtc-service-industry-sitemap.xml,Consultus campaign matrix pattern
https://www.consultusdigital.com/dtc-marketing-services/email-sms-for-beverage-brands/,/dtc-marketing-services/email-sms-for-beverage-brands/,DTC,Food and beverage,Service × Industry Landing Page,Beverage brands,Email and SMS,/dtc-industries/beverage-brands-marketing-agency/,Index after content threshold,Phase 3,email and sms for beverage brands,dtc-service-industry-sitemap.xml,Consultus campaign matrix pattern
https://www.consultusdigital.com/dtc-marketing-services/analytics-for-beverage-brands/,/dtc-marketing-services/analytics-for-beverage-brands/,DTC,Food and beverage,Service × Industry Landing Page,Beverage brands,Analytics and Attribution,/dtc-industries/beverage-brands-marketing-agency/,Index after content threshold,Phase 3,analytics and attribution for beverage brands,dtc-service-industry-sitemap.xml,Consultus campaign matrix pattern
https://www.consultusdigital.com/dtc-marketing-services/marketplace-marketing-for-beverage-brands/,/dtc-marketing-services/marketplace-marketing-for-beverage-brands/,DTC,Food and beverage,Service × Industry Landing Page,Beverage brands,Marketplace Marketing,/dtc-industries/beverage-brands-marketing-agency/,Index after content threshold,Phase 3,marketplace marketing for beverage brands,dtc-service-industry-sitemap.xml,Consultus campaign matrix pattern
https://www.consultusdigital.com/dtc-industries/snack-brands-marketing-agency/,/dtc-industries/snack-brands-marketing-agency/,DTC,Food and beverage,Industry Marketing Agency Page,Snack brands,,/dtc-industries/food-and-beverage/,Index,Phase 2,snack brands marketing agency,dtc-industry-agency-sitemap.xml,https://www.cardinaldigitalmarketing.com/healthcare-specialties/mental-healthcare-providers-agency/
https://www.consultusdigital.com/dtc-marketing-services/performance-marketing-for-snack-brands/,/dtc-marketing-services/performance-marketing-for-snack-brands/,DTC,Food and beverage,Service × Industry Landing Page,Snack brands,Performance Marketing Agency,/dtc-industries/snack-brands-marketing-agency/,Index after content threshold,Phase 3,performance marketing agency for snack brands,dtc-service-industry-sitemap.xml,Consultus campaign matrix pattern
https://www.consultusdigital.com/dtc-marketing-services/paid-social-for-snack-brands/,/dtc-marketing-services/paid-social-for-snack-brands/,DTC,Food and beverage,Service × Industry Landing Page,Snack brands,Paid Social,/dtc-industries/snack-brands-marketing-agency/,Index after content threshold,Phase 3,paid social for snack brands,dtc-service-industry-sitemap.xml,Consultus campaign matrix pattern
https://www.consultusdigital.com/dtc-marketing-services/paid-search-shopping-for-snack-brands/,/dtc-marketing-services/paid-search-shopping-for-snack-brands/,DTC,Food and beverage,Service × Industry Landing Page,Snack brands,Paid Search and Shopping,/dtc-industries/snack-brands-marketing-agency/,Index after content threshold,Phase 3,paid search and shopping for snack brands,dtc-service-industry-sitemap.xml,Consultus campaign matrix pattern
https://www.consultusdigital.com/dtc-marketing-services/seo-for-snack-brands/,/dtc-marketing-services/seo-for-snack-brands/,DTC,Food and beverage,Service × Industry Landing Page,Snack brands,E-commerce SEO,/dtc-industries/snack-brands-marketing-agency/,Index after content threshold,Phase 3,e-commerce seo for snack brands,dtc-service-industry-sitemap.xml,Consultus campaign matrix pattern
https://www.consultusdigital.com/dtc-marketing-services/ai-search-for-snack-brands/,/dtc-marketing-services/ai-search-for-snack-brands/,DTC,Food and beverage,Service × Industry Landing Page,Snack brands,"AEO, GEO and AI Search",/dtc-industries/snack-brands-marketing-agency/,Index after content threshold,Phase 3,"aeo, geo and ai search for snack brands",dtc-service-industry-sitemap.xml,Consultus campaign matrix pattern
https://www.consultusdigital.com/dtc-marketing-services/performance-creative-for-snack-brands/,/dtc-marketing-services/performance-creative-for-snack-brands/,DTC,Food and beverage,Service × Industry Landing Page,Snack brands,Performance Creative,/dtc-industries/snack-brands-marketing-agency/,Index after content threshold,Phase 3,performance creative for snack brands,dtc-service-industry-sitemap.xml,Consultus campaign matrix pattern
https://www.consultusdigital.com/dtc-marketing-services/shopify-cro-for-snack-brands/,/dtc-marketing-services/shopify-cro-for-snack-brands/,DTC,Food and beverage,Service × Industry Landing Page,Snack brands,Shopify Development and CRO,/dtc-industries/snack-brands-marketing-agency/,Index after content threshold,Phase 3,shopify development and cro for snack brands,dtc-service-industry-sitemap.xml,Consultus campaign matrix pattern
https://www.consultusdigital.com/dtc-marketing-services/email-sms-for-snack-brands/,/dtc-marketing-services/email-sms-for-snack-brands/,DTC,Food and beverage,Service × Industry Landing Page,Snack brands,Email and SMS,/dtc-industries/snack-brands-marketing-agency/,Index after content threshold,Phase 3,email and sms for snack brands,dtc-service-industry-sitemap.xml,Consultus campaign matrix pattern
https://www.consultusdigital.com/dtc-marketing-services/analytics-for-snack-brands/,/dtc-marketing-services/analytics-for-snack-brands/,DTC,Food and beverage,Service × Industry Landing Page,Snack brands,Analytics and Attribution,/dtc-industries/snack-brands-marketing-agency/,Index after content threshold,Phase 3,analytics and attribution for snack brands,dtc-service-industry-sitemap.xml,Consultus campaign matrix pattern
https://www.consultusdigital.com/dtc-marketing-services/marketplace-marketing-for-snack-brands/,/dtc-marketing-services/marketplace-marketing-for-snack-brands/,DTC,Food and beverage,Service × Industry Landing Page,Snack brands,Marketplace Marketing,/dtc-industries/snack-brands-marketing-agency/,Index after content threshold,Phase 3,marketplace marketing for snack brands,dtc-service-industry-sitemap.xml,Consultus campaign matrix pattern
https://www.consultusdigital.com/dtc-industries/coffee-brands-marketing-agency/,/dtc-industries/coffee-brands-marketing-agency/,DTC,Food and beverage,Industry Marketing Agency Page,Coffee brands,,/dtc-industries/food-and-beverage/,Index,Phase 2,coffee brands marketing agency,dtc-industry-agency-sitemap.xml,https://www.cardinaldigitalmarketing.com/healthcare-specialties/mental-healthcare-providers-agency/
https://www.consultusdigital.com/dtc-marketing-services/performance-marketing-for-coffee-brands/,/dtc-marketing-services/performance-marketing-for-coffee-brands/,DTC,Food and beverage,Service × Industry Landing Page,Coffee brands,Performance Marketing Agency,/dtc-industries/coffee-brands-marketing-agency/,Index after content threshold,Phase 3,performance marketing agency for coffee brands,dtc-service-industry-sitemap.xml,Consultus campaign matrix pattern
https://www.consultusdigital.com/dtc-marketing-services/paid-social-for-coffee-brands/,/dtc-marketing-services/paid-social-for-coffee-brands/,DTC,Food and beverage,Service × Industry Landing Page,Coffee brands,Paid Social,/dtc-industries/coffee-brands-marketing-agency/,Index after content threshold,Phase 3,paid social for coffee brands,dtc-service-industry-sitemap.xml,Consultus campaign matrix pattern
https://www.consultusdigital.com/dtc-marketing-services/paid-search-shopping-for-coffee-brands/,/dtc-marketing-services/paid-search-shopping-for-coffee-brands/,DTC,Food and beverage,Service × Industry Landing Page,Coffee brands,Paid Search and Shopping,/dtc-industries/coffee-brands-marketing-agency/,Index after content threshold,Phase 3,paid search and shopping for coffee brands,dtc-service-industry-sitemap.xml,Consultus campaign matrix pattern
https://www.consultusdigital.com/dtc-marketing-services/seo-for-coffee-brands/,/dtc-marketing-services/seo-for-coffee-brands/,DTC,Food and beverage,Service × Industry Landing Page,Coffee brands,E-commerce SEO,/dtc-industries/coffee-brands-marketing-agency/,Index after content threshold,Phase 3,e-commerce seo for coffee brands,dtc-service-industry-sitemap.xml,Consultus campaign matrix pattern
https://www.consultusdigital.com/dtc-marketing-services/ai-search-for-coffee-brands/,/dtc-marketing-services/ai-search-for-coffee-brands/,DTC,Food and beverage,Service × Industry Landing Page,Coffee brands,"AEO, GEO and AI Search",/dtc-industries/coffee-brands-marketing-agency/,Index after content threshold,Phase 3,"aeo, geo and ai search for coffee brands",dtc-service-industry-sitemap.xml,Consultus campaign matrix pattern
https://www.consultusdigital.com/dtc-marketing-services/performance-creative-for-coffee-brands/,/dtc-marketing-services/performance-creative-for-coffee-brands/,DTC,Food and beverage,Service × Industry Landing Page,Coffee brands,Performance Creative,/dtc-industries/coffee-brands-marketing-agency/,Index after content threshold,Phase 3,performance creative for coffee brands,dtc-service-industry-sitemap.xml,Consultus campaign matrix pattern
https://www.consultusdigital.com/dtc-marketing-services/shopify-cro-for-coffee-brands/,/dtc-marketing-services/shopify-cro-for-coffee-brands/,DTC,Food and beverage,Service × Industry Landing Page,Coffee brands,Shopify Development and CRO,/dtc-industries/coffee-brands-marketing-agency/,Index after content threshold,Phase 3,shopify development and cro for coffee brands,dtc-service-industry-sitemap.xml,Consultus campaign matrix pattern
https://www.consultusdigital.com/dtc-marketing-services/email-sms-for-coffee-brands/,/dtc-marketing-services/email-sms-for-coffee-brands/,DTC,Food and beverage,Service × Industry Landing Page,Coffee brands,Email and SMS,/dtc-industries/coffee-brands-marketing-agency/,Index after content threshold,Phase 3,email and sms for coffee brands,dtc-service-industry-sitemap.xml,Consultus campaign matrix pattern
https://www.consultusdigital.com/dtc-marketing-services/analytics-for-coffee-brands/,/dtc-marketing-services/analytics-for-coffee-brands/,DTC,Food and beverage,Service × Industry Landing Page,Coffee brands,Analytics and Attribution,/dtc-industries/coffee-brands-marketing-agency/,Index after content threshold,Phase 3,analytics and attribution for coffee brands,dtc-service-industry-sitemap.xml,Consultus campaign matrix pattern
https://www.consultusdigital.com/dtc-marketing-services/marketplace-marketing-for-coffee-brands/,/dtc-marketing-services/marketplace-marketing-for-coffee-brands/,DTC,Food and beverage,Service × Industry Landing Page,Coffee brands,Marketplace Marketing,/dtc-industries/coffee-brands-marketing-agency/,Index after content threshold,Phase 3,marketplace marketing for coffee brands,dtc-service-industry-sitemap.xml,Consultus campaign matrix pattern
https://www.consultusdigital.com/dtc-industries/tea-brands-marketing-agency/,/dtc-industries/tea-brands-marketing-agency/,DTC,Food and beverage,Industry Marketing Agency Page,Tea brands,,/dtc-industries/food-and-beverage/,Index,Phase 2,tea brands marketing agency,dtc-industry-agency-sitemap.xml,https://www.cardinaldigitalmarketing.com/healthcare-specialties/mental-healthcare-providers-agency/
https://www.consultusdigital.com/dtc-marketing-services/performance-marketing-for-tea-brands/,/dtc-marketing-services/performance-marketing-for-tea-brands/,DTC,Food and beverage,Service × Industry Landing Page,Tea brands,Performance Marketing Agency,/dtc-industries/tea-brands-marketing-agency/,Index after content threshold,Phase 3,performance marketing agency for tea brands,dtc-service-industry-sitemap.xml,Consultus campaign matrix pattern
https://www.consultusdigital.com/dtc-marketing-services/paid-social-for-tea-brands/,/dtc-marketing-services/paid-social-for-tea-brands/,DTC,Food and beverage,Service × Industry Landing Page,Tea brands,Paid Social,/dtc-industries/tea-brands-marketing-agency/,Index after content threshold,Phase 3,paid social for tea brands,dtc-service-industry-sitemap.xml,Consultus campaign matrix pattern
https://www.consultusdigital.com/dtc-marketing-services/paid-search-shopping-for-tea-brands/,/dtc-marketing-services/paid-search-shopping-for-tea-brands/,DTC,Food and beverage,Service × Industry Landing Page,Tea brands,Paid Search and Shopping,/dtc-industries/tea-brands-marketing-agency/,Index after content threshold,Phase 3,paid search and shopping for tea brands,dtc-service-industry-sitemap.xml,Consultus campaign matrix pattern
https://www.consultusdigital.com/dtc-marketing-services/seo-for-tea-brands/,/dtc-marketing-services/seo-for-tea-brands/,DTC,Food and beverage,Service × Industry Landing Page,Tea brands,E-commerce SEO,/dtc-industries/tea-brands-marketing-agency/,Index after content threshold,Phase 3,e-commerce seo for tea brands,dtc-service-industry-sitemap.xml,Consultus campaign matrix pattern
https://www.consultusdigital.com/dtc-marketing-services/ai-search-for-tea-brands/,/dtc-marketing-services/ai-search-for-tea-brands/,DTC,Food and beverage,Service × Industry Landing Page,Tea brands,"AEO, GEO and AI Search",/dtc-industries/tea-brands-marketing-agency/,Index after content threshold,Phase 3,"aeo, geo and ai search for tea brands",dtc-service-industry-sitemap.xml,Consultus campaign matrix pattern
https://www.consultusdigital.com/dtc-marketing-services/performance-creative-for-tea-brands/,/dtc-marketing-services/performance-creative-for-tea-brands/,DTC,Food and beverage,Service × Industry Landing Page,Tea brands,Performance Creative,/dtc-industries/tea-brands-marketing-agency/,Index after content threshold,Phase 3,performance creative for tea brands,dtc-service-industry-sitemap.xml,Consultus campaign matrix pattern
https://www.consultusdigital.com/dtc-marketing-services/shopify-cro-for-tea-brands/,/dtc-marketing-services/shopify-cro-for-tea-brands/,DTC,Food and beverage,Service × Industry Landing Page,Tea brands,Shopify Development and CRO,/dtc-industries/tea-brands-marketing-agency/,Index after content threshold,Phase 3,shopify development and cro for tea brands,dtc-service-industry-sitemap.xml,Consultus campaign matrix pattern
https://www.consultusdigital.com/dtc-marketing-services/email-sms-for-tea-brands/,/dtc-marketing-services/email-sms-for-tea-brands/,DTC,Food and beverage,Service × Industry Landing Page,Tea brands,Email and SMS,/dtc-industries/tea-brands-marketing-agency/,Index after content threshold,Phase 3,email and sms for tea brands,dtc-service-industry-sitemap.xml,Consultus campaign matrix pattern
https://www.consultusdigital.com/dtc-marketing-services/analytics-for-tea-brands/,/dtc-marketing-services/analytics-for-tea-brands/,DTC,Food and beverage,Service × Industry Landing Page,Tea brands,Analytics and Attribution,/dtc-industries/tea-brands-marketing-agency/,Index after content threshold,Phase 3,analytics and attribution for tea brands,dtc-service-industry-sitemap.xml,Consultus campaign matrix pattern
https://www.consultusdigital.com/dtc-marketing-services/marketplace-marketing-for-tea-brands/,/dtc-marketing-services/marketplace-marketing-for-tea-brands/,DTC,Food and beverage,Service × Industry Landing Page,Tea brands,Marketplace Marketing,/dtc-industries/tea-brands-marketing-agency/,Index after content threshold,Phase 3,marketplace marketing for tea brands,dtc-service-industry-sitemap.xml,Consultus campaign matrix pattern
https://www.consultusdigital.com/dtc-industries/functional-beverage-brands-marketing-agency/,/dtc-industries/functional-beverage-brands-marketing-agency/,DTC,Food and beverage,Industry Marketing Agency Page,Functional beverage brands,,/dtc-industries/food-and-beverage/,Index,Phase 2,functional beverage brands marketing agency,dtc-industry-agency-sitemap.xml,https://www.cardinaldigitalmarketing.com/healthcare-specialties/mental-healthcare-providers-agency/
https://www.consultusdigital.com/dtc-marketing-services/performance-marketing-for-functional-beverage-brands/,/dtc-marketing-services/performance-marketing-for-functional-beverage-brands/,DTC,Food and beverage,Service × Industry Landing Page,Functional beverage brands,Performance Marketing Agency,/dtc-industries/functional-beverage-brands-marketing-agency/,Index after content threshold,Phase 3,performance marketing agency for functional beverage brands,dtc-service-industry-sitemap.xml,Consultus campaign matrix pattern
https://www.consultusdigital.com/dtc-marketing-services/paid-social-for-functional-beverage-brands/,/dtc-marketing-services/paid-social-for-functional-beverage-brands/,DTC,Food and beverage,Service × Industry Landing Page,Functional beverage brands,Paid Social,/dtc-industries/functional-beverage-brands-marketing-agency/,Index after content threshold,Phase 3,paid social for functional beverage brands,dtc-service-industry-sitemap.xml,Consultus campaign matrix pattern
https://www.consultusdigital.com/dtc-marketing-services/paid-search-shopping-for-functional-beverage-brands/,/dtc-marketing-services/paid-search-shopping-for-functional-beverage-brands/,DTC,Food and beverage,Service × Industry Landing Page,Functional beverage brands,Paid Search and Shopping,/dtc-industries/functional-beverage-brands-marketing-agency/,Index after content threshold,Phase 3,paid search and shopping for functional beverage brands,dtc-service-industry-sitemap.xml,Consultus campaign matrix pattern
https://www.consultusdigital.com/dtc-marketing-services/seo-for-functional-beverage-brands/,/dtc-marketing-services/seo-for-functional-beverage-brands/,DTC,Food and beverage,Service × Industry Landing Page,Functional beverage brands,E-commerce SEO,/dtc-industries/functional-beverage-brands-marketing-agency/,Index after content threshold,Phase 3,e-commerce seo for functional beverage brands,dtc-service-industry-sitemap.xml,Consultus campaign matrix pattern
https://www.consultusdigital.com/dtc-marketing-services/ai-search-for-functional-beverage-brands/,/dtc-marketing-services/ai-search-for-functional-beverage-brands/,DTC,Food and beverage,Service × Industry Landing Page,Functional beverage brands,"AEO, GEO and AI Search",/dtc-industries/functional-beverage-brands-marketing-agency/,Index after content threshold,Phase 3,"aeo, geo and ai search for functional beverage brands",dtc-service-industry-sitemap.xml,Consultus campaign matrix pattern
https://www.consultusdigital.com/dtc-marketing-services/performance-creative-for-functional-beverage-brands/,/dtc-marketing-services/performance-creative-for-functional-beverage-brands/,DTC,Food and beverage,Service × Industry Landing Page,Functional beverage brands,Performance Creative,/dtc-industries/functional-beverage-brands-marketing-agency/,Index after content threshold,Phase 3,performance creative for functional beverage brands,dtc-service-industry-sitemap.xml,Consultus campaign matrix pattern
https://www.consultusdigital.com/dtc-marketing-services/shopify-cro-for-functional-beverage-brands/,/dtc-marketing-services/shopify-cro-for-functional-beverage-brands/,DTC,Food and beverage,Service × Industry Landing Page,Functional beverage brands,Shopify Development and CRO,/dtc-industries/functional-beverage-brands-marketing-agency/,Index after content threshold,Phase 3,shopify development and cro for functional beverage brands,dtc-service-industry-sitemap.xml,Consultus campaign matrix pattern
https://www.consultusdigital.com/dtc-marketing-services/email-sms-for-functional-beverage-brands/,/dtc-marketing-services/email-sms-for-functional-beverage-brands/,DTC,Food and beverage,Service × Industry Landing Page,Functional beverage brands,Email and SMS,/dtc-industries/functional-beverage-brands-marketing-agency/,Index after content threshold,Phase 3,email and sms for functional beverage brands,dtc-service-industry-sitemap.xml,Consultus campaign matrix pattern
https://www.consultusdigital.com/dtc-marketing-services/analytics-for-functional-beverage-brands/,/dtc-marketing-services/analytics-for-functional-beverage-brands/,DTC,Food and beverage,Service × Industry Landing Page,Functional beverage brands,Analytics and Attribution,/dtc-industries/functional-beverage-brands-marketing-agency/,Index after content threshold,Phase 3,analytics and attribution for functional beverage brands,dtc-service-industry-sitemap.xml,Consultus campaign matrix pattern
https://www.consultusdigital.com/dtc-marketing-services/marketplace-marketing-for-functional-beverage-brands/,/dtc-marketing-services/marketplace-marketing-for-functional-beverage-brands/,DTC,Food and beverage,Service × Industry Landing Page,Functional beverage brands,Marketplace Marketing,/dtc-industries/functional-beverage-brands-marketing-agency/,Index after content threshold,Phase 3,marketplace marketing for functional beverage brands,dtc-service-industry-sitemap.xml,Consultus campaign matrix pattern
https://www.consultusdigital.com/dtc-industries/meal-replacement-brands-marketing-agency/,/dtc-industries/meal-replacement-brands-marketing-agency/,DTC,Food and beverage,Industry Marketing Agency Page,Meal replacement brands,,/dtc-industries/food-and-beverage/,Index,Phase 2,meal replacement brands marketing agency,dtc-industry-agency-sitemap.xml,https://www.cardinaldigitalmarketing.com/healthcare-specialties/mental-healthcare-providers-agency/
https://www.consultusdigital.com/dtc-marketing-services/performance-marketing-for-meal-replacement-brands/,/dtc-marketing-services/performance-marketing-for-meal-replacement-brands/,DTC,Food and beverage,Service × Industry Landing Page,Meal replacement brands,Performance Marketing Agency,/dtc-industries/meal-replacement-brands-marketing-agency/,Index after content threshold,Phase 3,performance marketing agency for meal replacement brands,dtc-service-industry-sitemap.xml,Consultus campaign matrix pattern
https://www.consultusdigital.com/dtc-marketing-services/paid-social-for-meal-replacement-brands/,/dtc-marketing-services/paid-social-for-meal-replacement-brands/,DTC,Food and beverage,Service × Industry Landing Page,Meal replacement brands,Paid Social,/dtc-industries/meal-replacement-brands-marketing-agency/,Index after content threshold,Phase 3,paid social for meal replacement brands,dtc-service-industry-sitemap.xml,Consultus campaign matrix pattern
https://www.consultusdigital.com/dtc-marketing-services/paid-search-shopping-for-meal-replacement-brands/,/dtc-marketing-services/paid-search-shopping-for-meal-replacement-brands/,DTC,Food and beverage,Service × Industry Landing Page,Meal replacement brands,Paid Search and Shopping,/dtc-industries/meal-replacement-brands-marketing-agency/,Index after content threshold,Phase 3,paid search and shopping for meal replacement brands,dtc-service-industry-sitemap.xml,Consultus campaign matrix pattern
https://www.consultusdigital.com/dtc-marketing-services/seo-for-meal-replacement-brands/,/dtc-marketing-services/seo-for-meal-replacement-brands/,DTC,Food and beverage,Service × Industry Landing Page,Meal replacement brands,E-commerce SEO,/dtc-industries/meal-replacement-brands-marketing-agency/,Index after content threshold,Phase 3,e-commerce seo for meal replacement brands,dtc-service-industry-sitemap.xml,Consultus campaign matrix pattern
https://www.consultusdigital.com/dtc-marketing-services/ai-search-for-meal-replacement-brands/,/dtc-marketing-services/ai-search-for-meal-replacement-brands/,DTC,Food and beverage,Service × Industry Landing Page,Meal replacement brands,"AEO, GEO and AI Search",/dtc-industries/meal-replacement-brands-marketing-agency/,Index after content threshold,Phase 3,"aeo, geo and ai search for meal replacement brands",dtc-service-industry-sitemap.xml,Consultus campaign matrix pattern
https://www.consultusdigital.com/dtc-marketing-services/performance-creative-for-meal-replacement-brands/,/dtc-marketing-services/performance-creative-for-meal-replacement-brands/,DTC,Food and beverage,Service × Industry Landing Page,Meal replacement brands,Performance Creative,/dtc-industries/meal-replacement-brands-marketing-agency/,Index after content threshold,Phase 3,performance creative for meal replacement brands,dtc-service-industry-sitemap.xml,Consultus campaign matrix pattern
https://www.consultusdigital.com/dtc-marketing-services/shopify-cro-for-meal-replacement-brands/,/dtc-marketing-services/shopify-cro-for-meal-replacement-brands/,DTC,Food and beverage,Service × Industry Landing Page,Meal replacement brands,Shopify Development and CRO,/dtc-industries/meal-replacement-brands-marketing-agency/,Index after content threshold,Phase 3,shopify development and cro for meal replacement brands,dtc-service-industry-sitemap.xml,Consultus campaign matrix pattern
https://www.consultusdigital.com/dtc-marketing-services/email-sms-for-meal-replacement-brands/,/dtc-marketing-services/email-sms-for-meal-replacement-brands/,DTC,Food and beverage,Service × Industry Landing Page,Meal replacement brands,Email and SMS,/dtc-industries/meal-replacement-brands-marketing-agency/,Index after content threshold,Phase 3,email and sms for meal replacement brands,dtc-service-industry-sitemap.xml,Consultus campaign matrix pattern
https://www.consultusdigital.com/dtc-marketing-services/analytics-for-meal-replacement-brands/,/dtc-marketing-services/analytics-for-meal-replacement-brands/,DTC,Food and beverage,Service × Industry Landing Page,Meal replacement brands,Analytics and Attribution,/dtc-industries/meal-replacement-brands-marketing-agency/,Index after content threshold,Phase 3,analytics and attribution for meal replacement brands,dtc-service-industry-sitemap.xml,Consultus campaign matrix pattern
https://www.consultusdigital.com/dtc-marketing-services/marketplace-marketing-for-meal-replacement-brands/,/dtc-marketing-services/marketplace-marketing-for-meal-replacement-brands/,DTC,Food and beverage,Service × Industry Landing Page,Meal replacement brands,Marketplace Marketing,/dtc-industries/meal-replacement-brands-marketing-agency/,Index after content threshold,Phase 3,marketplace marketing for meal replacement brands,dtc-service-industry-sitemap.xml,Consultus campaign matrix pattern
https://www.consultusdigital.com/dtc-industries/protein-brands-marketing-agency/,/dtc-industries/protein-brands-marketing-agency/,DTC,Food and beverage,Industry Marketing Agency Page,Protein brands,,/dtc-industries/food-and-beverage/,Index,Phase 2,protein brands marketing agency,dtc-industry-agency-sitemap.xml,https://www.cardinaldigitalmarketing.com/healthcare-specialties/mental-healthcare-providers-agency/
https://www.consultusdigital.com/dtc-marketing-services/performance-marketing-for-protein-brands/,/dtc-marketing-services/performance-marketing-for-protein-brands/,DTC,Food and beverage,Service × Industry Landing Page,Protein brands,Performance Marketing Agency,/dtc-industries/protein-brands-marketing-agency/,Index after content threshold,Phase 3,performance marketing agency for protein brands,dtc-service-industry-sitemap.xml,Consultus campaign matrix pattern
https://www.consultusdigital.com/dtc-marketing-services/paid-social-for-protein-brands/,/dtc-marketing-services/paid-social-for-protein-brands/,DTC,Food and beverage,Service × Industry Landing Page,Protein brands,Paid Social,/dtc-industries/protein-brands-marketing-agency/,Index after content threshold,Phase 3,paid social for protein brands,dtc-service-industry-sitemap.xml,Consultus campaign matrix pattern
https://www.consultusdigital.com/dtc-marketing-services/paid-search-shopping-for-protein-brands/,/dtc-marketing-services/paid-search-shopping-for-protein-brands/,DTC,Food and beverage,Service × Industry Landing Page,Protein brands,Paid Search and Shopping,/dtc-industries/protein-brands-marketing-agency/,Index after content threshold,Phase 3,paid search and shopping for protein brands,dtc-service-industry-sitemap.xml,Consultus campaign matrix pattern
https://www.consultusdigital.com/dtc-marketing-services/seo-for-protein-brands/,/dtc-marketing-services/seo-for-protein-brands/,DTC,Food and beverage,Service × Industry Landing Page,Protein brands,E-commerce SEO,/dtc-industries/protein-brands-marketing-agency/,Index after content threshold,Phase 3,e-commerce seo for protein brands,dtc-service-industry-sitemap.xml,Consultus campaign matrix pattern
https://www.consultusdigital.com/dtc-marketing-services/ai-search-for-protein-brands/,/dtc-marketing-services/ai-search-for-protein-brands/,DTC,Food and beverage,Service × Industry Landing Page,Protein brands,"AEO, GEO and AI Search",/dtc-industries/protein-brands-marketing-agency/,Index after content threshold,Phase 3,"aeo, geo and ai search for protein brands",dtc-service-industry-sitemap.xml,Consultus campaign matrix pattern
https://www.consultusdigital.com/dtc-marketing-services/performance-creative-for-protein-brands/,/dtc-marketing-services/performance-creative-for-protein-brands/,DTC,Food and beverage,Service × Industry Landing Page,Protein brands,Performance Creative,/dtc-industries/protein-brands-marketing-agency/,Index after content threshold,Phase 3,performance creative for protein brands,dtc-service-industry-sitemap.xml,Consultus campaign matrix pattern
https://www.consultusdigital.com/dtc-marketing-services/shopify-cro-for-protein-brands/,/dtc-marketing-services/shopify-cro-for-protein-brands/,DTC,Food and beverage,Service × Industry Landing Page,Protein brands,Shopify Development and CRO,/dtc-industries/protein-brands-marketing-agency/,Index after content threshold,Phase 3,shopify development and cro for protein brands,dtc-service-industry-sitemap.xml,Consultus campaign matrix pattern
https://www.consultusdigital.com/dtc-marketing-services/email-sms-for-protein-brands/,/dtc-marketing-services/email-sms-for-protein-brands/,DTC,Food and beverage,Service × Industry Landing Page,Protein brands,Email and SMS,/dtc-industries/protein-brands-marketing-agency/,Index after content threshold,Phase 3,email and sms for protein brands,dtc-service-industry-sitemap.xml,Consultus campaign matrix pattern
https://www.consultusdigital.com/dtc-marketing-services/analytics-for-protein-brands/,/dtc-marketing-services/analytics-for-protein-brands/,DTC,Food and beverage,Service × Industry Landing Page,Protein brands,Analytics and Attribution,/dtc-industries/protein-brands-marketing-agency/,Index after content threshold,Phase 3,analytics and attribution for protein brands,dtc-service-industry-sitemap.xml,Consultus campaign matrix pattern
https://www.consultusdigital.com/dtc-marketing-services/marketplace-marketing-for-protein-brands/,/dtc-marketing-services/marketplace-marketing-for-protein-brands/,DTC,Food and beverage,Service × Industry Landing Page,Protein brands,Marketplace Marketing,/dtc-industries/protein-brands-marketing-agency/,Index after content threshold,Phase 3,marketplace marketing for protein brands,dtc-service-industry-sitemap.xml,Consultus campaign matrix pattern
https://www.consultusdigital.com/dtc-industries/plant-based-food-brands-marketing-agency/,/dtc-industries/plant-based-food-brands-marketing-agency/,DTC,Food and beverage,Industry Marketing Agency Page,Plant-based food brands,,/dtc-industries/food-and-beverage/,Index,Phase 2,plant-based food brands marketing agency,dtc-industry-agency-sitemap.xml,https://www.cardinaldigitalmarketing.com/healthcare-specialties/mental-healthcare-providers-agency/
https://www.consultusdigital.com/dtc-marketing-services/performance-marketing-for-plant-based-food-brands/,/dtc-marketing-services/performance-marketing-for-plant-based-food-brands/,DTC,Food and beverage,Service × Industry Landing Page,Plant-based food brands,Performance Marketing Agency,/dtc-industries/plant-based-food-brands-marketing-agency/,Index after content threshold,Phase 3,performance marketing agency for plant-based food brands,dtc-service-industry-sitemap.xml,Consultus campaign matrix pattern
https://www.consultusdigital.com/dtc-marketing-services/paid-social-for-plant-based-food-brands/,/dtc-marketing-services/paid-social-for-plant-based-food-brands/,DTC,Food and beverage,Service × Industry Landing Page,Plant-based food brands,Paid Social,/dtc-industries/plant-based-food-brands-marketing-agency/,Index after content threshold,Phase 3,paid social for plant-based food brands,dtc-service-industry-sitemap.xml,Consultus campaign matrix pattern
https://www.consultusdigital.com/dtc-marketing-services/paid-search-shopping-for-plant-based-food-brands/,/dtc-marketing-services/paid-search-shopping-for-plant-based-food-brands/,DTC,Food and beverage,Service × Industry Landing Page,Plant-based food brands,Paid Search and Shopping,/dtc-industries/plant-based-food-brands-marketing-agency/,Index after content threshold,Phase 3,paid search and shopping for plant-based food brands,dtc-service-industry-sitemap.xml,Consultus campaign matrix pattern
https://www.consultusdigital.com/dtc-marketing-services/seo-for-plant-based-food-brands/,/dtc-marketing-services/seo-for-plant-based-food-brands/,DTC,Food and beverage,Service × Industry Landing Page,Plant-based food brands,E-commerce SEO,/dtc-industries/plant-based-food-brands-marketing-agency/,Index after content threshold,Phase 3,e-commerce seo for plant-based food brands,dtc-service-industry-sitemap.xml,Consultus campaign matrix pattern
https://www.consultusdigital.com/dtc-marketing-services/ai-search-for-plant-based-food-brands/,/dtc-marketing-services/ai-search-for-plant-based-food-brands/,DTC,Food and beverage,Service × Industry Landing Page,Plant-based food brands,"AEO, GEO and AI Search",/dtc-industries/plant-based-food-brands-marketing-agency/,Index after content threshold,Phase 3,"aeo, geo and ai search for plant-based food brands",dtc-service-industry-sitemap.xml,Consultus campaign matrix pattern
https://www.consultusdigital.com/dtc-marketing-services/performance-creative-for-plant-based-food-brands/,/dtc-marketing-services/performance-creative-for-plant-based-food-brands/,DTC,Food and beverage,Service × Industry Landing Page,Plant-based food brands,Performance Creative,/dtc-industries/plant-based-food-brands-marketing-agency/,Index after content threshold,Phase 3,performance creative for plant-based food brands,dtc-service-industry-sitemap.xml,Consultus campaign matrix pattern
https://www.consultusdigital.com/dtc-marketing-services/shopify-cro-for-plant-based-food-brands/,/dtc-marketing-services/shopify-cro-for-plant-based-food-brands/,DTC,Food and beverage,Service × Industry Landing Page,Plant-based food brands,Shopify Development and CRO,/dtc-industries/plant-based-food-brands-marketing-agency/,Index after content threshold,Phase 3,shopify development and cro for plant-based food brands,dtc-service-industry-sitemap.xml,Consultus campaign matrix pattern
https://www.consultusdigital.com/dtc-marketing-services/email-sms-for-plant-based-food-brands/,/dtc-marketing-services/email-sms-for-plant-based-food-brands/,DTC,Food and beverage,Service × Industry Landing Page,Plant-based food brands,Email and SMS,/dtc-industries/plant-based-food-brands-marketing-agency/,Index after content threshold,Phase 3,email and sms for plant-based food brands,dtc-service-industry-sitemap.xml,Consultus campaign matrix pattern
https://www.consultusdigital.com/dtc-marketing-services/analytics-for-plant-based-food-brands/,/dtc-marketing-services/analytics-for-plant-based-food-brands/,DTC,Food and beverage,Service × Industry Landing Page,Plant-based food brands,Analytics and Attribution,/dtc-industries/plant-based-food-brands-marketing-agency/,Index after content threshold,Phase 3,analytics and attribution for plant-based food brands,dtc-service-industry-sitemap.xml,Consultus campaign matrix pattern
https://www.consultusdigital.com/dtc-marketing-services/marketplace-marketing-for-plant-based-food-brands/,/dtc-marketing-services/marketplace-marketing-for-plant-based-food-brands/,DTC,Food and beverage,Service × Industry Landing Page,Plant-based food brands,Marketplace Marketing,/dtc-industries/plant-based-food-brands-marketing-agency/,Index after content threshold,Phase 3,marketplace marketing for plant-based food brands,dtc-service-industry-sitemap.xml,Consultus campaign matrix pattern
https://www.consultusdigital.com/dtc-industries/specialty-diet-brands-marketing-agency/,/dtc-industries/specialty-diet-brands-marketing-agency/,DTC,Food and beverage,Industry Marketing Agency Page,Specialty diet brands,,/dtc-industries/food-and-beverage/,Index,Phase 2,specialty diet brands marketing agency,dtc-industry-agency-sitemap.xml,https://www.cardinaldigitalmarketing.com/healthcare-specialties/mental-healthcare-providers-agency/
https://www.consultusdigital.com/dtc-marketing-services/performance-marketing-for-specialty-diet-brands/,/dtc-marketing-services/performance-marketing-for-specialty-diet-brands/,DTC,Food and beverage,Service × Industry Landing Page,Specialty diet brands,Performance Marketing Agency,/dtc-industries/specialty-diet-brands-marketing-agency/,Index after content threshold,Phase 3,performance marketing agency for specialty diet brands,dtc-service-industry-sitemap.xml,Consultus campaign matrix pattern
https://www.consultusdigital.com/dtc-marketing-services/paid-social-for-specialty-diet-brands/,/dtc-marketing-services/paid-social-for-specialty-diet-brands/,DTC,Food and beverage,Service × Industry Landing Page,Specialty diet brands,Paid Social,/dtc-industries/specialty-diet-brands-marketing-agency/,Index after content threshold,Phase 3,paid social for specialty diet brands,dtc-service-industry-sitemap.xml,Consultus campaign matrix pattern
https://www.consultusdigital.com/dtc-marketing-services/paid-search-shopping-for-specialty-diet-brands/,/dtc-marketing-services/paid-search-shopping-for-specialty-diet-brands/,DTC,Food and beverage,Service × Industry Landing Page,Specialty diet brands,Paid Search and Shopping,/dtc-industries/specialty-diet-brands-marketing-agency/,Index after content threshold,Phase 3,paid search and shopping for specialty diet brands,dtc-service-industry-sitemap.xml,Consultus campaign matrix pattern
https://www.consultusdigital.com/dtc-marketing-services/seo-for-specialty-diet-brands/,/dtc-marketing-services/seo-for-specialty-diet-brands/,DTC,Food and beverage,Service × Industry Landing Page,Specialty diet brands,E-commerce SEO,/dtc-industries/specialty-diet-brands-marketing-agency/,Index after content threshold,Phase 3,e-commerce seo for specialty diet brands,dtc-service-industry-sitemap.xml,Consultus campaign matrix pattern
https://www.consultusdigital.com/dtc-marketing-services/ai-search-for-specialty-diet-brands/,/dtc-marketing-services/ai-search-for-specialty-diet-brands/,DTC,Food and beverage,Service × Industry Landing Page,Specialty diet brands,"AEO, GEO and AI Search",/dtc-industries/specialty-diet-brands-marketing-agency/,Index after content threshold,Phase 3,"aeo, geo and ai search for specialty diet brands",dtc-service-industry-sitemap.xml,Consultus campaign matrix pattern
https://www.consultusdigital.com/dtc-marketing-services/performance-creative-for-specialty-diet-brands/,/dtc-marketing-services/performance-creative-for-specialty-diet-brands/,DTC,Food and beverage,Service × Industry Landing Page,Specialty diet brands,Performance Creative,/dtc-industries/specialty-diet-brands-marketing-agency/,Index after content threshold,Phase 3,performance creative for specialty diet brands,dtc-service-industry-sitemap.xml,Consultus campaign matrix pattern
https://www.consultusdigital.com/dtc-marketing-services/shopify-cro-for-specialty-diet-brands/,/dtc-marketing-services/shopify-cro-for-specialty-diet-brands/,DTC,Food and beverage,Service × Industry Landing Page,Specialty diet brands,Shopify Development and CRO,/dtc-industries/specialty-diet-brands-marketing-agency/,Index after content threshold,Phase 3,shopify development and cro for specialty diet brands,dtc-service-industry-sitemap.xml,Consultus campaign matrix pattern
https://www.consultusdigital.com/dtc-marketing-services/email-sms-for-specialty-diet-brands/,/dtc-marketing-services/email-sms-for-specialty-diet-brands/,DTC,Food and beverage,Service × Industry Landing Page,Specialty diet brands,Email and SMS,/dtc-industries/specialty-diet-brands-marketing-agency/,Index after content threshold,Phase 3,email and sms for specialty diet brands,dtc-service-industry-sitemap.xml,Consultus campaign matrix pattern
https://www.consultusdigital.com/dtc-marketing-services/analytics-for-specialty-diet-brands/,/dtc-marketing-services/analytics-for-specialty-diet-brands/,DTC,Food and beverage,Service × Industry Landing Page,Specialty diet brands,Analytics and Attribution,/dtc-industries/specialty-diet-brands-marketing-agency/,Index after content threshold,Phase 3,analytics and attribution for specialty diet brands,dtc-service-industry-sitemap.xml,Consultus campaign matrix pattern
https://www.consultusdigital.com/dtc-marketing-services/marketplace-marketing-for-specialty-diet-brands/,/dtc-marketing-services/marketplace-marketing-for-specialty-diet-brands/,DTC,Food and beverage,Service × Industry Landing Page,Specialty diet brands,Marketplace Marketing,/dtc-industries/specialty-diet-brands-marketing-agency/,Index after content threshold,Phase 3,marketplace marketing for specialty diet brands,dtc-service-industry-sitemap.xml,Consultus campaign matrix pattern
https://www.consultusdigital.com/dtc-industries/sauce-and-condiment-brands-marketing-agency/,/dtc-industries/sauce-and-condiment-brands-marketing-agency/,DTC,Food and beverage,Industry Marketing Agency Page,Sauce and condiment brands,,/dtc-industries/food-and-beverage/,Index,Phase 2,sauce and condiment brands marketing agency,dtc-industry-agency-sitemap.xml,https://www.cardinaldigitalmarketing.com/healthcare-specialties/mental-healthcare-providers-agency/
https://www.consultusdigital.com/dtc-marketing-services/performance-marketing-for-sauce-and-condiment-brands/,/dtc-marketing-services/performance-marketing-for-sauce-and-condiment-brands/,DTC,Food and beverage,Service × Industry Landing Page,Sauce and condiment brands,Performance Marketing Agency,/dtc-industries/sauce-and-condiment-brands-marketing-agency/,Index after content threshold,Phase 3,performance marketing agency for sauce and condiment brands,dtc-service-industry-sitemap.xml,Consultus campaign matrix pattern
https://www.consultusdigital.com/dtc-marketing-services/paid-social-for-sauce-and-condiment-brands/,/dtc-marketing-services/paid-social-for-sauce-and-condiment-brands/,DTC,Food and beverage,Service × Industry Landing Page,Sauce and condiment brands,Paid Social,/dtc-industries/sauce-and-condiment-brands-marketing-agency/,Index after content threshold,Phase 3,paid social for sauce and condiment brands,dtc-service-industry-sitemap.xml,Consultus campaign matrix pattern
https://www.consultusdigital.com/dtc-marketing-services/paid-search-shopping-for-sauce-and-condiment-brands/,/dtc-marketing-services/paid-search-shopping-for-sauce-and-condiment-brands/,DTC,Food and beverage,Service × Industry Landing Page,Sauce and condiment brands,Paid Search and Shopping,/dtc-industries/sauce-and-condiment-brands-marketing-agency/,Index after content threshold,Phase 3,paid search and shopping for sauce and condiment brands,dtc-service-industry-sitemap.xml,Consultus campaign matrix pattern
https://www.consultusdigital.com/dtc-marketing-services/seo-for-sauce-and-condiment-brands/,/dtc-marketing-services/seo-for-sauce-and-condiment-brands/,DTC,Food and beverage,Service × Industry Landing Page,Sauce and condiment brands,E-commerce SEO,/dtc-industries/sauce-and-condiment-brands-marketing-agency/,Index after content threshold,Phase 3,e-commerce seo for sauce and condiment brands,dtc-service-industry-sitemap.xml,Consultus campaign matrix pattern
https://www.consultusdigital.com/dtc-marketing-services/ai-search-for-sauce-and-condiment-brands/,/dtc-marketing-services/ai-search-for-sauce-and-condiment-brands/,DTC,Food and beverage,Service × Industry Landing Page,Sauce and condiment brands,"AEO, GEO and AI Search",/dtc-industries/sauce-and-condiment-brands-marketing-agency/,Index after content threshold,Phase 3,"aeo, geo and ai search for sauce and condiment brands",dtc-service-industry-sitemap.xml,Consultus campaign matrix pattern
https://www.consultusdigital.com/dtc-marketing-services/performance-creative-for-sauce-and-condiment-brands/,/dtc-marketing-services/performance-creative-for-sauce-and-condiment-brands/,DTC,Food and beverage,Service × Industry Landing Page,Sauce and condiment brands,Performance Creative,/dtc-industries/sauce-and-condiment-brands-marketing-agency/,Index after content threshold,Phase 3,performance creative for sauce and condiment brands,dtc-service-industry-sitemap.xml,Consultus campaign matrix pattern
https://www.consultusdigital.com/dtc-marketing-services/shopify-cro-for-sauce-and-condiment-brands/,/dtc-marketing-services/shopify-cro-for-sauce-and-condiment-brands/,DTC,Food and beverage,Service × Industry Landing Page,Sauce and condiment brands,Shopify Development and CRO,/dtc-industries/sauce-and-condiment-brands-marketing-agency/,Index after content threshold,Phase 3,shopify development and cro for sauce and condiment brands,dtc-service-industry-sitemap.xml,Consultus campaign matrix pattern
https://www.consultusdigital.com/dtc-marketing-services/email-sms-for-sauce-and-condiment-brands/,/dtc-marketing-services/email-sms-for-sauce-and-condiment-brands/,DTC,Food and beverage,Service × Industry Landing Page,Sauce and condiment brands,Email and SMS,/dtc-industries/sauce-and-condiment-brands-marketing-agency/,Index after content threshold,Phase 3,email and sms for sauce and condiment brands,dtc-service-industry-sitemap.xml,Consultus campaign matrix pattern
https://www.consultusdigital.com/dtc-marketing-services/analytics-for-sauce-and-condiment-brands/,/dtc-marketing-services/analytics-for-sauce-and-condiment-brands/,DTC,Food and beverage,Service × Industry Landing Page,Sauce and condiment brands,Analytics and Attribution,/dtc-industries/sauce-and-condiment-brands-marketing-agency/,Index after content threshold,Phase 3,analytics and attribution for sauce and condiment brands,dtc-service-industry-sitemap.xml,Consultus campaign matrix pattern
https://www.consultusdigital.com/dtc-marketing-services/marketplace-marketing-for-sauce-and-condiment-brands/,/dtc-marketing-services/marketplace-marketing-for-sauce-and-condiment-brands/,DTC,Food and beverage,Service × Industry Landing Page,Sauce and condiment brands,Marketplace Marketing,/dtc-industries/sauce-and-condiment-brands-marketing-agency/,Index after content threshold,Phase 3,marketplace marketing for sauce and condiment brands,dtc-service-industry-sitemap.xml,Consultus campaign matrix pattern
https://www.consultusdigital.com/dtc-industries/frozen-food-brands-marketing-agency/,/dtc-industries/frozen-food-brands-marketing-agency/,DTC,Food and beverage,Industry Marketing Agency Page,Frozen food brands,,/dtc-industries/food-and-beverage/,Index,Phase 2,frozen food brands marketing agency,dtc-industry-agency-sitemap.xml,https://www.cardinaldigitalmarketing.com/healthcare-specialties/mental-healthcare-providers-agency/
https://www.consultusdigital.com/dtc-marketing-services/performance-marketing-for-frozen-food-brands/,/dtc-marketing-services/performance-marketing-for-frozen-food-brands/,DTC,Food and beverage,Service × Industry Landing Page,Frozen food brands,Performance Marketing Agency,/dtc-industries/frozen-food-brands-marketing-agency/,Index after content threshold,Phase 3,performance marketing agency for frozen food brands,dtc-service-industry-sitemap.xml,Consultus campaign matrix pattern
https://www.consultusdigital.com/dtc-marketing-services/paid-social-for-frozen-food-brands/,/dtc-marketing-services/paid-social-for-frozen-food-brands/,DTC,Food and beverage,Service × Industry Landing Page,Frozen food brands,Paid Social,/dtc-industries/frozen-food-brands-marketing-agency/,Index after content threshold,Phase 3,paid social for frozen food brands,dtc-service-industry-sitemap.xml,Consultus campaign matrix pattern
https://www.consultusdigital.com/dtc-marketing-services/paid-search-shopping-for-frozen-food-brands/,/dtc-marketing-services/paid-search-shopping-for-frozen-food-brands/,DTC,Food and beverage,Service × Industry Landing Page,Frozen food brands,Paid Search and Shopping,/dtc-industries/frozen-food-brands-marketing-agency/,Index after content threshold,Phase 3,paid search and shopping for frozen food brands,dtc-service-industry-sitemap.xml,Consultus campaign matrix pattern
https://www.consultusdigital.com/dtc-marketing-services/seo-for-frozen-food-brands/,/dtc-marketing-services/seo-for-frozen-food-brands/,DTC,Food and beverage,Service × Industry Landing Page,Frozen food brands,E-commerce SEO,/dtc-industries/frozen-food-brands-marketing-agency/,Index after content threshold,Phase 3,e-commerce seo for frozen food brands,dtc-service-industry-sitemap.xml,Consultus campaign matrix pattern
https://www.consultusdigital.com/dtc-marketing-services/ai-search-for-frozen-food-brands/,/dtc-marketing-services/ai-search-for-frozen-food-brands/,DTC,Food and beverage,Service × Industry Landing Page,Frozen food brands,"AEO, GEO and AI Search",/dtc-industries/frozen-food-brands-marketing-agency/,Index after content threshold,Phase 3,"aeo, geo and ai search for frozen food brands",dtc-service-industry-sitemap.xml,Consultus campaign matrix pattern
https://www.consultusdigital.com/dtc-marketing-services/performance-creative-for-frozen-food-brands/,/dtc-marketing-services/performance-creative-for-frozen-food-brands/,DTC,Food and beverage,Service × Industry Landing Page,Frozen food brands,Performance Creative,/dtc-industries/frozen-food-brands-marketing-agency/,Index after content threshold,Phase 3,performance creative for frozen food brands,dtc-service-industry-sitemap.xml,Consultus campaign matrix pattern
https://www.consultusdigital.com/dtc-marketing-services/shopify-cro-for-frozen-food-brands/,/dtc-marketing-services/shopify-cro-for-frozen-food-brands/,DTC,Food and beverage,Service × Industry Landing Page,Frozen food brands,Shopify Development and CRO,/dtc-industries/frozen-food-brands-marketing-agency/,Index after content threshold,Phase 3,shopify development and cro for frozen food brands,dtc-service-industry-sitemap.xml,Consultus campaign matrix pattern
https://www.consultusdigital.com/dtc-marketing-services/email-sms-for-frozen-food-brands/,/dtc-marketing-services/email-sms-for-frozen-food-brands/,DTC,Food and beverage,Service × Industry Landing Page,Frozen food brands,Email and SMS,/dtc-industries/frozen-food-brands-marketing-agency/,Index after content threshold,Phase 3,email and sms for frozen food brands,dtc-service-industry-sitemap.xml,Consultus campaign matrix pattern
https://www.consultusdigital.com/dtc-marketing-services/analytics-for-frozen-food-brands/,/dtc-marketing-services/analytics-for-frozen-food-brands/,DTC,Food and beverage,Service × Industry Landing Page,Frozen food brands,Analytics and Attribution,/dtc-industries/frozen-food-brands-marketing-agency/,Index after content threshold,Phase 3,analytics and attribution for frozen food brands,dtc-service-industry-sitemap.xml,Consultus campaign matrix pattern
https://www.consultusdigital.com/dtc-marketing-services/marketplace-marketing-for-frozen-food-brands/,/dtc-marketing-services/marketplace-marketing-for-frozen-food-brands/,DTC,Food and beverage,Service × Industry Landing Page,Frozen food brands,Marketplace Marketing,/dtc-industries/frozen-food-brands-marketing-agency/,Index after content threshold,Phase 3,marketplace marketing for frozen food brands,dtc-service-industry-sitemap.xml,Consultus campaign matrix pattern
https://www.consultusdigital.com/dtc-industries/pet-food-brands-marketing-agency/,/dtc-industries/pet-food-brands-marketing-agency/,DTC,Food and beverage,Industry Marketing Agency Page,Pet food brands,,/dtc-industries/food-and-beverage/,Index,Phase 2,pet food brands marketing agency,dtc-industry-agency-sitemap.xml,https://www.cardinaldigitalmarketing.com/healthcare-specialties/mental-healthcare-providers-agency/
https://www.consultusdigital.com/dtc-marketing-services/performance-marketing-for-pet-food-brands/,/dtc-marketing-services/performance-marketing-for-pet-food-brands/,DTC,Food and beverage,Service × Industry Landing Page,Pet food brands,Performance Marketing Agency,/dtc-industries/pet-food-brands-marketing-agency/,Index after content threshold,Phase 3,performance marketing agency for pet food brands,dtc-service-industry-sitemap.xml,Consultus campaign matrix pattern
https://www.consultusdigital.com/dtc-marketing-services/paid-social-for-pet-food-brands/,/dtc-marketing-services/paid-social-for-pet-food-brands/,DTC,Food and beverage,Service × Industry Landing Page,Pet food brands,Paid Social,/dtc-industries/pet-food-brands-marketing-agency/,Index after content threshold,Phase 3,paid social for pet food brands,dtc-service-industry-sitemap.xml,Consultus campaign matrix pattern
https://www.consultusdigital.com/dtc-marketing-services/paid-search-shopping-for-pet-food-brands/,/dtc-marketing-services/paid-search-shopping-for-pet-food-brands/,DTC,Food and beverage,Service × Industry Landing Page,Pet food brands,Paid Search and Shopping,/dtc-industries/pet-food-brands-marketing-agency/,Index after content threshold,Phase 3,paid search and shopping for pet food brands,dtc-service-industry-sitemap.xml,Consultus campaign matrix pattern
https://www.consultusdigital.com/dtc-marketing-services/seo-for-pet-food-brands/,/dtc-marketing-services/seo-for-pet-food-brands/,DTC,Food and beverage,Service × Industry Landing Page,Pet food brands,E-commerce SEO,/dtc-industries/pet-food-brands-marketing-agency/,Index after content threshold,Phase 3,e-commerce seo for pet food brands,dtc-service-industry-sitemap.xml,Consultus campaign matrix pattern
https://www.consultusdigital.com/dtc-marketing-services/ai-search-for-pet-food-brands/,/dtc-marketing-services/ai-search-for-pet-food-brands/,DTC,Food and beverage,Service × Industry Landing Page,Pet food brands,"AEO, GEO and AI Search",/dtc-industries/pet-food-brands-marketing-agency/,Index after content threshold,Phase 3,"aeo, geo and ai search for pet food brands",dtc-service-industry-sitemap.xml,Consultus campaign matrix pattern
https://www.consultusdigital.com/dtc-marketing-services/performance-creative-for-pet-food-brands/,/dtc-marketing-services/performance-creative-for-pet-food-brands/,DTC,Food and beverage,Service × Industry Landing Page,Pet food brands,Performance Creative,/dtc-industries/pet-food-brands-marketing-agency/,Index after content threshold,Phase 3,performance creative for pet food brands,dtc-service-industry-sitemap.xml,Consultus campaign matrix pattern
https://www.consultusdigital.com/dtc-marketing-services/shopify-cro-for-pet-food-brands/,/dtc-marketing-services/shopify-cro-for-pet-food-brands/,DTC,Food and beverage,Service × Industry Landing Page,Pet food brands,Shopify Development and CRO,/dtc-industries/pet-food-brands-marketing-agency/,Index after content threshold,Phase 3,shopify development and cro for pet food brands,dtc-service-industry-sitemap.xml,Consultus campaign matrix pattern
https://www.consultusdigital.com/dtc-marketing-services/email-sms-for-pet-food-brands/,/dtc-marketing-services/email-sms-for-pet-food-brands/,DTC,Food and beverage,Service × Industry Landing Page,Pet food brands,Email and SMS,/dtc-industries/pet-food-brands-marketing-agency/,Index after content threshold,Phase 3,email and sms for pet food brands,dtc-service-industry-sitemap.xml,Consultus campaign matrix pattern
https://www.consultusdigital.com/dtc-marketing-services/analytics-for-pet-food-brands/,/dtc-marketing-services/analytics-for-pet-food-brands/,DTC,Food and beverage,Service × Industry Landing Page,Pet food brands,Analytics and Attribution,/dtc-industries/pet-food-brands-marketing-agency/,Index after content threshold,Phase 3,analytics and attribution for pet food brands,dtc-service-industry-sitemap.xml,Consultus campaign matrix pattern
https://www.consultusdigital.com/dtc-marketing-services/marketplace-marketing-for-pet-food-brands/,/dtc-marketing-services/marketplace-marketing-for-pet-food-brands/,DTC,Food and beverage,Service × Industry Landing Page,Pet food brands,Marketplace Marketing,/dtc-industries/pet-food-brands-marketing-agency/,Index after content threshold,Phase 3,marketplace marketing for pet food brands,dtc-service-industry-sitemap.xml,Consultus campaign matrix pattern
https://www.consultusdigital.com/dtc-industries/alcohol-alternative-brands-marketing-agency/,/dtc-industries/alcohol-alternative-brands-marketing-agency/,DTC,Food and beverage,Industry Marketing Agency Page,Alcohol alternative brands,,/dtc-industries/food-and-beverage/,Index,Phase 2,alcohol alternative brands marketing agency,dtc-industry-agency-sitemap.xml,https://www.cardinaldigitalmarketing.com/healthcare-specialties/mental-healthcare-providers-agency/
https://www.consultusdigital.com/dtc-marketing-services/performance-marketing-for-alcohol-alternative-brands/,/dtc-marketing-services/performance-marketing-for-alcohol-alternative-brands/,DTC,Food and beverage,Service × Industry Landing Page,Alcohol alternative brands,Performance Marketing Agency,/dtc-industries/alcohol-alternative-brands-marketing-agency/,Index after content threshold,Phase 3,performance marketing agency for alcohol alternative brands,dtc-service-industry-sitemap.xml,Consultus campaign matrix pattern
https://www.consultusdigital.com/dtc-marketing-services/paid-social-for-alcohol-alternative-brands/,/dtc-marketing-services/paid-social-for-alcohol-alternative-brands/,DTC,Food and beverage,Service × Industry Landing Page,Alcohol alternative brands,Paid Social,/dtc-industries/alcohol-alternative-brands-marketing-agency/,Index after content threshold,Phase 3,paid social for alcohol alternative brands,dtc-service-industry-sitemap.xml,Consultus campaign matrix pattern
https://www.consultusdigital.com/dtc-marketing-services/paid-search-shopping-for-alcohol-alternative-brands/,/dtc-marketing-services/paid-search-shopping-for-alcohol-alternative-brands/,DTC,Food and beverage,Service × Industry Landing Page,Alcohol alternative brands,Paid Search and Shopping,/dtc-industries/alcohol-alternative-brands-marketing-agency/,Index after content threshold,Phase 3,paid search and shopping for alcohol alternative brands,dtc-service-industry-sitemap.xml,Consultus campaign matrix pattern
https://www.consultusdigital.com/dtc-marketing-services/seo-for-alcohol-alternative-brands/,/dtc-marketing-services/seo-for-alcohol-alternative-brands/,DTC,Food and beverage,Service × Industry Landing Page,Alcohol alternative brands,E-commerce SEO,/dtc-industries/alcohol-alternative-brands-marketing-agency/,Index after content threshold,Phase 3,e-commerce seo for alcohol alternative brands,dtc-service-industry-sitemap.xml,Consultus campaign matrix pattern
https://www.consultusdigital.com/dtc-marketing-services/ai-search-for-alcohol-alternative-brands/,/dtc-marketing-services/ai-search-for-alcohol-alternative-brands/,DTC,Food and beverage,Service × Industry Landing Page,Alcohol alternative brands,"AEO, GEO and AI Search",/dtc-industries/alcohol-alternative-brands-marketing-agency/,Index after content threshold,Phase 3,"aeo, geo and ai search for alcohol alternative brands",dtc-service-industry-sitemap.xml,Consultus campaign matrix pattern
https://www.consultusdigital.com/dtc-marketing-services/performance-creative-for-alcohol-alternative-brands/,/dtc-marketing-services/performance-creative-for-alcohol-alternative-brands/,DTC,Food and beverage,Service × Industry Landing Page,Alcohol alternative brands,Performance Creative,/dtc-industries/alcohol-alternative-brands-marketing-agency/,Index after content threshold,Phase 3,performance creative for alcohol alternative brands,dtc-service-industry-sitemap.xml,Consultus campaign matrix pattern
https://www.consultusdigital.com/dtc-marketing-services/shopify-cro-for-alcohol-alternative-brands/,/dtc-marketing-services/shopify-cro-for-alcohol-alternative-brands/,DTC,Food and beverage,Service × Industry Landing Page,Alcohol alternative brands,Shopify Development and CRO,/dtc-industries/alcohol-alternative-brands-marketing-agency/,Index after content threshold,Phase 3,shopify development and cro for alcohol alternative brands,dtc-service-industry-sitemap.xml,Consultus campaign matrix pattern
https://www.consultusdigital.com/dtc-marketing-services/email-sms-for-alcohol-alternative-brands/,/dtc-marketing-services/email-sms-for-alcohol-alternative-brands/,DTC,Food and beverage,Service × Industry Landing Page,Alcohol alternative brands,Email and SMS,/dtc-industries/alcohol-alternative-brands-marketing-agency/,Index after content threshold,Phase 3,email and sms for alcohol alternative brands,dtc-service-industry-sitemap.xml,Consultus campaign matrix pattern
https://www.consultusdigital.com/dtc-marketing-services/analytics-for-alcohol-alternative-brands/,/dtc-marketing-services/analytics-for-alcohol-alternative-brands/,DTC,Food and beverage,Service × Industry Landing Page,Alcohol alternative brands,Analytics and Attribution,/dtc-industries/alcohol-alternative-brands-marketing-agency/,Index after content threshold,Phase 3,analytics and attribution for alcohol alternative brands,dtc-service-industry-sitemap.xml,Consultus campaign matrix pattern
https://www.consultusdigital.com/dtc-marketing-services/marketplace-marketing-for-alcohol-alternative-brands/,/dtc-marketing-services/marketplace-marketing-for-alcohol-alternative-brands/,DTC,Food and beverage,Service × Industry Landing Page,Alcohol alternative brands,Marketplace Marketing,/dtc-industries/alcohol-alternative-brands-marketing-agency/,Index after content threshold,Phase 3,marketplace marketing for alcohol alternative brands,dtc-service-industry-sitemap.xml,Consultus campaign matrix pattern
https://www.consultusdigital.com/dtc-industries/fashion-and-accessories/,/dtc-industries/fashion-and-accessories/,DTC,Fashion and accessories,Sector Hub,Fashion and accessories,,/dtc-industries/,Index,Phase 1,fashion and accessories marketing agency,dtc-industry-agency-sitemap.xml,https://www.cardinaldigitalmarketing.com/healthcare-specialties/mental-healthcare-providers-agency/
https://www.consultusdigital.com/dtc-industries/apparel-brands-marketing-agency/,/dtc-industries/apparel-brands-marketing-agency/,DTC,Fashion and accessories,Industry Marketing Agency Page,Apparel brands,,/dtc-industries/fashion-and-accessories/,Index,Phase 2,apparel brands marketing agency,dtc-industry-agency-sitemap.xml,https://www.cardinaldigitalmarketing.com/healthcare-specialties/mental-healthcare-providers-agency/
https://www.consultusdigital.com/dtc-marketing-services/performance-marketing-for-apparel-brands/,/dtc-marketing-services/performance-marketing-for-apparel-brands/,DTC,Fashion and accessories,Service × Industry Landing Page,Apparel brands,Performance Marketing Agency,/dtc-industries/apparel-brands-marketing-agency/,Index after content threshold,Phase 3,performance marketing agency for apparel brands,dtc-service-industry-sitemap.xml,Consultus campaign matrix pattern
https://www.consultusdigital.com/dtc-marketing-services/paid-social-for-apparel-brands/,/dtc-marketing-services/paid-social-for-apparel-brands/,DTC,Fashion and accessories,Service × Industry Landing Page,Apparel brands,Paid Social,/dtc-industries/apparel-brands-marketing-agency/,Index after content threshold,Phase 3,paid social for apparel brands,dtc-service-industry-sitemap.xml,Consultus campaign matrix pattern
https://www.consultusdigital.com/dtc-marketing-services/paid-search-shopping-for-apparel-brands/,/dtc-marketing-services/paid-search-shopping-for-apparel-brands/,DTC,Fashion and accessories,Service × Industry Landing Page,Apparel brands,Paid Search and Shopping,/dtc-industries/apparel-brands-marketing-agency/,Index after content threshold,Phase 3,paid search and shopping for apparel brands,dtc-service-industry-sitemap.xml,Consultus campaign matrix pattern
https://www.consultusdigital.com/dtc-marketing-services/seo-for-apparel-brands/,/dtc-marketing-services/seo-for-apparel-brands/,DTC,Fashion and accessories,Service × Industry Landing Page,Apparel brands,E-commerce SEO,/dtc-industries/apparel-brands-marketing-agency/,Index after content threshold,Phase 3,e-commerce seo for apparel brands,dtc-service-industry-sitemap.xml,Consultus campaign matrix pattern
https://www.consultusdigital.com/dtc-marketing-services/ai-search-for-apparel-brands/,/dtc-marketing-services/ai-search-for-apparel-brands/,DTC,Fashion and accessories,Service × Industry Landing Page,Apparel brands,"AEO, GEO and AI Search",/dtc-industries/apparel-brands-marketing-agency/,Index after content threshold,Phase 3,"aeo, geo and ai search for apparel brands",dtc-service-industry-sitemap.xml,Consultus campaign matrix pattern
https://www.consultusdigital.com/dtc-marketing-services/performance-creative-for-apparel-brands/,/dtc-marketing-services/performance-creative-for-apparel-brands/,DTC,Fashion and accessories,Service × Industry Landing Page,Apparel brands,Performance Creative,/dtc-industries/apparel-brands-marketing-agency/,Index after content threshold,Phase 3,performance creative for apparel brands,dtc-service-industry-sitemap.xml,Consultus campaign matrix pattern
https://www.consultusdigital.com/dtc-marketing-services/shopify-cro-for-apparel-brands/,/dtc-marketing-services/shopify-cro-for-apparel-brands/,DTC,Fashion and accessories,Service × Industry Landing Page,Apparel brands,Shopify Development and CRO,/dtc-industries/apparel-brands-marketing-agency/,Index after content threshold,Phase 3,shopify development and cro for apparel brands,dtc-service-industry-sitemap.xml,Consultus campaign matrix pattern
https://www.consultusdigital.com/dtc-marketing-services/email-sms-for-apparel-brands/,/dtc-marketing-services/email-sms-for-apparel-brands/,DTC,Fashion and accessories,Service × Industry Landing Page,Apparel brands,Email and SMS,/dtc-industries/apparel-brands-marketing-agency/,Index after content threshold,Phase 3,email and sms for apparel brands,dtc-service-industry-sitemap.xml,Consultus campaign matrix pattern
https://www.consultusdigital.com/dtc-marketing-services/analytics-for-apparel-brands/,/dtc-marketing-services/analytics-for-apparel-brands/,DTC,Fashion and accessories,Service × Industry Landing Page,Apparel brands,Analytics and Attribution,/dtc-industries/apparel-brands-marketing-agency/,Index after content threshold,Phase 3,analytics and attribution for apparel brands,dtc-service-industry-sitemap.xml,Consultus campaign matrix pattern
https://www.consultusdigital.com/dtc-marketing-services/marketplace-marketing-for-apparel-brands/,/dtc-marketing-services/marketplace-marketing-for-apparel-brands/,DTC,Fashion and accessories,Service × Industry Landing Page,Apparel brands,Marketplace Marketing,/dtc-industries/apparel-brands-marketing-agency/,Index after content threshold,Phase 3,marketplace marketing for apparel brands,dtc-service-industry-sitemap.xml,Consultus campaign matrix pattern
https://www.consultusdigital.com/dtc-industries/athleisure-brands-marketing-agency/,/dtc-industries/athleisure-brands-marketing-agency/,DTC,Fashion and accessories,Industry Marketing Agency Page,Athleisure brands,,/dtc-industries/fashion-and-accessories/,Index,Phase 2,athleisure brands marketing agency,dtc-industry-agency-sitemap.xml,https://www.cardinaldigitalmarketing.com/healthcare-specialties/mental-healthcare-providers-agency/
https://www.consultusdigital.com/dtc-marketing-services/performance-marketing-for-athleisure-brands/,/dtc-marketing-services/performance-marketing-for-athleisure-brands/,DTC,Fashion and accessories,Service × Industry Landing Page,Athleisure brands,Performance Marketing Agency,/dtc-industries/athleisure-brands-marketing-agency/,Index after content threshold,Phase 3,performance marketing agency for athleisure brands,dtc-service-industry-sitemap.xml,Consultus campaign matrix pattern
https://www.consultusdigital.com/dtc-marketing-services/paid-social-for-athleisure-brands/,/dtc-marketing-services/paid-social-for-athleisure-brands/,DTC,Fashion and accessories,Service × Industry Landing Page,Athleisure brands,Paid Social,/dtc-industries/athleisure-brands-marketing-agency/,Index after content threshold,Phase 3,paid social for athleisure brands,dtc-service-industry-sitemap.xml,Consultus campaign matrix pattern
https://www.consultusdigital.com/dtc-marketing-services/paid-search-shopping-for-athleisure-brands/,/dtc-marketing-services/paid-search-shopping-for-athleisure-brands/,DTC,Fashion and accessories,Service × Industry Landing Page,Athleisure brands,Paid Search and Shopping,/dtc-industries/athleisure-brands-marketing-agency/,Index after content threshold,Phase 3,paid search and shopping for athleisure brands,dtc-service-industry-sitemap.xml,Consultus campaign matrix pattern
https://www.consultusdigital.com/dtc-marketing-services/seo-for-athleisure-brands/,/dtc-marketing-services/seo-for-athleisure-brands/,DTC,Fashion and accessories,Service × Industry Landing Page,Athleisure brands,E-commerce SEO,/dtc-industries/athleisure-brands-marketing-agency/,Index after content threshold,Phase 3,e-commerce seo for athleisure brands,dtc-service-industry-sitemap.xml,Consultus campaign matrix pattern
https://www.consultusdigital.com/dtc-marketing-services/ai-search-for-athleisure-brands/,/dtc-marketing-services/ai-search-for-athleisure-brands/,DTC,Fashion and accessories,Service × Industry Landing Page,Athleisure brands,"AEO, GEO and AI Search",/dtc-industries/athleisure-brands-marketing-agency/,Index after content threshold,Phase 3,"aeo, geo and ai search for athleisure brands",dtc-service-industry-sitemap.xml,Consultus campaign matrix pattern
https://www.consultusdigital.com/dtc-marketing-services/performance-creative-for-athleisure-brands/,/dtc-marketing-services/performance-creative-for-athleisure-brands/,DTC,Fashion and accessories,Service × Industry Landing Page,Athleisure brands,Performance Creative,/dtc-industries/athleisure-brands-marketing-agency/,Index after content threshold,Phase 3,performance creative for athleisure brands,dtc-service-industry-sitemap.xml,Consultus campaign matrix pattern
https://www.consultusdigital.com/dtc-marketing-services/shopify-cro-for-athleisure-brands/,/dtc-marketing-services/shopify-cro-for-athleisure-brands/,DTC,Fashion and accessories,Service × Industry Landing Page,Athleisure brands,Shopify Development and CRO,/dtc-industries/athleisure-brands-marketing-agency/,Index after content threshold,Phase 3,shopify development and cro for athleisure brands,dtc-service-industry-sitemap.xml,Consultus campaign matrix pattern
https://www.consultusdigital.com/dtc-marketing-services/email-sms-for-athleisure-brands/,/dtc-marketing-services/email-sms-for-athleisure-brands/,DTC,Fashion and accessories,Service × Industry Landing Page,Athleisure brands,Email and SMS,/dtc-industries/athleisure-brands-marketing-agency/,Index after content threshold,Phase 3,email and sms for athleisure brands,dtc-service-industry-sitemap.xml,Consultus campaign matrix pattern
https://www.consultusdigital.com/dtc-marketing-services/analytics-for-athleisure-brands/,/dtc-marketing-services/analytics-for-athleisure-brands/,DTC,Fashion and accessories,Service × Industry Landing Page,Athleisure brands,Analytics and Attribution,/dtc-industries/athleisure-brands-marketing-agency/,Index after content threshold,Phase 3,analytics and attribution for athleisure brands,dtc-service-industry-sitemap.xml,Consultus campaign matrix pattern
https://www.consultusdigital.com/dtc-marketing-services/marketplace-marketing-for-athleisure-brands/,/dtc-marketing-services/marketplace-marketing-for-athleisure-brands/,DTC,Fashion and accessories,Service × Industry Landing Page,Athleisure brands,Marketplace Marketing,/dtc-industries/athleisure-brands-marketing-agency/,Index after content threshold,Phase 3,marketplace marketing for athleisure brands,dtc-service-industry-sitemap.xml,Consultus campaign matrix pattern
https://www.consultusdigital.com/dtc-industries/footwear-brands-marketing-agency/,/dtc-industries/footwear-brands-marketing-agency/,DTC,Fashion and accessories,Industry Marketing Agency Page,Footwear brands,,/dtc-industries/fashion-and-accessories/,Index,Phase 2,footwear brands marketing agency,dtc-industry-agency-sitemap.xml,https://www.cardinaldigitalmarketing.com/healthcare-specialties/mental-healthcare-providers-agency/
https://www.consultusdigital.com/dtc-marketing-services/performance-marketing-for-footwear-brands/,/dtc-marketing-services/performance-marketing-for-footwear-brands/,DTC,Fashion and accessories,Service × Industry Landing Page,Footwear brands,Performance Marketing Agency,/dtc-industries/footwear-brands-marketing-agency/,Index after content threshold,Phase 3,performance marketing agency for footwear brands,dtc-service-industry-sitemap.xml,Consultus campaign matrix pattern
https://www.consultusdigital.com/dtc-marketing-services/paid-social-for-footwear-brands/,/dtc-marketing-services/paid-social-for-footwear-brands/,DTC,Fashion and accessories,Service × Industry Landing Page,Footwear brands,Paid Social,/dtc-industries/footwear-brands-marketing-agency/,Index after content threshold,Phase 3,paid social for footwear brands,dtc-service-industry-sitemap.xml,Consultus campaign matrix pattern
https://www.consultusdigital.com/dtc-marketing-services/paid-search-shopping-for-footwear-brands/,/dtc-marketing-services/paid-search-shopping-for-footwear-brands/,DTC,Fashion and accessories,Service × Industry Landing Page,Footwear brands,Paid Search and Shopping,/dtc-industries/footwear-brands-marketing-agency/,Index after content threshold,Phase 3,paid search and shopping for footwear brands,dtc-service-industry-sitemap.xml,Consultus campaign matrix pattern
https://www.consultusdigital.com/dtc-marketing-services/seo-for-footwear-brands/,/dtc-marketing-services/seo-for-footwear-brands/,DTC,Fashion and accessories,Service × Industry Landing Page,Footwear brands,E-commerce SEO,/dtc-industries/footwear-brands-marketing-agency/,Index after content threshold,Phase 3,e-commerce seo for footwear brands,dtc-service-industry-sitemap.xml,Consultus campaign matrix pattern
https://www.consultusdigital.com/dtc-marketing-services/ai-search-for-footwear-brands/,/dtc-marketing-services/ai-search-for-footwear-brands/,DTC,Fashion and accessories,Service × Industry Landing Page,Footwear brands,"AEO, GEO and AI Search",/dtc-industries/footwear-brands-marketing-agency/,Index after content threshold,Phase 3,"aeo, geo and ai search for footwear brands",dtc-service-industry-sitemap.xml,Consultus campaign matrix pattern
https://www.consultusdigital.com/dtc-marketing-services/performance-creative-for-footwear-brands/,/dtc-marketing-services/performance-creative-for-footwear-brands/,DTC,Fashion and accessories,Service × Industry Landing Page,Footwear brands,Performance Creative,/dtc-industries/footwear-brands-marketing-agency/,Index after content threshold,Phase 3,performance creative for footwear brands,dtc-service-industry-sitemap.xml,Consultus campaign matrix pattern
https://www.consultusdigital.com/dtc-marketing-services/shopify-cro-for-footwear-brands/,/dtc-marketing-services/shopify-cro-for-footwear-brands/,DTC,Fashion and accessories,Service × Industry Landing Page,Footwear brands,Shopify Development and CRO,/dtc-industries/footwear-brands-marketing-agency/,Index after content threshold,Phase 3,shopify development and cro for footwear brands,dtc-service-industry-sitemap.xml,Consultus campaign matrix pattern
https://www.consultusdigital.com/dtc-marketing-services/email-sms-for-footwear-brands/,/dtc-marketing-services/email-sms-for-footwear-brands/,DTC,Fashion and accessories,Service × Industry Landing Page,Footwear brands,Email and SMS,/dtc-industries/footwear-brands-marketing-agency/,Index after content threshold,Phase 3,email and sms for footwear brands,dtc-service-industry-sitemap.xml,Consultus campaign matrix pattern
https://www.consultusdigital.com/dtc-marketing-services/analytics-for-footwear-brands/,/dtc-marketing-services/analytics-for-footwear-brands/,DTC,Fashion and accessories,Service × Industry Landing Page,Footwear brands,Analytics and Attribution,/dtc-industries/footwear-brands-marketing-agency/,Index after content threshold,Phase 3,analytics and attribution for footwear brands,dtc-service-industry-sitemap.xml,Consultus campaign matrix pattern
https://www.consultusdigital.com/dtc-marketing-services/marketplace-marketing-for-footwear-brands/,/dtc-marketing-services/marketplace-marketing-for-footwear-brands/,DTC,Fashion and accessories,Service × Industry Landing Page,Footwear brands,Marketplace Marketing,/dtc-industries/footwear-brands-marketing-agency/,Index after content threshold,Phase 3,marketplace marketing for footwear brands,dtc-service-industry-sitemap.xml,Consultus campaign matrix pattern
https://www.consultusdigital.com/dtc-industries/jewelry-brands-marketing-agency/,/dtc-industries/jewelry-brands-marketing-agency/,DTC,Fashion and accessories,Industry Marketing Agency Page,Jewelry brands,,/dtc-industries/fashion-and-accessories/,Index,Phase 2,jewelry brands marketing agency,dtc-industry-agency-sitemap.xml,https://www.cardinaldigitalmarketing.com/healthcare-specialties/mental-healthcare-providers-agency/
https://www.consultusdigital.com/dtc-marketing-services/performance-marketing-for-jewelry-brands/,/dtc-marketing-services/performance-marketing-for-jewelry-brands/,DTC,Fashion and accessories,Service × Industry Landing Page,Jewelry brands,Performance Marketing Agency,/dtc-industries/jewelry-brands-marketing-agency/,Index after content threshold,Phase 3,performance marketing agency for jewelry brands,dtc-service-industry-sitemap.xml,Consultus campaign matrix pattern
https://www.consultusdigital.com/dtc-marketing-services/paid-social-for-jewelry-brands/,/dtc-marketing-services/paid-social-for-jewelry-brands/,DTC,Fashion and accessories,Service × Industry Landing Page,Jewelry brands,Paid Social,/dtc-industries/jewelry-brands-marketing-agency/,Index after content threshold,Phase 3,paid social for jewelry brands,dtc-service-industry-sitemap.xml,Consultus campaign matrix pattern
https://www.consultusdigital.com/dtc-marketing-services/paid-search-shopping-for-jewelry-brands/,/dtc-marketing-services/paid-search-shopping-for-jewelry-brands/,DTC,Fashion and accessories,Service × Industry Landing Page,Jewelry brands,Paid Search and Shopping,/dtc-industries/jewelry-brands-marketing-agency/,Index after content threshold,Phase 3,paid search and shopping for jewelry brands,dtc-service-industry-sitemap.xml,Consultus campaign matrix pattern
https://www.consultusdigital.com/dtc-marketing-services/seo-for-jewelry-brands/,/dtc-marketing-services/seo-for-jewelry-brands/,DTC,Fashion and accessories,Service × Industry Landing Page,Jewelry brands,E-commerce SEO,/dtc-industries/jewelry-brands-marketing-agency/,Index after content threshold,Phase 3,e-commerce seo for jewelry brands,dtc-service-industry-sitemap.xml,Consultus campaign matrix pattern
https://www.consultusdigital.com/dtc-marketing-services/ai-search-for-jewelry-brands/,/dtc-marketing-services/ai-search-for-jewelry-brands/,DTC,Fashion and accessories,Service × Industry Landing Page,Jewelry brands,"AEO, GEO and AI Search",/dtc-industries/jewelry-brands-marketing-agency/,Index after content threshold,Phase 3,"aeo, geo and ai search for jewelry brands",dtc-service-industry-sitemap.xml,Consultus campaign matrix pattern
https://www.consultusdigital.com/dtc-marketing-services/performance-creative-for-jewelry-brands/,/dtc-marketing-services/performance-creative-for-jewelry-brands/,DTC,Fashion and accessories,Service × Industry Landing Page,Jewelry brands,Performance Creative,/dtc-industries/jewelry-brands-marketing-agency/,Index after content threshold,Phase 3,performance creative for jewelry brands,dtc-service-industry-sitemap.xml,Consultus campaign matrix pattern
https://www.consultusdigital.com/dtc-marketing-services/shopify-cro-for-jewelry-brands/,/dtc-marketing-services/shopify-cro-for-jewelry-brands/,DTC,Fashion and accessories,Service × Industry Landing Page,Jewelry brands,Shopify Development and CRO,/dtc-industries/jewelry-brands-marketing-agency/,Index after content threshold,Phase 3,shopify development and cro for jewelry brands,dtc-service-industry-sitemap.xml,Consultus campaign matrix pattern
https://www.consultusdigital.com/dtc-marketing-services/email-sms-for-jewelry-brands/,/dtc-marketing-services/email-sms-for-jewelry-brands/,DTC,Fashion and accessories,Service × Industry Landing Page,Jewelry brands,Email and SMS,/dtc-industries/jewelry-brands-marketing-agency/,Index after content threshold,Phase 3,email and sms for jewelry brands,dtc-service-industry-sitemap.xml,Consultus campaign matrix pattern
https://www.consultusdigital.com/dtc-marketing-services/analytics-for-jewelry-brands/,/dtc-marketing-services/analytics-for-jewelry-brands/,DTC,Fashion and accessories,Service × Industry Landing Page,Jewelry brands,Analytics and Attribution,/dtc-industries/jewelry-brands-marketing-agency/,Index after content threshold,Phase 3,analytics and attribution for jewelry brands,dtc-service-industry-sitemap.xml,Consultus campaign matrix pattern
https://www.consultusdigital.com/dtc-marketing-services/marketplace-marketing-for-jewelry-brands/,/dtc-marketing-services/marketplace-marketing-for-jewelry-brands/,DTC,Fashion and accessories,Service × Industry Landing Page,Jewelry brands,Marketplace Marketing,/dtc-industries/jewelry-brands-marketing-agency/,Index after content threshold,Phase 3,marketplace marketing for jewelry brands,dtc-service-industry-sitemap.xml,Consultus campaign matrix pattern
https://www.consultusdigital.com/dtc-industries/watch-brands-marketing-agency/,/dtc-industries/watch-brands-marketing-agency/,DTC,Fashion and accessories,Industry Marketing Agency Page,Watch brands,,/dtc-industries/fashion-and-accessories/,Index,Phase 2,watch brands marketing agency,dtc-industry-agency-sitemap.xml,https://www.cardinaldigitalmarketing.com/healthcare-specialties/mental-healthcare-providers-agency/
https://www.consultusdigital.com/dtc-marketing-services/performance-marketing-for-watch-brands/,/dtc-marketing-services/performance-marketing-for-watch-brands/,DTC,Fashion and accessories,Service × Industry Landing Page,Watch brands,Performance Marketing Agency,/dtc-industries/watch-brands-marketing-agency/,Index after content threshold,Phase 3,performance marketing agency for watch brands,dtc-service-industry-sitemap.xml,Consultus campaign matrix pattern
https://www.consultusdigital.com/dtc-marketing-services/paid-social-for-watch-brands/,/dtc-marketing-services/paid-social-for-watch-brands/,DTC,Fashion and accessories,Service × Industry Landing Page,Watch brands,Paid Social,/dtc-industries/watch-brands-marketing-agency/,Index after content threshold,Phase 3,paid social for watch brands,dtc-service-industry-sitemap.xml,Consultus campaign matrix pattern
https://www.consultusdigital.com/dtc-marketing-services/paid-search-shopping-for-watch-brands/,/dtc-marketing-services/paid-search-shopping-for-watch-brands/,DTC,Fashion and accessories,Service × Industry Landing Page,Watch brands,Paid Search and Shopping,/dtc-industries/watch-brands-marketing-agency/,Index after content threshold,Phase 3,paid search and shopping for watch brands,dtc-service-industry-sitemap.xml,Consultus campaign matrix pattern
https://www.consultusdigital.com/dtc-marketing-services/seo-for-watch-brands/,/dtc-marketing-services/seo-for-watch-brands/,DTC,Fashion and accessories,Service × Industry Landing Page,Watch brands,E-commerce SEO,/dtc-industries/watch-brands-marketing-agency/,Index after content threshold,Phase 3,e-commerce seo for watch brands,dtc-service-industry-sitemap.xml,Consultus campaign matrix pattern
https://www.consultusdigital.com/dtc-marketing-services/ai-search-for-watch-brands/,/dtc-marketing-services/ai-search-for-watch-brands/,DTC,Fashion and accessories,Service × Industry Landing Page,Watch brands,"AEO, GEO and AI Search",/dtc-industries/watch-brands-marketing-agency/,Index after content threshold,Phase 3,"aeo, geo and ai search for watch brands",dtc-service-industry-sitemap.xml,Consultus campaign matrix pattern
https://www.consultusdigital.com/dtc-marketing-services/performance-creative-for-watch-brands/,/dtc-marketing-services/performance-creative-for-watch-brands/,DTC,Fashion and accessories,Service × Industry Landing Page,Watch brands,Performance Creative,/dtc-industries/watch-brands-marketing-agency/,Index after content threshold,Phase 3,performance creative for watch brands,dtc-service-industry-sitemap.xml,Consultus campaign matrix pattern
https://www.consultusdigital.com/dtc-marketing-services/shopify-cro-for-watch-brands/,/dtc-marketing-services/shopify-cro-for-watch-brands/,DTC,Fashion and accessories,Service × Industry Landing Page,Watch brands,Shopify Development and CRO,/dtc-industries/watch-brands-marketing-agency/,Index after content threshold,Phase 3,shopify development and cro for watch brands,dtc-service-industry-sitemap.xml,Consultus campaign matrix pattern
https://www.consultusdigital.com/dtc-marketing-services/email-sms-for-watch-brands/,/dtc-marketing-services/email-sms-for-watch-brands/,DTC,Fashion and accessories,Service × Industry Landing Page,Watch brands,Email and SMS,/dtc-industries/watch-brands-marketing-agency/,Index after content threshold,Phase 3,email and sms for watch brands,dtc-service-industry-sitemap.xml,Consultus campaign matrix pattern
https://www.consultusdigital.com/dtc-marketing-services/analytics-for-watch-brands/,/dtc-marketing-services/analytics-for-watch-brands/,DTC,Fashion and accessories,Service × Industry Landing Page,Watch brands,Analytics and Attribution,/dtc-industries/watch-brands-marketing-agency/,Index after content threshold,Phase 3,analytics and attribution for watch brands,dtc-service-industry-sitemap.xml,Consultus campaign matrix pattern
https://www.consultusdigital.com/dtc-marketing-services/marketplace-marketing-for-watch-brands/,/dtc-marketing-services/marketplace-marketing-for-watch-brands/,DTC,Fashion and accessories,Service × Industry Landing Page,Watch brands,Marketplace Marketing,/dtc-industries/watch-brands-marketing-agency/,Index after content threshold,Phase 3,marketplace marketing for watch brands,dtc-service-industry-sitemap.xml,Consultus campaign matrix pattern
https://www.consultusdigital.com/dtc-industries/handbag-brands-marketing-agency/,/dtc-industries/handbag-brands-marketing-agency/,DTC,Fashion and accessories,Industry Marketing Agency Page,Handbag brands,,/dtc-industries/fashion-and-accessories/,Index,Phase 2,handbag brands marketing agency,dtc-industry-agency-sitemap.xml,https://www.cardinaldigitalmarketing.com/healthcare-specialties/mental-healthcare-providers-agency/
https://www.consultusdigital.com/dtc-marketing-services/performance-marketing-for-handbag-brands/,/dtc-marketing-services/performance-marketing-for-handbag-brands/,DTC,Fashion and accessories,Service × Industry Landing Page,Handbag brands,Performance Marketing Agency,/dtc-industries/handbag-brands-marketing-agency/,Index after content threshold,Phase 3,performance marketing agency for handbag brands,dtc-service-industry-sitemap.xml,Consultus campaign matrix pattern
https://www.consultusdigital.com/dtc-marketing-services/paid-social-for-handbag-brands/,/dtc-marketing-services/paid-social-for-handbag-brands/,DTC,Fashion and accessories,Service × Industry Landing Page,Handbag brands,Paid Social,/dtc-industries/handbag-brands-marketing-agency/,Index after content threshold,Phase 3,paid social for handbag brands,dtc-service-industry-sitemap.xml,Consultus campaign matrix pattern
https://www.consultusdigital.com/dtc-marketing-services/paid-search-shopping-for-handbag-brands/,/dtc-marketing-services/paid-search-shopping-for-handbag-brands/,DTC,Fashion and accessories,Service × Industry Landing Page,Handbag brands,Paid Search and Shopping,/dtc-industries/handbag-brands-marketing-agency/,Index after content threshold,Phase 3,paid search and shopping for handbag brands,dtc-service-industry-sitemap.xml,Consultus campaign matrix pattern
https://www.consultusdigital.com/dtc-marketing-services/seo-for-handbag-brands/,/dtc-marketing-services/seo-for-handbag-brands/,DTC,Fashion and accessories,Service × Industry Landing Page,Handbag brands,E-commerce SEO,/dtc-industries/handbag-brands-marketing-agency/,Index after content threshold,Phase 3,e-commerce seo for handbag brands,dtc-service-industry-sitemap.xml,Consultus campaign matrix pattern
https://www.consultusdigital.com/dtc-marketing-services/ai-search-for-handbag-brands/,/dtc-marketing-services/ai-search-for-handbag-brands/,DTC,Fashion and accessories,Service × Industry Landing Page,Handbag brands,"AEO, GEO and AI Search",/dtc-industries/handbag-brands-marketing-agency/,Index after content threshold,Phase 3,"aeo, geo and ai search for handbag brands",dtc-service-industry-sitemap.xml,Consultus campaign matrix pattern
https://www.consultusdigital.com/dtc-marketing-services/performance-creative-for-handbag-brands/,/dtc-marketing-services/performance-creative-for-handbag-brands/,DTC,Fashion and accessories,Service × Industry Landing Page,Handbag brands,Performance Creative,/dtc-industries/handbag-brands-marketing-agency/,Index after content threshold,Phase 3,performance creative for handbag brands,dtc-service-industry-sitemap.xml,Consultus campaign matrix pattern
https://www.consultusdigital.com/dtc-marketing-services/shopify-cro-for-handbag-brands/,/dtc-marketing-services/shopify-cro-for-handbag-brands/,DTC,Fashion and accessories,Service × Industry Landing Page,Handbag brands,Shopify Development and CRO,/dtc-industries/handbag-brands-marketing-agency/,Index after content threshold,Phase 3,shopify development and cro for handbag brands,dtc-service-industry-sitemap.xml,Consultus campaign matrix pattern
https://www.consultusdigital.com/dtc-marketing-services/email-sms-for-handbag-brands/,/dtc-marketing-services/email-sms-for-handbag-brands/,DTC,Fashion and accessories,Service × Industry Landing Page,Handbag brands,Email and SMS,/dtc-industries/handbag-brands-marketing-agency/,Index after content threshold,Phase 3,email and sms for handbag brands,dtc-service-industry-sitemap.xml,Consultus campaign matrix pattern
https://www.consultusdigital.com/dtc-marketing-services/analytics-for-handbag-brands/,/dtc-marketing-services/analytics-for-handbag-brands/,DTC,Fashion and accessories,Service × Industry Landing Page,Handbag brands,Analytics and Attribution,/dtc-industries/handbag-brands-marketing-agency/,Index after content threshold,Phase 3,analytics and attribution for handbag brands,dtc-service-industry-sitemap.xml,Consultus campaign matrix pattern
https://www.consultusdigital.com/dtc-marketing-services/marketplace-marketing-for-handbag-brands/,/dtc-marketing-services/marketplace-marketing-for-handbag-brands/,DTC,Fashion and accessories,Service × Industry Landing Page,Handbag brands,Marketplace Marketing,/dtc-industries/handbag-brands-marketing-agency/,Index after content threshold,Phase 3,marketplace marketing for handbag brands,dtc-service-industry-sitemap.xml,Consultus campaign matrix pattern
https://www.consultusdigital.com/dtc-industries/eyewear-brands-marketing-agency/,/dtc-industries/eyewear-brands-marketing-agency/,DTC,Fashion and accessories,Industry Marketing Agency Page,Eyewear brands,,/dtc-industries/fashion-and-accessories/,Index,Phase 2,eyewear brands marketing agency,dtc-industry-agency-sitemap.xml,https://www.cardinaldigitalmarketing.com/healthcare-specialties/mental-healthcare-providers-agency/
https://www.consultusdigital.com/dtc-marketing-services/performance-marketing-for-eyewear-brands/,/dtc-marketing-services/performance-marketing-for-eyewear-brands/,DTC,Fashion and accessories,Service × Industry Landing Page,Eyewear brands,Performance Marketing Agency,/dtc-industries/eyewear-brands-marketing-agency/,Index after content threshold,Phase 3,performance marketing agency for eyewear brands,dtc-service-industry-sitemap.xml,Consultus campaign matrix pattern
https://www.consultusdigital.com/dtc-marketing-services/paid-social-for-eyewear-brands/,/dtc-marketing-services/paid-social-for-eyewear-brands/,DTC,Fashion and accessories,Service × Industry Landing Page,Eyewear brands,Paid Social,/dtc-industries/eyewear-brands-marketing-agency/,Index after content threshold,Phase 3,paid social for eyewear brands,dtc-service-industry-sitemap.xml,Consultus campaign matrix pattern
https://www.consultusdigital.com/dtc-marketing-services/paid-search-shopping-for-eyewear-brands/,/dtc-marketing-services/paid-search-shopping-for-eyewear-brands/,DTC,Fashion and accessories,Service × Industry Landing Page,Eyewear brands,Paid Search and Shopping,/dtc-industries/eyewear-brands-marketing-agency/,Index after content threshold,Phase 3,paid search and shopping for eyewear brands,dtc-service-industry-sitemap.xml,Consultus campaign matrix pattern
https://www.consultusdigital.com/dtc-marketing-services/seo-for-eyewear-brands/,/dtc-marketing-services/seo-for-eyewear-brands/,DTC,Fashion and accessories,Service × Industry Landing Page,Eyewear brands,E-commerce SEO,/dtc-industries/eyewear-brands-marketing-agency/,Index after content threshold,Phase 3,e-commerce seo for eyewear brands,dtc-service-industry-sitemap.xml,Consultus campaign matrix pattern
https://www.consultusdigital.com/dtc-marketing-services/ai-search-for-eyewear-brands/,/dtc-marketing-services/ai-search-for-eyewear-brands/,DTC,Fashion and accessories,Service × Industry Landing Page,Eyewear brands,"AEO, GEO and AI Search",/dtc-industries/eyewear-brands-marketing-agency/,Index after content threshold,Phase 3,"aeo, geo and ai search for eyewear brands",dtc-service-industry-sitemap.xml,Consultus campaign matrix pattern
https://www.consultusdigital.com/dtc-marketing-services/performance-creative-for-eyewear-brands/,/dtc-marketing-services/performance-creative-for-eyewear-brands/,DTC,Fashion and accessories,Service × Industry Landing Page,Eyewear brands,Performance Creative,/dtc-industries/eyewear-brands-marketing-agency/,Index after content threshold,Phase 3,performance creative for eyewear brands,dtc-service-industry-sitemap.xml,Consultus campaign matrix pattern
https://www.consultusdigital.com/dtc-marketing-services/shopify-cro-for-eyewear-brands/,/dtc-marketing-services/shopify-cro-for-eyewear-brands/,DTC,Fashion and accessories,Service × Industry Landing Page,Eyewear brands,Shopify Development and CRO,/dtc-industries/eyewear-brands-marketing-agency/,Index after content threshold,Phase 3,shopify development and cro for eyewear brands,dtc-service-industry-sitemap.xml,Consultus campaign matrix pattern
https://www.consultusdigital.com/dtc-marketing-services/email-sms-for-eyewear-brands/,/dtc-marketing-services/email-sms-for-eyewear-brands/,DTC,Fashion and accessories,Service × Industry Landing Page,Eyewear brands,Email and SMS,/dtc-industries/eyewear-brands-marketing-agency/,Index after content threshold,Phase 3,email and sms for eyewear brands,dtc-service-industry-sitemap.xml,Consultus campaign matrix pattern
https://www.consultusdigital.com/dtc-marketing-services/analytics-for-eyewear-brands/,/dtc-marketing-services/analytics-for-eyewear-brands/,DTC,Fashion and accessories,Service × Industry Landing Page,Eyewear brands,Analytics and Attribution,/dtc-industries/eyewear-brands-marketing-agency/,Index after content threshold,Phase 3,analytics and attribution for eyewear brands,dtc-service-industry-sitemap.xml,Consultus campaign matrix pattern
https://www.consultusdigital.com/dtc-marketing-services/marketplace-marketing-for-eyewear-brands/,/dtc-marketing-services/marketplace-marketing-for-eyewear-brands/,DTC,Fashion and accessories,Service × Industry Landing Page,Eyewear brands,Marketplace Marketing,/dtc-industries/eyewear-brands-marketing-agency/,Index after content threshold,Phase 3,marketplace marketing for eyewear brands,dtc-service-industry-sitemap.xml,Consultus campaign matrix pattern
https://www.consultusdigital.com/dtc-industries/headwear-brands-marketing-agency/,/dtc-industries/headwear-brands-marketing-agency/,DTC,Fashion and accessories,Industry Marketing Agency Page,Headwear brands,,/dtc-industries/fashion-and-accessories/,Index,Phase 2,headwear brands marketing agency,dtc-industry-agency-sitemap.xml,https://www.cardinaldigitalmarketing.com/healthcare-specialties/mental-healthcare-providers-agency/
https://www.consultusdigital.com/dtc-marketing-services/performance-marketing-for-headwear-brands/,/dtc-marketing-services/performance-marketing-for-headwear-brands/,DTC,Fashion and accessories,Service × Industry Landing Page,Headwear brands,Performance Marketing Agency,/dtc-industries/headwear-brands-marketing-agency/,Index after content threshold,Phase 3,performance marketing agency for headwear brands,dtc-service-industry-sitemap.xml,Consultus campaign matrix pattern
https://www.consultusdigital.com/dtc-marketing-services/paid-social-for-headwear-brands/,/dtc-marketing-services/paid-social-for-headwear-brands/,DTC,Fashion and accessories,Service × Industry Landing Page,Headwear brands,Paid Social,/dtc-industries/headwear-brands-marketing-agency/,Index after content threshold,Phase 3,paid social for headwear brands,dtc-service-industry-sitemap.xml,Consultus campaign matrix pattern
https://www.consultusdigital.com/dtc-marketing-services/paid-search-shopping-for-headwear-brands/,/dtc-marketing-services/paid-search-shopping-for-headwear-brands/,DTC,Fashion and accessories,Service × Industry Landing Page,Headwear brands,Paid Search and Shopping,/dtc-industries/headwear-brands-marketing-agency/,Index after content threshold,Phase 3,paid search and shopping for headwear brands,dtc-service-industry-sitemap.xml,Consultus campaign matrix pattern
https://www.consultusdigital.com/dtc-marketing-services/seo-for-headwear-brands/,/dtc-marketing-services/seo-for-headwear-brands/,DTC,Fashion and accessories,Service × Industry Landing Page,Headwear brands,E-commerce SEO,/dtc-industries/headwear-brands-marketing-agency/,Index after content threshold,Phase 3,e-commerce seo for headwear brands,dtc-service-industry-sitemap.xml,Consultus campaign matrix pattern
https://www.consultusdigital.com/dtc-marketing-services/ai-search-for-headwear-brands/,/dtc-marketing-services/ai-search-for-headwear-brands/,DTC,Fashion and accessories,Service × Industry Landing Page,Headwear brands,"AEO, GEO and AI Search",/dtc-industries/headwear-brands-marketing-agency/,Index after content threshold,Phase 3,"aeo, geo and ai search for headwear brands",dtc-service-industry-sitemap.xml,Consultus campaign matrix pattern
https://www.consultusdigital.com/dtc-marketing-services/performance-creative-for-headwear-brands/,/dtc-marketing-services/performance-creative-for-headwear-brands/,DTC,Fashion and accessories,Service × Industry Landing Page,Headwear brands,Performance Creative,/dtc-industries/headwear-brands-marketing-agency/,Index after content threshold,Phase 3,performance creative for headwear brands,dtc-service-industry-sitemap.xml,Consultus campaign matrix pattern
https://www.consultusdigital.com/dtc-marketing-services/shopify-cro-for-headwear-brands/,/dtc-marketing-services/shopify-cro-for-headwear-brands/,DTC,Fashion and accessories,Service × Industry Landing Page,Headwear brands,Shopify Development and CRO,/dtc-industries/headwear-brands-marketing-agency/,Index after content threshold,Phase 3,shopify development and cro for headwear brands,dtc-service-industry-sitemap.xml,Consultus campaign matrix pattern
https://www.consultusdigital.com/dtc-marketing-services/email-sms-for-headwear-brands/,/dtc-marketing-services/email-sms-for-headwear-brands/,DTC,Fashion and accessories,Service × Industry Landing Page,Headwear brands,Email and SMS,/dtc-industries/headwear-brands-marketing-agency/,Index after content threshold,Phase 3,email and sms for headwear brands,dtc-service-industry-sitemap.xml,Consultus campaign matrix pattern
https://www.consultusdigital.com/dtc-marketing-services/analytics-for-headwear-brands/,/dtc-marketing-services/analytics-for-headwear-brands/,DTC,Fashion and accessories,Service × Industry Landing Page,Headwear brands,Analytics and Attribution,/dtc-industries/headwear-brands-marketing-agency/,Index after content threshold,Phase 3,analytics and attribution for headwear brands,dtc-service-industry-sitemap.xml,Consultus campaign matrix pattern
https://www.consultusdigital.com/dtc-marketing-services/marketplace-marketing-for-headwear-brands/,/dtc-marketing-services/marketplace-marketing-for-headwear-brands/,DTC,Fashion and accessories,Service × Industry Landing Page,Headwear brands,Marketplace Marketing,/dtc-industries/headwear-brands-marketing-agency/,Index after content threshold,Phase 3,marketplace marketing for headwear brands,dtc-service-industry-sitemap.xml,Consultus campaign matrix pattern
https://www.consultusdigital.com/dtc-industries/luxury-fashion-brands-marketing-agency/,/dtc-industries/luxury-fashion-brands-marketing-agency/,DTC,Fashion and accessories,Industry Marketing Agency Page,Luxury fashion brands,,/dtc-industries/fashion-and-accessories/,Index,Phase 2,luxury fashion brands marketing agency,dtc-industry-agency-sitemap.xml,https://www.cardinaldigitalmarketing.com/healthcare-specialties/mental-healthcare-providers-agency/
https://www.consultusdigital.com/dtc-marketing-services/performance-marketing-for-luxury-fashion-brands/,/dtc-marketing-services/performance-marketing-for-luxury-fashion-brands/,DTC,Fashion and accessories,Service × Industry Landing Page,Luxury fashion brands,Performance Marketing Agency,/dtc-industries/luxury-fashion-brands-marketing-agency/,Index after content threshold,Phase 3,performance marketing agency for luxury fashion brands,dtc-service-industry-sitemap.xml,Consultus campaign matrix pattern
https://www.consultusdigital.com/dtc-marketing-services/paid-social-for-luxury-fashion-brands/,/dtc-marketing-services/paid-social-for-luxury-fashion-brands/,DTC,Fashion and accessories,Service × Industry Landing Page,Luxury fashion brands,Paid Social,/dtc-industries/luxury-fashion-brands-marketing-agency/,Index after content threshold,Phase 3,paid social for luxury fashion brands,dtc-service-industry-sitemap.xml,Consultus campaign matrix pattern
https://www.consultusdigital.com/dtc-marketing-services/paid-search-shopping-for-luxury-fashion-brands/,/dtc-marketing-services/paid-search-shopping-for-luxury-fashion-brands/,DTC,Fashion and accessories,Service × Industry Landing Page,Luxury fashion brands,Paid Search and Shopping,/dtc-industries/luxury-fashion-brands-marketing-agency/,Index after content threshold,Phase 3,paid search and shopping for luxury fashion brands,dtc-service-industry-sitemap.xml,Consultus campaign matrix pattern
https://www.consultusdigital.com/dtc-marketing-services/seo-for-luxury-fashion-brands/,/dtc-marketing-services/seo-for-luxury-fashion-brands/,DTC,Fashion and accessories,Service × Industry Landing Page,Luxury fashion brands,E-commerce SEO,/dtc-industries/luxury-fashion-brands-marketing-agency/,Index after content threshold,Phase 3,e-commerce seo for luxury fashion brands,dtc-service-industry-sitemap.xml,Consultus campaign matrix pattern
https://www.consultusdigital.com/dtc-marketing-services/ai-search-for-luxury-fashion-brands/,/dtc-marketing-services/ai-search-for-luxury-fashion-brands/,DTC,Fashion and accessories,Service × Industry Landing Page,Luxury fashion brands,"AEO, GEO and AI Search",/dtc-industries/luxury-fashion-brands-marketing-agency/,Index after content threshold,Phase 3,"aeo, geo and ai search for luxury fashion brands",dtc-service-industry-sitemap.xml,Consultus campaign matrix pattern
https://www.consultusdigital.com/dtc-marketing-services/performance-creative-for-luxury-fashion-brands/,/dtc-marketing-services/performance-creative-for-luxury-fashion-brands/,DTC,Fashion and accessories,Service × Industry Landing Page,Luxury fashion brands,Performance Creative,/dtc-industries/luxury-fashion-brands-marketing-agency/,Index after content threshold,Phase 3,performance creative for luxury fashion brands,dtc-service-industry-sitemap.xml,Consultus campaign matrix pattern
https://www.consultusdigital.com/dtc-marketing-services/shopify-cro-for-luxury-fashion-brands/,/dtc-marketing-services/shopify-cro-for-luxury-fashion-brands/,DTC,Fashion and accessories,Service × Industry Landing Page,Luxury fashion brands,Shopify Development and CRO,/dtc-industries/luxury-fashion-brands-marketing-agency/,Index after content threshold,Phase 3,shopify development and cro for luxury fashion brands,dtc-service-industry-sitemap.xml,Consultus campaign matrix pattern
https://www.consultusdigital.com/dtc-marketing-services/email-sms-for-luxury-fashion-brands/,/dtc-marketing-services/email-sms-for-luxury-fashion-brands/,DTC,Fashion and accessories,Service × Industry Landing Page,Luxury fashion brands,Email and SMS,/dtc-industries/luxury-fashion-brands-marketing-agency/,Index after content threshold,Phase 3,email and sms for luxury fashion brands,dtc-service-industry-sitemap.xml,Consultus campaign matrix pattern
https://www.consultusdigital.com/dtc-marketing-services/analytics-for-luxury-fashion-brands/,/dtc-marketing-services/analytics-for-luxury-fashion-brands/,DTC,Fashion and accessories,Service × Industry Landing Page,Luxury fashion brands,Analytics and Attribution,/dtc-industries/luxury-fashion-brands-marketing-agency/,Index after content threshold,Phase 3,analytics and attribution for luxury fashion brands,dtc-service-industry-sitemap.xml,Consultus campaign matrix pattern
https://www.consultusdigital.com/dtc-marketing-services/marketplace-marketing-for-luxury-fashion-brands/,/dtc-marketing-services/marketplace-marketing-for-luxury-fashion-brands/,DTC,Fashion and accessories,Service × Industry Landing Page,Luxury fashion brands,Marketplace Marketing,/dtc-industries/luxury-fashion-brands-marketing-agency/,Index after content threshold,Phase 3,marketplace marketing for luxury fashion brands,dtc-service-industry-sitemap.xml,Consultus campaign matrix pattern
https://www.consultusdigital.com/dtc-industries/sustainable-fashion-brands-marketing-agency/,/dtc-industries/sustainable-fashion-brands-marketing-agency/,DTC,Fashion and accessories,Industry Marketing Agency Page,Sustainable fashion brands,,/dtc-industries/fashion-and-accessories/,Index,Phase 2,sustainable fashion brands marketing agency,dtc-industry-agency-sitemap.xml,https://www.cardinaldigitalmarketing.com/healthcare-specialties/mental-healthcare-providers-agency/
https://www.consultusdigital.com/dtc-marketing-services/performance-marketing-for-sustainable-fashion-brands/,/dtc-marketing-services/performance-marketing-for-sustainable-fashion-brands/,DTC,Fashion and accessories,Service × Industry Landing Page,Sustainable fashion brands,Performance Marketing Agency,/dtc-industries/sustainable-fashion-brands-marketing-agency/,Index after content threshold,Phase 3,performance marketing agency for sustainable fashion brands,dtc-service-industry-sitemap.xml,Consultus campaign matrix pattern
https://www.consultusdigital.com/dtc-marketing-services/paid-social-for-sustainable-fashion-brands/,/dtc-marketing-services/paid-social-for-sustainable-fashion-brands/,DTC,Fashion and accessories,Service × Industry Landing Page,Sustainable fashion brands,Paid Social,/dtc-industries/sustainable-fashion-brands-marketing-agency/,Index after content threshold,Phase 3,paid social for sustainable fashion brands,dtc-service-industry-sitemap.xml,Consultus campaign matrix pattern
https://www.consultusdigital.com/dtc-marketing-services/paid-search-shopping-for-sustainable-fashion-brands/,/dtc-marketing-services/paid-search-shopping-for-sustainable-fashion-brands/,DTC,Fashion and accessories,Service × Industry Landing Page,Sustainable fashion brands,Paid Search and Shopping,/dtc-industries/sustainable-fashion-brands-marketing-agency/,Index after content threshold,Phase 3,paid search and shopping for sustainable fashion brands,dtc-service-industry-sitemap.xml,Consultus campaign matrix pattern
https://www.consultusdigital.com/dtc-marketing-services/seo-for-sustainable-fashion-brands/,/dtc-marketing-services/seo-for-sustainable-fashion-brands/,DTC,Fashion and accessories,Service × Industry Landing Page,Sustainable fashion brands,E-commerce SEO,/dtc-industries/sustainable-fashion-brands-marketing-agency/,Index after content threshold,Phase 3,e-commerce seo for sustainable fashion brands,dtc-service-industry-sitemap.xml,Consultus campaign matrix pattern
https://www.consultusdigital.com/dtc-marketing-services/ai-search-for-sustainable-fashion-brands/,/dtc-marketing-services/ai-search-for-sustainable-fashion-brands/,DTC,Fashion and accessories,Service × Industry Landing Page,Sustainable fashion brands,"AEO, GEO and AI Search",/dtc-industries/sustainable-fashion-brands-marketing-agency/,Index after content threshold,Phase 3,"aeo, geo and ai search for sustainable fashion brands",dtc-service-industry-sitemap.xml,Consultus campaign matrix pattern
https://www.consultusdigital.com/dtc-marketing-services/performance-creative-for-sustainable-fashion-brands/,/dtc-marketing-services/performance-creative-for-sustainable-fashion-brands/,DTC,Fashion and accessories,Service × Industry Landing Page,Sustainable fashion brands,Performance Creative,/dtc-industries/sustainable-fashion-brands-marketing-agency/,Index after content threshold,Phase 3,performance creative for sustainable fashion brands,dtc-service-industry-sitemap.xml,Consultus campaign matrix pattern
https://www.consultusdigital.com/dtc-marketing-services/shopify-cro-for-sustainable-fashion-brands/,/dtc-marketing-services/shopify-cro-for-sustainable-fashion-brands/,DTC,Fashion and accessories,Service × Industry Landing Page,Sustainable fashion brands,Shopify Development and CRO,/dtc-industries/sustainable-fashion-brands-marketing-agency/,Index after content threshold,Phase 3,shopify development and cro for sustainable fashion brands,dtc-service-industry-sitemap.xml,Consultus campaign matrix pattern
https://www.consultusdigital.com/dtc-marketing-services/email-sms-for-sustainable-fashion-brands/,/dtc-marketing-services/email-sms-for-sustainable-fashion-brands/,DTC,Fashion and accessories,Service × Industry Landing Page,Sustainable fashion brands,Email and SMS,/dtc-industries/sustainable-fashion-brands-marketing-agency/,Index after content threshold,Phase 3,email and sms for sustainable fashion brands,dtc-service-industry-sitemap.xml,Consultus campaign matrix pattern
https://www.consultusdigital.com/dtc-marketing-services/analytics-for-sustainable-fashion-brands/,/dtc-marketing-services/analytics-for-sustainable-fashion-brands/,DTC,Fashion and accessories,Service × Industry Landing Page,Sustainable fashion brands,Analytics and Attribution,/dtc-industries/sustainable-fashion-brands-marketing-agency/,Index after content threshold,Phase 3,analytics and attribution for sustainable fashion brands,dtc-service-industry-sitemap.xml,Consultus campaign matrix pattern
https://www.consultusdigital.com/dtc-marketing-services/marketplace-marketing-for-sustainable-fashion-brands/,/dtc-marketing-services/marketplace-marketing-for-sustainable-fashion-brands/,DTC,Fashion and accessories,Service × Industry Landing Page,Sustainable fashion brands,Marketplace Marketing,/dtc-industries/sustainable-fashion-brands-marketing-agency/,Index after content threshold,Phase 3,marketplace marketing for sustainable fashion brands,dtc-service-industry-sitemap.xml,Consultus campaign matrix pattern
https://www.consultusdigital.com/dtc-industries/childrens-apparel-brands-marketing-agency/,/dtc-industries/childrens-apparel-brands-marketing-agency/,DTC,Fashion and accessories,Industry Marketing Agency Page,Childrens apparel brands,,/dtc-industries/fashion-and-accessories/,Index,Phase 2,childrens apparel brands marketing agency,dtc-industry-agency-sitemap.xml,https://www.cardinaldigitalmarketing.com/healthcare-specialties/mental-healthcare-providers-agency/
https://www.consultusdigital.com/dtc-marketing-services/performance-marketing-for-childrens-apparel-brands/,/dtc-marketing-services/performance-marketing-for-childrens-apparel-brands/,DTC,Fashion and accessories,Service × Industry Landing Page,Childrens apparel brands,Performance Marketing Agency,/dtc-industries/childrens-apparel-brands-marketing-agency/,Index after content threshold,Phase 3,performance marketing agency for childrens apparel brands,dtc-service-industry-sitemap.xml,Consultus campaign matrix pattern
https://www.consultusdigital.com/dtc-marketing-services/paid-social-for-childrens-apparel-brands/,/dtc-marketing-services/paid-social-for-childrens-apparel-brands/,DTC,Fashion and accessories,Service × Industry Landing Page,Childrens apparel brands,Paid Social,/dtc-industries/childrens-apparel-brands-marketing-agency/,Index after content threshold,Phase 3,paid social for childrens apparel brands,dtc-service-industry-sitemap.xml,Consultus campaign matrix pattern
https://www.consultusdigital.com/dtc-marketing-services/paid-search-shopping-for-childrens-apparel-brands/,/dtc-marketing-services/paid-search-shopping-for-childrens-apparel-brands/,DTC,Fashion and accessories,Service × Industry Landing Page,Childrens apparel brands,Paid Search and Shopping,/dtc-industries/childrens-apparel-brands-marketing-agency/,Index after content threshold,Phase 3,paid search and shopping for childrens apparel brands,dtc-service-industry-sitemap.xml,Consultus campaign matrix pattern
https://www.consultusdigital.com/dtc-marketing-services/seo-for-childrens-apparel-brands/,/dtc-marketing-services/seo-for-childrens-apparel-brands/,DTC,Fashion and accessories,Service × Industry Landing Page,Childrens apparel brands,E-commerce SEO,/dtc-industries/childrens-apparel-brands-marketing-agency/,Index after content threshold,Phase 3,e-commerce seo for childrens apparel brands,dtc-service-industry-sitemap.xml,Consultus campaign matrix pattern
https://www.consultusdigital.com/dtc-marketing-services/ai-search-for-childrens-apparel-brands/,/dtc-marketing-services/ai-search-for-childrens-apparel-brands/,DTC,Fashion and accessories,Service × Industry Landing Page,Childrens apparel brands,"AEO, GEO and AI Search",/dtc-industries/childrens-apparel-brands-marketing-agency/,Index after content threshold,Phase 3,"aeo, geo and ai search for childrens apparel brands",dtc-service-industry-sitemap.xml,Consultus campaign matrix pattern
https://www.consultusdigital.com/dtc-marketing-services/performance-creative-for-childrens-apparel-brands/,/dtc-marketing-services/performance-creative-for-childrens-apparel-brands/,DTC,Fashion and accessories,Service × Industry Landing Page,Childrens apparel brands,Performance Creative,/dtc-industries/childrens-apparel-brands-marketing-agency/,Index after content threshold,Phase 3,performance creative for childrens apparel brands,dtc-service-industry-sitemap.xml,Consultus campaign matrix pattern
https://www.consultusdigital.com/dtc-marketing-services/shopify-cro-for-childrens-apparel-brands/,/dtc-marketing-services/shopify-cro-for-childrens-apparel-brands/,DTC,Fashion and accessories,Service × Industry Landing Page,Childrens apparel brands,Shopify Development and CRO,/dtc-industries/childrens-apparel-brands-marketing-agency/,Index after content threshold,Phase 3,shopify development and cro for childrens apparel brands,dtc-service-industry-sitemap.xml,Consultus campaign matrix pattern
https://www.consultusdigital.com/dtc-marketing-services/email-sms-for-childrens-apparel-brands/,/dtc-marketing-services/email-sms-for-childrens-apparel-brands/,DTC,Fashion and accessories,Service × Industry Landing Page,Childrens apparel brands,Email and SMS,/dtc-industries/childrens-apparel-brands-marketing-agency/,Index after content threshold,Phase 3,email and sms for childrens apparel brands,dtc-service-industry-sitemap.xml,Consultus campaign matrix pattern
https://www.consultusdigital.com/dtc-marketing-services/analytics-for-childrens-apparel-brands/,/dtc-marketing-services/analytics-for-childrens-apparel-brands/,DTC,Fashion and accessories,Service × Industry Landing Page,Childrens apparel brands,Analytics and Attribution,/dtc-industries/childrens-apparel-brands-marketing-agency/,Index after content threshold,Phase 3,analytics and attribution for childrens apparel brands,dtc-service-industry-sitemap.xml,Consultus campaign matrix pattern
https://www.consultusdigital.com/dtc-marketing-services/marketplace-marketing-for-childrens-apparel-brands/,/dtc-marketing-services/marketplace-marketing-for-childrens-apparel-brands/,DTC,Fashion and accessories,Service × Industry Landing Page,Childrens apparel brands,Marketplace Marketing,/dtc-industries/childrens-apparel-brands-marketing-agency/,Index after content threshold,Phase 3,marketplace marketing for childrens apparel brands,dtc-service-industry-sitemap.xml,Consultus campaign matrix pattern
https://www.consultusdigital.com/dtc-industries/workwear-brands-marketing-agency/,/dtc-industries/workwear-brands-marketing-agency/,DTC,Fashion and accessories,Industry Marketing Agency Page,Workwear brands,,/dtc-industries/fashion-and-accessories/,Index,Phase 2,workwear brands marketing agency,dtc-industry-agency-sitemap.xml,https://www.cardinaldigitalmarketing.com/healthcare-specialties/mental-healthcare-providers-agency/
https://www.consultusdigital.com/dtc-marketing-services/performance-marketing-for-workwear-brands/,/dtc-marketing-services/performance-marketing-for-workwear-brands/,DTC,Fashion and accessories,Service × Industry Landing Page,Workwear brands,Performance Marketing Agency,/dtc-industries/workwear-brands-marketing-agency/,Index after content threshold,Phase 3,performance marketing agency for workwear brands,dtc-service-industry-sitemap.xml,Consultus campaign matrix pattern
https://www.consultusdigital.com/dtc-marketing-services/paid-social-for-workwear-brands/,/dtc-marketing-services/paid-social-for-workwear-brands/,DTC,Fashion and accessories,Service × Industry Landing Page,Workwear brands,Paid Social,/dtc-industries/workwear-brands-marketing-agency/,Index after content threshold,Phase 3,paid social for workwear brands,dtc-service-industry-sitemap.xml,Consultus campaign matrix pattern
https://www.consultusdigital.com/dtc-marketing-services/paid-search-shopping-for-workwear-brands/,/dtc-marketing-services/paid-search-shopping-for-workwear-brands/,DTC,Fashion and accessories,Service × Industry Landing Page,Workwear brands,Paid Search and Shopping,/dtc-industries/workwear-brands-marketing-agency/,Index after content threshold,Phase 3,paid search and shopping for workwear brands,dtc-service-industry-sitemap.xml,Consultus campaign matrix pattern
https://www.consultusdigital.com/dtc-marketing-services/seo-for-workwear-brands/,/dtc-marketing-services/seo-for-workwear-brands/,DTC,Fashion and accessories,Service × Industry Landing Page,Workwear brands,E-commerce SEO,/dtc-industries/workwear-brands-marketing-agency/,Index after content threshold,Phase 3,e-commerce seo for workwear brands,dtc-service-industry-sitemap.xml,Consultus campaign matrix pattern
https://www.consultusdigital.com/dtc-marketing-services/ai-search-for-workwear-brands/,/dtc-marketing-services/ai-search-for-workwear-brands/,DTC,Fashion and accessories,Service × Industry Landing Page,Workwear brands,"AEO, GEO and AI Search",/dtc-industries/workwear-brands-marketing-agency/,Index after content threshold,Phase 3,"aeo, geo and ai search for workwear brands",dtc-service-industry-sitemap.xml,Consultus campaign matrix pattern
https://www.consultusdigital.com/dtc-marketing-services/performance-creative-for-workwear-brands/,/dtc-marketing-services/performance-creative-for-workwear-brands/,DTC,Fashion and accessories,Service × Industry Landing Page,Workwear brands,Performance Creative,/dtc-industries/workwear-brands-marketing-agency/,Index after content threshold,Phase 3,performance creative for workwear brands,dtc-service-industry-sitemap.xml,Consultus campaign matrix pattern
https://www.consultusdigital.com/dtc-marketing-services/shopify-cro-for-workwear-brands/,/dtc-marketing-services/shopify-cro-for-workwear-brands/,DTC,Fashion and accessories,Service × Industry Landing Page,Workwear brands,Shopify Development and CRO,/dtc-industries/workwear-brands-marketing-agency/,Index after content threshold,Phase 3,shopify development and cro for workwear brands,dtc-service-industry-sitemap.xml,Consultus campaign matrix pattern
https://www.consultusdigital.com/dtc-marketing-services/email-sms-for-workwear-brands/,/dtc-marketing-services/email-sms-for-workwear-brands/,DTC,Fashion and accessories,Service × Industry Landing Page,Workwear brands,Email and SMS,/dtc-industries/workwear-brands-marketing-agency/,Index after content threshold,Phase 3,email and sms for workwear brands,dtc-service-industry-sitemap.xml,Consultus campaign matrix pattern
https://www.consultusdigital.com/dtc-marketing-services/analytics-for-workwear-brands/,/dtc-marketing-services/analytics-for-workwear-brands/,DTC,Fashion and accessories,Service × Industry Landing Page,Workwear brands,Analytics and Attribution,/dtc-industries/workwear-brands-marketing-agency/,Index after content threshold,Phase 3,analytics and attribution for workwear brands,dtc-service-industry-sitemap.xml,Consultus campaign matrix pattern
https://www.consultusdigital.com/dtc-marketing-services/marketplace-marketing-for-workwear-brands/,/dtc-marketing-services/marketplace-marketing-for-workwear-brands/,DTC,Fashion and accessories,Service × Industry Landing Page,Workwear brands,Marketplace Marketing,/dtc-industries/workwear-brands-marketing-agency/,Index after content threshold,Phase 3,marketplace marketing for workwear brands,dtc-service-industry-sitemap.xml,Consultus campaign matrix pattern
https://www.consultusdigital.com/dtc-industries/outdoor-apparel-brands-marketing-agency/,/dtc-industries/outdoor-apparel-brands-marketing-agency/,DTC,Fashion and accessories,Industry Marketing Agency Page,Outdoor apparel brands,,/dtc-industries/fashion-and-accessories/,Index,Phase 2,outdoor apparel brands marketing agency,dtc-industry-agency-sitemap.xml,https://www.cardinaldigitalmarketing.com/healthcare-specialties/mental-healthcare-providers-agency/
https://www.consultusdigital.com/dtc-marketing-services/performance-marketing-for-outdoor-apparel-brands/,/dtc-marketing-services/performance-marketing-for-outdoor-apparel-brands/,DTC,Fashion and accessories,Service × Industry Landing Page,Outdoor apparel brands,Performance Marketing Agency,/dtc-industries/outdoor-apparel-brands-marketing-agency/,Index after content threshold,Phase 3,performance marketing agency for outdoor apparel brands,dtc-service-industry-sitemap.xml,Consultus campaign matrix pattern
https://www.consultusdigital.com/dtc-marketing-services/paid-social-for-outdoor-apparel-brands/,/dtc-marketing-services/paid-social-for-outdoor-apparel-brands/,DTC,Fashion and accessories,Service × Industry Landing Page,Outdoor apparel brands,Paid Social,/dtc-industries/outdoor-apparel-brands-marketing-agency/,Index after content threshold,Phase 3,paid social for outdoor apparel brands,dtc-service-industry-sitemap.xml,Consultus campaign matrix pattern
https://www.consultusdigital.com/dtc-marketing-services/paid-search-shopping-for-outdoor-apparel-brands/,/dtc-marketing-services/paid-search-shopping-for-outdoor-apparel-brands/,DTC,Fashion and accessories,Service × Industry Landing Page,Outdoor apparel brands,Paid Search and Shopping,/dtc-industries/outdoor-apparel-brands-marketing-agency/,Index after content threshold,Phase 3,paid search and shopping for outdoor apparel brands,dtc-service-industry-sitemap.xml,Consultus campaign matrix pattern
https://www.consultusdigital.com/dtc-marketing-services/seo-for-outdoor-apparel-brands/,/dtc-marketing-services/seo-for-outdoor-apparel-brands/,DTC,Fashion and accessories,Service × Industry Landing Page,Outdoor apparel brands,E-commerce SEO,/dtc-industries/outdoor-apparel-brands-marketing-agency/,Index after content threshold,Phase 3,e-commerce seo for outdoor apparel brands,dtc-service-industry-sitemap.xml,Consultus campaign matrix pattern
https://www.consultusdigital.com/dtc-marketing-services/ai-search-for-outdoor-apparel-brands/,/dtc-marketing-services/ai-search-for-outdoor-apparel-brands/,DTC,Fashion and accessories,Service × Industry Landing Page,Outdoor apparel brands,"AEO, GEO and AI Search",/dtc-industries/outdoor-apparel-brands-marketing-agency/,Index after content threshold,Phase 3,"aeo, geo and ai search for outdoor apparel brands",dtc-service-industry-sitemap.xml,Consultus campaign matrix pattern
https://www.consultusdigital.com/dtc-marketing-services/performance-creative-for-outdoor-apparel-brands/,/dtc-marketing-services/performance-creative-for-outdoor-apparel-brands/,DTC,Fashion and accessories,Service × Industry Landing Page,Outdoor apparel brands,Performance Creative,/dtc-industries/outdoor-apparel-brands-marketing-agency/,Index after content threshold,Phase 3,performance creative for outdoor apparel brands,dtc-service-industry-sitemap.xml,Consultus campaign matrix pattern
https://www.consultusdigital.com/dtc-marketing-services/shopify-cro-for-outdoor-apparel-brands/,/dtc-marketing-services/shopify-cro-for-outdoor-apparel-brands/,DTC,Fashion and accessories,Service × Industry Landing Page,Outdoor apparel brands,Shopify Development and CRO,/dtc-industries/outdoor-apparel-brands-marketing-agency/,Index after content threshold,Phase 3,shopify development and cro for outdoor apparel brands,dtc-service-industry-sitemap.xml,Consultus campaign matrix pattern
https://www.consultusdigital.com/dtc-marketing-services/email-sms-for-outdoor-apparel-brands/,/dtc-marketing-services/email-sms-for-outdoor-apparel-brands/,DTC,Fashion and accessories,Service × Industry Landing Page,Outdoor apparel brands,Email and SMS,/dtc-industries/outdoor-apparel-brands-marketing-agency/,Index after content threshold,Phase 3,email and sms for outdoor apparel brands,dtc-service-industry-sitemap.xml,Consultus campaign matrix pattern
https://www.consultusdigital.com/dtc-marketing-services/analytics-for-outdoor-apparel-brands/,/dtc-marketing-services/analytics-for-outdoor-apparel-brands/,DTC,Fashion and accessories,Service × Industry Landing Page,Outdoor apparel brands,Analytics and Attribution,/dtc-industries/outdoor-apparel-brands-marketing-agency/,Index after content threshold,Phase 3,analytics and attribution for outdoor apparel brands,dtc-service-industry-sitemap.xml,Consultus campaign matrix pattern
https://www.consultusdigital.com/dtc-marketing-services/marketplace-marketing-for-outdoor-apparel-brands/,/dtc-marketing-services/marketplace-marketing-for-outdoor-apparel-brands/,DTC,Fashion and accessories,Service × Industry Landing Page,Outdoor apparel brands,Marketplace Marketing,/dtc-industries/outdoor-apparel-brands-marketing-agency/,Index after content threshold,Phase 3,marketplace marketing for outdoor apparel brands,dtc-service-industry-sitemap.xml,Consultus campaign matrix pattern
https://www.consultusdigital.com/dtc-industries/home-and-lifestyle/,/dtc-industries/home-and-lifestyle/,DTC,Home and lifestyle,Sector Hub,Home and lifestyle,,/dtc-industries/,Index,Phase 1,home and lifestyle marketing agency,dtc-industry-agency-sitemap.xml,https://www.cardinaldigitalmarketing.com/healthcare-specialties/mental-healthcare-providers-agency/
https://www.consultusdigital.com/dtc-industries/furniture-brands-marketing-agency/,/dtc-industries/furniture-brands-marketing-agency/,DTC,Home and lifestyle,Industry Marketing Agency Page,Furniture brands,,/dtc-industries/home-and-lifestyle/,Index,Phase 2,furniture brands marketing agency,dtc-industry-agency-sitemap.xml,https://www.cardinaldigitalmarketing.com/healthcare-specialties/mental-healthcare-providers-agency/
https://www.consultusdigital.com/dtc-marketing-services/performance-marketing-for-furniture-brands/,/dtc-marketing-services/performance-marketing-for-furniture-brands/,DTC,Home and lifestyle,Service × Industry Landing Page,Furniture brands,Performance Marketing Agency,/dtc-industries/furniture-brands-marketing-agency/,Index after content threshold,Phase 3,performance marketing agency for furniture brands,dtc-service-industry-sitemap.xml,Consultus campaign matrix pattern
https://www.consultusdigital.com/dtc-marketing-services/paid-social-for-furniture-brands/,/dtc-marketing-services/paid-social-for-furniture-brands/,DTC,Home and lifestyle,Service × Industry Landing Page,Furniture brands,Paid Social,/dtc-industries/furniture-brands-marketing-agency/,Index after content threshold,Phase 3,paid social for furniture brands,dtc-service-industry-sitemap.xml,Consultus campaign matrix pattern
https://www.consultusdigital.com/dtc-marketing-services/paid-search-shopping-for-furniture-brands/,/dtc-marketing-services/paid-search-shopping-for-furniture-brands/,DTC,Home and lifestyle,Service × Industry Landing Page,Furniture brands,Paid Search and Shopping,/dtc-industries/furniture-brands-marketing-agency/,Index after content threshold,Phase 3,paid search and shopping for furniture brands,dtc-service-industry-sitemap.xml,Consultus campaign matrix pattern
https://www.consultusdigital.com/dtc-marketing-services/seo-for-furniture-brands/,/dtc-marketing-services/seo-for-furniture-brands/,DTC,Home and lifestyle,Service × Industry Landing Page,Furniture brands,E-commerce SEO,/dtc-industries/furniture-brands-marketing-agency/,Index after content threshold,Phase 3,e-commerce seo for furniture brands,dtc-service-industry-sitemap.xml,Consultus campaign matrix pattern
https://www.consultusdigital.com/dtc-marketing-services/ai-search-for-furniture-brands/,/dtc-marketing-services/ai-search-for-furniture-brands/,DTC,Home and lifestyle,Service × Industry Landing Page,Furniture brands,"AEO, GEO and AI Search",/dtc-industries/furniture-brands-marketing-agency/,Index after content threshold,Phase 3,"aeo, geo and ai search for furniture brands",dtc-service-industry-sitemap.xml,Consultus campaign matrix pattern
https://www.consultusdigital.com/dtc-marketing-services/performance-creative-for-furniture-brands/,/dtc-marketing-services/performance-creative-for-furniture-brands/,DTC,Home and lifestyle,Service × Industry Landing Page,Furniture brands,Performance Creative,/dtc-industries/furniture-brands-marketing-agency/,Index after content threshold,Phase 3,performance creative for furniture brands,dtc-service-industry-sitemap.xml,Consultus campaign matrix pattern
https://www.consultusdigital.com/dtc-marketing-services/shopify-cro-for-furniture-brands/,/dtc-marketing-services/shopify-cro-for-furniture-brands/,DTC,Home and lifestyle,Service × Industry Landing Page,Furniture brands,Shopify Development and CRO,/dtc-industries/furniture-brands-marketing-agency/,Index after content threshold,Phase 3,shopify development and cro for furniture brands,dtc-service-industry-sitemap.xml,Consultus campaign matrix pattern
https://www.consultusdigital.com/dtc-marketing-services/email-sms-for-furniture-brands/,/dtc-marketing-services/email-sms-for-furniture-brands/,DTC,Home and lifestyle,Service × Industry Landing Page,Furniture brands,Email and SMS,/dtc-industries/furniture-brands-marketing-agency/,Index after content threshold,Phase 3,email and sms for furniture brands,dtc-service-industry-sitemap.xml,Consultus campaign matrix pattern
https://www.consultusdigital.com/dtc-marketing-services/analytics-for-furniture-brands/,/dtc-marketing-services/analytics-for-furniture-brands/,DTC,Home and lifestyle,Service × Industry Landing Page,Furniture brands,Analytics and Attribution,/dtc-industries/furniture-brands-marketing-agency/,Index after content threshold,Phase 3,analytics and attribution for furniture brands,dtc-service-industry-sitemap.xml,Consultus campaign matrix pattern
https://www.consultusdigital.com/dtc-marketing-services/marketplace-marketing-for-furniture-brands/,/dtc-marketing-services/marketplace-marketing-for-furniture-brands/,DTC,Home and lifestyle,Service × Industry Landing Page,Furniture brands,Marketplace Marketing,/dtc-industries/furniture-brands-marketing-agency/,Index after content threshold,Phase 3,marketplace marketing for furniture brands,dtc-service-industry-sitemap.xml,Consultus campaign matrix pattern
https://www.consultusdigital.com/dtc-industries/home-decor-brands-marketing-agency/,/dtc-industries/home-decor-brands-marketing-agency/,DTC,Home and lifestyle,Industry Marketing Agency Page,Home decor brands,,/dtc-industries/home-and-lifestyle/,Index,Phase 2,home decor brands marketing agency,dtc-industry-agency-sitemap.xml,https://www.cardinaldigitalmarketing.com/healthcare-specialties/mental-healthcare-providers-agency/
https://www.consultusdigital.com/dtc-marketing-services/performance-marketing-for-home-decor-brands/,/dtc-marketing-services/performance-marketing-for-home-decor-brands/,DTC,Home and lifestyle,Service × Industry Landing Page,Home decor brands,Performance Marketing Agency,/dtc-industries/home-decor-brands-marketing-agency/,Index after content threshold,Phase 3,performance marketing agency for home decor brands,dtc-service-industry-sitemap.xml,Consultus campaign matrix pattern
https://www.consultusdigital.com/dtc-marketing-services/paid-social-for-home-decor-brands/,/dtc-marketing-services/paid-social-for-home-decor-brands/,DTC,Home and lifestyle,Service × Industry Landing Page,Home decor brands,Paid Social,/dtc-industries/home-decor-brands-marketing-agency/,Index after content threshold,Phase 3,paid social for home decor brands,dtc-service-industry-sitemap.xml,Consultus campaign matrix pattern
https://www.consultusdigital.com/dtc-marketing-services/paid-search-shopping-for-home-decor-brands/,/dtc-marketing-services/paid-search-shopping-for-home-decor-brands/,DTC,Home and lifestyle,Service × Industry Landing Page,Home decor brands,Paid Search and Shopping,/dtc-industries/home-decor-brands-marketing-agency/,Index after content threshold,Phase 3,paid search and shopping for home decor brands,dtc-service-industry-sitemap.xml,Consultus campaign matrix pattern
https://www.consultusdigital.com/dtc-marketing-services/seo-for-home-decor-brands/,/dtc-marketing-services/seo-for-home-decor-brands/,DTC,Home and lifestyle,Service × Industry Landing Page,Home decor brands,E-commerce SEO,/dtc-industries/home-decor-brands-marketing-agency/,Index after content threshold,Phase 3,e-commerce seo for home decor brands,dtc-service-industry-sitemap.xml,Consultus campaign matrix pattern
https://www.consultusdigital.com/dtc-marketing-services/ai-search-for-home-decor-brands/,/dtc-marketing-services/ai-search-for-home-decor-brands/,DTC,Home and lifestyle,Service × Industry Landing Page,Home decor brands,"AEO, GEO and AI Search",/dtc-industries/home-decor-brands-marketing-agency/,Index after content threshold,Phase 3,"aeo, geo and ai search for home decor brands",dtc-service-industry-sitemap.xml,Consultus campaign matrix pattern
https://www.consultusdigital.com/dtc-marketing-services/performance-creative-for-home-decor-brands/,/dtc-marketing-services/performance-creative-for-home-decor-brands/,DTC,Home and lifestyle,Service × Industry Landing Page,Home decor brands,Performance Creative,/dtc-industries/home-decor-brands-marketing-agency/,Index after content threshold,Phase 3,performance creative for home decor brands,dtc-service-industry-sitemap.xml,Consultus campaign matrix pattern
https://www.consultusdigital.com/dtc-marketing-services/shopify-cro-for-home-decor-brands/,/dtc-marketing-services/shopify-cro-for-home-decor-brands/,DTC,Home and lifestyle,Service × Industry Landing Page,Home decor brands,Shopify Development and CRO,/dtc-industries/home-decor-brands-marketing-agency/,Index after content threshold,Phase 3,shopify development and cro for home decor brands,dtc-service-industry-sitemap.xml,Consultus campaign matrix pattern
https://www.consultusdigital.com/dtc-marketing-services/email-sms-for-home-decor-brands/,/dtc-marketing-services/email-sms-for-home-decor-brands/,DTC,Home and lifestyle,Service × Industry Landing Page,Home decor brands,Email and SMS,/dtc-industries/home-decor-brands-marketing-agency/,Index after content threshold,Phase 3,email and sms for home decor brands,dtc-service-industry-sitemap.xml,Consultus campaign matrix pattern
https://www.consultusdigital.com/dtc-marketing-services/analytics-for-home-decor-brands/,/dtc-marketing-services/analytics-for-home-decor-brands/,DTC,Home and lifestyle,Service × Industry Landing Page,Home decor brands,Analytics and Attribution,/dtc-industries/home-decor-brands-marketing-agency/,Index after content threshold,Phase 3,analytics and attribution for home decor brands,dtc-service-industry-sitemap.xml,Consultus campaign matrix pattern
https://www.consultusdigital.com/dtc-marketing-services/marketplace-marketing-for-home-decor-brands/,/dtc-marketing-services/marketplace-marketing-for-home-decor-brands/,DTC,Home and lifestyle,Service × Industry Landing Page,Home decor brands,Marketplace Marketing,/dtc-industries/home-decor-brands-marketing-agency/,Index after content threshold,Phase 3,marketplace marketing for home decor brands,dtc-service-industry-sitemap.xml,Consultus campaign matrix pattern
https://www.consultusdigital.com/dtc-industries/mattress-brands-marketing-agency/,/dtc-industries/mattress-brands-marketing-agency/,DTC,Home and lifestyle,Industry Marketing Agency Page,Mattress brands,,/dtc-industries/home-and-lifestyle/,Index,Phase 2,mattress brands marketing agency,dtc-industry-agency-sitemap.xml,https://www.cardinaldigitalmarketing.com/healthcare-specialties/mental-healthcare-providers-agency/
https://www.consultusdigital.com/dtc-marketing-services/performance-marketing-for-mattress-brands/,/dtc-marketing-services/performance-marketing-for-mattress-brands/,DTC,Home and lifestyle,Service × Industry Landing Page,Mattress brands,Performance Marketing Agency,/dtc-industries/mattress-brands-marketing-agency/,Index after content threshold,Phase 3,performance marketing agency for mattress brands,dtc-service-industry-sitemap.xml,Consultus campaign matrix pattern
https://www.consultusdigital.com/dtc-marketing-services/paid-social-for-mattress-brands/,/dtc-marketing-services/paid-social-for-mattress-brands/,DTC,Home and lifestyle,Service × Industry Landing Page,Mattress brands,Paid Social,/dtc-industries/mattress-brands-marketing-agency/,Index after content threshold,Phase 3,paid social for mattress brands,dtc-service-industry-sitemap.xml,Consultus campaign matrix pattern
https://www.consultusdigital.com/dtc-marketing-services/paid-search-shopping-for-mattress-brands/,/dtc-marketing-services/paid-search-shopping-for-mattress-brands/,DTC,Home and lifestyle,Service × Industry Landing Page,Mattress brands,Paid Search and Shopping,/dtc-industries/mattress-brands-marketing-agency/,Index after content threshold,Phase 3,paid search and shopping for mattress brands,dtc-service-industry-sitemap.xml,Consultus campaign matrix pattern
https://www.consultusdigital.com/dtc-marketing-services/seo-for-mattress-brands/,/dtc-marketing-services/seo-for-mattress-brands/,DTC,Home and lifestyle,Service × Industry Landing Page,Mattress brands,E-commerce SEO,/dtc-industries/mattress-brands-marketing-agency/,Index after content threshold,Phase 3,e-commerce seo for mattress brands,dtc-service-industry-sitemap.xml,Consultus campaign matrix pattern
https://www.consultusdigital.com/dtc-marketing-services/ai-search-for-mattress-brands/,/dtc-marketing-services/ai-search-for-mattress-brands/,DTC,Home and lifestyle,Service × Industry Landing Page,Mattress brands,"AEO, GEO and AI Search",/dtc-industries/mattress-brands-marketing-agency/,Index after content threshold,Phase 3,"aeo, geo and ai search for mattress brands",dtc-service-industry-sitemap.xml,Consultus campaign matrix pattern
https://www.consultusdigital.com/dtc-marketing-services/performance-creative-for-mattress-brands/,/dtc-marketing-services/performance-creative-for-mattress-brands/,DTC,Home and lifestyle,Service × Industry Landing Page,Mattress brands,Performance Creative,/dtc-industries/mattress-brands-marketing-agency/,Index after content threshold,Phase 3,performance creative for mattress brands,dtc-service-industry-sitemap.xml,Consultus campaign matrix pattern
https://www.consultusdigital.com/dtc-marketing-services/shopify-cro-for-mattress-brands/,/dtc-marketing-services/shopify-cro-for-mattress-brands/,DTC,Home and lifestyle,Service × Industry Landing Page,Mattress brands,Shopify Development and CRO,/dtc-industries/mattress-brands-marketing-agency/,Index after content threshold,Phase 3,shopify development and cro for mattress brands,dtc-service-industry-sitemap.xml,Consultus campaign matrix pattern
https://www.consultusdigital.com/dtc-marketing-services/email-sms-for-mattress-brands/,/dtc-marketing-services/email-sms-for-mattress-brands/,DTC,Home and lifestyle,Service × Industry Landing Page,Mattress brands,Email and SMS,/dtc-industries/mattress-brands-marketing-agency/,Index after content threshold,Phase 3,email and sms for mattress brands,dtc-service-industry-sitemap.xml,Consultus campaign matrix pattern
https://www.consultusdigital.com/dtc-marketing-services/analytics-for-mattress-brands/,/dtc-marketing-services/analytics-for-mattress-brands/,DTC,Home and lifestyle,Service × Industry Landing Page,Mattress brands,Analytics and Attribution,/dtc-industries/mattress-brands-marketing-agency/,Index after content threshold,Phase 3,analytics and attribution for mattress brands,dtc-service-industry-sitemap.xml,Consultus campaign matrix pattern
https://www.consultusdigital.com/dtc-marketing-services/marketplace-marketing-for-mattress-brands/,/dtc-marketing-services/marketplace-marketing-for-mattress-brands/,DTC,Home and lifestyle,Service × Industry Landing Page,Mattress brands,Marketplace Marketing,/dtc-industries/mattress-brands-marketing-agency/,Index after content threshold,Phase 3,marketplace marketing for mattress brands,dtc-service-industry-sitemap.xml,Consultus campaign matrix pattern
https://www.consultusdigital.com/dtc-industries/bedding-brands-marketing-agency/,/dtc-industries/bedding-brands-marketing-agency/,DTC,Home and lifestyle,Industry Marketing Agency Page,Bedding brands,,/dtc-industries/home-and-lifestyle/,Index,Phase 2,bedding brands marketing agency,dtc-industry-agency-sitemap.xml,https://www.cardinaldigitalmarketing.com/healthcare-specialties/mental-healthcare-providers-agency/
https://www.consultusdigital.com/dtc-marketing-services/performance-marketing-for-bedding-brands/,/dtc-marketing-services/performance-marketing-for-bedding-brands/,DTC,Home and lifestyle,Service × Industry Landing Page,Bedding brands,Performance Marketing Agency,/dtc-industries/bedding-brands-marketing-agency/,Index after content threshold,Phase 3,performance marketing agency for bedding brands,dtc-service-industry-sitemap.xml,Consultus campaign matrix pattern
https://www.consultusdigital.com/dtc-marketing-services/paid-social-for-bedding-brands/,/dtc-marketing-services/paid-social-for-bedding-brands/,DTC,Home and lifestyle,Service × Industry Landing Page,Bedding brands,Paid Social,/dtc-industries/bedding-brands-marketing-agency/,Index after content threshold,Phase 3,paid social for bedding brands,dtc-service-industry-sitemap.xml,Consultus campaign matrix pattern
https://www.consultusdigital.com/dtc-marketing-services/paid-search-shopping-for-bedding-brands/,/dtc-marketing-services/paid-search-shopping-for-bedding-brands/,DTC,Home and lifestyle,Service × Industry Landing Page,Bedding brands,Paid Search and Shopping,/dtc-industries/bedding-brands-marketing-agency/,Index after content threshold,Phase 3,paid search and shopping for bedding brands,dtc-service-industry-sitemap.xml,Consultus campaign matrix pattern
https://www.consultusdigital.com/dtc-marketing-services/seo-for-bedding-brands/,/dtc-marketing-services/seo-for-bedding-brands/,DTC,Home and lifestyle,Service × Industry Landing Page,Bedding brands,E-commerce SEO,/dtc-industries/bedding-brands-marketing-agency/,Index after content threshold,Phase 3,e-commerce seo for bedding brands,dtc-service-industry-sitemap.xml,Consultus campaign matrix pattern
https://www.consultusdigital.com/dtc-marketing-services/ai-search-for-bedding-brands/,/dtc-marketing-services/ai-search-for-bedding-brands/,DTC,Home and lifestyle,Service × Industry Landing Page,Bedding brands,"AEO, GEO and AI Search",/dtc-industries/bedding-brands-marketing-agency/,Index after content threshold,Phase 3,"aeo, geo and ai search for bedding brands",dtc-service-industry-sitemap.xml,Consultus campaign matrix pattern
https://www.consultusdigital.com/dtc-marketing-services/performance-creative-for-bedding-brands/,/dtc-marketing-services/performance-creative-for-bedding-brands/,DTC,Home and lifestyle,Service × Industry Landing Page,Bedding brands,Performance Creative,/dtc-industries/bedding-brands-marketing-agency/,Index after content threshold,Phase 3,performance creative for bedding brands,dtc-service-industry-sitemap.xml,Consultus campaign matrix pattern
https://www.consultusdigital.com/dtc-marketing-services/shopify-cro-for-bedding-brands/,/dtc-marketing-services/shopify-cro-for-bedding-brands/,DTC,Home and lifestyle,Service × Industry Landing Page,Bedding brands,Shopify Development and CRO,/dtc-industries/bedding-brands-marketing-agency/,Index after content threshold,Phase 3,shopify development and cro for bedding brands,dtc-service-industry-sitemap.xml,Consultus campaign matrix pattern
https://www.consultusdigital.com/dtc-marketing-services/email-sms-for-bedding-brands/,/dtc-marketing-services/email-sms-for-bedding-brands/,DTC,Home and lifestyle,Service × Industry Landing Page,Bedding brands,Email and SMS,/dtc-industries/bedding-brands-marketing-agency/,Index after content threshold,Phase 3,email and sms for bedding brands,dtc-service-industry-sitemap.xml,Consultus campaign matrix pattern
https://www.consultusdigital.com/dtc-marketing-services/analytics-for-bedding-brands/,/dtc-marketing-services/analytics-for-bedding-brands/,DTC,Home and lifestyle,Service × Industry Landing Page,Bedding brands,Analytics and Attribution,/dtc-industries/bedding-brands-marketing-agency/,Index after content threshold,Phase 3,analytics and attribution for bedding brands,dtc-service-industry-sitemap.xml,Consultus campaign matrix pattern
https://www.consultusdigital.com/dtc-marketing-services/marketplace-marketing-for-bedding-brands/,/dtc-marketing-services/marketplace-marketing-for-bedding-brands/,DTC,Home and lifestyle,Service × Industry Landing Page,Bedding brands,Marketplace Marketing,/dtc-industries/bedding-brands-marketing-agency/,Index after content threshold,Phase 3,marketplace marketing for bedding brands,dtc-service-industry-sitemap.xml,Consultus campaign matrix pattern
https://www.consultusdigital.com/dtc-industries/kitchenware-brands-marketing-agency/,/dtc-industries/kitchenware-brands-marketing-agency/,DTC,Home and lifestyle,Industry Marketing Agency Page,Kitchenware brands,,/dtc-industries/home-and-lifestyle/,Index,Phase 2,kitchenware brands marketing agency,dtc-industry-agency-sitemap.xml,https://www.cardinaldigitalmarketing.com/healthcare-specialties/mental-healthcare-providers-agency/
https://www.consultusdigital.com/dtc-marketing-services/performance-marketing-for-kitchenware-brands/,/dtc-marketing-services/performance-marketing-for-kitchenware-brands/,DTC,Home and lifestyle,Service × Industry Landing Page,Kitchenware brands,Performance Marketing Agency,/dtc-industries/kitchenware-brands-marketing-agency/,Index after content threshold,Phase 3,performance marketing agency for kitchenware brands,dtc-service-industry-sitemap.xml,Consultus campaign matrix pattern
https://www.consultusdigital.com/dtc-marketing-services/paid-social-for-kitchenware-brands/,/dtc-marketing-services/paid-social-for-kitchenware-brands/,DTC,Home and lifestyle,Service × Industry Landing Page,Kitchenware brands,Paid Social,/dtc-industries/kitchenware-brands-marketing-agency/,Index after content threshold,Phase 3,paid social for kitchenware brands,dtc-service-industry-sitemap.xml,Consultus campaign matrix pattern
https://www.consultusdigital.com/dtc-marketing-services/paid-search-shopping-for-kitchenware-brands/,/dtc-marketing-services/paid-search-shopping-for-kitchenware-brands/,DTC,Home and lifestyle,Service × Industry Landing Page,Kitchenware brands,Paid Search and Shopping,/dtc-industries/kitchenware-brands-marketing-agency/,Index after content threshold,Phase 3,paid search and shopping for kitchenware brands,dtc-service-industry-sitemap.xml,Consultus campaign matrix pattern
https://www.consultusdigital.com/dtc-marketing-services/seo-for-kitchenware-brands/,/dtc-marketing-services/seo-for-kitchenware-brands/,DTC,Home and lifestyle,Service × Industry Landing Page,Kitchenware brands,E-commerce SEO,/dtc-industries/kitchenware-brands-marketing-agency/,Index after content threshold,Phase 3,e-commerce seo for kitchenware brands,dtc-service-industry-sitemap.xml,Consultus campaign matrix pattern
https://www.consultusdigital.com/dtc-marketing-services/ai-search-for-kitchenware-brands/,/dtc-marketing-services/ai-search-for-kitchenware-brands/,DTC,Home and lifestyle,Service × Industry Landing Page,Kitchenware brands,"AEO, GEO and AI Search",/dtc-industries/kitchenware-brands-marketing-agency/,Index after content threshold,Phase 3,"aeo, geo and ai search for kitchenware brands",dtc-service-industry-sitemap.xml,Consultus campaign matrix pattern
https://www.consultusdigital.com/dtc-marketing-services/performance-creative-for-kitchenware-brands/,/dtc-marketing-services/performance-creative-for-kitchenware-brands/,DTC,Home and lifestyle,Service × Industry Landing Page,Kitchenware brands,Performance Creative,/dtc-industries/kitchenware-brands-marketing-agency/,Index after content threshold,Phase 3,performance creative for kitchenware brands,dtc-service-industry-sitemap.xml,Consultus campaign matrix pattern
https://www.consultusdigital.com/dtc-marketing-services/shopify-cro-for-kitchenware-brands/,/dtc-marketing-services/shopify-cro-for-kitchenware-brands/,DTC,Home and lifestyle,Service × Industry Landing Page,Kitchenware brands,Shopify Development and CRO,/dtc-industries/kitchenware-brands-marketing-agency/,Index after content threshold,Phase 3,shopify development and cro for kitchenware brands,dtc-service-industry-sitemap.xml,Consultus campaign matrix pattern
https://www.consultusdigital.com/dtc-marketing-services/email-sms-for-kitchenware-brands/,/dtc-marketing-services/email-sms-for-kitchenware-brands/,DTC,Home and lifestyle,Service × Industry Landing Page,Kitchenware brands,Email and SMS,/dtc-industries/kitchenware-brands-marketing-agency/,Index after content threshold,Phase 3,email and sms for kitchenware brands,dtc-service-industry-sitemap.xml,Consultus campaign matrix pattern
https://www.consultusdigital.com/dtc-marketing-services/analytics-for-kitchenware-brands/,/dtc-marketing-services/analytics-for-kitchenware-brands/,DTC,Home and lifestyle,Service × Industry Landing Page,Kitchenware brands,Analytics and Attribution,/dtc-industries/kitchenware-brands-marketing-agency/,Index after content threshold,Phase 3,analytics and attribution for kitchenware brands,dtc-service-industry-sitemap.xml,Consultus campaign matrix pattern
https://www.consultusdigital.com/dtc-marketing-services/marketplace-marketing-for-kitchenware-brands/,/dtc-marketing-services/marketplace-marketing-for-kitchenware-brands/,DTC,Home and lifestyle,Service × Industry Landing Page,Kitchenware brands,Marketplace Marketing,/dtc-industries/kitchenware-brands-marketing-agency/,Index after content threshold,Phase 3,marketplace marketing for kitchenware brands,dtc-service-industry-sitemap.xml,Consultus campaign matrix pattern
https://www.consultusdigital.com/dtc-industries/cookware-brands-marketing-agency/,/dtc-industries/cookware-brands-marketing-agency/,DTC,Home and lifestyle,Industry Marketing Agency Page,Cookware brands,,/dtc-industries/home-and-lifestyle/,Index,Phase 2,cookware brands marketing agency,dtc-industry-agency-sitemap.xml,https://www.cardinaldigitalmarketing.com/healthcare-specialties/mental-healthcare-providers-agency/
https://www.consultusdigital.com/dtc-marketing-services/performance-marketing-for-cookware-brands/,/dtc-marketing-services/performance-marketing-for-cookware-brands/,DTC,Home and lifestyle,Service × Industry Landing Page,Cookware brands,Performance Marketing Agency,/dtc-industries/cookware-brands-marketing-agency/,Index after content threshold,Phase 3,performance marketing agency for cookware brands,dtc-service-industry-sitemap.xml,Consultus campaign matrix pattern
https://www.consultusdigital.com/dtc-marketing-services/paid-social-for-cookware-brands/,/dtc-marketing-services/paid-social-for-cookware-brands/,DTC,Home and lifestyle,Service × Industry Landing Page,Cookware brands,Paid Social,/dtc-industries/cookware-brands-marketing-agency/,Index after content threshold,Phase 3,paid social for cookware brands,dtc-service-industry-sitemap.xml,Consultus campaign matrix pattern
https://www.consultusdigital.com/dtc-marketing-services/paid-search-shopping-for-cookware-brands/,/dtc-marketing-services/paid-search-shopping-for-cookware-brands/,DTC,Home and lifestyle,Service × Industry Landing Page,Cookware brands,Paid Search and Shopping,/dtc-industries/cookware-brands-marketing-agency/,Index after content threshold,Phase 3,paid search and shopping for cookware brands,dtc-service-industry-sitemap.xml,Consultus campaign matrix pattern
https://www.consultusdigital.com/dtc-marketing-services/seo-for-cookware-brands/,/dtc-marketing-services/seo-for-cookware-brands/,DTC,Home and lifestyle,Service × Industry Landing Page,Cookware brands,E-commerce SEO,/dtc-industries/cookware-brands-marketing-agency/,Index after content threshold,Phase 3,e-commerce seo for cookware brands,dtc-service-industry-sitemap.xml,Consultus campaign matrix pattern
https://www.consultusdigital.com/dtc-marketing-services/ai-search-for-cookware-brands/,/dtc-marketing-services/ai-search-for-cookware-brands/,DTC,Home and lifestyle,Service × Industry Landing Page,Cookware brands,"AEO, GEO and AI Search",/dtc-industries/cookware-brands-marketing-agency/,Index after content threshold,Phase 3,"aeo, geo and ai search for cookware brands",dtc-service-industry-sitemap.xml,Consultus campaign matrix pattern
https://www.consultusdigital.com/dtc-marketing-services/performance-creative-for-cookware-brands/,/dtc-marketing-services/performance-creative-for-cookware-brands/,DTC,Home and lifestyle,Service × Industry Landing Page,Cookware brands,Performance Creative,/dtc-industries/cookware-brands-marketing-agency/,Index after content threshold,Phase 3,performance creative for cookware brands,dtc-service-industry-sitemap.xml,Consultus campaign matrix pattern
https://www.consultusdigital.com/dtc-marketing-services/shopify-cro-for-cookware-brands/,/dtc-marketing-services/shopify-cro-for-cookware-brands/,DTC,Home and lifestyle,Service × Industry Landing Page,Cookware brands,Shopify Development and CRO,/dtc-industries/cookware-brands-marketing-agency/,Index after content threshold,Phase 3,shopify development and cro for cookware brands,dtc-service-industry-sitemap.xml,Consultus campaign matrix pattern
https://www.consultusdigital.com/dtc-marketing-services/email-sms-for-cookware-brands/,/dtc-marketing-services/email-sms-for-cookware-brands/,DTC,Home and lifestyle,Service × Industry Landing Page,Cookware brands,Email and SMS,/dtc-industries/cookware-brands-marketing-agency/,Index after content threshold,Phase 3,email and sms for cookware brands,dtc-service-industry-sitemap.xml,Consultus campaign matrix pattern
https://www.consultusdigital.com/dtc-marketing-services/analytics-for-cookware-brands/,/dtc-marketing-services/analytics-for-cookware-brands/,DTC,Home and lifestyle,Service × Industry Landing Page,Cookware brands,Analytics and Attribution,/dtc-industries/cookware-brands-marketing-agency/,Index after content threshold,Phase 3,analytics and attribution for cookware brands,dtc-service-industry-sitemap.xml,Consultus campaign matrix pattern
https://www.consultusdigital.com/dtc-marketing-services/marketplace-marketing-for-cookware-brands/,/dtc-marketing-services/marketplace-marketing-for-cookware-brands/,DTC,Home and lifestyle,Service × Industry Landing Page,Cookware brands,Marketplace Marketing,/dtc-industries/cookware-brands-marketing-agency/,Index after content threshold,Phase 3,marketplace marketing for cookware brands,dtc-service-industry-sitemap.xml,Consultus campaign matrix pattern
https://www.consultusdigital.com/dtc-industries/home-organization-brands-marketing-agency/,/dtc-industries/home-organization-brands-marketing-agency/,DTC,Home and lifestyle,Industry Marketing Agency Page,Home organization brands,,/dtc-industries/home-and-lifestyle/,Index,Phase 2,home organization brands marketing agency,dtc-industry-agency-sitemap.xml,https://www.cardinaldigitalmarketing.com/healthcare-specialties/mental-healthcare-providers-agency/
https://www.consultusdigital.com/dtc-marketing-services/performance-marketing-for-home-organization-brands/,/dtc-marketing-services/performance-marketing-for-home-organization-brands/,DTC,Home and lifestyle,Service × Industry Landing Page,Home organization brands,Performance Marketing Agency,/dtc-industries/home-organization-brands-marketing-agency/,Index after content threshold,Phase 3,performance marketing agency for home organization brands,dtc-service-industry-sitemap.xml,Consultus campaign matrix pattern
https://www.consultusdigital.com/dtc-marketing-services/paid-social-for-home-organization-brands/,/dtc-marketing-services/paid-social-for-home-organization-brands/,DTC,Home and lifestyle,Service × Industry Landing Page,Home organization brands,Paid Social,/dtc-industries/home-organization-brands-marketing-agency/,Index after content threshold,Phase 3,paid social for home organization brands,dtc-service-industry-sitemap.xml,Consultus campaign matrix pattern
https://www.consultusdigital.com/dtc-marketing-services/paid-search-shopping-for-home-organization-brands/,/dtc-marketing-services/paid-search-shopping-for-home-organization-brands/,DTC,Home and lifestyle,Service × Industry Landing Page,Home organization brands,Paid Search and Shopping,/dtc-industries/home-organization-brands-marketing-agency/,Index after content threshold,Phase 3,paid search and shopping for home organization brands,dtc-service-industry-sitemap.xml,Consultus campaign matrix pattern
https://www.consultusdigital.com/dtc-marketing-services/seo-for-home-organization-brands/,/dtc-marketing-services/seo-for-home-organization-brands/,DTC,Home and lifestyle,Service × Industry Landing Page,Home organization brands,E-commerce SEO,/dtc-industries/home-organization-brands-marketing-agency/,Index after content threshold,Phase 3,e-commerce seo for home organization brands,dtc-service-industry-sitemap.xml,Consultus campaign matrix pattern
https://www.consultusdigital.com/dtc-marketing-services/ai-search-for-home-organization-brands/,/dtc-marketing-services/ai-search-for-home-organization-brands/,DTC,Home and lifestyle,Service × Industry Landing Page,Home organization brands,"AEO, GEO and AI Search",/dtc-industries/home-organization-brands-marketing-agency/,Index after content threshold,Phase 3,"aeo, geo and ai search for home organization brands",dtc-service-industry-sitemap.xml,Consultus campaign matrix pattern
https://www.consultusdigital.com/dtc-marketing-services/performance-creative-for-home-organization-brands/,/dtc-marketing-services/performance-creative-for-home-organization-brands/,DTC,Home and lifestyle,Service × Industry Landing Page,Home organization brands,Performance Creative,/dtc-industries/home-organization-brands-marketing-agency/,Index after content threshold,Phase 3,performance creative for home organization brands,dtc-service-industry-sitemap.xml,Consultus campaign matrix pattern
https://www.consultusdigital.com/dtc-marketing-services/shopify-cro-for-home-organization-brands/,/dtc-marketing-services/shopify-cro-for-home-organization-brands/,DTC,Home and lifestyle,Service × Industry Landing Page,Home organization brands,Shopify Development and CRO,/dtc-industries/home-organization-brands-marketing-agency/,Index after content threshold,Phase 3,shopify development and cro for home organization brands,dtc-service-industry-sitemap.xml,Consultus campaign matrix pattern
https://www.consultusdigital.com/dtc-marketing-services/email-sms-for-home-organization-brands/,/dtc-marketing-services/email-sms-for-home-organization-brands/,DTC,Home and lifestyle,Service × Industry Landing Page,Home organization brands,Email and SMS,/dtc-industries/home-organization-brands-marketing-agency/,Index after content threshold,Phase 3,email and sms for home organization brands,dtc-service-industry-sitemap.xml,Consultus campaign matrix pattern
https://www.consultusdigital.com/dtc-marketing-services/analytics-for-home-organization-brands/,/dtc-marketing-services/analytics-for-home-organization-brands/,DTC,Home and lifestyle,Service × Industry Landing Page,Home organization brands,Analytics and Attribution,/dtc-industries/home-organization-brands-marketing-agency/,Index after content threshold,Phase 3,analytics and attribution for home organization brands,dtc-service-industry-sitemap.xml,Consultus campaign matrix pattern
https://www.consultusdigital.com/dtc-marketing-services/marketplace-marketing-for-home-organization-brands/,/dtc-marketing-services/marketplace-marketing-for-home-organization-brands/,DTC,Home and lifestyle,Service × Industry Landing Page,Home organization brands,Marketplace Marketing,/dtc-industries/home-organization-brands-marketing-agency/,Index after content threshold,Phase 3,marketplace marketing for home organization brands,dtc-service-industry-sitemap.xml,Consultus campaign matrix pattern
https://www.consultusdigital.com/dtc-industries/cleaning-product-brands-marketing-agency/,/dtc-industries/cleaning-product-brands-marketing-agency/,DTC,Home and lifestyle,Industry Marketing Agency Page,Cleaning product brands,,/dtc-industries/home-and-lifestyle/,Index,Phase 2,cleaning product brands marketing agency,dtc-industry-agency-sitemap.xml,https://www.cardinaldigitalmarketing.com/healthcare-specialties/mental-healthcare-providers-agency/
https://www.consultusdigital.com/dtc-marketing-services/performance-marketing-for-cleaning-product-brands/,/dtc-marketing-services/performance-marketing-for-cleaning-product-brands/,DTC,Home and lifestyle,Service × Industry Landing Page,Cleaning product brands,Performance Marketing Agency,/dtc-industries/cleaning-product-brands-marketing-agency/,Index after content threshold,Phase 3,performance marketing agency for cleaning product brands,dtc-service-industry-sitemap.xml,Consultus campaign matrix pattern
https://www.consultusdigital.com/dtc-marketing-services/paid-social-for-cleaning-product-brands/,/dtc-marketing-services/paid-social-for-cleaning-product-brands/,DTC,Home and lifestyle,Service × Industry Landing Page,Cleaning product brands,Paid Social,/dtc-industries/cleaning-product-brands-marketing-agency/,Index after content threshold,Phase 3,paid social for cleaning product brands,dtc-service-industry-sitemap.xml,Consultus campaign matrix pattern
https://www.consultusdigital.com/dtc-marketing-services/paid-search-shopping-for-cleaning-product-brands/,/dtc-marketing-services/paid-search-shopping-for-cleaning-product-brands/,DTC,Home and lifestyle,Service × Industry Landing Page,Cleaning product brands,Paid Search and Shopping,/dtc-industries/cleaning-product-brands-marketing-agency/,Index after content threshold,Phase 3,paid search and shopping for cleaning product brands,dtc-service-industry-sitemap.xml,Consultus campaign matrix pattern
https://www.consultusdigital.com/dtc-marketing-services/seo-for-cleaning-product-brands/,/dtc-marketing-services/seo-for-cleaning-product-brands/,DTC,Home and lifestyle,Service × Industry Landing Page,Cleaning product brands,E-commerce SEO,/dtc-industries/cleaning-product-brands-marketing-agency/,Index after content threshold,Phase 3,e-commerce seo for cleaning product brands,dtc-service-industry-sitemap.xml,Consultus campaign matrix pattern
https://www.consultusdigital.com/dtc-marketing-services/ai-search-for-cleaning-product-brands/,/dtc-marketing-services/ai-search-for-cleaning-product-brands/,DTC,Home and lifestyle,Service × Industry Landing Page,Cleaning product brands,"AEO, GEO and AI Search",/dtc-industries/cleaning-product-brands-marketing-agency/,Index after content threshold,Phase 3,"aeo, geo and ai search for cleaning product brands",dtc-service-industry-sitemap.xml,Consultus campaign matrix pattern
https://www.consultusdigital.com/dtc-marketing-services/performance-creative-for-cleaning-product-brands/,/dtc-marketing-services/performance-creative-for-cleaning-product-brands/,DTC,Home and lifestyle,Service × Industry Landing Page,Cleaning product brands,Performance Creative,/dtc-industries/cleaning-product-brands-marketing-agency/,Index after content threshold,Phase 3,performance creative for cleaning product brands,dtc-service-industry-sitemap.xml,Consultus campaign matrix pattern
https://www.consultusdigital.com/dtc-marketing-services/shopify-cro-for-cleaning-product-brands/,/dtc-marketing-services/shopify-cro-for-cleaning-product-brands/,DTC,Home and lifestyle,Service × Industry Landing Page,Cleaning product brands,Shopify Development and CRO,/dtc-industries/cleaning-product-brands-marketing-agency/,Index after content threshold,Phase 3,shopify development and cro for cleaning product brands,dtc-service-industry-sitemap.xml,Consultus campaign matrix pattern
https://www.consultusdigital.com/dtc-marketing-services/email-sms-for-cleaning-product-brands/,/dtc-marketing-services/email-sms-for-cleaning-product-brands/,DTC,Home and lifestyle,Service × Industry Landing Page,Cleaning product brands,Email and SMS,/dtc-industries/cleaning-product-brands-marketing-agency/,Index after content threshold,Phase 3,email and sms for cleaning product brands,dtc-service-industry-sitemap.xml,Consultus campaign matrix pattern
https://www.consultusdigital.com/dtc-marketing-services/analytics-for-cleaning-product-brands/,/dtc-marketing-services/analytics-for-cleaning-product-brands/,DTC,Home and lifestyle,Service × Industry Landing Page,Cleaning product brands,Analytics and Attribution,/dtc-industries/cleaning-product-brands-marketing-agency/,Index after content threshold,Phase 3,analytics and attribution for cleaning product brands,dtc-service-industry-sitemap.xml,Consultus campaign matrix pattern
https://www.consultusdigital.com/dtc-marketing-services/marketplace-marketing-for-cleaning-product-brands/,/dtc-marketing-services/marketplace-marketing-for-cleaning-product-brands/,DTC,Home and lifestyle,Service × Industry Landing Page,Cleaning product brands,Marketplace Marketing,/dtc-industries/cleaning-product-brands-marketing-agency/,Index after content threshold,Phase 3,marketplace marketing for cleaning product brands,dtc-service-industry-sitemap.xml,Consultus campaign matrix pattern
https://www.consultusdigital.com/dtc-industries/lighting-brands-marketing-agency/,/dtc-industries/lighting-brands-marketing-agency/,DTC,Home and lifestyle,Industry Marketing Agency Page,Lighting brands,,/dtc-industries/home-and-lifestyle/,Index,Phase 2,lighting brands marketing agency,dtc-industry-agency-sitemap.xml,https://www.cardinaldigitalmarketing.com/healthcare-specialties/mental-healthcare-providers-agency/
https://www.consultusdigital.com/dtc-marketing-services/performance-marketing-for-lighting-brands/,/dtc-marketing-services/performance-marketing-for-lighting-brands/,DTC,Home and lifestyle,Service × Industry Landing Page,Lighting brands,Performance Marketing Agency,/dtc-industries/lighting-brands-marketing-agency/,Index after content threshold,Phase 3,performance marketing agency for lighting brands,dtc-service-industry-sitemap.xml,Consultus campaign matrix pattern
https://www.consultusdigital.com/dtc-marketing-services/paid-social-for-lighting-brands/,/dtc-marketing-services/paid-social-for-lighting-brands/,DTC,Home and lifestyle,Service × Industry Landing Page,Lighting brands,Paid Social,/dtc-industries/lighting-brands-marketing-agency/,Index after content threshold,Phase 3,paid social for lighting brands,dtc-service-industry-sitemap.xml,Consultus campaign matrix pattern
https://www.consultusdigital.com/dtc-marketing-services/paid-search-shopping-for-lighting-brands/,/dtc-marketing-services/paid-search-shopping-for-lighting-brands/,DTC,Home and lifestyle,Service × Industry Landing Page,Lighting brands,Paid Search and Shopping,/dtc-industries/lighting-brands-marketing-agency/,Index after content threshold,Phase 3,paid search and shopping for lighting brands,dtc-service-industry-sitemap.xml,Consultus campaign matrix pattern
https://www.consultusdigital.com/dtc-marketing-services/seo-for-lighting-brands/,/dtc-marketing-services/seo-for-lighting-brands/,DTC,Home and lifestyle,Service × Industry Landing Page,Lighting brands,E-commerce SEO,/dtc-industries/lighting-brands-marketing-agency/,Index after content threshold,Phase 3,e-commerce seo for lighting brands,dtc-service-industry-sitemap.xml,Consultus campaign matrix pattern
https://www.consultusdigital.com/dtc-marketing-services/ai-search-for-lighting-brands/,/dtc-marketing-services/ai-search-for-lighting-brands/,DTC,Home and lifestyle,Service × Industry Landing Page,Lighting brands,"AEO, GEO and AI Search",/dtc-industries/lighting-brands-marketing-agency/,Index after content threshold,Phase 3,"aeo, geo and ai search for lighting brands",dtc-service-industry-sitemap.xml,Consultus campaign matrix pattern
https://www.consultusdigital.com/dtc-marketing-services/performance-creative-for-lighting-brands/,/dtc-marketing-services/performance-creative-for-lighting-brands/,DTC,Home and lifestyle,Service × Industry Landing Page,Lighting brands,Performance Creative,/dtc-industries/lighting-brands-marketing-agency/,Index after content threshold,Phase 3,performance creative for lighting brands,dtc-service-industry-sitemap.xml,Consultus campaign matrix pattern
https://www.consultusdigital.com/dtc-marketing-services/shopify-cro-for-lighting-brands/,/dtc-marketing-services/shopify-cro-for-lighting-brands/,DTC,Home and lifestyle,Service × Industry Landing Page,Lighting brands,Shopify Development and CRO,/dtc-industries/lighting-brands-marketing-agency/,Index after content threshold,Phase 3,shopify development and cro for lighting brands,dtc-service-industry-sitemap.xml,Consultus campaign matrix pattern
https://www.consultusdigital.com/dtc-marketing-services/email-sms-for-lighting-brands/,/dtc-marketing-services/email-sms-for-lighting-brands/,DTC,Home and lifestyle,Service × Industry Landing Page,Lighting brands,Email and SMS,/dtc-industries/lighting-brands-marketing-agency/,Index after content threshold,Phase 3,email and sms for lighting brands,dtc-service-industry-sitemap.xml,Consultus campaign matrix pattern
https://www.consultusdigital.com/dtc-marketing-services/analytics-for-lighting-brands/,/dtc-marketing-services/analytics-for-lighting-brands/,DTC,Home and lifestyle,Service × Industry Landing Page,Lighting brands,Analytics and Attribution,/dtc-industries/lighting-brands-marketing-agency/,Index after content threshold,Phase 3,analytics and attribution for lighting brands,dtc-service-industry-sitemap.xml,Consultus campaign matrix pattern
https://www.consultusdigital.com/dtc-marketing-services/marketplace-marketing-for-lighting-brands/,/dtc-marketing-services/marketplace-marketing-for-lighting-brands/,DTC,Home and lifestyle,Service × Industry Landing Page,Lighting brands,Marketplace Marketing,/dtc-industries/lighting-brands-marketing-agency/,Index after content threshold,Phase 3,marketplace marketing for lighting brands,dtc-service-industry-sitemap.xml,Consultus campaign matrix pattern
https://www.consultusdigital.com/dtc-industries/garden-brands-marketing-agency/,/dtc-industries/garden-brands-marketing-agency/,DTC,Home and lifestyle,Industry Marketing Agency Page,Garden brands,,/dtc-industries/home-and-lifestyle/,Index,Phase 2,garden brands marketing agency,dtc-industry-agency-sitemap.xml,https://www.cardinaldigitalmarketing.com/healthcare-specialties/mental-healthcare-providers-agency/
https://www.consultusdigital.com/dtc-marketing-services/performance-marketing-for-garden-brands/,/dtc-marketing-services/performance-marketing-for-garden-brands/,DTC,Home and lifestyle,Service × Industry Landing Page,Garden brands,Performance Marketing Agency,/dtc-industries/garden-brands-marketing-agency/,Index after content threshold,Phase 3,performance marketing agency for garden brands,dtc-service-industry-sitemap.xml,Consultus campaign matrix pattern
https://www.consultusdigital.com/dtc-marketing-services/paid-social-for-garden-brands/,/dtc-marketing-services/paid-social-for-garden-brands/,DTC,Home and lifestyle,Service × Industry Landing Page,Garden brands,Paid Social,/dtc-industries/garden-brands-marketing-agency/,Index after content threshold,Phase 3,paid social for garden brands,dtc-service-industry-sitemap.xml,Consultus campaign matrix pattern
https://www.consultusdigital.com/dtc-marketing-services/paid-search-shopping-for-garden-brands/,/dtc-marketing-services/paid-search-shopping-for-garden-brands/,DTC,Home and lifestyle,Service × Industry Landing Page,Garden brands,Paid Search and Shopping,/dtc-industries/garden-brands-marketing-agency/,Index after content threshold,Phase 3,paid search and shopping for garden brands,dtc-service-industry-sitemap.xml,Consultus campaign matrix pattern
https://www.consultusdigital.com/dtc-marketing-services/seo-for-garden-brands/,/dtc-marketing-services/seo-for-garden-brands/,DTC,Home and lifestyle,Service × Industry Landing Page,Garden brands,E-commerce SEO,/dtc-industries/garden-brands-marketing-agency/,Index after content threshold,Phase 3,e-commerce seo for garden brands,dtc-service-industry-sitemap.xml,Consultus campaign matrix pattern
https://www.consultusdigital.com/dtc-marketing-services/ai-search-for-garden-brands/,/dtc-marketing-services/ai-search-for-garden-brands/,DTC,Home and lifestyle,Service × Industry Landing Page,Garden brands,"AEO, GEO and AI Search",/dtc-industries/garden-brands-marketing-agency/,Index after content threshold,Phase 3,"aeo, geo and ai search for garden brands",dtc-service-industry-sitemap.xml,Consultus campaign matrix pattern
https://www.consultusdigital.com/dtc-marketing-services/performance-creative-for-garden-brands/,/dtc-marketing-services/performance-creative-for-garden-brands/,DTC,Home and lifestyle,Service × Industry Landing Page,Garden brands,Performance Creative,/dtc-industries/garden-brands-marketing-agency/,Index after content threshold,Phase 3,performance creative for garden brands,dtc-service-industry-sitemap.xml,Consultus campaign matrix pattern
https://www.consultusdigital.com/dtc-marketing-services/shopify-cro-for-garden-brands/,/dtc-marketing-services/shopify-cro-for-garden-brands/,DTC,Home and lifestyle,Service × Industry Landing Page,Garden brands,Shopify Development and CRO,/dtc-industries/garden-brands-marketing-agency/,Index after content threshold,Phase 3,shopify development and cro for garden brands,dtc-service-industry-sitemap.xml,Consultus campaign matrix pattern
https://www.consultusdigital.com/dtc-marketing-services/email-sms-for-garden-brands/,/dtc-marketing-services/email-sms-for-garden-brands/,DTC,Home and lifestyle,Service × Industry Landing Page,Garden brands,Email and SMS,/dtc-industries/garden-brands-marketing-agency/,Index after content threshold,Phase 3,email and sms for garden brands,dtc-service-industry-sitemap.xml,Consultus campaign matrix pattern
https://www.consultusdigital.com/dtc-marketing-services/analytics-for-garden-brands/,/dtc-marketing-services/analytics-for-garden-brands/,DTC,Home and lifestyle,Service × Industry Landing Page,Garden brands,Analytics and Attribution,/dtc-industries/garden-brands-marketing-agency/,Index after content threshold,Phase 3,analytics and attribution for garden brands,dtc-service-industry-sitemap.xml,Consultus campaign matrix pattern
https://www.consultusdigital.com/dtc-marketing-services/marketplace-marketing-for-garden-brands/,/dtc-marketing-services/marketplace-marketing-for-garden-brands/,DTC,Home and lifestyle,Service × Industry Landing Page,Garden brands,Marketplace Marketing,/dtc-industries/garden-brands-marketing-agency/,Index after content threshold,Phase 3,marketplace marketing for garden brands,dtc-service-industry-sitemap.xml,Consultus campaign matrix pattern
https://www.consultusdigital.com/dtc-industries/diy-product-brands-marketing-agency/,/dtc-industries/diy-product-brands-marketing-agency/,DTC,Home and lifestyle,Industry Marketing Agency Page,DIY product brands,,/dtc-industries/home-and-lifestyle/,Index,Phase 2,diy product brands marketing agency,dtc-industry-agency-sitemap.xml,https://www.cardinaldigitalmarketing.com/healthcare-specialties/mental-healthcare-providers-agency/
https://www.consultusdigital.com/dtc-marketing-services/performance-marketing-for-diy-product-brands/,/dtc-marketing-services/performance-marketing-for-diy-product-brands/,DTC,Home and lifestyle,Service × Industry Landing Page,DIY product brands,Performance Marketing Agency,/dtc-industries/diy-product-brands-marketing-agency/,Index after content threshold,Phase 3,performance marketing agency for diy product brands,dtc-service-industry-sitemap.xml,Consultus campaign matrix pattern
https://www.consultusdigital.com/dtc-marketing-services/paid-social-for-diy-product-brands/,/dtc-marketing-services/paid-social-for-diy-product-brands/,DTC,Home and lifestyle,Service × Industry Landing Page,DIY product brands,Paid Social,/dtc-industries/diy-product-brands-marketing-agency/,Index after content threshold,Phase 3,paid social for diy product brands,dtc-service-industry-sitemap.xml,Consultus campaign matrix pattern
https://www.consultusdigital.com/dtc-marketing-services/paid-search-shopping-for-diy-product-brands/,/dtc-marketing-services/paid-search-shopping-for-diy-product-brands/,DTC,Home and lifestyle,Service × Industry Landing Page,DIY product brands,Paid Search and Shopping,/dtc-industries/diy-product-brands-marketing-agency/,Index after content threshold,Phase 3,paid search and shopping for diy product brands,dtc-service-industry-sitemap.xml,Consultus campaign matrix pattern
https://www.consultusdigital.com/dtc-marketing-services/seo-for-diy-product-brands/,/dtc-marketing-services/seo-for-diy-product-brands/,DTC,Home and lifestyle,Service × Industry Landing Page,DIY product brands,E-commerce SEO,/dtc-industries/diy-product-brands-marketing-agency/,Index after content threshold,Phase 3,e-commerce seo for diy product brands,dtc-service-industry-sitemap.xml,Consultus campaign matrix pattern
https://www.consultusdigital.com/dtc-marketing-services/ai-search-for-diy-product-brands/,/dtc-marketing-services/ai-search-for-diy-product-brands/,DTC,Home and lifestyle,Service × Industry Landing Page,DIY product brands,"AEO, GEO and AI Search",/dtc-industries/diy-product-brands-marketing-agency/,Index after content threshold,Phase 3,"aeo, geo and ai search for diy product brands",dtc-service-industry-sitemap.xml,Consultus campaign matrix pattern
https://www.consultusdigital.com/dtc-marketing-services/performance-creative-for-diy-product-brands/,/dtc-marketing-services/performance-creative-for-diy-product-brands/,DTC,Home and lifestyle,Service × Industry Landing Page,DIY product brands,Performance Creative,/dtc-industries/diy-product-brands-marketing-agency/,Index after content threshold,Phase 3,performance creative for diy product brands,dtc-service-industry-sitemap.xml,Consultus campaign matrix pattern
https://www.consultusdigital.com/dtc-marketing-services/shopify-cro-for-diy-product-brands/,/dtc-marketing-services/shopify-cro-for-diy-product-brands/,DTC,Home and lifestyle,Service × Industry Landing Page,DIY product brands,Shopify Development and CRO,/dtc-industries/diy-product-brands-marketing-agency/,Index after content threshold,Phase 3,shopify development and cro for diy product brands,dtc-service-industry-sitemap.xml,Consultus campaign matrix pattern
https://www.consultusdigital.com/dtc-marketing-services/email-sms-for-diy-product-brands/,/dtc-marketing-services/email-sms-for-diy-product-brands/,DTC,Home and lifestyle,Service × Industry Landing Page,DIY product brands,Email and SMS,/dtc-industries/diy-product-brands-marketing-agency/,Index after content threshold,Phase 3,email and sms for diy product brands,dtc-service-industry-sitemap.xml,Consultus campaign matrix pattern
https://www.consultusdigital.com/dtc-marketing-services/analytics-for-diy-product-brands/,/dtc-marketing-services/analytics-for-diy-product-brands/,DTC,Home and lifestyle,Service × Industry Landing Page,DIY product brands,Analytics and Attribution,/dtc-industries/diy-product-brands-marketing-agency/,Index after content threshold,Phase 3,analytics and attribution for diy product brands,dtc-service-industry-sitemap.xml,Consultus campaign matrix pattern
https://www.consultusdigital.com/dtc-marketing-services/marketplace-marketing-for-diy-product-brands/,/dtc-marketing-services/marketplace-marketing-for-diy-product-brands/,DTC,Home and lifestyle,Service × Industry Landing Page,DIY product brands,Marketplace Marketing,/dtc-industries/diy-product-brands-marketing-agency/,Index after content threshold,Phase 3,marketplace marketing for diy product brands,dtc-service-industry-sitemap.xml,Consultus campaign matrix pattern
https://www.consultusdigital.com/dtc-industries/home-improvement-product-brands-marketing-agency/,/dtc-industries/home-improvement-product-brands-marketing-agency/,DTC,Home and lifestyle,Industry Marketing Agency Page,Home improvement product brands,,/dtc-industries/home-and-lifestyle/,Index,Phase 2,home improvement product brands marketing agency,dtc-industry-agency-sitemap.xml,https://www.cardinaldigitalmarketing.com/healthcare-specialties/mental-healthcare-providers-agency/
https://www.consultusdigital.com/dtc-marketing-services/performance-marketing-for-home-improvement-product-brands/,/dtc-marketing-services/performance-marketing-for-home-improvement-product-brands/,DTC,Home and lifestyle,Service × Industry Landing Page,Home improvement product brands,Performance Marketing Agency,/dtc-industries/home-improvement-product-brands-marketing-agency/,Index after content threshold,Phase 3,performance marketing agency for home improvement product brands,dtc-service-industry-sitemap.xml,Consultus campaign matrix pattern
https://www.consultusdigital.com/dtc-marketing-services/paid-social-for-home-improvement-product-brands/,/dtc-marketing-services/paid-social-for-home-improvement-product-brands/,DTC,Home and lifestyle,Service × Industry Landing Page,Home improvement product brands,Paid Social,/dtc-industries/home-improvement-product-brands-marketing-agency/,Index after content threshold,Phase 3,paid social for home improvement product brands,dtc-service-industry-sitemap.xml,Consultus campaign matrix pattern
https://www.consultusdigital.com/dtc-marketing-services/paid-search-shopping-for-home-improvement-product-brands/,/dtc-marketing-services/paid-search-shopping-for-home-improvement-product-brands/,DTC,Home and lifestyle,Service × Industry Landing Page,Home improvement product brands,Paid Search and Shopping,/dtc-industries/home-improvement-product-brands-marketing-agency/,Index after content threshold,Phase 3,paid search and shopping for home improvement product brands,dtc-service-industry-sitemap.xml,Consultus campaign matrix pattern
https://www.consultusdigital.com/dtc-marketing-services/seo-for-home-improvement-product-brands/,/dtc-marketing-services/seo-for-home-improvement-product-brands/,DTC,Home and lifestyle,Service × Industry Landing Page,Home improvement product brands,E-commerce SEO,/dtc-industries/home-improvement-product-brands-marketing-agency/,Index after content threshold,Phase 3,e-commerce seo for home improvement product brands,dtc-service-industry-sitemap.xml,Consultus campaign matrix pattern
https://www.consultusdigital.com/dtc-marketing-services/ai-search-for-home-improvement-product-brands/,/dtc-marketing-services/ai-search-for-home-improvement-product-brands/,DTC,Home and lifestyle,Service × Industry Landing Page,Home improvement product brands,"AEO, GEO and AI Search",/dtc-industries/home-improvement-product-brands-marketing-agency/,Index after content threshold,Phase 3,"aeo, geo and ai search for home improvement product brands",dtc-service-industry-sitemap.xml,Consultus campaign matrix pattern
https://www.consultusdigital.com/dtc-marketing-services/performance-creative-for-home-improvement-product-brands/,/dtc-marketing-services/performance-creative-for-home-improvement-product-brands/,DTC,Home and lifestyle,Service × Industry Landing Page,Home improvement product brands,Performance Creative,/dtc-industries/home-improvement-product-brands-marketing-agency/,Index after content threshold,Phase 3,performance creative for home improvement product brands,dtc-service-industry-sitemap.xml,Consultus campaign matrix pattern
https://www.consultusdigital.com/dtc-marketing-services/shopify-cro-for-home-improvement-product-brands/,/dtc-marketing-services/shopify-cro-for-home-improvement-product-brands/,DTC,Home and lifestyle,Service × Industry Landing Page,Home improvement product brands,Shopify Development and CRO,/dtc-industries/home-improvement-product-brands-marketing-agency/,Index after content threshold,Phase 3,shopify development and cro for home improvement product brands,dtc-service-industry-sitemap.xml,Consultus campaign matrix pattern
https://www.consultusdigital.com/dtc-marketing-services/email-sms-for-home-improvement-product-brands/,/dtc-marketing-services/email-sms-for-home-improvement-product-brands/,DTC,Home and lifestyle,Service × Industry Landing Page,Home improvement product brands,Email and SMS,/dtc-industries/home-improvement-product-brands-marketing-agency/,Index after content threshold,Phase 3,email and sms for home improvement product brands,dtc-service-industry-sitemap.xml,Consultus campaign matrix pattern
https://www.consultusdigital.com/dtc-marketing-services/analytics-for-home-improvement-product-brands/,/dtc-marketing-services/analytics-for-home-improvement-product-brands/,DTC,Home and lifestyle,Service × Industry Landing Page,Home improvement product brands,Analytics and Attribution,/dtc-industries/home-improvement-product-brands-marketing-agency/,Index after content threshold,Phase 3,analytics and attribution for home improvement product brands,dtc-service-industry-sitemap.xml,Consultus campaign matrix pattern
https://www.consultusdigital.com/dtc-marketing-services/marketplace-marketing-for-home-improvement-product-brands/,/dtc-marketing-services/marketplace-marketing-for-home-improvement-product-brands/,DTC,Home and lifestyle,Service × Industry Landing Page,Home improvement product brands,Marketplace Marketing,/dtc-industries/home-improvement-product-brands-marketing-agency/,Index after content threshold,Phase 3,marketplace marketing for home improvement product brands,dtc-service-industry-sitemap.xml,Consultus campaign matrix pattern
https://www.consultusdigital.com/dtc-industries/candles-and-fragrance-brands-marketing-agency/,/dtc-industries/candles-and-fragrance-brands-marketing-agency/,DTC,Home and lifestyle,Industry Marketing Agency Page,Candles and fragrance brands,,/dtc-industries/home-and-lifestyle/,Index,Phase 2,candles and fragrance brands marketing agency,dtc-industry-agency-sitemap.xml,https://www.cardinaldigitalmarketing.com/healthcare-specialties/mental-healthcare-providers-agency/
https://www.consultusdigital.com/dtc-marketing-services/performance-marketing-for-candles-and-fragrance-brands/,/dtc-marketing-services/performance-marketing-for-candles-and-fragrance-brands/,DTC,Home and lifestyle,Service × Industry Landing Page,Candles and fragrance brands,Performance Marketing Agency,/dtc-industries/candles-and-fragrance-brands-marketing-agency/,Index after content threshold,Phase 3,performance marketing agency for candles and fragrance brands,dtc-service-industry-sitemap.xml,Consultus campaign matrix pattern
https://www.consultusdigital.com/dtc-marketing-services/paid-social-for-candles-and-fragrance-brands/,/dtc-marketing-services/paid-social-for-candles-and-fragrance-brands/,DTC,Home and lifestyle,Service × Industry Landing Page,Candles and fragrance brands,Paid Social,/dtc-industries/candles-and-fragrance-brands-marketing-agency/,Index after content threshold,Phase 3,paid social for candles and fragrance brands,dtc-service-industry-sitemap.xml,Consultus campaign matrix pattern
https://www.consultusdigital.com/dtc-marketing-services/paid-search-shopping-for-candles-and-fragrance-brands/,/dtc-marketing-services/paid-search-shopping-for-candles-and-fragrance-brands/,DTC,Home and lifestyle,Service × Industry Landing Page,Candles and fragrance brands,Paid Search and Shopping,/dtc-industries/candles-and-fragrance-brands-marketing-agency/,Index after content threshold,Phase 3,paid search and shopping for candles and fragrance brands,dtc-service-industry-sitemap.xml,Consultus campaign matrix pattern
https://www.consultusdigital.com/dtc-marketing-services/seo-for-candles-and-fragrance-brands/,/dtc-marketing-services/seo-for-candles-and-fragrance-brands/,DTC,Home and lifestyle,Service × Industry Landing Page,Candles and fragrance brands,E-commerce SEO,/dtc-industries/candles-and-fragrance-brands-marketing-agency/,Index after content threshold,Phase 3,e-commerce seo for candles and fragrance brands,dtc-service-industry-sitemap.xml,Consultus campaign matrix pattern
https://www.consultusdigital.com/dtc-marketing-services/ai-search-for-candles-and-fragrance-brands/,/dtc-marketing-services/ai-search-for-candles-and-fragrance-brands/,DTC,Home and lifestyle,Service × Industry Landing Page,Candles and fragrance brands,"AEO, GEO and AI Search",/dtc-industries/candles-and-fragrance-brands-marketing-agency/,Index after content threshold,Phase 3,"aeo, geo and ai search for candles and fragrance brands",dtc-service-industry-sitemap.xml,Consultus campaign matrix pattern
https://www.consultusdigital.com/dtc-marketing-services/performance-creative-for-candles-and-fragrance-brands/,/dtc-marketing-services/performance-creative-for-candles-and-fragrance-brands/,DTC,Home and lifestyle,Service × Industry Landing Page,Candles and fragrance brands,Performance Creative,/dtc-industries/candles-and-fragrance-brands-marketing-agency/,Index after content threshold,Phase 3,performance creative for candles and fragrance brands,dtc-service-industry-sitemap.xml,Consultus campaign matrix pattern
https://www.consultusdigital.com/dtc-marketing-services/shopify-cro-for-candles-and-fragrance-brands/,/dtc-marketing-services/shopify-cro-for-candles-and-fragrance-brands/,DTC,Home and lifestyle,Service × Industry Landing Page,Candles and fragrance brands,Shopify Development and CRO,/dtc-industries/candles-and-fragrance-brands-marketing-agency/,Index after content threshold,Phase 3,shopify development and cro for candles and fragrance brands,dtc-service-industry-sitemap.xml,Consultus campaign matrix pattern
https://www.consultusdigital.com/dtc-marketing-services/email-sms-for-candles-and-fragrance-brands/,/dtc-marketing-services/email-sms-for-candles-and-fragrance-brands/,DTC,Home and lifestyle,Service × Industry Landing Page,Candles and fragrance brands,Email and SMS,/dtc-industries/candles-and-fragrance-brands-marketing-agency/,Index after content threshold,Phase 3,email and sms for candles and fragrance brands,dtc-service-industry-sitemap.xml,Consultus campaign matrix pattern
https://www.consultusdigital.com/dtc-marketing-services/analytics-for-candles-and-fragrance-brands/,/dtc-marketing-services/analytics-for-candles-and-fragrance-brands/,DTC,Home and lifestyle,Service × Industry Landing Page,Candles and fragrance brands,Analytics and Attribution,/dtc-industries/candles-and-fragrance-brands-marketing-agency/,Index after content threshold,Phase 3,analytics and attribution for candles and fragrance brands,dtc-service-industry-sitemap.xml,Consultus campaign matrix pattern
https://www.consultusdigital.com/dtc-marketing-services/marketplace-marketing-for-candles-and-fragrance-brands/,/dtc-marketing-services/marketplace-marketing-for-candles-and-fragrance-brands/,DTC,Home and lifestyle,Service × Industry Landing Page,Candles and fragrance brands,Marketplace Marketing,/dtc-industries/candles-and-fragrance-brands-marketing-agency/,Index after content threshold,Phase 3,marketplace marketing for candles and fragrance brands,dtc-service-industry-sitemap.xml,Consultus campaign matrix pattern
https://www.consultusdigital.com/dtc-industries/travel-goods-brands-marketing-agency/,/dtc-industries/travel-goods-brands-marketing-agency/,DTC,Home and lifestyle,Industry Marketing Agency Page,Travel goods brands,,/dtc-industries/home-and-lifestyle/,Index,Phase 2,travel goods brands marketing agency,dtc-industry-agency-sitemap.xml,https://www.cardinaldigitalmarketing.com/healthcare-specialties/mental-healthcare-providers-agency/
https://www.consultusdigital.com/dtc-marketing-services/performance-marketing-for-travel-goods-brands/,/dtc-marketing-services/performance-marketing-for-travel-goods-brands/,DTC,Home and lifestyle,Service × Industry Landing Page,Travel goods brands,Performance Marketing Agency,/dtc-industries/travel-goods-brands-marketing-agency/,Index after content threshold,Phase 3,performance marketing agency for travel goods brands,dtc-service-industry-sitemap.xml,Consultus campaign matrix pattern
https://www.consultusdigital.com/dtc-marketing-services/paid-social-for-travel-goods-brands/,/dtc-marketing-services/paid-social-for-travel-goods-brands/,DTC,Home and lifestyle,Service × Industry Landing Page,Travel goods brands,Paid Social,/dtc-industries/travel-goods-brands-marketing-agency/,Index after content threshold,Phase 3,paid social for travel goods brands,dtc-service-industry-sitemap.xml,Consultus campaign matrix pattern
https://www.consultusdigital.com/dtc-marketing-services/paid-search-shopping-for-travel-goods-brands/,/dtc-marketing-services/paid-search-shopping-for-travel-goods-brands/,DTC,Home and lifestyle,Service × Industry Landing Page,Travel goods brands,Paid Search and Shopping,/dtc-industries/travel-goods-brands-marketing-agency/,Index after content threshold,Phase 3,paid search and shopping for travel goods brands,dtc-service-industry-sitemap.xml,Consultus campaign matrix pattern
https://www.consultusdigital.com/dtc-marketing-services/seo-for-travel-goods-brands/,/dtc-marketing-services/seo-for-travel-goods-brands/,DTC,Home and lifestyle,Service × Industry Landing Page,Travel goods brands,E-commerce SEO,/dtc-industries/travel-goods-brands-marketing-agency/,Index after content threshold,Phase 3,e-commerce seo for travel goods brands,dtc-service-industry-sitemap.xml,Consultus campaign matrix pattern
https://www.consultusdigital.com/dtc-marketing-services/ai-search-for-travel-goods-brands/,/dtc-marketing-services/ai-search-for-travel-goods-brands/,DTC,Home and lifestyle,Service × Industry Landing Page,Travel goods brands,"AEO, GEO and AI Search",/dtc-industries/travel-goods-brands-marketing-agency/,Index after content threshold,Phase 3,"aeo, geo and ai search for travel goods brands",dtc-service-industry-sitemap.xml,Consultus campaign matrix pattern
https://www.consultusdigital.com/dtc-marketing-services/performance-creative-for-travel-goods-brands/,/dtc-marketing-services/performance-creative-for-travel-goods-brands/,DTC,Home and lifestyle,Service × Industry Landing Page,Travel goods brands,Performance Creative,/dtc-industries/travel-goods-brands-marketing-agency/,Index after content threshold,Phase 3,performance creative for travel goods brands,dtc-service-industry-sitemap.xml,Consultus campaign matrix pattern
https://www.consultusdigital.com/dtc-marketing-services/shopify-cro-for-travel-goods-brands/,/dtc-marketing-services/shopify-cro-for-travel-goods-brands/,DTC,Home and lifestyle,Service × Industry Landing Page,Travel goods brands,Shopify Development and CRO,/dtc-industries/travel-goods-brands-marketing-agency/,Index after content threshold,Phase 3,shopify development and cro for travel goods brands,dtc-service-industry-sitemap.xml,Consultus campaign matrix pattern
https://www.consultusdigital.com/dtc-marketing-services/email-sms-for-travel-goods-brands/,/dtc-marketing-services/email-sms-for-travel-goods-brands/,DTC,Home and lifestyle,Service × Industry Landing Page,Travel goods brands,Email and SMS,/dtc-industries/travel-goods-brands-marketing-agency/,Index after content threshold,Phase 3,email and sms for travel goods brands,dtc-service-industry-sitemap.xml,Consultus campaign matrix pattern
https://www.consultusdigital.com/dtc-marketing-services/analytics-for-travel-goods-brands/,/dtc-marketing-services/analytics-for-travel-goods-brands/,DTC,Home and lifestyle,Service × Industry Landing Page,Travel goods brands,Analytics and Attribution,/dtc-industries/travel-goods-brands-marketing-agency/,Index after content threshold,Phase 3,analytics and attribution for travel goods brands,dtc-service-industry-sitemap.xml,Consultus campaign matrix pattern
https://www.consultusdigital.com/dtc-marketing-services/marketplace-marketing-for-travel-goods-brands/,/dtc-marketing-services/marketplace-marketing-for-travel-goods-brands/,DTC,Home and lifestyle,Service × Industry Landing Page,Travel goods brands,Marketplace Marketing,/dtc-industries/travel-goods-brands-marketing-agency/,Index after content threshold,Phase 3,marketplace marketing for travel goods brands,dtc-service-industry-sitemap.xml,Consultus campaign matrix pattern
https://www.consultusdigital.com/dtc-industries/luggage-brands-marketing-agency/,/dtc-industries/luggage-brands-marketing-agency/,DTC,Home and lifestyle,Industry Marketing Agency Page,Luggage brands,,/dtc-industries/home-and-lifestyle/,Index,Phase 2,luggage brands marketing agency,dtc-industry-agency-sitemap.xml,https://www.cardinaldigitalmarketing.com/healthcare-specialties/mental-healthcare-providers-agency/
https://www.consultusdigital.com/dtc-marketing-services/performance-marketing-for-luggage-brands/,/dtc-marketing-services/performance-marketing-for-luggage-brands/,DTC,Home and lifestyle,Service × Industry Landing Page,Luggage brands,Performance Marketing Agency,/dtc-industries/luggage-brands-marketing-agency/,Index after content threshold,Phase 3,performance marketing agency for luggage brands,dtc-service-industry-sitemap.xml,Consultus campaign matrix pattern
https://www.consultusdigital.com/dtc-marketing-services/paid-social-for-luggage-brands/,/dtc-marketing-services/paid-social-for-luggage-brands/,DTC,Home and lifestyle,Service × Industry Landing Page,Luggage brands,Paid Social,/dtc-industries/luggage-brands-marketing-agency/,Index after content threshold,Phase 3,paid social for luggage brands,dtc-service-industry-sitemap.xml,Consultus campaign matrix pattern
https://www.consultusdigital.com/dtc-marketing-services/paid-search-shopping-for-luggage-brands/,/dtc-marketing-services/paid-search-shopping-for-luggage-brands/,DTC,Home and lifestyle,Service × Industry Landing Page,Luggage brands,Paid Search and Shopping,/dtc-industries/luggage-brands-marketing-agency/,Index after content threshold,Phase 3,paid search and shopping for luggage brands,dtc-service-industry-sitemap.xml,Consultus campaign matrix pattern
https://www.consultusdigital.com/dtc-marketing-services/seo-for-luggage-brands/,/dtc-marketing-services/seo-for-luggage-brands/,DTC,Home and lifestyle,Service × Industry Landing Page,Luggage brands,E-commerce SEO,/dtc-industries/luggage-brands-marketing-agency/,Index after content threshold,Phase 3,e-commerce seo for luggage brands,dtc-service-industry-sitemap.xml,Consultus campaign matrix pattern
https://www.consultusdigital.com/dtc-marketing-services/ai-search-for-luggage-brands/,/dtc-marketing-services/ai-search-for-luggage-brands/,DTC,Home and lifestyle,Service × Industry Landing Page,Luggage brands,"AEO, GEO and AI Search",/dtc-industries/luggage-brands-marketing-agency/,Index after content threshold,Phase 3,"aeo, geo and ai search for luggage brands",dtc-service-industry-sitemap.xml,Consultus campaign matrix pattern
https://www.consultusdigital.com/dtc-marketing-services/performance-creative-for-luggage-brands/,/dtc-marketing-services/performance-creative-for-luggage-brands/,DTC,Home and lifestyle,Service × Industry Landing Page,Luggage brands,Performance Creative,/dtc-industries/luggage-brands-marketing-agency/,Index after content threshold,Phase 3,performance creative for luggage brands,dtc-service-industry-sitemap.xml,Consultus campaign matrix pattern
https://www.consultusdigital.com/dtc-marketing-services/shopify-cro-for-luggage-brands/,/dtc-marketing-services/shopify-cro-for-luggage-brands/,DTC,Home and lifestyle,Service × Industry Landing Page,Luggage brands,Shopify Development and CRO,/dtc-industries/luggage-brands-marketing-agency/,Index after content threshold,Phase 3,shopify development and cro for luggage brands,dtc-service-industry-sitemap.xml,Consultus campaign matrix pattern
https://www.consultusdigital.com/dtc-marketing-services/email-sms-for-luggage-brands/,/dtc-marketing-services/email-sms-for-luggage-brands/,DTC,Home and lifestyle,Service × Industry Landing Page,Luggage brands,Email and SMS,/dtc-industries/luggage-brands-marketing-agency/,Index after content threshold,Phase 3,email and sms for luggage brands,dtc-service-industry-sitemap.xml,Consultus campaign matrix pattern
https://www.consultusdigital.com/dtc-marketing-services/analytics-for-luggage-brands/,/dtc-marketing-services/analytics-for-luggage-brands/,DTC,Home and lifestyle,Service × Industry Landing Page,Luggage brands,Analytics and Attribution,/dtc-industries/luggage-brands-marketing-agency/,Index after content threshold,Phase 3,analytics and attribution for luggage brands,dtc-service-industry-sitemap.xml,Consultus campaign matrix pattern
https://www.consultusdigital.com/dtc-marketing-services/marketplace-marketing-for-luggage-brands/,/dtc-marketing-services/marketplace-marketing-for-luggage-brands/,DTC,Home and lifestyle,Service × Industry Landing Page,Luggage brands,Marketplace Marketing,/dtc-industries/luggage-brands-marketing-agency/,Index after content threshold,Phase 3,marketplace marketing for luggage brands,dtc-service-industry-sitemap.xml,Consultus campaign matrix pattern
https://www.consultusdigital.com/dtc-industries/baby-kids-and-family/,/dtc-industries/baby-kids-and-family/,DTC,Baby kids and family,Sector Hub,Baby kids and family,,/dtc-industries/,Index,Phase 1,baby kids and family marketing agency,dtc-industry-agency-sitemap.xml,https://www.cardinaldigitalmarketing.com/healthcare-specialties/mental-healthcare-providers-agency/
https://www.consultusdigital.com/dtc-industries/baby-product-brands-marketing-agency/,/dtc-industries/baby-product-brands-marketing-agency/,DTC,Baby kids and family,Industry Marketing Agency Page,Baby product brands,,/dtc-industries/baby-kids-and-family/,Index,Phase 2,baby product brands marketing agency,dtc-industry-agency-sitemap.xml,https://www.cardinaldigitalmarketing.com/healthcare-specialties/mental-healthcare-providers-agency/
https://www.consultusdigital.com/dtc-marketing-services/performance-marketing-for-baby-product-brands/,/dtc-marketing-services/performance-marketing-for-baby-product-brands/,DTC,Baby kids and family,Service × Industry Landing Page,Baby product brands,Performance Marketing Agency,/dtc-industries/baby-product-brands-marketing-agency/,Index after content threshold,Phase 3,performance marketing agency for baby product brands,dtc-service-industry-sitemap.xml,Consultus campaign matrix pattern
https://www.consultusdigital.com/dtc-marketing-services/paid-social-for-baby-product-brands/,/dtc-marketing-services/paid-social-for-baby-product-brands/,DTC,Baby kids and family,Service × Industry Landing Page,Baby product brands,Paid Social,/dtc-industries/baby-product-brands-marketing-agency/,Index after content threshold,Phase 3,paid social for baby product brands,dtc-service-industry-sitemap.xml,Consultus campaign matrix pattern
https://www.consultusdigital.com/dtc-marketing-services/paid-search-shopping-for-baby-product-brands/,/dtc-marketing-services/paid-search-shopping-for-baby-product-brands/,DTC,Baby kids and family,Service × Industry Landing Page,Baby product brands,Paid Search and Shopping,/dtc-industries/baby-product-brands-marketing-agency/,Index after content threshold,Phase 3,paid search and shopping for baby product brands,dtc-service-industry-sitemap.xml,Consultus campaign matrix pattern
https://www.consultusdigital.com/dtc-marketing-services/seo-for-baby-product-brands/,/dtc-marketing-services/seo-for-baby-product-brands/,DTC,Baby kids and family,Service × Industry Landing Page,Baby product brands,E-commerce SEO,/dtc-industries/baby-product-brands-marketing-agency/,Index after content threshold,Phase 3,e-commerce seo for baby product brands,dtc-service-industry-sitemap.xml,Consultus campaign matrix pattern
https://www.consultusdigital.com/dtc-marketing-services/ai-search-for-baby-product-brands/,/dtc-marketing-services/ai-search-for-baby-product-brands/,DTC,Baby kids and family,Service × Industry Landing Page,Baby product brands,"AEO, GEO and AI Search",/dtc-industries/baby-product-brands-marketing-agency/,Index after content threshold,Phase 3,"aeo, geo and ai search for baby product brands",dtc-service-industry-sitemap.xml,Consultus campaign matrix pattern
https://www.consultusdigital.com/dtc-marketing-services/performance-creative-for-baby-product-brands/,/dtc-marketing-services/performance-creative-for-baby-product-brands/,DTC,Baby kids and family,Service × Industry Landing Page,Baby product brands,Performance Creative,/dtc-industries/baby-product-brands-marketing-agency/,Index after content threshold,Phase 3,performance creative for baby product brands,dtc-service-industry-sitemap.xml,Consultus campaign matrix pattern
https://www.consultusdigital.com/dtc-marketing-services/shopify-cro-for-baby-product-brands/,/dtc-marketing-services/shopify-cro-for-baby-product-brands/,DTC,Baby kids and family,Service × Industry Landing Page,Baby product brands,Shopify Development and CRO,/dtc-industries/baby-product-brands-marketing-agency/,Index after content threshold,Phase 3,shopify development and cro for baby product brands,dtc-service-industry-sitemap.xml,Consultus campaign matrix pattern
https://www.consultusdigital.com/dtc-marketing-services/email-sms-for-baby-product-brands/,/dtc-marketing-services/email-sms-for-baby-product-brands/,DTC,Baby kids and family,Service × Industry Landing Page,Baby product brands,Email and SMS,/dtc-industries/baby-product-brands-marketing-agency/,Index after content threshold,Phase 3,email and sms for baby product brands,dtc-service-industry-sitemap.xml,Consultus campaign matrix pattern
https://www.consultusdigital.com/dtc-marketing-services/analytics-for-baby-product-brands/,/dtc-marketing-services/analytics-for-baby-product-brands/,DTC,Baby kids and family,Service × Industry Landing Page,Baby product brands,Analytics and Attribution,/dtc-industries/baby-product-brands-marketing-agency/,Index after content threshold,Phase 3,analytics and attribution for baby product brands,dtc-service-industry-sitemap.xml,Consultus campaign matrix pattern
https://www.consultusdigital.com/dtc-marketing-services/marketplace-marketing-for-baby-product-brands/,/dtc-marketing-services/marketplace-marketing-for-baby-product-brands/,DTC,Baby kids and family,Service × Industry Landing Page,Baby product brands,Marketplace Marketing,/dtc-industries/baby-product-brands-marketing-agency/,Index after content threshold,Phase 3,marketplace marketing for baby product brands,dtc-service-industry-sitemap.xml,Consultus campaign matrix pattern
https://www.consultusdigital.com/dtc-industries/childrens-product-brands-marketing-agency/,/dtc-industries/childrens-product-brands-marketing-agency/,DTC,Baby kids and family,Industry Marketing Agency Page,Childrens product brands,,/dtc-industries/baby-kids-and-family/,Index,Phase 2,childrens product brands marketing agency,dtc-industry-agency-sitemap.xml,https://www.cardinaldigitalmarketing.com/healthcare-specialties/mental-healthcare-providers-agency/
https://www.consultusdigital.com/dtc-marketing-services/performance-marketing-for-childrens-product-brands/,/dtc-marketing-services/performance-marketing-for-childrens-product-brands/,DTC,Baby kids and family,Service × Industry Landing Page,Childrens product brands,Performance Marketing Agency,/dtc-industries/childrens-product-brands-marketing-agency/,Index after content threshold,Phase 3,performance marketing agency for childrens product brands,dtc-service-industry-sitemap.xml,Consultus campaign matrix pattern
https://www.consultusdigital.com/dtc-marketing-services/paid-social-for-childrens-product-brands/,/dtc-marketing-services/paid-social-for-childrens-product-brands/,DTC,Baby kids and family,Service × Industry Landing Page,Childrens product brands,Paid Social,/dtc-industries/childrens-product-brands-marketing-agency/,Index after content threshold,Phase 3,paid social for childrens product brands,dtc-service-industry-sitemap.xml,Consultus campaign matrix pattern
https://www.consultusdigital.com/dtc-marketing-services/paid-search-shopping-for-childrens-product-brands/,/dtc-marketing-services/paid-search-shopping-for-childrens-product-brands/,DTC,Baby kids and family,Service × Industry Landing Page,Childrens product brands,Paid Search and Shopping,/dtc-industries/childrens-product-brands-marketing-agency/,Index after content threshold,Phase 3,paid search and shopping for childrens product brands,dtc-service-industry-sitemap.xml,Consultus campaign matrix pattern
https://www.consultusdigital.com/dtc-marketing-services/seo-for-childrens-product-brands/,/dtc-marketing-services/seo-for-childrens-product-brands/,DTC,Baby kids and family,Service × Industry Landing Page,Childrens product brands,E-commerce SEO,/dtc-industries/childrens-product-brands-marketing-agency/,Index after content threshold,Phase 3,e-commerce seo for childrens product brands,dtc-service-industry-sitemap.xml,Consultus campaign matrix pattern
https://www.consultusdigital.com/dtc-marketing-services/ai-search-for-childrens-product-brands/,/dtc-marketing-services/ai-search-for-childrens-product-brands/,DTC,Baby kids and family,Service × Industry Landing Page,Childrens product brands,"AEO, GEO and AI Search",/dtc-industries/childrens-product-brands-marketing-agency/,Index after content threshold,Phase 3,"aeo, geo and ai search for childrens product brands",dtc-service-industry-sitemap.xml,Consultus campaign matrix pattern
https://www.consultusdigital.com/dtc-marketing-services/performance-creative-for-childrens-product-brands/,/dtc-marketing-services/performance-creative-for-childrens-product-brands/,DTC,Baby kids and family,Service × Industry Landing Page,Childrens product brands,Performance Creative,/dtc-industries/childrens-product-brands-marketing-agency/,Index after content threshold,Phase 3,performance creative for childrens product brands,dtc-service-industry-sitemap.xml,Consultus campaign matrix pattern
https://www.consultusdigital.com/dtc-marketing-services/shopify-cro-for-childrens-product-brands/,/dtc-marketing-services/shopify-cro-for-childrens-product-brands/,DTC,Baby kids and family,Service × Industry Landing Page,Childrens product brands,Shopify Development and CRO,/dtc-industries/childrens-product-brands-marketing-agency/,Index after content threshold,Phase 3,shopify development and cro for childrens product brands,dtc-service-industry-sitemap.xml,Consultus campaign matrix pattern
https://www.consultusdigital.com/dtc-marketing-services/email-sms-for-childrens-product-brands/,/dtc-marketing-services/email-sms-for-childrens-product-brands/,DTC,Baby kids and family,Service × Industry Landing Page,Childrens product brands,Email and SMS,/dtc-industries/childrens-product-brands-marketing-agency/,Index after content threshold,Phase 3,email and sms for childrens product brands,dtc-service-industry-sitemap.xml,Consultus campaign matrix pattern
https://www.consultusdigital.com/dtc-marketing-services/analytics-for-childrens-product-brands/,/dtc-marketing-services/analytics-for-childrens-product-brands/,DTC,Baby kids and family,Service × Industry Landing Page,Childrens product brands,Analytics and Attribution,/dtc-industries/childrens-product-brands-marketing-agency/,Index after content threshold,Phase 3,analytics and attribution for childrens product brands,dtc-service-industry-sitemap.xml,Consultus campaign matrix pattern
https://www.consultusdigital.com/dtc-marketing-services/marketplace-marketing-for-childrens-product-brands/,/dtc-marketing-services/marketplace-marketing-for-childrens-product-brands/,DTC,Baby kids and family,Service × Industry Landing Page,Childrens product brands,Marketplace Marketing,/dtc-industries/childrens-product-brands-marketing-agency/,Index after content threshold,Phase 3,marketplace marketing for childrens product brands,dtc-service-industry-sitemap.xml,Consultus campaign matrix pattern
https://www.consultusdigital.com/dtc-industries/toys-and-games-brands-marketing-agency/,/dtc-industries/toys-and-games-brands-marketing-agency/,DTC,Baby kids and family,Industry Marketing Agency Page,Toys and games brands,,/dtc-industries/baby-kids-and-family/,Index,Phase 2,toys and games brands marketing agency,dtc-industry-agency-sitemap.xml,https://www.cardinaldigitalmarketing.com/healthcare-specialties/mental-healthcare-providers-agency/
https://www.consultusdigital.com/dtc-marketing-services/performance-marketing-for-toys-and-games-brands/,/dtc-marketing-services/performance-marketing-for-toys-and-games-brands/,DTC,Baby kids and family,Service × Industry Landing Page,Toys and games brands,Performance Marketing Agency,/dtc-industries/toys-and-games-brands-marketing-agency/,Index after content threshold,Phase 3,performance marketing agency for toys and games brands,dtc-service-industry-sitemap.xml,Consultus campaign matrix pattern
https://www.consultusdigital.com/dtc-marketing-services/paid-social-for-toys-and-games-brands/,/dtc-marketing-services/paid-social-for-toys-and-games-brands/,DTC,Baby kids and family,Service × Industry Landing Page,Toys and games brands,Paid Social,/dtc-industries/toys-and-games-brands-marketing-agency/,Index after content threshold,Phase 3,paid social for toys and games brands,dtc-service-industry-sitemap.xml,Consultus campaign matrix pattern
https://www.consultusdigital.com/dtc-marketing-services/paid-search-shopping-for-toys-and-games-brands/,/dtc-marketing-services/paid-search-shopping-for-toys-and-games-brands/,DTC,Baby kids and family,Service × Industry Landing Page,Toys and games brands,Paid Search and Shopping,/dtc-industries/toys-and-games-brands-marketing-agency/,Index after content threshold,Phase 3,paid search and shopping for toys and games brands,dtc-service-industry-sitemap.xml,Consultus campaign matrix pattern
https://www.consultusdigital.com/dtc-marketing-services/seo-for-toys-and-games-brands/,/dtc-marketing-services/seo-for-toys-and-games-brands/,DTC,Baby kids and family,Service × Industry Landing Page,Toys and games brands,E-commerce SEO,/dtc-industries/toys-and-games-brands-marketing-agency/,Index after content threshold,Phase 3,e-commerce seo for toys and games brands,dtc-service-industry-sitemap.xml,Consultus campaign matrix pattern
https://www.consultusdigital.com/dtc-marketing-services/ai-search-for-toys-and-games-brands/,/dtc-marketing-services/ai-search-for-toys-and-games-brands/,DTC,Baby kids and family,Service × Industry Landing Page,Toys and games brands,"AEO, GEO and AI Search",/dtc-industries/toys-and-games-brands-marketing-agency/,Index after content threshold,Phase 3,"aeo, geo and ai search for toys and games brands",dtc-service-industry-sitemap.xml,Consultus campaign matrix pattern
https://www.consultusdigital.com/dtc-marketing-services/performance-creative-for-toys-and-games-brands/,/dtc-marketing-services/performance-creative-for-toys-and-games-brands/,DTC,Baby kids and family,Service × Industry Landing Page,Toys and games brands,Performance Creative,/dtc-industries/toys-and-games-brands-marketing-agency/,Index after content threshold,Phase 3,performance creative for toys and games brands,dtc-service-industry-sitemap.xml,Consultus campaign matrix pattern
https://www.consultusdigital.com/dtc-marketing-services/shopify-cro-for-toys-and-games-brands/,/dtc-marketing-services/shopify-cro-for-toys-and-games-brands/,DTC,Baby kids and family,Service × Industry Landing Page,Toys and games brands,Shopify Development and CRO,/dtc-industries/toys-and-games-brands-marketing-agency/,Index after content threshold,Phase 3,shopify development and cro for toys and games brands,dtc-service-industry-sitemap.xml,Consultus campaign matrix pattern
https://www.consultusdigital.com/dtc-marketing-services/email-sms-for-toys-and-games-brands/,/dtc-marketing-services/email-sms-for-toys-and-games-brands/,DTC,Baby kids and family,Service × Industry Landing Page,Toys and games brands,Email and SMS,/dtc-industries/toys-and-games-brands-marketing-agency/,Index after content threshold,Phase 3,email and sms for toys and games brands,dtc-service-industry-sitemap.xml,Consultus campaign matrix pattern
https://www.consultusdigital.com/dtc-marketing-services/analytics-for-toys-and-games-brands/,/dtc-marketing-services/analytics-for-toys-and-games-brands/,DTC,Baby kids and family,Service × Industry Landing Page,Toys and games brands,Analytics and Attribution,/dtc-industries/toys-and-games-brands-marketing-agency/,Index after content threshold,Phase 3,analytics and attribution for toys and games brands,dtc-service-industry-sitemap.xml,Consultus campaign matrix pattern
https://www.consultusdigital.com/dtc-marketing-services/marketplace-marketing-for-toys-and-games-brands/,/dtc-marketing-services/marketplace-marketing-for-toys-and-games-brands/,DTC,Baby kids and family,Service × Industry Landing Page,Toys and games brands,Marketplace Marketing,/dtc-industries/toys-and-games-brands-marketing-agency/,Index after content threshold,Phase 3,marketplace marketing for toys and games brands,dtc-service-industry-sitemap.xml,Consultus campaign matrix pattern
https://www.consultusdigital.com/dtc-industries/educational-product-brands-marketing-agency/,/dtc-industries/educational-product-brands-marketing-agency/,DTC,Baby kids and family,Industry Marketing Agency Page,Educational product brands,,/dtc-industries/baby-kids-and-family/,Index,Phase 2,educational product brands marketing agency,dtc-industry-agency-sitemap.xml,https://www.cardinaldigitalmarketing.com/healthcare-specialties/mental-healthcare-providers-agency/
https://www.consultusdigital.com/dtc-marketing-services/performance-marketing-for-educational-product-brands/,/dtc-marketing-services/performance-marketing-for-educational-product-brands/,DTC,Baby kids and family,Service × Industry Landing Page,Educational product brands,Performance Marketing Agency,/dtc-industries/educational-product-brands-marketing-agency/,Index after content threshold,Phase 3,performance marketing agency for educational product brands,dtc-service-industry-sitemap.xml,Consultus campaign matrix pattern
https://www.consultusdigital.com/dtc-marketing-services/paid-social-for-educational-product-brands/,/dtc-marketing-services/paid-social-for-educational-product-brands/,DTC,Baby kids and family,Service × Industry Landing Page,Educational product brands,Paid Social,/dtc-industries/educational-product-brands-marketing-agency/,Index after content threshold,Phase 3,paid social for educational product brands,dtc-service-industry-sitemap.xml,Consultus campaign matrix pattern
https://www.consultusdigital.com/dtc-marketing-services/paid-search-shopping-for-educational-product-brands/,/dtc-marketing-services/paid-search-shopping-for-educational-product-brands/,DTC,Baby kids and family,Service × Industry Landing Page,Educational product brands,Paid Search and Shopping,/dtc-industries/educational-product-brands-marketing-agency/,Index after content threshold,Phase 3,paid search and shopping for educational product brands,dtc-service-industry-sitemap.xml,Consultus campaign matrix pattern
https://www.consultusdigital.com/dtc-marketing-services/seo-for-educational-product-brands/,/dtc-marketing-services/seo-for-educational-product-brands/,DTC,Baby kids and family,Service × Industry Landing Page,Educational product brands,E-commerce SEO,/dtc-industries/educational-product-brands-marketing-agency/,Index after content threshold,Phase 3,e-commerce seo for educational product brands,dtc-service-industry-sitemap.xml,Consultus campaign matrix pattern
https://www.consultusdigital.com/dtc-marketing-services/ai-search-for-educational-product-brands/,/dtc-marketing-services/ai-search-for-educational-product-brands/,DTC,Baby kids and family,Service × Industry Landing Page,Educational product brands,"AEO, GEO and AI Search",/dtc-industries/educational-product-brands-marketing-agency/,Index after content threshold,Phase 3,"aeo, geo and ai search for educational product brands",dtc-service-industry-sitemap.xml,Consultus campaign matrix pattern
https://www.consultusdigital.com/dtc-marketing-services/performance-creative-for-educational-product-brands/,/dtc-marketing-services/performance-creative-for-educational-product-brands/,DTC,Baby kids and family,Service × Industry Landing Page,Educational product brands,Performance Creative,/dtc-industries/educational-product-brands-marketing-agency/,Index after content threshold,Phase 3,performance creative for educational product brands,dtc-service-industry-sitemap.xml,Consultus campaign matrix pattern
https://www.consultusdigital.com/dtc-marketing-services/shopify-cro-for-educational-product-brands/,/dtc-marketing-services/shopify-cro-for-educational-product-brands/,DTC,Baby kids and family,Service × Industry Landing Page,Educational product brands,Shopify Development and CRO,/dtc-industries/educational-product-brands-marketing-agency/,Index after content threshold,Phase 3,shopify development and cro for educational product brands,dtc-service-industry-sitemap.xml,Consultus campaign matrix pattern
https://www.consultusdigital.com/dtc-marketing-services/email-sms-for-educational-product-brands/,/dtc-marketing-services/email-sms-for-educational-product-brands/,DTC,Baby kids and family,Service × Industry Landing Page,Educational product brands,Email and SMS,/dtc-industries/educational-product-brands-marketing-agency/,Index after content threshold,Phase 3,email and sms for educational product brands,dtc-service-industry-sitemap.xml,Consultus campaign matrix pattern
https://www.consultusdigital.com/dtc-marketing-services/analytics-for-educational-product-brands/,/dtc-marketing-services/analytics-for-educational-product-brands/,DTC,Baby kids and family,Service × Industry Landing Page,Educational product brands,Analytics and Attribution,/dtc-industries/educational-product-brands-marketing-agency/,Index after content threshold,Phase 3,analytics and attribution for educational product brands,dtc-service-industry-sitemap.xml,Consultus campaign matrix pattern
https://www.consultusdigital.com/dtc-marketing-services/marketplace-marketing-for-educational-product-brands/,/dtc-marketing-services/marketplace-marketing-for-educational-product-brands/,DTC,Baby kids and family,Service × Industry Landing Page,Educational product brands,Marketplace Marketing,/dtc-industries/educational-product-brands-marketing-agency/,Index after content threshold,Phase 3,marketplace marketing for educational product brands,dtc-service-industry-sitemap.xml,Consultus campaign matrix pattern
https://www.consultusdigital.com/dtc-industries/maternity-brands-marketing-agency/,/dtc-industries/maternity-brands-marketing-agency/,DTC,Baby kids and family,Industry Marketing Agency Page,Maternity brands,,/dtc-industries/baby-kids-and-family/,Index,Phase 2,maternity brands marketing agency,dtc-industry-agency-sitemap.xml,https://www.cardinaldigitalmarketing.com/healthcare-specialties/mental-healthcare-providers-agency/
https://www.consultusdigital.com/dtc-marketing-services/performance-marketing-for-maternity-brands/,/dtc-marketing-services/performance-marketing-for-maternity-brands/,DTC,Baby kids and family,Service × Industry Landing Page,Maternity brands,Performance Marketing Agency,/dtc-industries/maternity-brands-marketing-agency/,Index after content threshold,Phase 3,performance marketing agency for maternity brands,dtc-service-industry-sitemap.xml,Consultus campaign matrix pattern
https://www.consultusdigital.com/dtc-marketing-services/paid-social-for-maternity-brands/,/dtc-marketing-services/paid-social-for-maternity-brands/,DTC,Baby kids and family,Service × Industry Landing Page,Maternity brands,Paid Social,/dtc-industries/maternity-brands-marketing-agency/,Index after content threshold,Phase 3,paid social for maternity brands,dtc-service-industry-sitemap.xml,Consultus campaign matrix pattern
https://www.consultusdigital.com/dtc-marketing-services/paid-search-shopping-for-maternity-brands/,/dtc-marketing-services/paid-search-shopping-for-maternity-brands/,DTC,Baby kids and family,Service × Industry Landing Page,Maternity brands,Paid Search and Shopping,/dtc-industries/maternity-brands-marketing-agency/,Index after content threshold,Phase 3,paid search and shopping for maternity brands,dtc-service-industry-sitemap.xml,Consultus campaign matrix pattern
https://www.consultusdigital.com/dtc-marketing-services/seo-for-maternity-brands/,/dtc-marketing-services/seo-for-maternity-brands/,DTC,Baby kids and family,Service × Industry Landing Page,Maternity brands,E-commerce SEO,/dtc-industries/maternity-brands-marketing-agency/,Index after content threshold,Phase 3,e-commerce seo for maternity brands,dtc-service-industry-sitemap.xml,Consultus campaign matrix pattern
https://www.consultusdigital.com/dtc-marketing-services/ai-search-for-maternity-brands/,/dtc-marketing-services/ai-search-for-maternity-brands/,DTC,Baby kids and family,Service × Industry Landing Page,Maternity brands,"AEO, GEO and AI Search",/dtc-industries/maternity-brands-marketing-agency/,Index after content threshold,Phase 3,"aeo, geo and ai search for maternity brands",dtc-service-industry-sitemap.xml,Consultus campaign matrix pattern
https://www.consultusdigital.com/dtc-marketing-services/performance-creative-for-maternity-brands/,/dtc-marketing-services/performance-creative-for-maternity-brands/,DTC,Baby kids and family,Service × Industry Landing Page,Maternity brands,Performance Creative,/dtc-industries/maternity-brands-marketing-agency/,Index after content threshold,Phase 3,performance creative for maternity brands,dtc-service-industry-sitemap.xml,Consultus campaign matrix pattern
https://www.consultusdigital.com/dtc-marketing-services/shopify-cro-for-maternity-brands/,/dtc-marketing-services/shopify-cro-for-maternity-brands/,DTC,Baby kids and family,Service × Industry Landing Page,Maternity brands,Shopify Development and CRO,/dtc-industries/maternity-brands-marketing-agency/,Index after content threshold,Phase 3,shopify development and cro for maternity brands,dtc-service-industry-sitemap.xml,Consultus campaign matrix pattern
https://www.consultusdigital.com/dtc-marketing-services/email-sms-for-maternity-brands/,/dtc-marketing-services/email-sms-for-maternity-brands/,DTC,Baby kids and family,Service × Industry Landing Page,Maternity brands,Email and SMS,/dtc-industries/maternity-brands-marketing-agency/,Index after content threshold,Phase 3,email and sms for maternity brands,dtc-service-industry-sitemap.xml,Consultus campaign matrix pattern
https://www.consultusdigital.com/dtc-marketing-services/analytics-for-maternity-brands/,/dtc-marketing-services/analytics-for-maternity-brands/,DTC,Baby kids and family,Service × Industry Landing Page,Maternity brands,Analytics and Attribution,/dtc-industries/maternity-brands-marketing-agency/,Index after content threshold,Phase 3,analytics and attribution for maternity brands,dtc-service-industry-sitemap.xml,Consultus campaign matrix pattern
https://www.consultusdigital.com/dtc-marketing-services/marketplace-marketing-for-maternity-brands/,/dtc-marketing-services/marketplace-marketing-for-maternity-brands/,DTC,Baby kids and family,Service × Industry Landing Page,Maternity brands,Marketplace Marketing,/dtc-industries/maternity-brands-marketing-agency/,Index after content threshold,Phase 3,marketplace marketing for maternity brands,dtc-service-industry-sitemap.xml,Consultus campaign matrix pattern
https://www.consultusdigital.com/dtc-industries/feeding-product-brands-marketing-agency/,/dtc-industries/feeding-product-brands-marketing-agency/,DTC,Baby kids and family,Industry Marketing Agency Page,Feeding product brands,,/dtc-industries/baby-kids-and-family/,Index,Phase 2,feeding product brands marketing agency,dtc-industry-agency-sitemap.xml,https://www.cardinaldigitalmarketing.com/healthcare-specialties/mental-healthcare-providers-agency/
https://www.consultusdigital.com/dtc-marketing-services/performance-marketing-for-feeding-product-brands/,/dtc-marketing-services/performance-marketing-for-feeding-product-brands/,DTC,Baby kids and family,Service × Industry Landing Page,Feeding product brands,Performance Marketing Agency,/dtc-industries/feeding-product-brands-marketing-agency/,Index after content threshold,Phase 3,performance marketing agency for feeding product brands,dtc-service-industry-sitemap.xml,Consultus campaign matrix pattern
https://www.consultusdigital.com/dtc-marketing-services/paid-social-for-feeding-product-brands/,/dtc-marketing-services/paid-social-for-feeding-product-brands/,DTC,Baby kids and family,Service × Industry Landing Page,Feeding product brands,Paid Social,/dtc-industries/feeding-product-brands-marketing-agency/,Index after content threshold,Phase 3,paid social for feeding product brands,dtc-service-industry-sitemap.xml,Consultus campaign matrix pattern
https://www.consultusdigital.com/dtc-marketing-services/paid-search-shopping-for-feeding-product-brands/,/dtc-marketing-services/paid-search-shopping-for-feeding-product-brands/,DTC,Baby kids and family,Service × Industry Landing Page,Feeding product brands,Paid Search and Shopping,/dtc-industries/feeding-product-brands-marketing-agency/,Index after content threshold,Phase 3,paid search and shopping for feeding product brands,dtc-service-industry-sitemap.xml,Consultus campaign matrix pattern
https://www.consultusdigital.com/dtc-marketing-services/seo-for-feeding-product-brands/,/dtc-marketing-services/seo-for-feeding-product-brands/,DTC,Baby kids and family,Service × Industry Landing Page,Feeding product brands,E-commerce SEO,/dtc-industries/feeding-product-brands-marketing-agency/,Index after content threshold,Phase 3,e-commerce seo for feeding product brands,dtc-service-industry-sitemap.xml,Consultus campaign matrix pattern
https://www.consultusdigital.com/dtc-marketing-services/ai-search-for-feeding-product-brands/,/dtc-marketing-services/ai-search-for-feeding-product-brands/,DTC,Baby kids and family,Service × Industry Landing Page,Feeding product brands,"AEO, GEO and AI Search",/dtc-industries/feeding-product-brands-marketing-agency/,Index after content threshold,Phase 3,"aeo, geo and ai search for feeding product brands",dtc-service-industry-sitemap.xml,Consultus campaign matrix pattern
https://www.consultusdigital.com/dtc-marketing-services/performance-creative-for-feeding-product-brands/,/dtc-marketing-services/performance-creative-for-feeding-product-brands/,DTC,Baby kids and family,Service × Industry Landing Page,Feeding product brands,Performance Creative,/dtc-industries/feeding-product-brands-marketing-agency/,Index after content threshold,Phase 3,performance creative for feeding product brands,dtc-service-industry-sitemap.xml,Consultus campaign matrix pattern
https://www.consultusdigital.com/dtc-marketing-services/shopify-cro-for-feeding-product-brands/,/dtc-marketing-services/shopify-cro-for-feeding-product-brands/,DTC,Baby kids and family,Service × Industry Landing Page,Feeding product brands,Shopify Development and CRO,/dtc-industries/feeding-product-brands-marketing-agency/,Index after content threshold,Phase 3,shopify development and cro for feeding product brands,dtc-service-industry-sitemap.xml,Consultus campaign matrix pattern
https://www.consultusdigital.com/dtc-marketing-services/email-sms-for-feeding-product-brands/,/dtc-marketing-services/email-sms-for-feeding-product-brands/,DTC,Baby kids and family,Service × Industry Landing Page,Feeding product brands,Email and SMS,/dtc-industries/feeding-product-brands-marketing-agency/,Index after content threshold,Phase 3,email and sms for feeding product brands,dtc-service-industry-sitemap.xml,Consultus campaign matrix pattern
https://www.consultusdigital.com/dtc-marketing-services/analytics-for-feeding-product-brands/,/dtc-marketing-services/analytics-for-feeding-product-brands/,DTC,Baby kids and family,Service × Industry Landing Page,Feeding product brands,Analytics and Attribution,/dtc-industries/feeding-product-brands-marketing-agency/,Index after content threshold,Phase 3,analytics and attribution for feeding product brands,dtc-service-industry-sitemap.xml,Consultus campaign matrix pattern
https://www.consultusdigital.com/dtc-marketing-services/marketplace-marketing-for-feeding-product-brands/,/dtc-marketing-services/marketplace-marketing-for-feeding-product-brands/,DTC,Baby kids and family,Service × Industry Landing Page,Feeding product brands,Marketplace Marketing,/dtc-industries/feeding-product-brands-marketing-agency/,Index after content threshold,Phase 3,marketplace marketing for feeding product brands,dtc-service-industry-sitemap.xml,Consultus campaign matrix pattern
https://www.consultusdigital.com/dtc-industries/diaper-brands-marketing-agency/,/dtc-industries/diaper-brands-marketing-agency/,DTC,Baby kids and family,Industry Marketing Agency Page,Diaper brands,,/dtc-industries/baby-kids-and-family/,Index,Phase 2,diaper brands marketing agency,dtc-industry-agency-sitemap.xml,https://www.cardinaldigitalmarketing.com/healthcare-specialties/mental-healthcare-providers-agency/
https://www.consultusdigital.com/dtc-marketing-services/performance-marketing-for-diaper-brands/,/dtc-marketing-services/performance-marketing-for-diaper-brands/,DTC,Baby kids and family,Service × Industry Landing Page,Diaper brands,Performance Marketing Agency,/dtc-industries/diaper-brands-marketing-agency/,Index after content threshold,Phase 3,performance marketing agency for diaper brands,dtc-service-industry-sitemap.xml,Consultus campaign matrix pattern
https://www.consultusdigital.com/dtc-marketing-services/paid-social-for-diaper-brands/,/dtc-marketing-services/paid-social-for-diaper-brands/,DTC,Baby kids and family,Service × Industry Landing Page,Diaper brands,Paid Social,/dtc-industries/diaper-brands-marketing-agency/,Index after content threshold,Phase 3,paid social for diaper brands,dtc-service-industry-sitemap.xml,Consultus campaign matrix pattern
https://www.consultusdigital.com/dtc-marketing-services/paid-search-shopping-for-diaper-brands/,/dtc-marketing-services/paid-search-shopping-for-diaper-brands/,DTC,Baby kids and family,Service × Industry Landing Page,Diaper brands,Paid Search and Shopping,/dtc-industries/diaper-brands-marketing-agency/,Index after content threshold,Phase 3,paid search and shopping for diaper brands,dtc-service-industry-sitemap.xml,Consultus campaign matrix pattern
https://www.consultusdigital.com/dtc-marketing-services/seo-for-diaper-brands/,/dtc-marketing-services/seo-for-diaper-brands/,DTC,Baby kids and family,Service × Industry Landing Page,Diaper brands,E-commerce SEO,/dtc-industries/diaper-brands-marketing-agency/,Index after content threshold,Phase 3,e-commerce seo for diaper brands,dtc-service-industry-sitemap.xml,Consultus campaign matrix pattern
https://www.consultusdigital.com/dtc-marketing-services/ai-search-for-diaper-brands/,/dtc-marketing-services/ai-search-for-diaper-brands/,DTC,Baby kids and family,Service × Industry Landing Page,Diaper brands,"AEO, GEO and AI Search",/dtc-industries/diaper-brands-marketing-agency/,Index after content threshold,Phase 3,"aeo, geo and ai search for diaper brands",dtc-service-industry-sitemap.xml,Consultus campaign matrix pattern
https://www.consultusdigital.com/dtc-marketing-services/performance-creative-for-diaper-brands/,/dtc-marketing-services/performance-creative-for-diaper-brands/,DTC,Baby kids and family,Service × Industry Landing Page,Diaper brands,Performance Creative,/dtc-industries/diaper-brands-marketing-agency/,Index after content threshold,Phase 3,performance creative for diaper brands,dtc-service-industry-sitemap.xml,Consultus campaign matrix pattern
https://www.consultusdigital.com/dtc-marketing-services/shopify-cro-for-diaper-brands/,/dtc-marketing-services/shopify-cro-for-diaper-brands/,DTC,Baby kids and family,Service × Industry Landing Page,Diaper brands,Shopify Development and CRO,/dtc-industries/diaper-brands-marketing-agency/,Index after content threshold,Phase 3,shopify development and cro for diaper brands,dtc-service-industry-sitemap.xml,Consultus campaign matrix pattern
https://www.consultusdigital.com/dtc-marketing-services/email-sms-for-diaper-brands/,/dtc-marketing-services/email-sms-for-diaper-brands/,DTC,Baby kids and family,Service × Industry Landing Page,Diaper brands,Email and SMS,/dtc-industries/diaper-brands-marketing-agency/,Index after content threshold,Phase 3,email and sms for diaper brands,dtc-service-industry-sitemap.xml,Consultus campaign matrix pattern
https://www.consultusdigital.com/dtc-marketing-services/analytics-for-diaper-brands/,/dtc-marketing-services/analytics-for-diaper-brands/,DTC,Baby kids and family,Service × Industry Landing Page,Diaper brands,Analytics and Attribution,/dtc-industries/diaper-brands-marketing-agency/,Index after content threshold,Phase 3,analytics and attribution for diaper brands,dtc-service-industry-sitemap.xml,Consultus campaign matrix pattern
https://www.consultusdigital.com/dtc-marketing-services/marketplace-marketing-for-diaper-brands/,/dtc-marketing-services/marketplace-marketing-for-diaper-brands/,DTC,Baby kids and family,Service × Industry Landing Page,Diaper brands,Marketplace Marketing,/dtc-industries/diaper-brands-marketing-agency/,Index after content threshold,Phase 3,marketplace marketing for diaper brands,dtc-service-industry-sitemap.xml,Consultus campaign matrix pattern
https://www.consultusdigital.com/dtc-industries/family-lifestyle-brands-marketing-agency/,/dtc-industries/family-lifestyle-brands-marketing-agency/,DTC,Baby kids and family,Industry Marketing Agency Page,Family lifestyle brands,,/dtc-industries/baby-kids-and-family/,Index,Phase 2,family lifestyle brands marketing agency,dtc-industry-agency-sitemap.xml,https://www.cardinaldigitalmarketing.com/healthcare-specialties/mental-healthcare-providers-agency/
https://www.consultusdigital.com/dtc-marketing-services/performance-marketing-for-family-lifestyle-brands/,/dtc-marketing-services/performance-marketing-for-family-lifestyle-brands/,DTC,Baby kids and family,Service × Industry Landing Page,Family lifestyle brands,Performance Marketing Agency,/dtc-industries/family-lifestyle-brands-marketing-agency/,Index after content threshold,Phase 3,performance marketing agency for family lifestyle brands,dtc-service-industry-sitemap.xml,Consultus campaign matrix pattern
https://www.consultusdigital.com/dtc-marketing-services/paid-social-for-family-lifestyle-brands/,/dtc-marketing-services/paid-social-for-family-lifestyle-brands/,DTC,Baby kids and family,Service × Industry Landing Page,Family lifestyle brands,Paid Social,/dtc-industries/family-lifestyle-brands-marketing-agency/,Index after content threshold,Phase 3,paid social for family lifestyle brands,dtc-service-industry-sitemap.xml,Consultus campaign matrix pattern
https://www.consultusdigital.com/dtc-marketing-services/paid-search-shopping-for-family-lifestyle-brands/,/dtc-marketing-services/paid-search-shopping-for-family-lifestyle-brands/,DTC,Baby kids and family,Service × Industry Landing Page,Family lifestyle brands,Paid Search and Shopping,/dtc-industries/family-lifestyle-brands-marketing-agency/,Index after content threshold,Phase 3,paid search and shopping for family lifestyle brands,dtc-service-industry-sitemap.xml,Consultus campaign matrix pattern
https://www.consultusdigital.com/dtc-marketing-services/seo-for-family-lifestyle-brands/,/dtc-marketing-services/seo-for-family-lifestyle-brands/,DTC,Baby kids and family,Service × Industry Landing Page,Family lifestyle brands,E-commerce SEO,/dtc-industries/family-lifestyle-brands-marketing-agency/,Index after content threshold,Phase 3,e-commerce seo for family lifestyle brands,dtc-service-industry-sitemap.xml,Consultus campaign matrix pattern
https://www.consultusdigital.com/dtc-marketing-services/ai-search-for-family-lifestyle-brands/,/dtc-marketing-services/ai-search-for-family-lifestyle-brands/,DTC,Baby kids and family,Service × Industry Landing Page,Family lifestyle brands,"AEO, GEO and AI Search",/dtc-industries/family-lifestyle-brands-marketing-agency/,Index after content threshold,Phase 3,"aeo, geo and ai search for family lifestyle brands",dtc-service-industry-sitemap.xml,Consultus campaign matrix pattern
https://www.consultusdigital.com/dtc-marketing-services/performance-creative-for-family-lifestyle-brands/,/dtc-marketing-services/performance-creative-for-family-lifestyle-brands/,DTC,Baby kids and family,Service × Industry Landing Page,Family lifestyle brands,Performance Creative,/dtc-industries/family-lifestyle-brands-marketing-agency/,Index after content threshold,Phase 3,performance creative for family lifestyle brands,dtc-service-industry-sitemap.xml,Consultus campaign matrix pattern
https://www.consultusdigital.com/dtc-marketing-services/shopify-cro-for-family-lifestyle-brands/,/dtc-marketing-services/shopify-cro-for-family-lifestyle-brands/,DTC,Baby kids and family,Service × Industry Landing Page,Family lifestyle brands,Shopify Development and CRO,/dtc-industries/family-lifestyle-brands-marketing-agency/,Index after content threshold,Phase 3,shopify development and cro for family lifestyle brands,dtc-service-industry-sitemap.xml,Consultus campaign matrix pattern
https://www.consultusdigital.com/dtc-marketing-services/email-sms-for-family-lifestyle-brands/,/dtc-marketing-services/email-sms-for-family-lifestyle-brands/,DTC,Baby kids and family,Service × Industry Landing Page,Family lifestyle brands,Email and SMS,/dtc-industries/family-lifestyle-brands-marketing-agency/,Index after content threshold,Phase 3,email and sms for family lifestyle brands,dtc-service-industry-sitemap.xml,Consultus campaign matrix pattern
https://www.consultusdigital.com/dtc-marketing-services/analytics-for-family-lifestyle-brands/,/dtc-marketing-services/analytics-for-family-lifestyle-brands/,DTC,Baby kids and family,Service × Industry Landing Page,Family lifestyle brands,Analytics and Attribution,/dtc-industries/family-lifestyle-brands-marketing-agency/,Index after content threshold,Phase 3,analytics and attribution for family lifestyle brands,dtc-service-industry-sitemap.xml,Consultus campaign matrix pattern
https://www.consultusdigital.com/dtc-marketing-services/marketplace-marketing-for-family-lifestyle-brands/,/dtc-marketing-services/marketplace-marketing-for-family-lifestyle-brands/,DTC,Baby kids and family,Service × Industry Landing Page,Family lifestyle brands,Marketplace Marketing,/dtc-industries/family-lifestyle-brands-marketing-agency/,Index after content threshold,Phase 3,marketplace marketing for family lifestyle brands,dtc-service-industry-sitemap.xml,Consultus campaign matrix pattern
https://www.consultusdigital.com/dtc-industries/pet-and-animal/,/dtc-industries/pet-and-animal/,DTC,Pet and animal,Sector Hub,Pet and animal,,/dtc-industries/,Index,Phase 1,pet and animal marketing agency,dtc-industry-agency-sitemap.xml,https://www.cardinaldigitalmarketing.com/healthcare-specialties/mental-healthcare-providers-agency/
https://www.consultusdigital.com/dtc-industries/pet-product-brands-marketing-agency/,/dtc-industries/pet-product-brands-marketing-agency/,DTC,Pet and animal,Industry Marketing Agency Page,Pet product brands,,/dtc-industries/pet-and-animal/,Index,Phase 2,pet product brands marketing agency,dtc-industry-agency-sitemap.xml,https://www.cardinaldigitalmarketing.com/healthcare-specialties/mental-healthcare-providers-agency/
https://www.consultusdigital.com/dtc-marketing-services/performance-marketing-for-pet-product-brands/,/dtc-marketing-services/performance-marketing-for-pet-product-brands/,DTC,Pet and animal,Service × Industry Landing Page,Pet product brands,Performance Marketing Agency,/dtc-industries/pet-product-brands-marketing-agency/,Index after content threshold,Phase 3,performance marketing agency for pet product brands,dtc-service-industry-sitemap.xml,Consultus campaign matrix pattern
https://www.consultusdigital.com/dtc-marketing-services/paid-social-for-pet-product-brands/,/dtc-marketing-services/paid-social-for-pet-product-brands/,DTC,Pet and animal,Service × Industry Landing Page,Pet product brands,Paid Social,/dtc-industries/pet-product-brands-marketing-agency/,Index after content threshold,Phase 3,paid social for pet product brands,dtc-service-industry-sitemap.xml,Consultus campaign matrix pattern
https://www.consultusdigital.com/dtc-marketing-services/paid-search-shopping-for-pet-product-brands/,/dtc-marketing-services/paid-search-shopping-for-pet-product-brands/,DTC,Pet and animal,Service × Industry Landing Page,Pet product brands,Paid Search and Shopping,/dtc-industries/pet-product-brands-marketing-agency/,Index after content threshold,Phase 3,paid search and shopping for pet product brands,dtc-service-industry-sitemap.xml,Consultus campaign matrix pattern
https://www.consultusdigital.com/dtc-marketing-services/seo-for-pet-product-brands/,/dtc-marketing-services/seo-for-pet-product-brands/,DTC,Pet and animal,Service × Industry Landing Page,Pet product brands,E-commerce SEO,/dtc-industries/pet-product-brands-marketing-agency/,Index after content threshold,Phase 3,e-commerce seo for pet product brands,dtc-service-industry-sitemap.xml,Consultus campaign matrix pattern
https://www.consultusdigital.com/dtc-marketing-services/ai-search-for-pet-product-brands/,/dtc-marketing-services/ai-search-for-pet-product-brands/,DTC,Pet and animal,Service × Industry Landing Page,Pet product brands,"AEO, GEO and AI Search",/dtc-industries/pet-product-brands-marketing-agency/,Index after content threshold,Phase 3,"aeo, geo and ai search for pet product brands",dtc-service-industry-sitemap.xml,Consultus campaign matrix pattern
https://www.consultusdigital.com/dtc-marketing-services/performance-creative-for-pet-product-brands/,/dtc-marketing-services/performance-creative-for-pet-product-brands/,DTC,Pet and animal,Service × Industry Landing Page,Pet product brands,Performance Creative,/dtc-industries/pet-product-brands-marketing-agency/,Index after content threshold,Phase 3,performance creative for pet product brands,dtc-service-industry-sitemap.xml,Consultus campaign matrix pattern
https://www.consultusdigital.com/dtc-marketing-services/shopify-cro-for-pet-product-brands/,/dtc-marketing-services/shopify-cro-for-pet-product-brands/,DTC,Pet and animal,Service × Industry Landing Page,Pet product brands,Shopify Development and CRO,/dtc-industries/pet-product-brands-marketing-agency/,Index after content threshold,Phase 3,shopify development and cro for pet product brands,dtc-service-industry-sitemap.xml,Consultus campaign matrix pattern
https://www.consultusdigital.com/dtc-marketing-services/email-sms-for-pet-product-brands/,/dtc-marketing-services/email-sms-for-pet-product-brands/,DTC,Pet and animal,Service × Industry Landing Page,Pet product brands,Email and SMS,/dtc-industries/pet-product-brands-marketing-agency/,Index after content threshold,Phase 3,email and sms for pet product brands,dtc-service-industry-sitemap.xml,Consultus campaign matrix pattern
https://www.consultusdigital.com/dtc-marketing-services/analytics-for-pet-product-brands/,/dtc-marketing-services/analytics-for-pet-product-brands/,DTC,Pet and animal,Service × Industry Landing Page,Pet product brands,Analytics and Attribution,/dtc-industries/pet-product-brands-marketing-agency/,Index after content threshold,Phase 3,analytics and attribution for pet product brands,dtc-service-industry-sitemap.xml,Consultus campaign matrix pattern
https://www.consultusdigital.com/dtc-marketing-services/marketplace-marketing-for-pet-product-brands/,/dtc-marketing-services/marketplace-marketing-for-pet-product-brands/,DTC,Pet and animal,Service × Industry Landing Page,Pet product brands,Marketplace Marketing,/dtc-industries/pet-product-brands-marketing-agency/,Index after content threshold,Phase 3,marketplace marketing for pet product brands,dtc-service-industry-sitemap.xml,Consultus campaign matrix pattern
https://www.consultusdigital.com/dtc-industries/pet-supplement-brands-marketing-agency/,/dtc-industries/pet-supplement-brands-marketing-agency/,DTC,Pet and animal,Industry Marketing Agency Page,Pet supplement brands,,/dtc-industries/pet-and-animal/,Index,Phase 2,pet supplement brands marketing agency,dtc-industry-agency-sitemap.xml,https://www.cardinaldigitalmarketing.com/healthcare-specialties/mental-healthcare-providers-agency/
https://www.consultusdigital.com/dtc-marketing-services/performance-marketing-for-pet-supplement-brands/,/dtc-marketing-services/performance-marketing-for-pet-supplement-brands/,DTC,Pet and animal,Service × Industry Landing Page,Pet supplement brands,Performance Marketing Agency,/dtc-industries/pet-supplement-brands-marketing-agency/,Index after content threshold,Phase 3,performance marketing agency for pet supplement brands,dtc-service-industry-sitemap.xml,Consultus campaign matrix pattern
https://www.consultusdigital.com/dtc-marketing-services/paid-social-for-pet-supplement-brands/,/dtc-marketing-services/paid-social-for-pet-supplement-brands/,DTC,Pet and animal,Service × Industry Landing Page,Pet supplement brands,Paid Social,/dtc-industries/pet-supplement-brands-marketing-agency/,Index after content threshold,Phase 3,paid social for pet supplement brands,dtc-service-industry-sitemap.xml,Consultus campaign matrix pattern
https://www.consultusdigital.com/dtc-marketing-services/paid-search-shopping-for-pet-supplement-brands/,/dtc-marketing-services/paid-search-shopping-for-pet-supplement-brands/,DTC,Pet and animal,Service × Industry Landing Page,Pet supplement brands,Paid Search and Shopping,/dtc-industries/pet-supplement-brands-marketing-agency/,Index after content threshold,Phase 3,paid search and shopping for pet supplement brands,dtc-service-industry-sitemap.xml,Consultus campaign matrix pattern
https://www.consultusdigital.com/dtc-marketing-services/seo-for-pet-supplement-brands/,/dtc-marketing-services/seo-for-pet-supplement-brands/,DTC,Pet and animal,Service × Industry Landing Page,Pet supplement brands,E-commerce SEO,/dtc-industries/pet-supplement-brands-marketing-agency/,Index after content threshold,Phase 3,e-commerce seo for pet supplement brands,dtc-service-industry-sitemap.xml,Consultus campaign matrix pattern
https://www.consultusdigital.com/dtc-marketing-services/ai-search-for-pet-supplement-brands/,/dtc-marketing-services/ai-search-for-pet-supplement-brands/,DTC,Pet and animal,Service × Industry Landing Page,Pet supplement brands,"AEO, GEO and AI Search",/dtc-industries/pet-supplement-brands-marketing-agency/,Index after content threshold,Phase 3,"aeo, geo and ai search for pet supplement brands",dtc-service-industry-sitemap.xml,Consultus campaign matrix pattern
https://www.consultusdigital.com/dtc-marketing-services/performance-creative-for-pet-supplement-brands/,/dtc-marketing-services/performance-creative-for-pet-supplement-brands/,DTC,Pet and animal,Service × Industry Landing Page,Pet supplement brands,Performance Creative,/dtc-industries/pet-supplement-brands-marketing-agency/,Index after content threshold,Phase 3,performance creative for pet supplement brands,dtc-service-industry-sitemap.xml,Consultus campaign matrix pattern
https://www.consultusdigital.com/dtc-marketing-services/shopify-cro-for-pet-supplement-brands/,/dtc-marketing-services/shopify-cro-for-pet-supplement-brands/,DTC,Pet and animal,Service × Industry Landing Page,Pet supplement brands,Shopify Development and CRO,/dtc-industries/pet-supplement-brands-marketing-agency/,Index after content threshold,Phase 3,shopify development and cro for pet supplement brands,dtc-service-industry-sitemap.xml,Consultus campaign matrix pattern
https://www.consultusdigital.com/dtc-marketing-services/email-sms-for-pet-supplement-brands/,/dtc-marketing-services/email-sms-for-pet-supplement-brands/,DTC,Pet and animal,Service × Industry Landing Page,Pet supplement brands,Email and SMS,/dtc-industries/pet-supplement-brands-marketing-agency/,Index after content threshold,Phase 3,email and sms for pet supplement brands,dtc-service-industry-sitemap.xml,Consultus campaign matrix pattern
https://www.consultusdigital.com/dtc-marketing-services/analytics-for-pet-supplement-brands/,/dtc-marketing-services/analytics-for-pet-supplement-brands/,DTC,Pet and animal,Service × Industry Landing Page,Pet supplement brands,Analytics and Attribution,/dtc-industries/pet-supplement-brands-marketing-agency/,Index after content threshold,Phase 3,analytics and attribution for pet supplement brands,dtc-service-industry-sitemap.xml,Consultus campaign matrix pattern
https://www.consultusdigital.com/dtc-marketing-services/marketplace-marketing-for-pet-supplement-brands/,/dtc-marketing-services/marketplace-marketing-for-pet-supplement-brands/,DTC,Pet and animal,Service × Industry Landing Page,Pet supplement brands,Marketplace Marketing,/dtc-industries/pet-supplement-brands-marketing-agency/,Index after content threshold,Phase 3,marketplace marketing for pet supplement brands,dtc-service-industry-sitemap.xml,Consultus campaign matrix pattern
https://www.consultusdigital.com/dtc-industries/pet-wellness-brands-marketing-agency/,/dtc-industries/pet-wellness-brands-marketing-agency/,DTC,Pet and animal,Industry Marketing Agency Page,Pet wellness brands,,/dtc-industries/pet-and-animal/,Index,Phase 2,pet wellness brands marketing agency,dtc-industry-agency-sitemap.xml,https://www.cardinaldigitalmarketing.com/healthcare-specialties/mental-healthcare-providers-agency/
https://www.consultusdigital.com/dtc-marketing-services/performance-marketing-for-pet-wellness-brands/,/dtc-marketing-services/performance-marketing-for-pet-wellness-brands/,DTC,Pet and animal,Service × Industry Landing Page,Pet wellness brands,Performance Marketing Agency,/dtc-industries/pet-wellness-brands-marketing-agency/,Index after content threshold,Phase 3,performance marketing agency for pet wellness brands,dtc-service-industry-sitemap.xml,Consultus campaign matrix pattern
https://www.consultusdigital.com/dtc-marketing-services/paid-social-for-pet-wellness-brands/,/dtc-marketing-services/paid-social-for-pet-wellness-brands/,DTC,Pet and animal,Service × Industry Landing Page,Pet wellness brands,Paid Social,/dtc-industries/pet-wellness-brands-marketing-agency/,Index after content threshold,Phase 3,paid social for pet wellness brands,dtc-service-industry-sitemap.xml,Consultus campaign matrix pattern
https://www.consultusdigital.com/dtc-marketing-services/paid-search-shopping-for-pet-wellness-brands/,/dtc-marketing-services/paid-search-shopping-for-pet-wellness-brands/,DTC,Pet and animal,Service × Industry Landing Page,Pet wellness brands,Paid Search and Shopping,/dtc-industries/pet-wellness-brands-marketing-agency/,Index after content threshold,Phase 3,paid search and shopping for pet wellness brands,dtc-service-industry-sitemap.xml,Consultus campaign matrix pattern
https://www.consultusdigital.com/dtc-marketing-services/seo-for-pet-wellness-brands/,/dtc-marketing-services/seo-for-pet-wellness-brands/,DTC,Pet and animal,Service × Industry Landing Page,Pet wellness brands,E-commerce SEO,/dtc-industries/pet-wellness-brands-marketing-agency/,Index after content threshold,Phase 3,e-commerce seo for pet wellness brands,dtc-service-industry-sitemap.xml,Consultus campaign matrix pattern
https://www.consultusdigital.com/dtc-marketing-services/ai-search-for-pet-wellness-brands/,/dtc-marketing-services/ai-search-for-pet-wellness-brands/,DTC,Pet and animal,Service × Industry Landing Page,Pet wellness brands,"AEO, GEO and AI Search",/dtc-industries/pet-wellness-brands-marketing-agency/,Index after content threshold,Phase 3,"aeo, geo and ai search for pet wellness brands",dtc-service-industry-sitemap.xml,Consultus campaign matrix pattern
https://www.consultusdigital.com/dtc-marketing-services/performance-creative-for-pet-wellness-brands/,/dtc-marketing-services/performance-creative-for-pet-wellness-brands/,DTC,Pet and animal,Service × Industry Landing Page,Pet wellness brands,Performance Creative,/dtc-industries/pet-wellness-brands-marketing-agency/,Index after content threshold,Phase 3,performance creative for pet wellness brands,dtc-service-industry-sitemap.xml,Consultus campaign matrix pattern
https://www.consultusdigital.com/dtc-marketing-services/shopify-cro-for-pet-wellness-brands/,/dtc-marketing-services/shopify-cro-for-pet-wellness-brands/,DTC,Pet and animal,Service × Industry Landing Page,Pet wellness brands,Shopify Development and CRO,/dtc-industries/pet-wellness-brands-marketing-agency/,Index after content threshold,Phase 3,shopify development and cro for pet wellness brands,dtc-service-industry-sitemap.xml,Consultus campaign matrix pattern
https://www.consultusdigital.com/dtc-marketing-services/email-sms-for-pet-wellness-brands/,/dtc-marketing-services/email-sms-for-pet-wellness-brands/,DTC,Pet and animal,Service × Industry Landing Page,Pet wellness brands,Email and SMS,/dtc-industries/pet-wellness-brands-marketing-agency/,Index after content threshold,Phase 3,email and sms for pet wellness brands,dtc-service-industry-sitemap.xml,Consultus campaign matrix pattern
https://www.consultusdigital.com/dtc-marketing-services/analytics-for-pet-wellness-brands/,/dtc-marketing-services/analytics-for-pet-wellness-brands/,DTC,Pet and animal,Service × Industry Landing Page,Pet wellness brands,Analytics and Attribution,/dtc-industries/pet-wellness-brands-marketing-agency/,Index after content threshold,Phase 3,analytics and attribution for pet wellness brands,dtc-service-industry-sitemap.xml,Consultus campaign matrix pattern
https://www.consultusdigital.com/dtc-marketing-services/marketplace-marketing-for-pet-wellness-brands/,/dtc-marketing-services/marketplace-marketing-for-pet-wellness-brands/,DTC,Pet and animal,Service × Industry Landing Page,Pet wellness brands,Marketplace Marketing,/dtc-industries/pet-wellness-brands-marketing-agency/,Index after content threshold,Phase 3,marketplace marketing for pet wellness brands,dtc-service-industry-sitemap.xml,Consultus campaign matrix pattern
https://www.consultusdigital.com/dtc-industries/pet-accessory-brands-marketing-agency/,/dtc-industries/pet-accessory-brands-marketing-agency/,DTC,Pet and animal,Industry Marketing Agency Page,Pet accessory brands,,/dtc-industries/pet-and-animal/,Index,Phase 2,pet accessory brands marketing agency,dtc-industry-agency-sitemap.xml,https://www.cardinaldigitalmarketing.com/healthcare-specialties/mental-healthcare-providers-agency/
https://www.consultusdigital.com/dtc-marketing-services/performance-marketing-for-pet-accessory-brands/,/dtc-marketing-services/performance-marketing-for-pet-accessory-brands/,DTC,Pet and animal,Service × Industry Landing Page,Pet accessory brands,Performance Marketing Agency,/dtc-industries/pet-accessory-brands-marketing-agency/,Index after content threshold,Phase 3,performance marketing agency for pet accessory brands,dtc-service-industry-sitemap.xml,Consultus campaign matrix pattern
https://www.consultusdigital.com/dtc-marketing-services/paid-social-for-pet-accessory-brands/,/dtc-marketing-services/paid-social-for-pet-accessory-brands/,DTC,Pet and animal,Service × Industry Landing Page,Pet accessory brands,Paid Social,/dtc-industries/pet-accessory-brands-marketing-agency/,Index after content threshold,Phase 3,paid social for pet accessory brands,dtc-service-industry-sitemap.xml,Consultus campaign matrix pattern
https://www.consultusdigital.com/dtc-marketing-services/paid-search-shopping-for-pet-accessory-brands/,/dtc-marketing-services/paid-search-shopping-for-pet-accessory-brands/,DTC,Pet and animal,Service × Industry Landing Page,Pet accessory brands,Paid Search and Shopping,/dtc-industries/pet-accessory-brands-marketing-agency/,Index after content threshold,Phase 3,paid search and shopping for pet accessory brands,dtc-service-industry-sitemap.xml,Consultus campaign matrix pattern
https://www.consultusdigital.com/dtc-marketing-services/seo-for-pet-accessory-brands/,/dtc-marketing-services/seo-for-pet-accessory-brands/,DTC,Pet and animal,Service × Industry Landing Page,Pet accessory brands,E-commerce SEO,/dtc-industries/pet-accessory-brands-marketing-agency/,Index after content threshold,Phase 3,e-commerce seo for pet accessory brands,dtc-service-industry-sitemap.xml,Consultus campaign matrix pattern
https://www.consultusdigital.com/dtc-marketing-services/ai-search-for-pet-accessory-brands/,/dtc-marketing-services/ai-search-for-pet-accessory-brands/,DTC,Pet and animal,Service × Industry Landing Page,Pet accessory brands,"AEO, GEO and AI Search",/dtc-industries/pet-accessory-brands-marketing-agency/,Index after content threshold,Phase 3,"aeo, geo and ai search for pet accessory brands",dtc-service-industry-sitemap.xml,Consultus campaign matrix pattern
https://www.consultusdigital.com/dtc-marketing-services/performance-creative-for-pet-accessory-brands/,/dtc-marketing-services/performance-creative-for-pet-accessory-brands/,DTC,Pet and animal,Service × Industry Landing Page,Pet accessory brands,Performance Creative,/dtc-industries/pet-accessory-brands-marketing-agency/,Index after content threshold,Phase 3,performance creative for pet accessory brands,dtc-service-industry-sitemap.xml,Consultus campaign matrix pattern
https://www.consultusdigital.com/dtc-marketing-services/shopify-cro-for-pet-accessory-brands/,/dtc-marketing-services/shopify-cro-for-pet-accessory-brands/,DTC,Pet and animal,Service × Industry Landing Page,Pet accessory brands,Shopify Development and CRO,/dtc-industries/pet-accessory-brands-marketing-agency/,Index after content threshold,Phase 3,shopify development and cro for pet accessory brands,dtc-service-industry-sitemap.xml,Consultus campaign matrix pattern
https://www.consultusdigital.com/dtc-marketing-services/email-sms-for-pet-accessory-brands/,/dtc-marketing-services/email-sms-for-pet-accessory-brands/,DTC,Pet and animal,Service × Industry Landing Page,Pet accessory brands,Email and SMS,/dtc-industries/pet-accessory-brands-marketing-agency/,Index after content threshold,Phase 3,email and sms for pet accessory brands,dtc-service-industry-sitemap.xml,Consultus campaign matrix pattern
https://www.consultusdigital.com/dtc-marketing-services/analytics-for-pet-accessory-brands/,/dtc-marketing-services/analytics-for-pet-accessory-brands/,DTC,Pet and animal,Service × Industry Landing Page,Pet accessory brands,Analytics and Attribution,/dtc-industries/pet-accessory-brands-marketing-agency/,Index after content threshold,Phase 3,analytics and attribution for pet accessory brands,dtc-service-industry-sitemap.xml,Consultus campaign matrix pattern
https://www.consultusdigital.com/dtc-marketing-services/marketplace-marketing-for-pet-accessory-brands/,/dtc-marketing-services/marketplace-marketing-for-pet-accessory-brands/,DTC,Pet and animal,Service × Industry Landing Page,Pet accessory brands,Marketplace Marketing,/dtc-industries/pet-accessory-brands-marketing-agency/,Index after content threshold,Phase 3,marketplace marketing for pet accessory brands,dtc-service-industry-sitemap.xml,Consultus campaign matrix pattern
https://www.consultusdigital.com/dtc-industries/pet-technology-brands-marketing-agency/,/dtc-industries/pet-technology-brands-marketing-agency/,DTC,Pet and animal,Industry Marketing Agency Page,Pet technology brands,,/dtc-industries/pet-and-animal/,Index,Phase 2,pet technology brands marketing agency,dtc-industry-agency-sitemap.xml,https://www.cardinaldigitalmarketing.com/healthcare-specialties/mental-healthcare-providers-agency/
https://www.consultusdigital.com/dtc-marketing-services/performance-marketing-for-pet-technology-brands/,/dtc-marketing-services/performance-marketing-for-pet-technology-brands/,DTC,Pet and animal,Service × Industry Landing Page,Pet technology brands,Performance Marketing Agency,/dtc-industries/pet-technology-brands-marketing-agency/,Index after content threshold,Phase 3,performance marketing agency for pet technology brands,dtc-service-industry-sitemap.xml,Consultus campaign matrix pattern
https://www.consultusdigital.com/dtc-marketing-services/paid-social-for-pet-technology-brands/,/dtc-marketing-services/paid-social-for-pet-technology-brands/,DTC,Pet and animal,Service × Industry Landing Page,Pet technology brands,Paid Social,/dtc-industries/pet-technology-brands-marketing-agency/,Index after content threshold,Phase 3,paid social for pet technology brands,dtc-service-industry-sitemap.xml,Consultus campaign matrix pattern
https://www.consultusdigital.com/dtc-marketing-services/paid-search-shopping-for-pet-technology-brands/,/dtc-marketing-services/paid-search-shopping-for-pet-technology-brands/,DTC,Pet and animal,Service × Industry Landing Page,Pet technology brands,Paid Search and Shopping,/dtc-industries/pet-technology-brands-marketing-agency/,Index after content threshold,Phase 3,paid search and shopping for pet technology brands,dtc-service-industry-sitemap.xml,Consultus campaign matrix pattern
https://www.consultusdigital.com/dtc-marketing-services/seo-for-pet-technology-brands/,/dtc-marketing-services/seo-for-pet-technology-brands/,DTC,Pet and animal,Service × Industry Landing Page,Pet technology brands,E-commerce SEO,/dtc-industries/pet-technology-brands-marketing-agency/,Index after content threshold,Phase 3,e-commerce seo for pet technology brands,dtc-service-industry-sitemap.xml,Consultus campaign matrix pattern
https://www.consultusdigital.com/dtc-marketing-services/ai-search-for-pet-technology-brands/,/dtc-marketing-services/ai-search-for-pet-technology-brands/,DTC,Pet and animal,Service × Industry Landing Page,Pet technology brands,"AEO, GEO and AI Search",/dtc-industries/pet-technology-brands-marketing-agency/,Index after content threshold,Phase 3,"aeo, geo and ai search for pet technology brands",dtc-service-industry-sitemap.xml,Consultus campaign matrix pattern
https://www.consultusdigital.com/dtc-marketing-services/performance-creative-for-pet-technology-brands/,/dtc-marketing-services/performance-creative-for-pet-technology-brands/,DTC,Pet and animal,Service × Industry Landing Page,Pet technology brands,Performance Creative,/dtc-industries/pet-technology-brands-marketing-agency/,Index after content threshold,Phase 3,performance creative for pet technology brands,dtc-service-industry-sitemap.xml,Consultus campaign matrix pattern
https://www.consultusdigital.com/dtc-marketing-services/shopify-cro-for-pet-technology-brands/,/dtc-marketing-services/shopify-cro-for-pet-technology-brands/,DTC,Pet and animal,Service × Industry Landing Page,Pet technology brands,Shopify Development and CRO,/dtc-industries/pet-technology-brands-marketing-agency/,Index after content threshold,Phase 3,shopify development and cro for pet technology brands,dtc-service-industry-sitemap.xml,Consultus campaign matrix pattern
https://www.consultusdigital.com/dtc-marketing-services/email-sms-for-pet-technology-brands/,/dtc-marketing-services/email-sms-for-pet-technology-brands/,DTC,Pet and animal,Service × Industry Landing Page,Pet technology brands,Email and SMS,/dtc-industries/pet-technology-brands-marketing-agency/,Index after content threshold,Phase 3,email and sms for pet technology brands,dtc-service-industry-sitemap.xml,Consultus campaign matrix pattern
https://www.consultusdigital.com/dtc-marketing-services/analytics-for-pet-technology-brands/,/dtc-marketing-services/analytics-for-pet-technology-brands/,DTC,Pet and animal,Service × Industry Landing Page,Pet technology brands,Analytics and Attribution,/dtc-industries/pet-technology-brands-marketing-agency/,Index after content threshold,Phase 3,analytics and attribution for pet technology brands,dtc-service-industry-sitemap.xml,Consultus campaign matrix pattern
https://www.consultusdigital.com/dtc-marketing-services/marketplace-marketing-for-pet-technology-brands/,/dtc-marketing-services/marketplace-marketing-for-pet-technology-brands/,DTC,Pet and animal,Service × Industry Landing Page,Pet technology brands,Marketplace Marketing,/dtc-industries/pet-technology-brands-marketing-agency/,Index after content threshold,Phase 3,marketplace marketing for pet technology brands,dtc-service-industry-sitemap.xml,Consultus campaign matrix pattern
https://www.consultusdigital.com/dtc-industries/pet-subscription-brands-marketing-agency/,/dtc-industries/pet-subscription-brands-marketing-agency/,DTC,Pet and animal,Industry Marketing Agency Page,Pet subscription brands,,/dtc-industries/pet-and-animal/,Index,Phase 2,pet subscription brands marketing agency,dtc-industry-agency-sitemap.xml,https://www.cardinaldigitalmarketing.com/healthcare-specialties/mental-healthcare-providers-agency/
https://www.consultusdigital.com/dtc-marketing-services/performance-marketing-for-pet-subscription-brands/,/dtc-marketing-services/performance-marketing-for-pet-subscription-brands/,DTC,Pet and animal,Service × Industry Landing Page,Pet subscription brands,Performance Marketing Agency,/dtc-industries/pet-subscription-brands-marketing-agency/,Index after content threshold,Phase 3,performance marketing agency for pet subscription brands,dtc-service-industry-sitemap.xml,Consultus campaign matrix pattern
https://www.consultusdigital.com/dtc-marketing-services/paid-social-for-pet-subscription-brands/,/dtc-marketing-services/paid-social-for-pet-subscription-brands/,DTC,Pet and animal,Service × Industry Landing Page,Pet subscription brands,Paid Social,/dtc-industries/pet-subscription-brands-marketing-agency/,Index after content threshold,Phase 3,paid social for pet subscription brands,dtc-service-industry-sitemap.xml,Consultus campaign matrix pattern
https://www.consultusdigital.com/dtc-marketing-services/paid-search-shopping-for-pet-subscription-brands/,/dtc-marketing-services/paid-search-shopping-for-pet-subscription-brands/,DTC,Pet and animal,Service × Industry Landing Page,Pet subscription brands,Paid Search and Shopping,/dtc-industries/pet-subscription-brands-marketing-agency/,Index after content threshold,Phase 3,paid search and shopping for pet subscription brands,dtc-service-industry-sitemap.xml,Consultus campaign matrix pattern
https://www.consultusdigital.com/dtc-marketing-services/seo-for-pet-subscription-brands/,/dtc-marketing-services/seo-for-pet-subscription-brands/,DTC,Pet and animal,Service × Industry Landing Page,Pet subscription brands,E-commerce SEO,/dtc-industries/pet-subscription-brands-marketing-agency/,Index after content threshold,Phase 3,e-commerce seo for pet subscription brands,dtc-service-industry-sitemap.xml,Consultus campaign matrix pattern
https://www.consultusdigital.com/dtc-marketing-services/ai-search-for-pet-subscription-brands/,/dtc-marketing-services/ai-search-for-pet-subscription-brands/,DTC,Pet and animal,Service × Industry Landing Page,Pet subscription brands,"AEO, GEO and AI Search",/dtc-industries/pet-subscription-brands-marketing-agency/,Index after content threshold,Phase 3,"aeo, geo and ai search for pet subscription brands",dtc-service-industry-sitemap.xml,Consultus campaign matrix pattern
https://www.consultusdigital.com/dtc-marketing-services/performance-creative-for-pet-subscription-brands/,/dtc-marketing-services/performance-creative-for-pet-subscription-brands/,DTC,Pet and animal,Service × Industry Landing Page,Pet subscription brands,Performance Creative,/dtc-industries/pet-subscription-brands-marketing-agency/,Index after content threshold,Phase 3,performance creative for pet subscription brands,dtc-service-industry-sitemap.xml,Consultus campaign matrix pattern
https://www.consultusdigital.com/dtc-marketing-services/shopify-cro-for-pet-subscription-brands/,/dtc-marketing-services/shopify-cro-for-pet-subscription-brands/,DTC,Pet and animal,Service × Industry Landing Page,Pet subscription brands,Shopify Development and CRO,/dtc-industries/pet-subscription-brands-marketing-agency/,Index after content threshold,Phase 3,shopify development and cro for pet subscription brands,dtc-service-industry-sitemap.xml,Consultus campaign matrix pattern
https://www.consultusdigital.com/dtc-marketing-services/email-sms-for-pet-subscription-brands/,/dtc-marketing-services/email-sms-for-pet-subscription-brands/,DTC,Pet and animal,Service × Industry Landing Page,Pet subscription brands,Email and SMS,/dtc-industries/pet-subscription-brands-marketing-agency/,Index after content threshold,Phase 3,email and sms for pet subscription brands,dtc-service-industry-sitemap.xml,Consultus campaign matrix pattern
https://www.consultusdigital.com/dtc-marketing-services/analytics-for-pet-subscription-brands/,/dtc-marketing-services/analytics-for-pet-subscription-brands/,DTC,Pet and animal,Service × Industry Landing Page,Pet subscription brands,Analytics and Attribution,/dtc-industries/pet-subscription-brands-marketing-agency/,Index after content threshold,Phase 3,analytics and attribution for pet subscription brands,dtc-service-industry-sitemap.xml,Consultus campaign matrix pattern
https://www.consultusdigital.com/dtc-marketing-services/marketplace-marketing-for-pet-subscription-brands/,/dtc-marketing-services/marketplace-marketing-for-pet-subscription-brands/,DTC,Pet and animal,Service × Industry Landing Page,Pet subscription brands,Marketplace Marketing,/dtc-industries/pet-subscription-brands-marketing-agency/,Index after content threshold,Phase 3,marketplace marketing for pet subscription brands,dtc-service-industry-sitemap.xml,Consultus campaign matrix pattern
https://www.consultusdigital.com/dtc-industries/equestrian-brands-marketing-agency/,/dtc-industries/equestrian-brands-marketing-agency/,DTC,Pet and animal,Industry Marketing Agency Page,Equestrian brands,,/dtc-industries/pet-and-animal/,Index,Phase 2,equestrian brands marketing agency,dtc-industry-agency-sitemap.xml,https://www.cardinaldigitalmarketing.com/healthcare-specialties/mental-healthcare-providers-agency/
https://www.consultusdigital.com/dtc-marketing-services/performance-marketing-for-equestrian-brands/,/dtc-marketing-services/performance-marketing-for-equestrian-brands/,DTC,Pet and animal,Service × Industry Landing Page,Equestrian brands,Performance Marketing Agency,/dtc-industries/equestrian-brands-marketing-agency/,Index after content threshold,Phase 3,performance marketing agency for equestrian brands,dtc-service-industry-sitemap.xml,Consultus campaign matrix pattern
https://www.consultusdigital.com/dtc-marketing-services/paid-social-for-equestrian-brands/,/dtc-marketing-services/paid-social-for-equestrian-brands/,DTC,Pet and animal,Service × Industry Landing Page,Equestrian brands,Paid Social,/dtc-industries/equestrian-brands-marketing-agency/,Index after content threshold,Phase 3,paid social for equestrian brands,dtc-service-industry-sitemap.xml,Consultus campaign matrix pattern
https://www.consultusdigital.com/dtc-marketing-services/paid-search-shopping-for-equestrian-brands/,/dtc-marketing-services/paid-search-shopping-for-equestrian-brands/,DTC,Pet and animal,Service × Industry Landing Page,Equestrian brands,Paid Search and Shopping,/dtc-industries/equestrian-brands-marketing-agency/,Index after content threshold,Phase 3,paid search and shopping for equestrian brands,dtc-service-industry-sitemap.xml,Consultus campaign matrix pattern
https://www.consultusdigital.com/dtc-marketing-services/seo-for-equestrian-brands/,/dtc-marketing-services/seo-for-equestrian-brands/,DTC,Pet and animal,Service × Industry Landing Page,Equestrian brands,E-commerce SEO,/dtc-industries/equestrian-brands-marketing-agency/,Index after content threshold,Phase 3,e-commerce seo for equestrian brands,dtc-service-industry-sitemap.xml,Consultus campaign matrix pattern
https://www.consultusdigital.com/dtc-marketing-services/ai-search-for-equestrian-brands/,/dtc-marketing-services/ai-search-for-equestrian-brands/,DTC,Pet and animal,Service × Industry Landing Page,Equestrian brands,"AEO, GEO and AI Search",/dtc-industries/equestrian-brands-marketing-agency/,Index after content threshold,Phase 3,"aeo, geo and ai search for equestrian brands",dtc-service-industry-sitemap.xml,Consultus campaign matrix pattern
https://www.consultusdigital.com/dtc-marketing-services/performance-creative-for-equestrian-brands/,/dtc-marketing-services/performance-creative-for-equestrian-brands/,DTC,Pet and animal,Service × Industry Landing Page,Equestrian brands,Performance Creative,/dtc-industries/equestrian-brands-marketing-agency/,Index after content threshold,Phase 3,performance creative for equestrian brands,dtc-service-industry-sitemap.xml,Consultus campaign matrix pattern
https://www.consultusdigital.com/dtc-marketing-services/shopify-cro-for-equestrian-brands/,/dtc-marketing-services/shopify-cro-for-equestrian-brands/,DTC,Pet and animal,Service × Industry Landing Page,Equestrian brands,Shopify Development and CRO,/dtc-industries/equestrian-brands-marketing-agency/,Index after content threshold,Phase 3,shopify development and cro for equestrian brands,dtc-service-industry-sitemap.xml,Consultus campaign matrix pattern
https://www.consultusdigital.com/dtc-marketing-services/email-sms-for-equestrian-brands/,/dtc-marketing-services/email-sms-for-equestrian-brands/,DTC,Pet and animal,Service × Industry Landing Page,Equestrian brands,Email and SMS,/dtc-industries/equestrian-brands-marketing-agency/,Index after content threshold,Phase 3,email and sms for equestrian brands,dtc-service-industry-sitemap.xml,Consultus campaign matrix pattern
https://www.consultusdigital.com/dtc-marketing-services/analytics-for-equestrian-brands/,/dtc-marketing-services/analytics-for-equestrian-brands/,DTC,Pet and animal,Service × Industry Landing Page,Equestrian brands,Analytics and Attribution,/dtc-industries/equestrian-brands-marketing-agency/,Index after content threshold,Phase 3,analytics and attribution for equestrian brands,dtc-service-industry-sitemap.xml,Consultus campaign matrix pattern
https://www.consultusdigital.com/dtc-marketing-services/marketplace-marketing-for-equestrian-brands/,/dtc-marketing-services/marketplace-marketing-for-equestrian-brands/,DTC,Pet and animal,Service × Industry Landing Page,Equestrian brands,Marketplace Marketing,/dtc-industries/equestrian-brands-marketing-agency/,Index after content threshold,Phase 3,marketplace marketing for equestrian brands,dtc-service-industry-sitemap.xml,Consultus campaign matrix pattern
https://www.consultusdigital.com/dtc-industries/technology-and-electronics/,/dtc-industries/technology-and-electronics/,DTC,Technology and electronics,Sector Hub,Technology and electronics,,/dtc-industries/,Index,Phase 1,technology and electronics marketing agency,dtc-industry-agency-sitemap.xml,https://www.cardinaldigitalmarketing.com/healthcare-specialties/mental-healthcare-providers-agency/
https://www.consultusdigital.com/dtc-industries/consumer-electronics-brands-marketing-agency/,/dtc-industries/consumer-electronics-brands-marketing-agency/,DTC,Technology and electronics,Industry Marketing Agency Page,Consumer electronics brands,,/dtc-industries/technology-and-electronics/,Index,Phase 2,consumer electronics brands marketing agency,dtc-industry-agency-sitemap.xml,https://www.cardinaldigitalmarketing.com/healthcare-specialties/mental-healthcare-providers-agency/
https://www.consultusdigital.com/dtc-marketing-services/performance-marketing-for-consumer-electronics-brands/,/dtc-marketing-services/performance-marketing-for-consumer-electronics-brands/,DTC,Technology and electronics,Service × Industry Landing Page,Consumer electronics brands,Performance Marketing Agency,/dtc-industries/consumer-electronics-brands-marketing-agency/,Index after content threshold,Phase 3,performance marketing agency for consumer electronics brands,dtc-service-industry-sitemap.xml,Consultus campaign matrix pattern
https://www.consultusdigital.com/dtc-marketing-services/paid-social-for-consumer-electronics-brands/,/dtc-marketing-services/paid-social-for-consumer-electronics-brands/,DTC,Technology and electronics,Service × Industry Landing Page,Consumer electronics brands,Paid Social,/dtc-industries/consumer-electronics-brands-marketing-agency/,Index after content threshold,Phase 3,paid social for consumer electronics brands,dtc-service-industry-sitemap.xml,Consultus campaign matrix pattern
https://www.consultusdigital.com/dtc-marketing-services/paid-search-shopping-for-consumer-electronics-brands/,/dtc-marketing-services/paid-search-shopping-for-consumer-electronics-brands/,DTC,Technology and electronics,Service × Industry Landing Page,Consumer electronics brands,Paid Search and Shopping,/dtc-industries/consumer-electronics-brands-marketing-agency/,Index after content threshold,Phase 3,paid search and shopping for consumer electronics brands,dtc-service-industry-sitemap.xml,Consultus campaign matrix pattern
https://www.consultusdigital.com/dtc-marketing-services/seo-for-consumer-electronics-brands/,/dtc-marketing-services/seo-for-consumer-electronics-brands/,DTC,Technology and electronics,Service × Industry Landing Page,Consumer electronics brands,E-commerce SEO,/dtc-industries/consumer-electronics-brands-marketing-agency/,Index after content threshold,Phase 3,e-commerce seo for consumer electronics brands,dtc-service-industry-sitemap.xml,Consultus campaign matrix pattern
https://www.consultusdigital.com/dtc-marketing-services/ai-search-for-consumer-electronics-brands/,/dtc-marketing-services/ai-search-for-consumer-electronics-brands/,DTC,Technology and electronics,Service × Industry Landing Page,Consumer electronics brands,"AEO, GEO and AI Search",/dtc-industries/consumer-electronics-brands-marketing-agency/,Index after content threshold,Phase 3,"aeo, geo and ai search for consumer electronics brands",dtc-service-industry-sitemap.xml,Consultus campaign matrix pattern
https://www.consultusdigital.com/dtc-marketing-services/performance-creative-for-consumer-electronics-brands/,/dtc-marketing-services/performance-creative-for-consumer-electronics-brands/,DTC,Technology and electronics,Service × Industry Landing Page,Consumer electronics brands,Performance Creative,/dtc-industries/consumer-electronics-brands-marketing-agency/,Index after content threshold,Phase 3,performance creative for consumer electronics brands,dtc-service-industry-sitemap.xml,Consultus campaign matrix pattern
https://www.consultusdigital.com/dtc-marketing-services/shopify-cro-for-consumer-electronics-brands/,/dtc-marketing-services/shopify-cro-for-consumer-electronics-brands/,DTC,Technology and electronics,Service × Industry Landing Page,Consumer electronics brands,Shopify Development and CRO,/dtc-industries/consumer-electronics-brands-marketing-agency/,Index after content threshold,Phase 3,shopify development and cro for consumer electronics brands,dtc-service-industry-sitemap.xml,Consultus campaign matrix pattern
https://www.consultusdigital.com/dtc-marketing-services/email-sms-for-consumer-electronics-brands/,/dtc-marketing-services/email-sms-for-consumer-electronics-brands/,DTC,Technology and electronics,Service × Industry Landing Page,Consumer electronics brands,Email and SMS,/dtc-industries/consumer-electronics-brands-marketing-agency/,Index after content threshold,Phase 3,email and sms for consumer electronics brands,dtc-service-industry-sitemap.xml,Consultus campaign matrix pattern
https://www.consultusdigital.com/dtc-marketing-services/analytics-for-consumer-electronics-brands/,/dtc-marketing-services/analytics-for-consumer-electronics-brands/,DTC,Technology and electronics,Service × Industry Landing Page,Consumer electronics brands,Analytics and Attribution,/dtc-industries/consumer-electronics-brands-marketing-agency/,Index after content threshold,Phase 3,analytics and attribution for consumer electronics brands,dtc-service-industry-sitemap.xml,Consultus campaign matrix pattern
https://www.consultusdigital.com/dtc-marketing-services/marketplace-marketing-for-consumer-electronics-brands/,/dtc-marketing-services/marketplace-marketing-for-consumer-electronics-brands/,DTC,Technology and electronics,Service × Industry Landing Page,Consumer electronics brands,Marketplace Marketing,/dtc-industries/consumer-electronics-brands-marketing-agency/,Index after content threshold,Phase 3,marketplace marketing for consumer electronics brands,dtc-service-industry-sitemap.xml,Consultus campaign matrix pattern
https://www.consultusdigital.com/dtc-industries/wearable-technology-brands-marketing-agency/,/dtc-industries/wearable-technology-brands-marketing-agency/,DTC,Technology and electronics,Industry Marketing Agency Page,Wearable technology brands,,/dtc-industries/technology-and-electronics/,Index,Phase 2,wearable technology brands marketing agency,dtc-industry-agency-sitemap.xml,https://www.cardinaldigitalmarketing.com/healthcare-specialties/mental-healthcare-providers-agency/
https://www.consultusdigital.com/dtc-marketing-services/performance-marketing-for-wearable-technology-brands/,/dtc-marketing-services/performance-marketing-for-wearable-technology-brands/,DTC,Technology and electronics,Service × Industry Landing Page,Wearable technology brands,Performance Marketing Agency,/dtc-industries/wearable-technology-brands-marketing-agency/,Index after content threshold,Phase 3,performance marketing agency for wearable technology brands,dtc-service-industry-sitemap.xml,Consultus campaign matrix pattern
https://www.consultusdigital.com/dtc-marketing-services/paid-social-for-wearable-technology-brands/,/dtc-marketing-services/paid-social-for-wearable-technology-brands/,DTC,Technology and electronics,Service × Industry Landing Page,Wearable technology brands,Paid Social,/dtc-industries/wearable-technology-brands-marketing-agency/,Index after content threshold,Phase 3,paid social for wearable technology brands,dtc-service-industry-sitemap.xml,Consultus campaign matrix pattern
https://www.consultusdigital.com/dtc-marketing-services/paid-search-shopping-for-wearable-technology-brands/,/dtc-marketing-services/paid-search-shopping-for-wearable-technology-brands/,DTC,Technology and electronics,Service × Industry Landing Page,Wearable technology brands,Paid Search and Shopping,/dtc-industries/wearable-technology-brands-marketing-agency/,Index after content threshold,Phase 3,paid search and shopping for wearable technology brands,dtc-service-industry-sitemap.xml,Consultus campaign matrix pattern
https://www.consultusdigital.com/dtc-marketing-services/seo-for-wearable-technology-brands/,/dtc-marketing-services/seo-for-wearable-technology-brands/,DTC,Technology and electronics,Service × Industry Landing Page,Wearable technology brands,E-commerce SEO,/dtc-industries/wearable-technology-brands-marketing-agency/,Index after content threshold,Phase 3,e-commerce seo for wearable technology brands,dtc-service-industry-sitemap.xml,Consultus campaign matrix pattern
https://www.consultusdigital.com/dtc-marketing-services/ai-search-for-wearable-technology-brands/,/dtc-marketing-services/ai-search-for-wearable-technology-brands/,DTC,Technology and electronics,Service × Industry Landing Page,Wearable technology brands,"AEO, GEO and AI Search",/dtc-industries/wearable-technology-brands-marketing-agency/,Index after content threshold,Phase 3,"aeo, geo and ai search for wearable technology brands",dtc-service-industry-sitemap.xml,Consultus campaign matrix pattern
https://www.consultusdigital.com/dtc-marketing-services/performance-creative-for-wearable-technology-brands/,/dtc-marketing-services/performance-creative-for-wearable-technology-brands/,DTC,Technology and electronics,Service × Industry Landing Page,Wearable technology brands,Performance Creative,/dtc-industries/wearable-technology-brands-marketing-agency/,Index after content threshold,Phase 3,performance creative for wearable technology brands,dtc-service-industry-sitemap.xml,Consultus campaign matrix pattern
https://www.consultusdigital.com/dtc-marketing-services/shopify-cro-for-wearable-technology-brands/,/dtc-marketing-services/shopify-cro-for-wearable-technology-brands/,DTC,Technology and electronics,Service × Industry Landing Page,Wearable technology brands,Shopify Development and CRO,/dtc-industries/wearable-technology-brands-marketing-agency/,Index after content threshold,Phase 3,shopify development and cro for wearable technology brands,dtc-service-industry-sitemap.xml,Consultus campaign matrix pattern
https://www.consultusdigital.com/dtc-marketing-services/email-sms-for-wearable-technology-brands/,/dtc-marketing-services/email-sms-for-wearable-technology-brands/,DTC,Technology and electronics,Service × Industry Landing Page,Wearable technology brands,Email and SMS,/dtc-industries/wearable-technology-brands-marketing-agency/,Index after content threshold,Phase 3,email and sms for wearable technology brands,dtc-service-industry-sitemap.xml,Consultus campaign matrix pattern
https://www.consultusdigital.com/dtc-marketing-services/analytics-for-wearable-technology-brands/,/dtc-marketing-services/analytics-for-wearable-technology-brands/,DTC,Technology and electronics,Service × Industry Landing Page,Wearable technology brands,Analytics and Attribution,/dtc-industries/wearable-technology-brands-marketing-agency/,Index after content threshold,Phase 3,analytics and attribution for wearable technology brands,dtc-service-industry-sitemap.xml,Consultus campaign matrix pattern
https://www.consultusdigital.com/dtc-marketing-services/marketplace-marketing-for-wearable-technology-brands/,/dtc-marketing-services/marketplace-marketing-for-wearable-technology-brands/,DTC,Technology and electronics,Service × Industry Landing Page,Wearable technology brands,Marketplace Marketing,/dtc-industries/wearable-technology-brands-marketing-agency/,Index after content threshold,Phase 3,marketplace marketing for wearable technology brands,dtc-service-industry-sitemap.xml,Consultus campaign matrix pattern
https://www.consultusdigital.com/dtc-industries/smart-home-brands-marketing-agency/,/dtc-industries/smart-home-brands-marketing-agency/,DTC,Technology and electronics,Industry Marketing Agency Page,Smart home brands,,/dtc-industries/technology-and-electronics/,Index,Phase 2,smart home brands marketing agency,dtc-industry-agency-sitemap.xml,https://www.cardinaldigitalmarketing.com/healthcare-specialties/mental-healthcare-providers-agency/
https://www.consultusdigital.com/dtc-marketing-services/performance-marketing-for-smart-home-brands/,/dtc-marketing-services/performance-marketing-for-smart-home-brands/,DTC,Technology and electronics,Service × Industry Landing Page,Smart home brands,Performance Marketing Agency,/dtc-industries/smart-home-brands-marketing-agency/,Index after content threshold,Phase 3,performance marketing agency for smart home brands,dtc-service-industry-sitemap.xml,Consultus campaign matrix pattern
https://www.consultusdigital.com/dtc-marketing-services/paid-social-for-smart-home-brands/,/dtc-marketing-services/paid-social-for-smart-home-brands/,DTC,Technology and electronics,Service × Industry Landing Page,Smart home brands,Paid Social,/dtc-industries/smart-home-brands-marketing-agency/,Index after content threshold,Phase 3,paid social for smart home brands,dtc-service-industry-sitemap.xml,Consultus campaign matrix pattern
https://www.consultusdigital.com/dtc-marketing-services/paid-search-shopping-for-smart-home-brands/,/dtc-marketing-services/paid-search-shopping-for-smart-home-brands/,DTC,Technology and electronics,Service × Industry Landing Page,Smart home brands,Paid Search and Shopping,/dtc-industries/smart-home-brands-marketing-agency/,Index after content threshold,Phase 3,paid search and shopping for smart home brands,dtc-service-industry-sitemap.xml,Consultus campaign matrix pattern
https://www.consultusdigital.com/dtc-marketing-services/seo-for-smart-home-brands/,/dtc-marketing-services/seo-for-smart-home-brands/,DTC,Technology and electronics,Service × Industry Landing Page,Smart home brands,E-commerce SEO,/dtc-industries/smart-home-brands-marketing-agency/,Index after content threshold,Phase 3,e-commerce seo for smart home brands,dtc-service-industry-sitemap.xml,Consultus campaign matrix pattern
https://www.consultusdigital.com/dtc-marketing-services/ai-search-for-smart-home-brands/,/dtc-marketing-services/ai-search-for-smart-home-brands/,DTC,Technology and electronics,Service × Industry Landing Page,Smart home brands,"AEO, GEO and AI Search",/dtc-industries/smart-home-brands-marketing-agency/,Index after content threshold,Phase 3,"aeo, geo and ai search for smart home brands",dtc-service-industry-sitemap.xml,Consultus campaign matrix pattern
https://www.consultusdigital.com/dtc-marketing-services/performance-creative-for-smart-home-brands/,/dtc-marketing-services/performance-creative-for-smart-home-brands/,DTC,Technology and electronics,Service × Industry Landing Page,Smart home brands,Performance Creative,/dtc-industries/smart-home-brands-marketing-agency/,Index after content threshold,Phase 3,performance creative for smart home brands,dtc-service-industry-sitemap.xml,Consultus campaign matrix pattern
https://www.consultusdigital.com/dtc-marketing-services/shopify-cro-for-smart-home-brands/,/dtc-marketing-services/shopify-cro-for-smart-home-brands/,DTC,Technology and electronics,Service × Industry Landing Page,Smart home brands,Shopify Development and CRO,/dtc-industries/smart-home-brands-marketing-agency/,Index after content threshold,Phase 3,shopify development and cro for smart home brands,dtc-service-industry-sitemap.xml,Consultus campaign matrix pattern
https://www.consultusdigital.com/dtc-marketing-services/email-sms-for-smart-home-brands/,/dtc-marketing-services/email-sms-for-smart-home-brands/,DTC,Technology and electronics,Service × Industry Landing Page,Smart home brands,Email and SMS,/dtc-industries/smart-home-brands-marketing-agency/,Index after content threshold,Phase 3,email and sms for smart home brands,dtc-service-industry-sitemap.xml,Consultus campaign matrix pattern
https://www.consultusdigital.com/dtc-marketing-services/analytics-for-smart-home-brands/,/dtc-marketing-services/analytics-for-smart-home-brands/,DTC,Technology and electronics,Service × Industry Landing Page,Smart home brands,Analytics and Attribution,/dtc-industries/smart-home-brands-marketing-agency/,Index after content threshold,Phase 3,analytics and attribution for smart home brands,dtc-service-industry-sitemap.xml,Consultus campaign matrix pattern
https://www.consultusdigital.com/dtc-marketing-services/marketplace-marketing-for-smart-home-brands/,/dtc-marketing-services/marketplace-marketing-for-smart-home-brands/,DTC,Technology and electronics,Service × Industry Landing Page,Smart home brands,Marketplace Marketing,/dtc-industries/smart-home-brands-marketing-agency/,Index after content threshold,Phase 3,marketplace marketing for smart home brands,dtc-service-industry-sitemap.xml,Consultus campaign matrix pattern
https://www.consultusdigital.com/dtc-industries/audio-brands-marketing-agency/,/dtc-industries/audio-brands-marketing-agency/,DTC,Technology and electronics,Industry Marketing Agency Page,Audio brands,,/dtc-industries/technology-and-electronics/,Index,Phase 2,audio brands marketing agency,dtc-industry-agency-sitemap.xml,https://www.cardinaldigitalmarketing.com/healthcare-specialties/mental-healthcare-providers-agency/
https://www.consultusdigital.com/dtc-marketing-services/performance-marketing-for-audio-brands/,/dtc-marketing-services/performance-marketing-for-audio-brands/,DTC,Technology and electronics,Service × Industry Landing Page,Audio brands,Performance Marketing Agency,/dtc-industries/audio-brands-marketing-agency/,Index after content threshold,Phase 3,performance marketing agency for audio brands,dtc-service-industry-sitemap.xml,Consultus campaign matrix pattern
https://www.consultusdigital.com/dtc-marketing-services/paid-social-for-audio-brands/,/dtc-marketing-services/paid-social-for-audio-brands/,DTC,Technology and electronics,Service × Industry Landing Page,Audio brands,Paid Social,/dtc-industries/audio-brands-marketing-agency/,Index after content threshold,Phase 3,paid social for audio brands,dtc-service-industry-sitemap.xml,Consultus campaign matrix pattern
https://www.consultusdigital.com/dtc-marketing-services/paid-search-shopping-for-audio-brands/,/dtc-marketing-services/paid-search-shopping-for-audio-brands/,DTC,Technology and electronics,Service × Industry Landing Page,Audio brands,Paid Search and Shopping,/dtc-industries/audio-brands-marketing-agency/,Index after content threshold,Phase 3,paid search and shopping for audio brands,dtc-service-industry-sitemap.xml,Consultus campaign matrix pattern
https://www.consultusdigital.com/dtc-marketing-services/seo-for-audio-brands/,/dtc-marketing-services/seo-for-audio-brands/,DTC,Technology and electronics,Service × Industry Landing Page,Audio brands,E-commerce SEO,/dtc-industries/audio-brands-marketing-agency/,Index after content threshold,Phase 3,e-commerce seo for audio brands,dtc-service-industry-sitemap.xml,Consultus campaign matrix pattern
https://www.consultusdigital.com/dtc-marketing-services/ai-search-for-audio-brands/,/dtc-marketing-services/ai-search-for-audio-brands/,DTC,Technology and electronics,Service × Industry Landing Page,Audio brands,"AEO, GEO and AI Search",/dtc-industries/audio-brands-marketing-agency/,Index after content threshold,Phase 3,"aeo, geo and ai search for audio brands",dtc-service-industry-sitemap.xml,Consultus campaign matrix pattern
https://www.consultusdigital.com/dtc-marketing-services/performance-creative-for-audio-brands/,/dtc-marketing-services/performance-creative-for-audio-brands/,DTC,Technology and electronics,Service × Industry Landing Page,Audio brands,Performance Creative,/dtc-industries/audio-brands-marketing-agency/,Index after content threshold,Phase 3,performance creative for audio brands,dtc-service-industry-sitemap.xml,Consultus campaign matrix pattern
https://www.consultusdigital.com/dtc-marketing-services/shopify-cro-for-audio-brands/,/dtc-marketing-services/shopify-cro-for-audio-brands/,DTC,Technology and electronics,Service × Industry Landing Page,Audio brands,Shopify Development and CRO,/dtc-industries/audio-brands-marketing-agency/,Index after content threshold,Phase 3,shopify development and cro for audio brands,dtc-service-industry-sitemap.xml,Consultus campaign matrix pattern
https://www.consultusdigital.com/dtc-marketing-services/email-sms-for-audio-brands/,/dtc-marketing-services/email-sms-for-audio-brands/,DTC,Technology and electronics,Service × Industry Landing Page,Audio brands,Email and SMS,/dtc-industries/audio-brands-marketing-agency/,Index after content threshold,Phase 3,email and sms for audio brands,dtc-service-industry-sitemap.xml,Consultus campaign matrix pattern
https://www.consultusdigital.com/dtc-marketing-services/analytics-for-audio-brands/,/dtc-marketing-services/analytics-for-audio-brands/,DTC,Technology and electronics,Service × Industry Landing Page,Audio brands,Analytics and Attribution,/dtc-industries/audio-brands-marketing-agency/,Index after content threshold,Phase 3,analytics and attribution for audio brands,dtc-service-industry-sitemap.xml,Consultus campaign matrix pattern
https://www.consultusdigital.com/dtc-marketing-services/marketplace-marketing-for-audio-brands/,/dtc-marketing-services/marketplace-marketing-for-audio-brands/,DTC,Technology and electronics,Service × Industry Landing Page,Audio brands,Marketplace Marketing,/dtc-industries/audio-brands-marketing-agency/,Index after content threshold,Phase 3,marketplace marketing for audio brands,dtc-service-industry-sitemap.xml,Consultus campaign matrix pattern
https://www.consultusdigital.com/dtc-industries/gaming-accessory-brands-marketing-agency/,/dtc-industries/gaming-accessory-brands-marketing-agency/,DTC,Technology and electronics,Industry Marketing Agency Page,Gaming accessory brands,,/dtc-industries/technology-and-electronics/,Index,Phase 2,gaming accessory brands marketing agency,dtc-industry-agency-sitemap.xml,https://www.cardinaldigitalmarketing.com/healthcare-specialties/mental-healthcare-providers-agency/
https://www.consultusdigital.com/dtc-marketing-services/performance-marketing-for-gaming-accessory-brands/,/dtc-marketing-services/performance-marketing-for-gaming-accessory-brands/,DTC,Technology and electronics,Service × Industry Landing Page,Gaming accessory brands,Performance Marketing Agency,/dtc-industries/gaming-accessory-brands-marketing-agency/,Index after content threshold,Phase 3,performance marketing agency for gaming accessory brands,dtc-service-industry-sitemap.xml,Consultus campaign matrix pattern
https://www.consultusdigital.com/dtc-marketing-services/paid-social-for-gaming-accessory-brands/,/dtc-marketing-services/paid-social-for-gaming-accessory-brands/,DTC,Technology and electronics,Service × Industry Landing Page,Gaming accessory brands,Paid Social,/dtc-industries/gaming-accessory-brands-marketing-agency/,Index after content threshold,Phase 3,paid social for gaming accessory brands,dtc-service-industry-sitemap.xml,Consultus campaign matrix pattern
https://www.consultusdigital.com/dtc-marketing-services/paid-search-shopping-for-gaming-accessory-brands/,/dtc-marketing-services/paid-search-shopping-for-gaming-accessory-brands/,DTC,Technology and electronics,Service × Industry Landing Page,Gaming accessory brands,Paid Search and Shopping,/dtc-industries/gaming-accessory-brands-marketing-agency/,Index after content threshold,Phase 3,paid search and shopping for gaming accessory brands,dtc-service-industry-sitemap.xml,Consultus campaign matrix pattern
https://www.consultusdigital.com/dtc-marketing-services/seo-for-gaming-accessory-brands/,/dtc-marketing-services/seo-for-gaming-accessory-brands/,DTC,Technology and electronics,Service × Industry Landing Page,Gaming accessory brands,E-commerce SEO,/dtc-industries/gaming-accessory-brands-marketing-agency/,Index after content threshold,Phase 3,e-commerce seo for gaming accessory brands,dtc-service-industry-sitemap.xml,Consultus campaign matrix pattern
https://www.consultusdigital.com/dtc-marketing-services/ai-search-for-gaming-accessory-brands/,/dtc-marketing-services/ai-search-for-gaming-accessory-brands/,DTC,Technology and electronics,Service × Industry Landing Page,Gaming accessory brands,"AEO, GEO and AI Search",/dtc-industries/gaming-accessory-brands-marketing-agency/,Index after content threshold,Phase 3,"aeo, geo and ai search for gaming accessory brands",dtc-service-industry-sitemap.xml,Consultus campaign matrix pattern
https://www.consultusdigital.com/dtc-marketing-services/performance-creative-for-gaming-accessory-brands/,/dtc-marketing-services/performance-creative-for-gaming-accessory-brands/,DTC,Technology and electronics,Service × Industry Landing Page,Gaming accessory brands,Performance Creative,/dtc-industries/gaming-accessory-brands-marketing-agency/,Index after content threshold,Phase 3,performance creative for gaming accessory brands,dtc-service-industry-sitemap.xml,Consultus campaign matrix pattern
https://www.consultusdigital.com/dtc-marketing-services/shopify-cro-for-gaming-accessory-brands/,/dtc-marketing-services/shopify-cro-for-gaming-accessory-brands/,DTC,Technology and electronics,Service × Industry Landing Page,Gaming accessory brands,Shopify Development and CRO,/dtc-industries/gaming-accessory-brands-marketing-agency/,Index after content threshold,Phase 3,shopify development and cro for gaming accessory brands,dtc-service-industry-sitemap.xml,Consultus campaign matrix pattern
https://www.consultusdigital.com/dtc-marketing-services/email-sms-for-gaming-accessory-brands/,/dtc-marketing-services/email-sms-for-gaming-accessory-brands/,DTC,Technology and electronics,Service × Industry Landing Page,Gaming accessory brands,Email and SMS,/dtc-industries/gaming-accessory-brands-marketing-agency/,Index after content threshold,Phase 3,email and sms for gaming accessory brands,dtc-service-industry-sitemap.xml,Consultus campaign matrix pattern
https://www.consultusdigital.com/dtc-marketing-services/analytics-for-gaming-accessory-brands/,/dtc-marketing-services/analytics-for-gaming-accessory-brands/,DTC,Technology and electronics,Service × Industry Landing Page,Gaming accessory brands,Analytics and Attribution,/dtc-industries/gaming-accessory-brands-marketing-agency/,Index after content threshold,Phase 3,analytics and attribution for gaming accessory brands,dtc-service-industry-sitemap.xml,Consultus campaign matrix pattern
https://www.consultusdigital.com/dtc-marketing-services/marketplace-marketing-for-gaming-accessory-brands/,/dtc-marketing-services/marketplace-marketing-for-gaming-accessory-brands/,DTC,Technology and electronics,Service × Industry Landing Page,Gaming accessory brands,Marketplace Marketing,/dtc-industries/gaming-accessory-brands-marketing-agency/,Index after content threshold,Phase 3,marketplace marketing for gaming accessory brands,dtc-service-industry-sitemap.xml,Consultus campaign matrix pattern
https://www.consultusdigital.com/dtc-industries/mobile-accessory-brands-marketing-agency/,/dtc-industries/mobile-accessory-brands-marketing-agency/,DTC,Technology and electronics,Industry Marketing Agency Page,Mobile accessory brands,,/dtc-industries/technology-and-electronics/,Index,Phase 2,mobile accessory brands marketing agency,dtc-industry-agency-sitemap.xml,https://www.cardinaldigitalmarketing.com/healthcare-specialties/mental-healthcare-providers-agency/
https://www.consultusdigital.com/dtc-marketing-services/performance-marketing-for-mobile-accessory-brands/,/dtc-marketing-services/performance-marketing-for-mobile-accessory-brands/,DTC,Technology and electronics,Service × Industry Landing Page,Mobile accessory brands,Performance Marketing Agency,/dtc-industries/mobile-accessory-brands-marketing-agency/,Index after content threshold,Phase 3,performance marketing agency for mobile accessory brands,dtc-service-industry-sitemap.xml,Consultus campaign matrix pattern
https://www.consultusdigital.com/dtc-marketing-services/paid-social-for-mobile-accessory-brands/,/dtc-marketing-services/paid-social-for-mobile-accessory-brands/,DTC,Technology and electronics,Service × Industry Landing Page,Mobile accessory brands,Paid Social,/dtc-industries/mobile-accessory-brands-marketing-agency/,Index after content threshold,Phase 3,paid social for mobile accessory brands,dtc-service-industry-sitemap.xml,Consultus campaign matrix pattern
https://www.consultusdigital.com/dtc-marketing-services/paid-search-shopping-for-mobile-accessory-brands/,/dtc-marketing-services/paid-search-shopping-for-mobile-accessory-brands/,DTC,Technology and electronics,Service × Industry Landing Page,Mobile accessory brands,Paid Search and Shopping,/dtc-industries/mobile-accessory-brands-marketing-agency/,Index after content threshold,Phase 3,paid search and shopping for mobile accessory brands,dtc-service-industry-sitemap.xml,Consultus campaign matrix pattern
https://www.consultusdigital.com/dtc-marketing-services/seo-for-mobile-accessory-brands/,/dtc-marketing-services/seo-for-mobile-accessory-brands/,DTC,Technology and electronics,Service × Industry Landing Page,Mobile accessory brands,E-commerce SEO,/dtc-industries/mobile-accessory-brands-marketing-agency/,Index after content threshold,Phase 3,e-commerce seo for mobile accessory brands,dtc-service-industry-sitemap.xml,Consultus campaign matrix pattern
https://www.consultusdigital.com/dtc-marketing-services/ai-search-for-mobile-accessory-brands/,/dtc-marketing-services/ai-search-for-mobile-accessory-brands/,DTC,Technology and electronics,Service × Industry Landing Page,Mobile accessory brands,"AEO, GEO and AI Search",/dtc-industries/mobile-accessory-brands-marketing-agency/,Index after content threshold,Phase 3,"aeo, geo and ai search for mobile accessory brands",dtc-service-industry-sitemap.xml,Consultus campaign matrix pattern
https://www.consultusdigital.com/dtc-marketing-services/performance-creative-for-mobile-accessory-brands/,/dtc-marketing-services/performance-creative-for-mobile-accessory-brands/,DTC,Technology and electronics,Service × Industry Landing Page,Mobile accessory brands,Performance Creative,/dtc-industries/mobile-accessory-brands-marketing-agency/,Index after content threshold,Phase 3,performance creative for mobile accessory brands,dtc-service-industry-sitemap.xml,Consultus campaign matrix pattern
https://www.consultusdigital.com/dtc-marketing-services/shopify-cro-for-mobile-accessory-brands/,/dtc-marketing-services/shopify-cro-for-mobile-accessory-brands/,DTC,Technology and electronics,Service × Industry Landing Page,Mobile accessory brands,Shopify Development and CRO,/dtc-industries/mobile-accessory-brands-marketing-agency/,Index after content threshold,Phase 3,shopify development and cro for mobile accessory brands,dtc-service-industry-sitemap.xml,Consultus campaign matrix pattern
https://www.consultusdigital.com/dtc-marketing-services/email-sms-for-mobile-accessory-brands/,/dtc-marketing-services/email-sms-for-mobile-accessory-brands/,DTC,Technology and electronics,Service × Industry Landing Page,Mobile accessory brands,Email and SMS,/dtc-industries/mobile-accessory-brands-marketing-agency/,Index after content threshold,Phase 3,email and sms for mobile accessory brands,dtc-service-industry-sitemap.xml,Consultus campaign matrix pattern
https://www.consultusdigital.com/dtc-marketing-services/analytics-for-mobile-accessory-brands/,/dtc-marketing-services/analytics-for-mobile-accessory-brands/,DTC,Technology and electronics,Service × Industry Landing Page,Mobile accessory brands,Analytics and Attribution,/dtc-industries/mobile-accessory-brands-marketing-agency/,Index after content threshold,Phase 3,analytics and attribution for mobile accessory brands,dtc-service-industry-sitemap.xml,Consultus campaign matrix pattern
https://www.consultusdigital.com/dtc-marketing-services/marketplace-marketing-for-mobile-accessory-brands/,/dtc-marketing-services/marketplace-marketing-for-mobile-accessory-brands/,DTC,Technology and electronics,Service × Industry Landing Page,Mobile accessory brands,Marketplace Marketing,/dtc-industries/mobile-accessory-brands-marketing-agency/,Index after content threshold,Phase 3,marketplace marketing for mobile accessory brands,dtc-service-industry-sitemap.xml,Consultus campaign matrix pattern
https://www.consultusdigital.com/dtc-industries/computer-accessory-brands-marketing-agency/,/dtc-industries/computer-accessory-brands-marketing-agency/,DTC,Technology and electronics,Industry Marketing Agency Page,Computer accessory brands,,/dtc-industries/technology-and-electronics/,Index,Phase 2,computer accessory brands marketing agency,dtc-industry-agency-sitemap.xml,https://www.cardinaldigitalmarketing.com/healthcare-specialties/mental-healthcare-providers-agency/
https://www.consultusdigital.com/dtc-marketing-services/performance-marketing-for-computer-accessory-brands/,/dtc-marketing-services/performance-marketing-for-computer-accessory-brands/,DTC,Technology and electronics,Service × Industry Landing Page,Computer accessory brands,Performance Marketing Agency,/dtc-industries/computer-accessory-brands-marketing-agency/,Index after content threshold,Phase 3,performance marketing agency for computer accessory brands,dtc-service-industry-sitemap.xml,Consultus campaign matrix pattern
https://www.consultusdigital.com/dtc-marketing-services/paid-social-for-computer-accessory-brands/,/dtc-marketing-services/paid-social-for-computer-accessory-brands/,DTC,Technology and electronics,Service × Industry Landing Page,Computer accessory brands,Paid Social,/dtc-industries/computer-accessory-brands-marketing-agency/,Index after content threshold,Phase 3,paid social for computer accessory brands,dtc-service-industry-sitemap.xml,Consultus campaign matrix pattern
https://www.consultusdigital.com/dtc-marketing-services/paid-search-shopping-for-computer-accessory-brands/,/dtc-marketing-services/paid-search-shopping-for-computer-accessory-brands/,DTC,Technology and electronics,Service × Industry Landing Page,Computer accessory brands,Paid Search and Shopping,/dtc-industries/computer-accessory-brands-marketing-agency/,Index after content threshold,Phase 3,paid search and shopping for computer accessory brands,dtc-service-industry-sitemap.xml,Consultus campaign matrix pattern
https://www.consultusdigital.com/dtc-marketing-services/seo-for-computer-accessory-brands/,/dtc-marketing-services/seo-for-computer-accessory-brands/,DTC,Technology and electronics,Service × Industry Landing Page,Computer accessory brands,E-commerce SEO,/dtc-industries/computer-accessory-brands-marketing-agency/,Index after content threshold,Phase 3,e-commerce seo for computer accessory brands,dtc-service-industry-sitemap.xml,Consultus campaign matrix pattern
https://www.consultusdigital.com/dtc-marketing-services/ai-search-for-computer-accessory-brands/,/dtc-marketing-services/ai-search-for-computer-accessory-brands/,DTC,Technology and electronics,Service × Industry Landing Page,Computer accessory brands,"AEO, GEO and AI Search",/dtc-industries/computer-accessory-brands-marketing-agency/,Index after content threshold,Phase 3,"aeo, geo and ai search for computer accessory brands",dtc-service-industry-sitemap.xml,Consultus campaign matrix pattern
https://www.consultusdigital.com/dtc-marketing-services/performance-creative-for-computer-accessory-brands/,/dtc-marketing-services/performance-creative-for-computer-accessory-brands/,DTC,Technology and electronics,Service × Industry Landing Page,Computer accessory brands,Performance Creative,/dtc-industries/computer-accessory-brands-marketing-agency/,Index after content threshold,Phase 3,performance creative for computer accessory brands,dtc-service-industry-sitemap.xml,Consultus campaign matrix pattern
https://www.consultusdigital.com/dtc-marketing-services/shopify-cro-for-computer-accessory-brands/,/dtc-marketing-services/shopify-cro-for-computer-accessory-brands/,DTC,Technology and electronics,Service × Industry Landing Page,Computer accessory brands,Shopify Development and CRO,/dtc-industries/computer-accessory-brands-marketing-agency/,Index after content threshold,Phase 3,shopify development and cro for computer accessory brands,dtc-service-industry-sitemap.xml,Consultus campaign matrix pattern
https://www.consultusdigital.com/dtc-marketing-services/email-sms-for-computer-accessory-brands/,/dtc-marketing-services/email-sms-for-computer-accessory-brands/,DTC,Technology and electronics,Service × Industry Landing Page,Computer accessory brands,Email and SMS,/dtc-industries/computer-accessory-brands-marketing-agency/,Index after content threshold,Phase 3,email and sms for computer accessory brands,dtc-service-industry-sitemap.xml,Consultus campaign matrix pattern
https://www.consultusdigital.com/dtc-marketing-services/analytics-for-computer-accessory-brands/,/dtc-marketing-services/analytics-for-computer-accessory-brands/,DTC,Technology and electronics,Service × Industry Landing Page,Computer accessory brands,Analytics and Attribution,/dtc-industries/computer-accessory-brands-marketing-agency/,Index after content threshold,Phase 3,analytics and attribution for computer accessory brands,dtc-service-industry-sitemap.xml,Consultus campaign matrix pattern
https://www.consultusdigital.com/dtc-marketing-services/marketplace-marketing-for-computer-accessory-brands/,/dtc-marketing-services/marketplace-marketing-for-computer-accessory-brands/,DTC,Technology and electronics,Service × Industry Landing Page,Computer accessory brands,Marketplace Marketing,/dtc-industries/computer-accessory-brands-marketing-agency/,Index after content threshold,Phase 3,marketplace marketing for computer accessory brands,dtc-service-industry-sitemap.xml,Consultus campaign matrix pattern
https://www.consultusdigital.com/dtc-industries/health-technology-brands-marketing-agency/,/dtc-industries/health-technology-brands-marketing-agency/,DTC,Technology and electronics,Industry Marketing Agency Page,Health technology brands,,/dtc-industries/technology-and-electronics/,Index,Phase 2,health technology brands marketing agency,dtc-industry-agency-sitemap.xml,https://www.cardinaldigitalmarketing.com/healthcare-specialties/mental-healthcare-providers-agency/
https://www.consultusdigital.com/dtc-marketing-services/performance-marketing-for-health-technology-brands/,/dtc-marketing-services/performance-marketing-for-health-technology-brands/,DTC,Technology and electronics,Service × Industry Landing Page,Health technology brands,Performance Marketing Agency,/dtc-industries/health-technology-brands-marketing-agency/,Index after content threshold,Phase 3,performance marketing agency for health technology brands,dtc-service-industry-sitemap.xml,Consultus campaign matrix pattern
https://www.consultusdigital.com/dtc-marketing-services/paid-social-for-health-technology-brands/,/dtc-marketing-services/paid-social-for-health-technology-brands/,DTC,Technology and electronics,Service × Industry Landing Page,Health technology brands,Paid Social,/dtc-industries/health-technology-brands-marketing-agency/,Index after content threshold,Phase 3,paid social for health technology brands,dtc-service-industry-sitemap.xml,Consultus campaign matrix pattern
https://www.consultusdigital.com/dtc-marketing-services/paid-search-shopping-for-health-technology-brands/,/dtc-marketing-services/paid-search-shopping-for-health-technology-brands/,DTC,Technology and electronics,Service × Industry Landing Page,Health technology brands,Paid Search and Shopping,/dtc-industries/health-technology-brands-marketing-agency/,Index after content threshold,Phase 3,paid search and shopping for health technology brands,dtc-service-industry-sitemap.xml,Consultus campaign matrix pattern
https://www.consultusdigital.com/dtc-marketing-services/seo-for-health-technology-brands/,/dtc-marketing-services/seo-for-health-technology-brands/,DTC,Technology and electronics,Service × Industry Landing Page,Health technology brands,E-commerce SEO,/dtc-industries/health-technology-brands-marketing-agency/,Index after content threshold,Phase 3,e-commerce seo for health technology brands,dtc-service-industry-sitemap.xml,Consultus campaign matrix pattern
https://www.consultusdigital.com/dtc-marketing-services/ai-search-for-health-technology-brands/,/dtc-marketing-services/ai-search-for-health-technology-brands/,DTC,Technology and electronics,Service × Industry Landing Page,Health technology brands,"AEO, GEO and AI Search",/dtc-industries/health-technology-brands-marketing-agency/,Index after content threshold,Phase 3,"aeo, geo and ai search for health technology brands",dtc-service-industry-sitemap.xml,Consultus campaign matrix pattern
https://www.consultusdigital.com/dtc-marketing-services/performance-creative-for-health-technology-brands/,/dtc-marketing-services/performance-creative-for-health-technology-brands/,DTC,Technology and electronics,Service × Industry Landing Page,Health technology brands,Performance Creative,/dtc-industries/health-technology-brands-marketing-agency/,Index after content threshold,Phase 3,performance creative for health technology brands,dtc-service-industry-sitemap.xml,Consultus campaign matrix pattern
https://www.consultusdigital.com/dtc-marketing-services/shopify-cro-for-health-technology-brands/,/dtc-marketing-services/shopify-cro-for-health-technology-brands/,DTC,Technology and electronics,Service × Industry Landing Page,Health technology brands,Shopify Development and CRO,/dtc-industries/health-technology-brands-marketing-agency/,Index after content threshold,Phase 3,shopify development and cro for health technology brands,dtc-service-industry-sitemap.xml,Consultus campaign matrix pattern
https://www.consultusdigital.com/dtc-marketing-services/email-sms-for-health-technology-brands/,/dtc-marketing-services/email-sms-for-health-technology-brands/,DTC,Technology and electronics,Service × Industry Landing Page,Health technology brands,Email and SMS,/dtc-industries/health-technology-brands-marketing-agency/,Index after content threshold,Phase 3,email and sms for health technology brands,dtc-service-industry-sitemap.xml,Consultus campaign matrix pattern
https://www.consultusdigital.com/dtc-marketing-services/analytics-for-health-technology-brands/,/dtc-marketing-services/analytics-for-health-technology-brands/,DTC,Technology and electronics,Service × Industry Landing Page,Health technology brands,Analytics and Attribution,/dtc-industries/health-technology-brands-marketing-agency/,Index after content threshold,Phase 3,analytics and attribution for health technology brands,dtc-service-industry-sitemap.xml,Consultus campaign matrix pattern
https://www.consultusdigital.com/dtc-marketing-services/marketplace-marketing-for-health-technology-brands/,/dtc-marketing-services/marketplace-marketing-for-health-technology-brands/,DTC,Technology and electronics,Service × Industry Landing Page,Health technology brands,Marketplace Marketing,/dtc-industries/health-technology-brands-marketing-agency/,Index after content threshold,Phase 3,marketplace marketing for health technology brands,dtc-service-industry-sitemap.xml,Consultus campaign matrix pattern
https://www.consultusdigital.com/dtc-industries/connected-fitness-brands-marketing-agency/,/dtc-industries/connected-fitness-brands-marketing-agency/,DTC,Technology and electronics,Industry Marketing Agency Page,Connected fitness brands,,/dtc-industries/technology-and-electronics/,Index,Phase 2,connected fitness brands marketing agency,dtc-industry-agency-sitemap.xml,https://www.cardinaldigitalmarketing.com/healthcare-specialties/mental-healthcare-providers-agency/
https://www.consultusdigital.com/dtc-marketing-services/performance-marketing-for-connected-fitness-brands/,/dtc-marketing-services/performance-marketing-for-connected-fitness-brands/,DTC,Technology and electronics,Service × Industry Landing Page,Connected fitness brands,Performance Marketing Agency,/dtc-industries/connected-fitness-brands-marketing-agency/,Index after content threshold,Phase 3,performance marketing agency for connected fitness brands,dtc-service-industry-sitemap.xml,Consultus campaign matrix pattern
https://www.consultusdigital.com/dtc-marketing-services/paid-social-for-connected-fitness-brands/,/dtc-marketing-services/paid-social-for-connected-fitness-brands/,DTC,Technology and electronics,Service × Industry Landing Page,Connected fitness brands,Paid Social,/dtc-industries/connected-fitness-brands-marketing-agency/,Index after content threshold,Phase 3,paid social for connected fitness brands,dtc-service-industry-sitemap.xml,Consultus campaign matrix pattern
https://www.consultusdigital.com/dtc-marketing-services/paid-search-shopping-for-connected-fitness-brands/,/dtc-marketing-services/paid-search-shopping-for-connected-fitness-brands/,DTC,Technology and electronics,Service × Industry Landing Page,Connected fitness brands,Paid Search and Shopping,/dtc-industries/connected-fitness-brands-marketing-agency/,Index after content threshold,Phase 3,paid search and shopping for connected fitness brands,dtc-service-industry-sitemap.xml,Consultus campaign matrix pattern
https://www.consultusdigital.com/dtc-marketing-services/seo-for-connected-fitness-brands/,/dtc-marketing-services/seo-for-connected-fitness-brands/,DTC,Technology and electronics,Service × Industry Landing Page,Connected fitness brands,E-commerce SEO,/dtc-industries/connected-fitness-brands-marketing-agency/,Index after content threshold,Phase 3,e-commerce seo for connected fitness brands,dtc-service-industry-sitemap.xml,Consultus campaign matrix pattern
https://www.consultusdigital.com/dtc-marketing-services/ai-search-for-connected-fitness-brands/,/dtc-marketing-services/ai-search-for-connected-fitness-brands/,DTC,Technology and electronics,Service × Industry Landing Page,Connected fitness brands,"AEO, GEO and AI Search",/dtc-industries/connected-fitness-brands-marketing-agency/,Index after content threshold,Phase 3,"aeo, geo and ai search for connected fitness brands",dtc-service-industry-sitemap.xml,Consultus campaign matrix pattern
https://www.consultusdigital.com/dtc-marketing-services/performance-creative-for-connected-fitness-brands/,/dtc-marketing-services/performance-creative-for-connected-fitness-brands/,DTC,Technology and electronics,Service × Industry Landing Page,Connected fitness brands,Performance Creative,/dtc-industries/connected-fitness-brands-marketing-agency/,Index after content threshold,Phase 3,performance creative for connected fitness brands,dtc-service-industry-sitemap.xml,Consultus campaign matrix pattern
https://www.consultusdigital.com/dtc-marketing-services/shopify-cro-for-connected-fitness-brands/,/dtc-marketing-services/shopify-cro-for-connected-fitness-brands/,DTC,Technology and electronics,Service × Industry Landing Page,Connected fitness brands,Shopify Development and CRO,/dtc-industries/connected-fitness-brands-marketing-agency/,Index after content threshold,Phase 3,shopify development and cro for connected fitness brands,dtc-service-industry-sitemap.xml,Consultus campaign matrix pattern
https://www.consultusdigital.com/dtc-marketing-services/email-sms-for-connected-fitness-brands/,/dtc-marketing-services/email-sms-for-connected-fitness-brands/,DTC,Technology and electronics,Service × Industry Landing Page,Connected fitness brands,Email and SMS,/dtc-industries/connected-fitness-brands-marketing-agency/,Index after content threshold,Phase 3,email and sms for connected fitness brands,dtc-service-industry-sitemap.xml,Consultus campaign matrix pattern
https://www.consultusdigital.com/dtc-marketing-services/analytics-for-connected-fitness-brands/,/dtc-marketing-services/analytics-for-connected-fitness-brands/,DTC,Technology and electronics,Service × Industry Landing Page,Connected fitness brands,Analytics and Attribution,/dtc-industries/connected-fitness-brands-marketing-agency/,Index after content threshold,Phase 3,analytics and attribution for connected fitness brands,dtc-service-industry-sitemap.xml,Consultus campaign matrix pattern
https://www.consultusdigital.com/dtc-marketing-services/marketplace-marketing-for-connected-fitness-brands/,/dtc-marketing-services/marketplace-marketing-for-connected-fitness-brands/,DTC,Technology and electronics,Service × Industry Landing Page,Connected fitness brands,Marketplace Marketing,/dtc-industries/connected-fitness-brands-marketing-agency/,Index after content threshold,Phase 3,marketplace marketing for connected fitness brands,dtc-service-industry-sitemap.xml,Consultus campaign matrix pattern
https://www.consultusdigital.com/dtc-industries/sports-outdoor-and-hobby/,/dtc-industries/sports-outdoor-and-hobby/,DTC,Sports outdoor and hobby,Sector Hub,Sports outdoor and hobby,,/dtc-industries/,Index,Phase 1,sports outdoor and hobby marketing agency,dtc-industry-agency-sitemap.xml,https://www.cardinaldigitalmarketing.com/healthcare-specialties/mental-healthcare-providers-agency/
https://www.consultusdigital.com/dtc-industries/fitness-equipment-brands-marketing-agency/,/dtc-industries/fitness-equipment-brands-marketing-agency/,DTC,Sports outdoor and hobby,Industry Marketing Agency Page,Fitness equipment brands,,/dtc-industries/sports-outdoor-and-hobby/,Index,Phase 2,fitness equipment brands marketing agency,dtc-industry-agency-sitemap.xml,https://www.cardinaldigitalmarketing.com/healthcare-specialties/mental-healthcare-providers-agency/
https://www.consultusdigital.com/dtc-marketing-services/performance-marketing-for-fitness-equipment-brands/,/dtc-marketing-services/performance-marketing-for-fitness-equipment-brands/,DTC,Sports outdoor and hobby,Service × Industry Landing Page,Fitness equipment brands,Performance Marketing Agency,/dtc-industries/fitness-equipment-brands-marketing-agency/,Index after content threshold,Phase 3,performance marketing agency for fitness equipment brands,dtc-service-industry-sitemap.xml,Consultus campaign matrix pattern
https://www.consultusdigital.com/dtc-marketing-services/paid-social-for-fitness-equipment-brands/,/dtc-marketing-services/paid-social-for-fitness-equipment-brands/,DTC,Sports outdoor and hobby,Service × Industry Landing Page,Fitness equipment brands,Paid Social,/dtc-industries/fitness-equipment-brands-marketing-agency/,Index after content threshold,Phase 3,paid social for fitness equipment brands,dtc-service-industry-sitemap.xml,Consultus campaign matrix pattern
https://www.consultusdigital.com/dtc-marketing-services/paid-search-shopping-for-fitness-equipment-brands/,/dtc-marketing-services/paid-search-shopping-for-fitness-equipment-brands/,DTC,Sports outdoor and hobby,Service × Industry Landing Page,Fitness equipment brands,Paid Search and Shopping,/dtc-industries/fitness-equipment-brands-marketing-agency/,Index after content threshold,Phase 3,paid search and shopping for fitness equipment brands,dtc-service-industry-sitemap.xml,Consultus campaign matrix pattern
https://www.consultusdigital.com/dtc-marketing-services/seo-for-fitness-equipment-brands/,/dtc-marketing-services/seo-for-fitness-equipment-brands/,DTC,Sports outdoor and hobby,Service × Industry Landing Page,Fitness equipment brands,E-commerce SEO,/dtc-industries/fitness-equipment-brands-marketing-agency/,Index after content threshold,Phase 3,e-commerce seo for fitness equipment brands,dtc-service-industry-sitemap.xml,Consultus campaign matrix pattern
https://www.consultusdigital.com/dtc-marketing-services/ai-search-for-fitness-equipment-brands/,/dtc-marketing-services/ai-search-for-fitness-equipment-brands/,DTC,Sports outdoor and hobby,Service × Industry Landing Page,Fitness equipment brands,"AEO, GEO and AI Search",/dtc-industries/fitness-equipment-brands-marketing-agency/,Index after content threshold,Phase 3,"aeo, geo and ai search for fitness equipment brands",dtc-service-industry-sitemap.xml,Consultus campaign matrix pattern
https://www.consultusdigital.com/dtc-marketing-services/performance-creative-for-fitness-equipment-brands/,/dtc-marketing-services/performance-creative-for-fitness-equipment-brands/,DTC,Sports outdoor and hobby,Service × Industry Landing Page,Fitness equipment brands,Performance Creative,/dtc-industries/fitness-equipment-brands-marketing-agency/,Index after content threshold,Phase 3,performance creative for fitness equipment brands,dtc-service-industry-sitemap.xml,Consultus campaign matrix pattern
https://www.consultusdigital.com/dtc-marketing-services/shopify-cro-for-fitness-equipment-brands/,/dtc-marketing-services/shopify-cro-for-fitness-equipment-brands/,DTC,Sports outdoor and hobby,Service × Industry Landing Page,Fitness equipment brands,Shopify Development and CRO,/dtc-industries/fitness-equipment-brands-marketing-agency/,Index after content threshold,Phase 3,shopify development and cro for fitness equipment brands,dtc-service-industry-sitemap.xml,Consultus campaign matrix pattern
https://www.consultusdigital.com/dtc-marketing-services/email-sms-for-fitness-equipment-brands/,/dtc-marketing-services/email-sms-for-fitness-equipment-brands/,DTC,Sports outdoor and hobby,Service × Industry Landing Page,Fitness equipment brands,Email and SMS,/dtc-industries/fitness-equipment-brands-marketing-agency/,Index after content threshold,Phase 3,email and sms for fitness equipment brands,dtc-service-industry-sitemap.xml,Consultus campaign matrix pattern
https://www.consultusdigital.com/dtc-marketing-services/analytics-for-fitness-equipment-brands/,/dtc-marketing-services/analytics-for-fitness-equipment-brands/,DTC,Sports outdoor and hobby,Service × Industry Landing Page,Fitness equipment brands,Analytics and Attribution,/dtc-industries/fitness-equipment-brands-marketing-agency/,Index after content threshold,Phase 3,analytics and attribution for fitness equipment brands,dtc-service-industry-sitemap.xml,Consultus campaign matrix pattern
https://www.consultusdigital.com/dtc-marketing-services/marketplace-marketing-for-fitness-equipment-brands/,/dtc-marketing-services/marketplace-marketing-for-fitness-equipment-brands/,DTC,Sports outdoor and hobby,Service × Industry Landing Page,Fitness equipment brands,Marketplace Marketing,/dtc-industries/fitness-equipment-brands-marketing-agency/,Index after content threshold,Phase 3,marketplace marketing for fitness equipment brands,dtc-service-industry-sitemap.xml,Consultus campaign matrix pattern
https://www.consultusdigital.com/dtc-industries/sporting-goods-brands-marketing-agency/,/dtc-industries/sporting-goods-brands-marketing-agency/,DTC,Sports outdoor and hobby,Industry Marketing Agency Page,Sporting goods brands,,/dtc-industries/sports-outdoor-and-hobby/,Index,Phase 2,sporting goods brands marketing agency,dtc-industry-agency-sitemap.xml,https://www.cardinaldigitalmarketing.com/healthcare-specialties/mental-healthcare-providers-agency/
https://www.consultusdigital.com/dtc-marketing-services/performance-marketing-for-sporting-goods-brands/,/dtc-marketing-services/performance-marketing-for-sporting-goods-brands/,DTC,Sports outdoor and hobby,Service × Industry Landing Page,Sporting goods brands,Performance Marketing Agency,/dtc-industries/sporting-goods-brands-marketing-agency/,Index after content threshold,Phase 3,performance marketing agency for sporting goods brands,dtc-service-industry-sitemap.xml,Consultus campaign matrix pattern
https://www.consultusdigital.com/dtc-marketing-services/paid-social-for-sporting-goods-brands/,/dtc-marketing-services/paid-social-for-sporting-goods-brands/,DTC,Sports outdoor and hobby,Service × Industry Landing Page,Sporting goods brands,Paid Social,/dtc-industries/sporting-goods-brands-marketing-agency/,Index after content threshold,Phase 3,paid social for sporting goods brands,dtc-service-industry-sitemap.xml,Consultus campaign matrix pattern
https://www.consultusdigital.com/dtc-marketing-services/paid-search-shopping-for-sporting-goods-brands/,/dtc-marketing-services/paid-search-shopping-for-sporting-goods-brands/,DTC,Sports outdoor and hobby,Service × Industry Landing Page,Sporting goods brands,Paid Search and Shopping,/dtc-industries/sporting-goods-brands-marketing-agency/,Index after content threshold,Phase 3,paid search and shopping for sporting goods brands,dtc-service-industry-sitemap.xml,Consultus campaign matrix pattern
https://www.consultusdigital.com/dtc-marketing-services/seo-for-sporting-goods-brands/,/dtc-marketing-services/seo-for-sporting-goods-brands/,DTC,Sports outdoor and hobby,Service × Industry Landing Page,Sporting goods brands,E-commerce SEO,/dtc-industries/sporting-goods-brands-marketing-agency/,Index after content threshold,Phase 3,e-commerce seo for sporting goods brands,dtc-service-industry-sitemap.xml,Consultus campaign matrix pattern
https://www.consultusdigital.com/dtc-marketing-services/ai-search-for-sporting-goods-brands/,/dtc-marketing-services/ai-search-for-sporting-goods-brands/,DTC,Sports outdoor and hobby,Service × Industry Landing Page,Sporting goods brands,"AEO, GEO and AI Search",/dtc-industries/sporting-goods-brands-marketing-agency/,Index after content threshold,Phase 3,"aeo, geo and ai search for sporting goods brands",dtc-service-industry-sitemap.xml,Consultus campaign matrix pattern
https://www.consultusdigital.com/dtc-marketing-services/performance-creative-for-sporting-goods-brands/,/dtc-marketing-services/performance-creative-for-sporting-goods-brands/,DTC,Sports outdoor and hobby,Service × Industry Landing Page,Sporting goods brands,Performance Creative,/dtc-industries/sporting-goods-brands-marketing-agency/,Index after content threshold,Phase 3,performance creative for sporting goods brands,dtc-service-industry-sitemap.xml,Consultus campaign matrix pattern
https://www.consultusdigital.com/dtc-marketing-services/shopify-cro-for-sporting-goods-brands/,/dtc-marketing-services/shopify-cro-for-sporting-goods-brands/,DTC,Sports outdoor and hobby,Service × Industry Landing Page,Sporting goods brands,Shopify Development and CRO,/dtc-industries/sporting-goods-brands-marketing-agency/,Index after content threshold,Phase 3,shopify development and cro for sporting goods brands,dtc-service-industry-sitemap.xml,Consultus campaign matrix pattern
https://www.consultusdigital.com/dtc-marketing-services/email-sms-for-sporting-goods-brands/,/dtc-marketing-services/email-sms-for-sporting-goods-brands/,DTC,Sports outdoor and hobby,Service × Industry Landing Page,Sporting goods brands,Email and SMS,/dtc-industries/sporting-goods-brands-marketing-agency/,Index after content threshold,Phase 3,email and sms for sporting goods brands,dtc-service-industry-sitemap.xml,Consultus campaign matrix pattern
https://www.consultusdigital.com/dtc-marketing-services/analytics-for-sporting-goods-brands/,/dtc-marketing-services/analytics-for-sporting-goods-brands/,DTC,Sports outdoor and hobby,Service × Industry Landing Page,Sporting goods brands,Analytics and Attribution,/dtc-industries/sporting-goods-brands-marketing-agency/,Index after content threshold,Phase 3,analytics and attribution for sporting goods brands,dtc-service-industry-sitemap.xml,Consultus campaign matrix pattern
https://www.consultusdigital.com/dtc-marketing-services/marketplace-marketing-for-sporting-goods-brands/,/dtc-marketing-services/marketplace-marketing-for-sporting-goods-brands/,DTC,Sports outdoor and hobby,Service × Industry Landing Page,Sporting goods brands,Marketplace Marketing,/dtc-industries/sporting-goods-brands-marketing-agency/,Index after content threshold,Phase 3,marketplace marketing for sporting goods brands,dtc-service-industry-sitemap.xml,Consultus campaign matrix pattern
https://www.consultusdigital.com/dtc-industries/outdoor-recreation-brands-marketing-agency/,/dtc-industries/outdoor-recreation-brands-marketing-agency/,DTC,Sports outdoor and hobby,Industry Marketing Agency Page,Outdoor recreation brands,,/dtc-industries/sports-outdoor-and-hobby/,Index,Phase 2,outdoor recreation brands marketing agency,dtc-industry-agency-sitemap.xml,https://www.cardinaldigitalmarketing.com/healthcare-specialties/mental-healthcare-providers-agency/
https://www.consultusdigital.com/dtc-marketing-services/performance-marketing-for-outdoor-recreation-brands/,/dtc-marketing-services/performance-marketing-for-outdoor-recreation-brands/,DTC,Sports outdoor and hobby,Service × Industry Landing Page,Outdoor recreation brands,Performance Marketing Agency,/dtc-industries/outdoor-recreation-brands-marketing-agency/,Index after content threshold,Phase 3,performance marketing agency for outdoor recreation brands,dtc-service-industry-sitemap.xml,Consultus campaign matrix pattern
https://www.consultusdigital.com/dtc-marketing-services/paid-social-for-outdoor-recreation-brands/,/dtc-marketing-services/paid-social-for-outdoor-recreation-brands/,DTC,Sports outdoor and hobby,Service × Industry Landing Page,Outdoor recreation brands,Paid Social,/dtc-industries/outdoor-recreation-brands-marketing-agency/,Index after content threshold,Phase 3,paid social for outdoor recreation brands,dtc-service-industry-sitemap.xml,Consultus campaign matrix pattern
https://www.consultusdigital.com/dtc-marketing-services/paid-search-shopping-for-outdoor-recreation-brands/,/dtc-marketing-services/paid-search-shopping-for-outdoor-recreation-brands/,DTC,Sports outdoor and hobby,Service × Industry Landing Page,Outdoor recreation brands,Paid Search and Shopping,/dtc-industries/outdoor-recreation-brands-marketing-agency/,Index after content threshold,Phase 3,paid search and shopping for outdoor recreation brands,dtc-service-industry-sitemap.xml,Consultus campaign matrix pattern
https://www.consultusdigital.com/dtc-marketing-services/seo-for-outdoor-recreation-brands/,/dtc-marketing-services/seo-for-outdoor-recreation-brands/,DTC,Sports outdoor and hobby,Service × Industry Landing Page,Outdoor recreation brands,E-commerce SEO,/dtc-industries/outdoor-recreation-brands-marketing-agency/,Index after content threshold,Phase 3,e-commerce seo for outdoor recreation brands,dtc-service-industry-sitemap.xml,Consultus campaign matrix pattern
https://www.consultusdigital.com/dtc-marketing-services/ai-search-for-outdoor-recreation-brands/,/dtc-marketing-services/ai-search-for-outdoor-recreation-brands/,DTC,Sports outdoor and hobby,Service × Industry Landing Page,Outdoor recreation brands,"AEO, GEO and AI Search",/dtc-industries/outdoor-recreation-brands-marketing-agency/,Index after content threshold,Phase 3,"aeo, geo and ai search for outdoor recreation brands",dtc-service-industry-sitemap.xml,Consultus campaign matrix pattern
https://www.consultusdigital.com/dtc-marketing-services/performance-creative-for-outdoor-recreation-brands/,/dtc-marketing-services/performance-creative-for-outdoor-recreation-brands/,DTC,Sports outdoor and hobby,Service × Industry Landing Page,Outdoor recreation brands,Performance Creative,/dtc-industries/outdoor-recreation-brands-marketing-agency/,Index after content threshold,Phase 3,performance creative for outdoor recreation brands,dtc-service-industry-sitemap.xml,Consultus campaign matrix pattern
https://www.consultusdigital.com/dtc-marketing-services/shopify-cro-for-outdoor-recreation-brands/,/dtc-marketing-services/shopify-cro-for-outdoor-recreation-brands/,DTC,Sports outdoor and hobby,Service × Industry Landing Page,Outdoor recreation brands,Shopify Development and CRO,/dtc-industries/outdoor-recreation-brands-marketing-agency/,Index after content threshold,Phase 3,shopify development and cro for outdoor recreation brands,dtc-service-industry-sitemap.xml,Consultus campaign matrix pattern
https://www.consultusdigital.com/dtc-marketing-services/email-sms-for-outdoor-recreation-brands/,/dtc-marketing-services/email-sms-for-outdoor-recreation-brands/,DTC,Sports outdoor and hobby,Service × Industry Landing Page,Outdoor recreation brands,Email and SMS,/dtc-industries/outdoor-recreation-brands-marketing-agency/,Index after content threshold,Phase 3,email and sms for outdoor recreation brands,dtc-service-industry-sitemap.xml,Consultus campaign matrix pattern
https://www.consultusdigital.com/dtc-marketing-services/analytics-for-outdoor-recreation-brands/,/dtc-marketing-services/analytics-for-outdoor-recreation-brands/,DTC,Sports outdoor and hobby,Service × Industry Landing Page,Outdoor recreation brands,Analytics and Attribution,/dtc-industries/outdoor-recreation-brands-marketing-agency/,Index after content threshold,Phase 3,analytics and attribution for outdoor recreation brands,dtc-service-industry-sitemap.xml,Consultus campaign matrix pattern
https://www.consultusdigital.com/dtc-marketing-services/marketplace-marketing-for-outdoor-recreation-brands/,/dtc-marketing-services/marketplace-marketing-for-outdoor-recreation-brands/,DTC,Sports outdoor and hobby,Service × Industry Landing Page,Outdoor recreation brands,Marketplace Marketing,/dtc-industries/outdoor-recreation-brands-marketing-agency/,Index after content threshold,Phase 3,marketplace marketing for outdoor recreation brands,dtc-service-industry-sitemap.xml,Consultus campaign matrix pattern
https://www.consultusdigital.com/dtc-industries/cycling-brands-marketing-agency/,/dtc-industries/cycling-brands-marketing-agency/,DTC,Sports outdoor and hobby,Industry Marketing Agency Page,Cycling brands,,/dtc-industries/sports-outdoor-and-hobby/,Index,Phase 2,cycling brands marketing agency,dtc-industry-agency-sitemap.xml,https://www.cardinaldigitalmarketing.com/healthcare-specialties/mental-healthcare-providers-agency/
https://www.consultusdigital.com/dtc-marketing-services/performance-marketing-for-cycling-brands/,/dtc-marketing-services/performance-marketing-for-cycling-brands/,DTC,Sports outdoor and hobby,Service × Industry Landing Page,Cycling brands,Performance Marketing Agency,/dtc-industries/cycling-brands-marketing-agency/,Index after content threshold,Phase 3,performance marketing agency for cycling brands,dtc-service-industry-sitemap.xml,Consultus campaign matrix pattern
https://www.consultusdigital.com/dtc-marketing-services/paid-social-for-cycling-brands/,/dtc-marketing-services/paid-social-for-cycling-brands/,DTC,Sports outdoor and hobby,Service × Industry Landing Page,Cycling brands,Paid Social,/dtc-industries/cycling-brands-marketing-agency/,Index after content threshold,Phase 3,paid social for cycling brands,dtc-service-industry-sitemap.xml,Consultus campaign matrix pattern
https://www.consultusdigital.com/dtc-marketing-services/paid-search-shopping-for-cycling-brands/,/dtc-marketing-services/paid-search-shopping-for-cycling-brands/,DTC,Sports outdoor and hobby,Service × Industry Landing Page,Cycling brands,Paid Search and Shopping,/dtc-industries/cycling-brands-marketing-agency/,Index after content threshold,Phase 3,paid search and shopping for cycling brands,dtc-service-industry-sitemap.xml,Consultus campaign matrix pattern
https://www.consultusdigital.com/dtc-marketing-services/seo-for-cycling-brands/,/dtc-marketing-services/seo-for-cycling-brands/,DTC,Sports outdoor and hobby,Service × Industry Landing Page,Cycling brands,E-commerce SEO,/dtc-industries/cycling-brands-marketing-agency/,Index after content threshold,Phase 3,e-commerce seo for cycling brands,dtc-service-industry-sitemap.xml,Consultus campaign matrix pattern
https://www.consultusdigital.com/dtc-marketing-services/ai-search-for-cycling-brands/,/dtc-marketing-services/ai-search-for-cycling-brands/,DTC,Sports outdoor and hobby,Service × Industry Landing Page,Cycling brands,"AEO, GEO and AI Search",/dtc-industries/cycling-brands-marketing-agency/,Index after content threshold,Phase 3,"aeo, geo and ai search for cycling brands",dtc-service-industry-sitemap.xml,Consultus campaign matrix pattern
https://www.consultusdigital.com/dtc-marketing-services/performance-creative-for-cycling-brands/,/dtc-marketing-services/performance-creative-for-cycling-brands/,DTC,Sports outdoor and hobby,Service × Industry Landing Page,Cycling brands,Performance Creative,/dtc-industries/cycling-brands-marketing-agency/,Index after content threshold,Phase 3,performance creative for cycling brands,dtc-service-industry-sitemap.xml,Consultus campaign matrix pattern
https://www.consultusdigital.com/dtc-marketing-services/shopify-cro-for-cycling-brands/,/dtc-marketing-services/shopify-cro-for-cycling-brands/,DTC,Sports outdoor and hobby,Service × Industry Landing Page,Cycling brands,Shopify Development and CRO,/dtc-industries/cycling-brands-marketing-agency/,Index after content threshold,Phase 3,shopify development and cro for cycling brands,dtc-service-industry-sitemap.xml,Consultus campaign matrix pattern
https://www.consultusdigital.com/dtc-marketing-services/email-sms-for-cycling-brands/,/dtc-marketing-services/email-sms-for-cycling-brands/,DTC,Sports outdoor and hobby,Service × Industry Landing Page,Cycling brands,Email and SMS,/dtc-industries/cycling-brands-marketing-agency/,Index after content threshold,Phase 3,email and sms for cycling brands,dtc-service-industry-sitemap.xml,Consultus campaign matrix pattern
https://www.consultusdigital.com/dtc-marketing-services/analytics-for-cycling-brands/,/dtc-marketing-services/analytics-for-cycling-brands/,DTC,Sports outdoor and hobby,Service × Industry Landing Page,Cycling brands,Analytics and Attribution,/dtc-industries/cycling-brands-marketing-agency/,Index after content threshold,Phase 3,analytics and attribution for cycling brands,dtc-service-industry-sitemap.xml,Consultus campaign matrix pattern
https://www.consultusdigital.com/dtc-marketing-services/marketplace-marketing-for-cycling-brands/,/dtc-marketing-services/marketplace-marketing-for-cycling-brands/,DTC,Sports outdoor and hobby,Service × Industry Landing Page,Cycling brands,Marketplace Marketing,/dtc-industries/cycling-brands-marketing-agency/,Index after content threshold,Phase 3,marketplace marketing for cycling brands,dtc-service-industry-sitemap.xml,Consultus campaign matrix pattern
https://www.consultusdigital.com/dtc-industries/golf-brands-marketing-agency/,/dtc-industries/golf-brands-marketing-agency/,DTC,Sports outdoor and hobby,Industry Marketing Agency Page,Golf brands,,/dtc-industries/sports-outdoor-and-hobby/,Index,Phase 2,golf brands marketing agency,dtc-industry-agency-sitemap.xml,https://www.cardinaldigitalmarketing.com/healthcare-specialties/mental-healthcare-providers-agency/
https://www.consultusdigital.com/dtc-marketing-services/performance-marketing-for-golf-brands/,/dtc-marketing-services/performance-marketing-for-golf-brands/,DTC,Sports outdoor and hobby,Service × Industry Landing Page,Golf brands,Performance Marketing Agency,/dtc-industries/golf-brands-marketing-agency/,Index after content threshold,Phase 3,performance marketing agency for golf brands,dtc-service-industry-sitemap.xml,Consultus campaign matrix pattern
https://www.consultusdigital.com/dtc-marketing-services/paid-social-for-golf-brands/,/dtc-marketing-services/paid-social-for-golf-brands/,DTC,Sports outdoor and hobby,Service × Industry Landing Page,Golf brands,Paid Social,/dtc-industries/golf-brands-marketing-agency/,Index after content threshold,Phase 3,paid social for golf brands,dtc-service-industry-sitemap.xml,Consultus campaign matrix pattern
https://www.consultusdigital.com/dtc-marketing-services/paid-search-shopping-for-golf-brands/,/dtc-marketing-services/paid-search-shopping-for-golf-brands/,DTC,Sports outdoor and hobby,Service × Industry Landing Page,Golf brands,Paid Search and Shopping,/dtc-industries/golf-brands-marketing-agency/,Index after content threshold,Phase 3,paid search and shopping for golf brands,dtc-service-industry-sitemap.xml,Consultus campaign matrix pattern
https://www.consultusdigital.com/dtc-marketing-services/seo-for-golf-brands/,/dtc-marketing-services/seo-for-golf-brands/,DTC,Sports outdoor and hobby,Service × Industry Landing Page,Golf brands,E-commerce SEO,/dtc-industries/golf-brands-marketing-agency/,Index after content threshold,Phase 3,e-commerce seo for golf brands,dtc-service-industry-sitemap.xml,Consultus campaign matrix pattern
https://www.consultusdigital.com/dtc-marketing-services/ai-search-for-golf-brands/,/dtc-marketing-services/ai-search-for-golf-brands/,DTC,Sports outdoor and hobby,Service × Industry Landing Page,Golf brands,"AEO, GEO and AI Search",/dtc-industries/golf-brands-marketing-agency/,Index after content threshold,Phase 3,"aeo, geo and ai search for golf brands",dtc-service-industry-sitemap.xml,Consultus campaign matrix pattern
https://www.consultusdigital.com/dtc-marketing-services/performance-creative-for-golf-brands/,/dtc-marketing-services/performance-creative-for-golf-brands/,DTC,Sports outdoor and hobby,Service × Industry Landing Page,Golf brands,Performance Creative,/dtc-industries/golf-brands-marketing-agency/,Index after content threshold,Phase 3,performance creative for golf brands,dtc-service-industry-sitemap.xml,Consultus campaign matrix pattern
https://www.consultusdigital.com/dtc-marketing-services/shopify-cro-for-golf-brands/,/dtc-marketing-services/shopify-cro-for-golf-brands/,DTC,Sports outdoor and hobby,Service × Industry Landing Page,Golf brands,Shopify Development and CRO,/dtc-industries/golf-brands-marketing-agency/,Index after content threshold,Phase 3,shopify development and cro for golf brands,dtc-service-industry-sitemap.xml,Consultus campaign matrix pattern
https://www.consultusdigital.com/dtc-marketing-services/email-sms-for-golf-brands/,/dtc-marketing-services/email-sms-for-golf-brands/,DTC,Sports outdoor and hobby,Service × Industry Landing Page,Golf brands,Email and SMS,/dtc-industries/golf-brands-marketing-agency/,Index after content threshold,Phase 3,email and sms for golf brands,dtc-service-industry-sitemap.xml,Consultus campaign matrix pattern
https://www.consultusdigital.com/dtc-marketing-services/analytics-for-golf-brands/,/dtc-marketing-services/analytics-for-golf-brands/,DTC,Sports outdoor and hobby,Service × Industry Landing Page,Golf brands,Analytics and Attribution,/dtc-industries/golf-brands-marketing-agency/,Index after content threshold,Phase 3,analytics and attribution for golf brands,dtc-service-industry-sitemap.xml,Consultus campaign matrix pattern
https://www.consultusdigital.com/dtc-marketing-services/marketplace-marketing-for-golf-brands/,/dtc-marketing-services/marketplace-marketing-for-golf-brands/,DTC,Sports outdoor and hobby,Service × Industry Landing Page,Golf brands,Marketplace Marketing,/dtc-industries/golf-brands-marketing-agency/,Index after content threshold,Phase 3,marketplace marketing for golf brands,dtc-service-industry-sitemap.xml,Consultus campaign matrix pattern
https://www.consultusdigital.com/dtc-industries/fishing-brands-marketing-agency/,/dtc-industries/fishing-brands-marketing-agency/,DTC,Sports outdoor and hobby,Industry Marketing Agency Page,Fishing brands,,/dtc-industries/sports-outdoor-and-hobby/,Index,Phase 2,fishing brands marketing agency,dtc-industry-agency-sitemap.xml,https://www.cardinaldigitalmarketing.com/healthcare-specialties/mental-healthcare-providers-agency/
https://www.consultusdigital.com/dtc-marketing-services/performance-marketing-for-fishing-brands/,/dtc-marketing-services/performance-marketing-for-fishing-brands/,DTC,Sports outdoor and hobby,Service × Industry Landing Page,Fishing brands,Performance Marketing Agency,/dtc-industries/fishing-brands-marketing-agency/,Index after content threshold,Phase 3,performance marketing agency for fishing brands,dtc-service-industry-sitemap.xml,Consultus campaign matrix pattern
https://www.consultusdigital.com/dtc-marketing-services/paid-social-for-fishing-brands/,/dtc-marketing-services/paid-social-for-fishing-brands/,DTC,Sports outdoor and hobby,Service × Industry Landing Page,Fishing brands,Paid Social,/dtc-industries/fishing-brands-marketing-agency/,Index after content threshold,Phase 3,paid social for fishing brands,dtc-service-industry-sitemap.xml,Consultus campaign matrix pattern
https://www.consultusdigital.com/dtc-marketing-services/paid-search-shopping-for-fishing-brands/,/dtc-marketing-services/paid-search-shopping-for-fishing-brands/,DTC,Sports outdoor and hobby,Service × Industry Landing Page,Fishing brands,Paid Search and Shopping,/dtc-industries/fishing-brands-marketing-agency/,Index after content threshold,Phase 3,paid search and shopping for fishing brands,dtc-service-industry-sitemap.xml,Consultus campaign matrix pattern
https://www.consultusdigital.com/dtc-marketing-services/seo-for-fishing-brands/,/dtc-marketing-services/seo-for-fishing-brands/,DTC,Sports outdoor and hobby,Service × Industry Landing Page,Fishing brands,E-commerce SEO,/dtc-industries/fishing-brands-marketing-agency/,Index after content threshold,Phase 3,e-commerce seo for fishing brands,dtc-service-industry-sitemap.xml,Consultus campaign matrix pattern
https://www.consultusdigital.com/dtc-marketing-services/ai-search-for-fishing-brands/,/dtc-marketing-services/ai-search-for-fishing-brands/,DTC,Sports outdoor and hobby,Service × Industry Landing Page,Fishing brands,"AEO, GEO and AI Search",/dtc-industries/fishing-brands-marketing-agency/,Index after content threshold,Phase 3,"aeo, geo and ai search for fishing brands",dtc-service-industry-sitemap.xml,Consultus campaign matrix pattern
https://www.consultusdigital.com/dtc-marketing-services/performance-creative-for-fishing-brands/,/dtc-marketing-services/performance-creative-for-fishing-brands/,DTC,Sports outdoor and hobby,Service × Industry Landing Page,Fishing brands,Performance Creative,/dtc-industries/fishing-brands-marketing-agency/,Index after content threshold,Phase 3,performance creative for fishing brands,dtc-service-industry-sitemap.xml,Consultus campaign matrix pattern
https://www.consultusdigital.com/dtc-marketing-services/shopify-cro-for-fishing-brands/,/dtc-marketing-services/shopify-cro-for-fishing-brands/,DTC,Sports outdoor and hobby,Service × Industry Landing Page,Fishing brands,Shopify Development and CRO,/dtc-industries/fishing-brands-marketing-agency/,Index after content threshold,Phase 3,shopify development and cro for fishing brands,dtc-service-industry-sitemap.xml,Consultus campaign matrix pattern
https://www.consultusdigital.com/dtc-marketing-services/email-sms-for-fishing-brands/,/dtc-marketing-services/email-sms-for-fishing-brands/,DTC,Sports outdoor and hobby,Service × Industry Landing Page,Fishing brands,Email and SMS,/dtc-industries/fishing-brands-marketing-agency/,Index after content threshold,Phase 3,email and sms for fishing brands,dtc-service-industry-sitemap.xml,Consultus campaign matrix pattern
https://www.consultusdigital.com/dtc-marketing-services/analytics-for-fishing-brands/,/dtc-marketing-services/analytics-for-fishing-brands/,DTC,Sports outdoor and hobby,Service × Industry Landing Page,Fishing brands,Analytics and Attribution,/dtc-industries/fishing-brands-marketing-agency/,Index after content threshold,Phase 3,analytics and attribution for fishing brands,dtc-service-industry-sitemap.xml,Consultus campaign matrix pattern
https://www.consultusdigital.com/dtc-marketing-services/marketplace-marketing-for-fishing-brands/,/dtc-marketing-services/marketplace-marketing-for-fishing-brands/,DTC,Sports outdoor and hobby,Service × Industry Landing Page,Fishing brands,Marketplace Marketing,/dtc-industries/fishing-brands-marketing-agency/,Index after content threshold,Phase 3,marketplace marketing for fishing brands,dtc-service-industry-sitemap.xml,Consultus campaign matrix pattern
https://www.consultusdigital.com/dtc-industries/hunting-accessory-brands-marketing-agency/,/dtc-industries/hunting-accessory-brands-marketing-agency/,DTC,Sports outdoor and hobby,Industry Marketing Agency Page,Hunting accessory brands,,/dtc-industries/sports-outdoor-and-hobby/,Index,Phase 2,hunting accessory brands marketing agency,dtc-industry-agency-sitemap.xml,https://www.cardinaldigitalmarketing.com/healthcare-specialties/mental-healthcare-providers-agency/
https://www.consultusdigital.com/dtc-marketing-services/performance-marketing-for-hunting-accessory-brands/,/dtc-marketing-services/performance-marketing-for-hunting-accessory-brands/,DTC,Sports outdoor and hobby,Service × Industry Landing Page,Hunting accessory brands,Performance Marketing Agency,/dtc-industries/hunting-accessory-brands-marketing-agency/,Index after content threshold,Phase 3,performance marketing agency for hunting accessory brands,dtc-service-industry-sitemap.xml,Consultus campaign matrix pattern
https://www.consultusdigital.com/dtc-marketing-services/paid-social-for-hunting-accessory-brands/,/dtc-marketing-services/paid-social-for-hunting-accessory-brands/,DTC,Sports outdoor and hobby,Service × Industry Landing Page,Hunting accessory brands,Paid Social,/dtc-industries/hunting-accessory-brands-marketing-agency/,Index after content threshold,Phase 3,paid social for hunting accessory brands,dtc-service-industry-sitemap.xml,Consultus campaign matrix pattern
https://www.consultusdigital.com/dtc-marketing-services/paid-search-shopping-for-hunting-accessory-brands/,/dtc-marketing-services/paid-search-shopping-for-hunting-accessory-brands/,DTC,Sports outdoor and hobby,Service × Industry Landing Page,Hunting accessory brands,Paid Search and Shopping,/dtc-industries/hunting-accessory-brands-marketing-agency/,Index after content threshold,Phase 3,paid search and shopping for hunting accessory brands,dtc-service-industry-sitemap.xml,Consultus campaign matrix pattern
https://www.consultusdigital.com/dtc-marketing-services/seo-for-hunting-accessory-brands/,/dtc-marketing-services/seo-for-hunting-accessory-brands/,DTC,Sports outdoor and hobby,Service × Industry Landing Page,Hunting accessory brands,E-commerce SEO,/dtc-industries/hunting-accessory-brands-marketing-agency/,Index after content threshold,Phase 3,e-commerce seo for hunting accessory brands,dtc-service-industry-sitemap.xml,Consultus campaign matrix pattern
https://www.consultusdigital.com/dtc-marketing-services/ai-search-for-hunting-accessory-brands/,/dtc-marketing-services/ai-search-for-hunting-accessory-brands/,DTC,Sports outdoor and hobby,Service × Industry Landing Page,Hunting accessory brands,"AEO, GEO and AI Search",/dtc-industries/hunting-accessory-brands-marketing-agency/,Index after content threshold,Phase 3,"aeo, geo and ai search for hunting accessory brands",dtc-service-industry-sitemap.xml,Consultus campaign matrix pattern
https://www.consultusdigital.com/dtc-marketing-services/performance-creative-for-hunting-accessory-brands/,/dtc-marketing-services/performance-creative-for-hunting-accessory-brands/,DTC,Sports outdoor and hobby,Service × Industry Landing Page,Hunting accessory brands,Performance Creative,/dtc-industries/hunting-accessory-brands-marketing-agency/,Index after content threshold,Phase 3,performance creative for hunting accessory brands,dtc-service-industry-sitemap.xml,Consultus campaign matrix pattern
https://www.consultusdigital.com/dtc-marketing-services/shopify-cro-for-hunting-accessory-brands/,/dtc-marketing-services/shopify-cro-for-hunting-accessory-brands/,DTC,Sports outdoor and hobby,Service × Industry Landing Page,Hunting accessory brands,Shopify Development and CRO,/dtc-industries/hunting-accessory-brands-marketing-agency/,Index after content threshold,Phase 3,shopify development and cro for hunting accessory brands,dtc-service-industry-sitemap.xml,Consultus campaign matrix pattern
https://www.consultusdigital.com/dtc-marketing-services/email-sms-for-hunting-accessory-brands/,/dtc-marketing-services/email-sms-for-hunting-accessory-brands/,DTC,Sports outdoor and hobby,Service × Industry Landing Page,Hunting accessory brands,Email and SMS,/dtc-industries/hunting-accessory-brands-marketing-agency/,Index after content threshold,Phase 3,email and sms for hunting accessory brands,dtc-service-industry-sitemap.xml,Consultus campaign matrix pattern
https://www.consultusdigital.com/dtc-marketing-services/analytics-for-hunting-accessory-brands/,/dtc-marketing-services/analytics-for-hunting-accessory-brands/,DTC,Sports outdoor and hobby,Service × Industry Landing Page,Hunting accessory brands,Analytics and Attribution,/dtc-industries/hunting-accessory-brands-marketing-agency/,Index after content threshold,Phase 3,analytics and attribution for hunting accessory brands,dtc-service-industry-sitemap.xml,Consultus campaign matrix pattern
https://www.consultusdigital.com/dtc-marketing-services/marketplace-marketing-for-hunting-accessory-brands/,/dtc-marketing-services/marketplace-marketing-for-hunting-accessory-brands/,DTC,Sports outdoor and hobby,Service × Industry Landing Page,Hunting accessory brands,Marketplace Marketing,/dtc-industries/hunting-accessory-brands-marketing-agency/,Index after content threshold,Phase 3,marketplace marketing for hunting accessory brands,dtc-service-industry-sitemap.xml,Consultus campaign matrix pattern
https://www.consultusdigital.com/dtc-industries/motorcycle-accessory-brands-marketing-agency/,/dtc-industries/motorcycle-accessory-brands-marketing-agency/,DTC,Sports outdoor and hobby,Industry Marketing Agency Page,Motorcycle accessory brands,,/dtc-industries/sports-outdoor-and-hobby/,Index,Phase 2,motorcycle accessory brands marketing agency,dtc-industry-agency-sitemap.xml,https://www.cardinaldigitalmarketing.com/healthcare-specialties/mental-healthcare-providers-agency/
https://www.consultusdigital.com/dtc-marketing-services/performance-marketing-for-motorcycle-accessory-brands/,/dtc-marketing-services/performance-marketing-for-motorcycle-accessory-brands/,DTC,Sports outdoor and hobby,Service × Industry Landing Page,Motorcycle accessory brands,Performance Marketing Agency,/dtc-industries/motorcycle-accessory-brands-marketing-agency/,Index after content threshold,Phase 3,performance marketing agency for motorcycle accessory brands,dtc-service-industry-sitemap.xml,Consultus campaign matrix pattern
https://www.consultusdigital.com/dtc-marketing-services/paid-social-for-motorcycle-accessory-brands/,/dtc-marketing-services/paid-social-for-motorcycle-accessory-brands/,DTC,Sports outdoor and hobby,Service × Industry Landing Page,Motorcycle accessory brands,Paid Social,/dtc-industries/motorcycle-accessory-brands-marketing-agency/,Index after content threshold,Phase 3,paid social for motorcycle accessory brands,dtc-service-industry-sitemap.xml,Consultus campaign matrix pattern
https://www.consultusdigital.com/dtc-marketing-services/paid-search-shopping-for-motorcycle-accessory-brands/,/dtc-marketing-services/paid-search-shopping-for-motorcycle-accessory-brands/,DTC,Sports outdoor and hobby,Service × Industry Landing Page,Motorcycle accessory brands,Paid Search and Shopping,/dtc-industries/motorcycle-accessory-brands-marketing-agency/,Index after content threshold,Phase 3,paid search and shopping for motorcycle accessory brands,dtc-service-industry-sitemap.xml,Consultus campaign matrix pattern
https://www.consultusdigital.com/dtc-marketing-services/seo-for-motorcycle-accessory-brands/,/dtc-marketing-services/seo-for-motorcycle-accessory-brands/,DTC,Sports outdoor and hobby,Service × Industry Landing Page,Motorcycle accessory brands,E-commerce SEO,/dtc-industries/motorcycle-accessory-brands-marketing-agency/,Index after content threshold,Phase 3,e-commerce seo for motorcycle accessory brands,dtc-service-industry-sitemap.xml,Consultus campaign matrix pattern
https://www.consultusdigital.com/dtc-marketing-services/ai-search-for-motorcycle-accessory-brands/,/dtc-marketing-services/ai-search-for-motorcycle-accessory-brands/,DTC,Sports outdoor and hobby,Service × Industry Landing Page,Motorcycle accessory brands,"AEO, GEO and AI Search",/dtc-industries/motorcycle-accessory-brands-marketing-agency/,Index after content threshold,Phase 3,"aeo, geo and ai search for motorcycle accessory brands",dtc-service-industry-sitemap.xml,Consultus campaign matrix pattern
https://www.consultusdigital.com/dtc-marketing-services/performance-creative-for-motorcycle-accessory-brands/,/dtc-marketing-services/performance-creative-for-motorcycle-accessory-brands/,DTC,Sports outdoor and hobby,Service × Industry Landing Page,Motorcycle accessory brands,Performance Creative,/dtc-industries/motorcycle-accessory-brands-marketing-agency/,Index after content threshold,Phase 3,performance creative for motorcycle accessory brands,dtc-service-industry-sitemap.xml,Consultus campaign matrix pattern
https://www.consultusdigital.com/dtc-marketing-services/shopify-cro-for-motorcycle-accessory-brands/,/dtc-marketing-services/shopify-cro-for-motorcycle-accessory-brands/,DTC,Sports outdoor and hobby,Service × Industry Landing Page,Motorcycle accessory brands,Shopify Development and CRO,/dtc-industries/motorcycle-accessory-brands-marketing-agency/,Index after content threshold,Phase 3,shopify development and cro for motorcycle accessory brands,dtc-service-industry-sitemap.xml,Consultus campaign matrix pattern
https://www.consultusdigital.com/dtc-marketing-services/email-sms-for-motorcycle-accessory-brands/,/dtc-marketing-services/email-sms-for-motorcycle-accessory-brands/,DTC,Sports outdoor and hobby,Service × Industry Landing Page,Motorcycle accessory brands,Email and SMS,/dtc-industries/motorcycle-accessory-brands-marketing-agency/,Index after content threshold,Phase 3,email and sms for motorcycle accessory brands,dtc-service-industry-sitemap.xml,Consultus campaign matrix pattern
https://www.consultusdigital.com/dtc-marketing-services/analytics-for-motorcycle-accessory-brands/,/dtc-marketing-services/analytics-for-motorcycle-accessory-brands/,DTC,Sports outdoor and hobby,Service × Industry Landing Page,Motorcycle accessory brands,Analytics and Attribution,/dtc-industries/motorcycle-accessory-brands-marketing-agency/,Index after content threshold,Phase 3,analytics and attribution for motorcycle accessory brands,dtc-service-industry-sitemap.xml,Consultus campaign matrix pattern
https://www.consultusdigital.com/dtc-marketing-services/marketplace-marketing-for-motorcycle-accessory-brands/,/dtc-marketing-services/marketplace-marketing-for-motorcycle-accessory-brands/,DTC,Sports outdoor and hobby,Service × Industry Landing Page,Motorcycle accessory brands,Marketplace Marketing,/dtc-industries/motorcycle-accessory-brands-marketing-agency/,Index after content threshold,Phase 3,marketplace marketing for motorcycle accessory brands,dtc-service-industry-sitemap.xml,Consultus campaign matrix pattern
https://www.consultusdigital.com/dtc-industries/automotive-accessory-brands-marketing-agency/,/dtc-industries/automotive-accessory-brands-marketing-agency/,DTC,Sports outdoor and hobby,Industry Marketing Agency Page,Automotive accessory brands,,/dtc-industries/sports-outdoor-and-hobby/,Index,Phase 2,automotive accessory brands marketing agency,dtc-industry-agency-sitemap.xml,https://www.cardinaldigitalmarketing.com/healthcare-specialties/mental-healthcare-providers-agency/
https://www.consultusdigital.com/dtc-marketing-services/performance-marketing-for-automotive-accessory-brands/,/dtc-marketing-services/performance-marketing-for-automotive-accessory-brands/,DTC,Sports outdoor and hobby,Service × Industry Landing Page,Automotive accessory brands,Performance Marketing Agency,/dtc-industries/automotive-accessory-brands-marketing-agency/,Index after content threshold,Phase 3,performance marketing agency for automotive accessory brands,dtc-service-industry-sitemap.xml,Consultus campaign matrix pattern
https://www.consultusdigital.com/dtc-marketing-services/paid-social-for-automotive-accessory-brands/,/dtc-marketing-services/paid-social-for-automotive-accessory-brands/,DTC,Sports outdoor and hobby,Service × Industry Landing Page,Automotive accessory brands,Paid Social,/dtc-industries/automotive-accessory-brands-marketing-agency/,Index after content threshold,Phase 3,paid social for automotive accessory brands,dtc-service-industry-sitemap.xml,Consultus campaign matrix pattern
https://www.consultusdigital.com/dtc-marketing-services/paid-search-shopping-for-automotive-accessory-brands/,/dtc-marketing-services/paid-search-shopping-for-automotive-accessory-brands/,DTC,Sports outdoor and hobby,Service × Industry Landing Page,Automotive accessory brands,Paid Search and Shopping,/dtc-industries/automotive-accessory-brands-marketing-agency/,Index after content threshold,Phase 3,paid search and shopping for automotive accessory brands,dtc-service-industry-sitemap.xml,Consultus campaign matrix pattern
https://www.consultusdigital.com/dtc-marketing-services/seo-for-automotive-accessory-brands/,/dtc-marketing-services/seo-for-automotive-accessory-brands/,DTC,Sports outdoor and hobby,Service × Industry Landing Page,Automotive accessory brands,E-commerce SEO,/dtc-industries/automotive-accessory-brands-marketing-agency/,Index after content threshold,Phase 3,e-commerce seo for automotive accessory brands,dtc-service-industry-sitemap.xml,Consultus campaign matrix pattern
https://www.consultusdigital.com/dtc-marketing-services/ai-search-for-automotive-accessory-brands/,/dtc-marketing-services/ai-search-for-automotive-accessory-brands/,DTC,Sports outdoor and hobby,Service × Industry Landing Page,Automotive accessory brands,"AEO, GEO and AI Search",/dtc-industries/automotive-accessory-brands-marketing-agency/,Index after content threshold,Phase 3,"aeo, geo and ai search for automotive accessory brands",dtc-service-industry-sitemap.xml,Consultus campaign matrix pattern
https://www.consultusdigital.com/dtc-marketing-services/performance-creative-for-automotive-accessory-brands/,/dtc-marketing-services/performance-creative-for-automotive-accessory-brands/,DTC,Sports outdoor and hobby,Service × Industry Landing Page,Automotive accessory brands,Performance Creative,/dtc-industries/automotive-accessory-brands-marketing-agency/,Index after content threshold,Phase 3,performance creative for automotive accessory brands,dtc-service-industry-sitemap.xml,Consultus campaign matrix pattern
https://www.consultusdigital.com/dtc-marketing-services/shopify-cro-for-automotive-accessory-brands/,/dtc-marketing-services/shopify-cro-for-automotive-accessory-brands/,DTC,Sports outdoor and hobby,Service × Industry Landing Page,Automotive accessory brands,Shopify Development and CRO,/dtc-industries/automotive-accessory-brands-marketing-agency/,Index after content threshold,Phase 3,shopify development and cro for automotive accessory brands,dtc-service-industry-sitemap.xml,Consultus campaign matrix pattern
https://www.consultusdigital.com/dtc-marketing-services/email-sms-for-automotive-accessory-brands/,/dtc-marketing-services/email-sms-for-automotive-accessory-brands/,DTC,Sports outdoor and hobby,Service × Industry Landing Page,Automotive accessory brands,Email and SMS,/dtc-industries/automotive-accessory-brands-marketing-agency/,Index after content threshold,Phase 3,email and sms for automotive accessory brands,dtc-service-industry-sitemap.xml,Consultus campaign matrix pattern
https://www.consultusdigital.com/dtc-marketing-services/analytics-for-automotive-accessory-brands/,/dtc-marketing-services/analytics-for-automotive-accessory-brands/,DTC,Sports outdoor and hobby,Service × Industry Landing Page,Automotive accessory brands,Analytics and Attribution,/dtc-industries/automotive-accessory-brands-marketing-agency/,Index after content threshold,Phase 3,analytics and attribution for automotive accessory brands,dtc-service-industry-sitemap.xml,Consultus campaign matrix pattern
https://www.consultusdigital.com/dtc-marketing-services/marketplace-marketing-for-automotive-accessory-brands/,/dtc-marketing-services/marketplace-marketing-for-automotive-accessory-brands/,DTC,Sports outdoor and hobby,Service × Industry Landing Page,Automotive accessory brands,Marketplace Marketing,/dtc-industries/automotive-accessory-brands-marketing-agency/,Index after content threshold,Phase 3,marketplace marketing for automotive accessory brands,dtc-service-industry-sitemap.xml,Consultus campaign matrix pattern
https://www.consultusdigital.com/dtc-industries/arts-and-crafts-brands-marketing-agency/,/dtc-industries/arts-and-crafts-brands-marketing-agency/,DTC,Sports outdoor and hobby,Industry Marketing Agency Page,Arts and crafts brands,,/dtc-industries/sports-outdoor-and-hobby/,Index,Phase 2,arts and crafts brands marketing agency,dtc-industry-agency-sitemap.xml,https://www.cardinaldigitalmarketing.com/healthcare-specialties/mental-healthcare-providers-agency/
https://www.consultusdigital.com/dtc-marketing-services/performance-marketing-for-arts-and-crafts-brands/,/dtc-marketing-services/performance-marketing-for-arts-and-crafts-brands/,DTC,Sports outdoor and hobby,Service × Industry Landing Page,Arts and crafts brands,Performance Marketing Agency,/dtc-industries/arts-and-crafts-brands-marketing-agency/,Index after content threshold,Phase 3,performance marketing agency for arts and crafts brands,dtc-service-industry-sitemap.xml,Consultus campaign matrix pattern
https://www.consultusdigital.com/dtc-marketing-services/paid-social-for-arts-and-crafts-brands/,/dtc-marketing-services/paid-social-for-arts-and-crafts-brands/,DTC,Sports outdoor and hobby,Service × Industry Landing Page,Arts and crafts brands,Paid Social,/dtc-industries/arts-and-crafts-brands-marketing-agency/,Index after content threshold,Phase 3,paid social for arts and crafts brands,dtc-service-industry-sitemap.xml,Consultus campaign matrix pattern
https://www.consultusdigital.com/dtc-marketing-services/paid-search-shopping-for-arts-and-crafts-brands/,/dtc-marketing-services/paid-search-shopping-for-arts-and-crafts-brands/,DTC,Sports outdoor and hobby,Service × Industry Landing Page,Arts and crafts brands,Paid Search and Shopping,/dtc-industries/arts-and-crafts-brands-marketing-agency/,Index after content threshold,Phase 3,paid search and shopping for arts and crafts brands,dtc-service-industry-sitemap.xml,Consultus campaign matrix pattern
https://www.consultusdigital.com/dtc-marketing-services/seo-for-arts-and-crafts-brands/,/dtc-marketing-services/seo-for-arts-and-crafts-brands/,DTC,Sports outdoor and hobby,Service × Industry Landing Page,Arts and crafts brands,E-commerce SEO,/dtc-industries/arts-and-crafts-brands-marketing-agency/,Index after content threshold,Phase 3,e-commerce seo for arts and crafts brands,dtc-service-industry-sitemap.xml,Consultus campaign matrix pattern
https://www.consultusdigital.com/dtc-marketing-services/ai-search-for-arts-and-crafts-brands/,/dtc-marketing-services/ai-search-for-arts-and-crafts-brands/,DTC,Sports outdoor and hobby,Service × Industry Landing Page,Arts and crafts brands,"AEO, GEO and AI Search",/dtc-industries/arts-and-crafts-brands-marketing-agency/,Index after content threshold,Phase 3,"aeo, geo and ai search for arts and crafts brands",dtc-service-industry-sitemap.xml,Consultus campaign matrix pattern
https://www.consultusdigital.com/dtc-marketing-services/performance-creative-for-arts-and-crafts-brands/,/dtc-marketing-services/performance-creative-for-arts-and-crafts-brands/,DTC,Sports outdoor and hobby,Service × Industry Landing Page,Arts and crafts brands,Performance Creative,/dtc-industries/arts-and-crafts-brands-marketing-agency/,Index after content threshold,Phase 3,performance creative for arts and crafts brands,dtc-service-industry-sitemap.xml,Consultus campaign matrix pattern
https://www.consultusdigital.com/dtc-marketing-services/shopify-cro-for-arts-and-crafts-brands/,/dtc-marketing-services/shopify-cro-for-arts-and-crafts-brands/,DTC,Sports outdoor and hobby,Service × Industry Landing Page,Arts and crafts brands,Shopify Development and CRO,/dtc-industries/arts-and-crafts-brands-marketing-agency/,Index after content threshold,Phase 3,shopify development and cro for arts and crafts brands,dtc-service-industry-sitemap.xml,Consultus campaign matrix pattern
https://www.consultusdigital.com/dtc-marketing-services/email-sms-for-arts-and-crafts-brands/,/dtc-marketing-services/email-sms-for-arts-and-crafts-brands/,DTC,Sports outdoor and hobby,Service × Industry Landing Page,Arts and crafts brands,Email and SMS,/dtc-industries/arts-and-crafts-brands-marketing-agency/,Index after content threshold,Phase 3,email and sms for arts and crafts brands,dtc-service-industry-sitemap.xml,Consultus campaign matrix pattern
https://www.consultusdigital.com/dtc-marketing-services/analytics-for-arts-and-crafts-brands/,/dtc-marketing-services/analytics-for-arts-and-crafts-brands/,DTC,Sports outdoor and hobby,Service × Industry Landing Page,Arts and crafts brands,Analytics and Attribution,/dtc-industries/arts-and-crafts-brands-marketing-agency/,Index after content threshold,Phase 3,analytics and attribution for arts and crafts brands,dtc-service-industry-sitemap.xml,Consultus campaign matrix pattern
https://www.consultusdigital.com/dtc-marketing-services/marketplace-marketing-for-arts-and-crafts-brands/,/dtc-marketing-services/marketplace-marketing-for-arts-and-crafts-brands/,DTC,Sports outdoor and hobby,Service × Industry Landing Page,Arts and crafts brands,Marketplace Marketing,/dtc-industries/arts-and-crafts-brands-marketing-agency/,Index after content threshold,Phase 3,marketplace marketing for arts and crafts brands,dtc-service-industry-sitemap.xml,Consultus campaign matrix pattern
https://www.consultusdigital.com/dtc-industries/collectibles-brands-marketing-agency/,/dtc-industries/collectibles-brands-marketing-agency/,DTC,Sports outdoor and hobby,Industry Marketing Agency Page,Collectibles brands,,/dtc-industries/sports-outdoor-and-hobby/,Index,Phase 2,collectibles brands marketing agency,dtc-industry-agency-sitemap.xml,https://www.cardinaldigitalmarketing.com/healthcare-specialties/mental-healthcare-providers-agency/
https://www.consultusdigital.com/dtc-marketing-services/performance-marketing-for-collectibles-brands/,/dtc-marketing-services/performance-marketing-for-collectibles-brands/,DTC,Sports outdoor and hobby,Service × Industry Landing Page,Collectibles brands,Performance Marketing Agency,/dtc-industries/collectibles-brands-marketing-agency/,Index after content threshold,Phase 3,performance marketing agency for collectibles brands,dtc-service-industry-sitemap.xml,Consultus campaign matrix pattern
https://www.consultusdigital.com/dtc-marketing-services/paid-social-for-collectibles-brands/,/dtc-marketing-services/paid-social-for-collectibles-brands/,DTC,Sports outdoor and hobby,Service × Industry Landing Page,Collectibles brands,Paid Social,/dtc-industries/collectibles-brands-marketing-agency/,Index after content threshold,Phase 3,paid social for collectibles brands,dtc-service-industry-sitemap.xml,Consultus campaign matrix pattern
https://www.consultusdigital.com/dtc-marketing-services/paid-search-shopping-for-collectibles-brands/,/dtc-marketing-services/paid-search-shopping-for-collectibles-brands/,DTC,Sports outdoor and hobby,Service × Industry Landing Page,Collectibles brands,Paid Search and Shopping,/dtc-industries/collectibles-brands-marketing-agency/,Index after content threshold,Phase 3,paid search and shopping for collectibles brands,dtc-service-industry-sitemap.xml,Consultus campaign matrix pattern
https://www.consultusdigital.com/dtc-marketing-services/seo-for-collectibles-brands/,/dtc-marketing-services/seo-for-collectibles-brands/,DTC,Sports outdoor and hobby,Service × Industry Landing Page,Collectibles brands,E-commerce SEO,/dtc-industries/collectibles-brands-marketing-agency/,Index after content threshold,Phase 3,e-commerce seo for collectibles brands,dtc-service-industry-sitemap.xml,Consultus campaign matrix pattern
https://www.consultusdigital.com/dtc-marketing-services/ai-search-for-collectibles-brands/,/dtc-marketing-services/ai-search-for-collectibles-brands/,DTC,Sports outdoor and hobby,Service × Industry Landing Page,Collectibles brands,"AEO, GEO and AI Search",/dtc-industries/collectibles-brands-marketing-agency/,Index after content threshold,Phase 3,"aeo, geo and ai search for collectibles brands",dtc-service-industry-sitemap.xml,Consultus campaign matrix pattern
https://www.consultusdigital.com/dtc-marketing-services/performance-creative-for-collectibles-brands/,/dtc-marketing-services/performance-creative-for-collectibles-brands/,DTC,Sports outdoor and hobby,Service × Industry Landing Page,Collectibles brands,Performance Creative,/dtc-industries/collectibles-brands-marketing-agency/,Index after content threshold,Phase 3,performance creative for collectibles brands,dtc-service-industry-sitemap.xml,Consultus campaign matrix pattern
https://www.consultusdigital.com/dtc-marketing-services/shopify-cro-for-collectibles-brands/,/dtc-marketing-services/shopify-cro-for-collectibles-brands/,DTC,Sports outdoor and hobby,Service × Industry Landing Page,Collectibles brands,Shopify Development and CRO,/dtc-industries/collectibles-brands-marketing-agency/,Index after content threshold,Phase 3,shopify development and cro for collectibles brands,dtc-service-industry-sitemap.xml,Consultus campaign matrix pattern
https://www.consultusdigital.com/dtc-marketing-services/email-sms-for-collectibles-brands/,/dtc-marketing-services/email-sms-for-collectibles-brands/,DTC,Sports outdoor and hobby,Service × Industry Landing Page,Collectibles brands,Email and SMS,/dtc-industries/collectibles-brands-marketing-agency/,Index after content threshold,Phase 3,email and sms for collectibles brands,dtc-service-industry-sitemap.xml,Consultus campaign matrix pattern
https://www.consultusdigital.com/dtc-marketing-services/analytics-for-collectibles-brands/,/dtc-marketing-services/analytics-for-collectibles-brands/,DTC,Sports outdoor and hobby,Service × Industry Landing Page,Collectibles brands,Analytics and Attribution,/dtc-industries/collectibles-brands-marketing-agency/,Index after content threshold,Phase 3,analytics and attribution for collectibles brands,dtc-service-industry-sitemap.xml,Consultus campaign matrix pattern
https://www.consultusdigital.com/dtc-marketing-services/marketplace-marketing-for-collectibles-brands/,/dtc-marketing-services/marketplace-marketing-for-collectibles-brands/,DTC,Sports outdoor and hobby,Service × Industry Landing Page,Collectibles brands,Marketplace Marketing,/dtc-industries/collectibles-brands-marketing-agency/,Index after content threshold,Phase 3,marketplace marketing for collectibles brands,dtc-service-industry-sitemap.xml,Consultus campaign matrix pattern
https://www.consultusdigital.com/dtc-industries/commerce-models/,/dtc-industries/commerce-models/,DTC,Commerce models,Sector Hub,Commerce models,,/dtc-industries/,Index,Phase 1,commerce models marketing agency,dtc-industry-agency-sitemap.xml,https://www.cardinaldigitalmarketing.com/healthcare-specialties/mental-healthcare-providers-agency/
https://www.consultusdigital.com/dtc-industries/shopify-brands-marketing-agency/,/dtc-industries/shopify-brands-marketing-agency/,DTC,Commerce models,Industry Marketing Agency Page,Shopify brands,,/dtc-industries/commerce-models/,Index,Phase 2,shopify brands marketing agency,dtc-industry-agency-sitemap.xml,https://www.cardinaldigitalmarketing.com/healthcare-specialties/mental-healthcare-providers-agency/
https://www.consultusdigital.com/dtc-marketing-services/performance-marketing-for-shopify-brands/,/dtc-marketing-services/performance-marketing-for-shopify-brands/,DTC,Commerce models,Service × Industry Landing Page,Shopify brands,Performance Marketing Agency,/dtc-industries/shopify-brands-marketing-agency/,Index after content threshold,Phase 3,performance marketing agency for shopify brands,dtc-service-industry-sitemap.xml,Consultus campaign matrix pattern
https://www.consultusdigital.com/dtc-marketing-services/paid-social-for-shopify-brands/,/dtc-marketing-services/paid-social-for-shopify-brands/,DTC,Commerce models,Service × Industry Landing Page,Shopify brands,Paid Social,/dtc-industries/shopify-brands-marketing-agency/,Index after content threshold,Phase 3,paid social for shopify brands,dtc-service-industry-sitemap.xml,Consultus campaign matrix pattern
https://www.consultusdigital.com/dtc-marketing-services/paid-search-shopping-for-shopify-brands/,/dtc-marketing-services/paid-search-shopping-for-shopify-brands/,DTC,Commerce models,Service × Industry Landing Page,Shopify brands,Paid Search and Shopping,/dtc-industries/shopify-brands-marketing-agency/,Index after content threshold,Phase 3,paid search and shopping for shopify brands,dtc-service-industry-sitemap.xml,Consultus campaign matrix pattern
https://www.consultusdigital.com/dtc-marketing-services/seo-for-shopify-brands/,/dtc-marketing-services/seo-for-shopify-brands/,DTC,Commerce models,Service × Industry Landing Page,Shopify brands,E-commerce SEO,/dtc-industries/shopify-brands-marketing-agency/,Index after content threshold,Phase 3,e-commerce seo for shopify brands,dtc-service-industry-sitemap.xml,Consultus campaign matrix pattern
https://www.consultusdigital.com/dtc-marketing-services/ai-search-for-shopify-brands/,/dtc-marketing-services/ai-search-for-shopify-brands/,DTC,Commerce models,Service × Industry Landing Page,Shopify brands,"AEO, GEO and AI Search",/dtc-industries/shopify-brands-marketing-agency/,Index after content threshold,Phase 3,"aeo, geo and ai search for shopify brands",dtc-service-industry-sitemap.xml,Consultus campaign matrix pattern
https://www.consultusdigital.com/dtc-marketing-services/performance-creative-for-shopify-brands/,/dtc-marketing-services/performance-creative-for-shopify-brands/,DTC,Commerce models,Service × Industry Landing Page,Shopify brands,Performance Creative,/dtc-industries/shopify-brands-marketing-agency/,Index after content threshold,Phase 3,performance creative for shopify brands,dtc-service-industry-sitemap.xml,Consultus campaign matrix pattern
https://www.consultusdigital.com/dtc-marketing-services/shopify-cro-for-shopify-brands/,/dtc-marketing-services/shopify-cro-for-shopify-brands/,DTC,Commerce models,Service × Industry Landing Page,Shopify brands,Shopify Development and CRO,/dtc-industries/shopify-brands-marketing-agency/,Index after content threshold,Phase 3,shopify development and cro for shopify brands,dtc-service-industry-sitemap.xml,Consultus campaign matrix pattern
https://www.consultusdigital.com/dtc-marketing-services/email-sms-for-shopify-brands/,/dtc-marketing-services/email-sms-for-shopify-brands/,DTC,Commerce models,Service × Industry Landing Page,Shopify brands,Email and SMS,/dtc-industries/shopify-brands-marketing-agency/,Index after content threshold,Phase 3,email and sms for shopify brands,dtc-service-industry-sitemap.xml,Consultus campaign matrix pattern
https://www.consultusdigital.com/dtc-marketing-services/analytics-for-shopify-brands/,/dtc-marketing-services/analytics-for-shopify-brands/,DTC,Commerce models,Service × Industry Landing Page,Shopify brands,Analytics and Attribution,/dtc-industries/shopify-brands-marketing-agency/,Index after content threshold,Phase 3,analytics and attribution for shopify brands,dtc-service-industry-sitemap.xml,Consultus campaign matrix pattern
https://www.consultusdigital.com/dtc-marketing-services/marketplace-marketing-for-shopify-brands/,/dtc-marketing-services/marketplace-marketing-for-shopify-brands/,DTC,Commerce models,Service × Industry Landing Page,Shopify brands,Marketplace Marketing,/dtc-industries/shopify-brands-marketing-agency/,Index after content threshold,Phase 3,marketplace marketing for shopify brands,dtc-service-industry-sitemap.xml,Consultus campaign matrix pattern
https://www.consultusdigital.com/dtc-industries/amazon-brands-marketing-agency/,/dtc-industries/amazon-brands-marketing-agency/,DTC,Commerce models,Industry Marketing Agency Page,Amazon brands,,/dtc-industries/commerce-models/,Index,Phase 2,amazon brands marketing agency,dtc-industry-agency-sitemap.xml,https://www.cardinaldigitalmarketing.com/healthcare-specialties/mental-healthcare-providers-agency/
https://www.consultusdigital.com/dtc-marketing-services/performance-marketing-for-amazon-brands/,/dtc-marketing-services/performance-marketing-for-amazon-brands/,DTC,Commerce models,Service × Industry Landing Page,Amazon brands,Performance Marketing Agency,/dtc-industries/amazon-brands-marketing-agency/,Index after content threshold,Phase 3,performance marketing agency for amazon brands,dtc-service-industry-sitemap.xml,Consultus campaign matrix pattern
https://www.consultusdigital.com/dtc-marketing-services/paid-social-for-amazon-brands/,/dtc-marketing-services/paid-social-for-amazon-brands/,DTC,Commerce models,Service × Industry Landing Page,Amazon brands,Paid Social,/dtc-industries/amazon-brands-marketing-agency/,Index after content threshold,Phase 3,paid social for amazon brands,dtc-service-industry-sitemap.xml,Consultus campaign matrix pattern
https://www.consultusdigital.com/dtc-marketing-services/paid-search-shopping-for-amazon-brands/,/dtc-marketing-services/paid-search-shopping-for-amazon-brands/,DTC,Commerce models,Service × Industry Landing Page,Amazon brands,Paid Search and Shopping,/dtc-industries/amazon-brands-marketing-agency/,Index after content threshold,Phase 3,paid search and shopping for amazon brands,dtc-service-industry-sitemap.xml,Consultus campaign matrix pattern
https://www.consultusdigital.com/dtc-marketing-services/seo-for-amazon-brands/,/dtc-marketing-services/seo-for-amazon-brands/,DTC,Commerce models,Service × Industry Landing Page,Amazon brands,E-commerce SEO,/dtc-industries/amazon-brands-marketing-agency/,Index after content threshold,Phase 3,e-commerce seo for amazon brands,dtc-service-industry-sitemap.xml,Consultus campaign matrix pattern
https://www.consultusdigital.com/dtc-marketing-services/ai-search-for-amazon-brands/,/dtc-marketing-services/ai-search-for-amazon-brands/,DTC,Commerce models,Service × Industry Landing Page,Amazon brands,"AEO, GEO and AI Search",/dtc-industries/amazon-brands-marketing-agency/,Index after content threshold,Phase 3,"aeo, geo and ai search for amazon brands",dtc-service-industry-sitemap.xml,Consultus campaign matrix pattern
https://www.consultusdigital.com/dtc-marketing-services/performance-creative-for-amazon-brands/,/dtc-marketing-services/performance-creative-for-amazon-brands/,DTC,Commerce models,Service × Industry Landing Page,Amazon brands,Performance Creative,/dtc-industries/amazon-brands-marketing-agency/,Index after content threshold,Phase 3,performance creative for amazon brands,dtc-service-industry-sitemap.xml,Consultus campaign matrix pattern
https://www.consultusdigital.com/dtc-marketing-services/shopify-cro-for-amazon-brands/,/dtc-marketing-services/shopify-cro-for-amazon-brands/,DTC,Commerce models,Service × Industry Landing Page,Amazon brands,Shopify Development and CRO,/dtc-industries/amazon-brands-marketing-agency/,Index after content threshold,Phase 3,shopify development and cro for amazon brands,dtc-service-industry-sitemap.xml,Consultus campaign matrix pattern
https://www.consultusdigital.com/dtc-marketing-services/email-sms-for-amazon-brands/,/dtc-marketing-services/email-sms-for-amazon-brands/,DTC,Commerce models,Service × Industry Landing Page,Amazon brands,Email and SMS,/dtc-industries/amazon-brands-marketing-agency/,Index after content threshold,Phase 3,email and sms for amazon brands,dtc-service-industry-sitemap.xml,Consultus campaign matrix pattern
https://www.consultusdigital.com/dtc-marketing-services/analytics-for-amazon-brands/,/dtc-marketing-services/analytics-for-amazon-brands/,DTC,Commerce models,Service × Industry Landing Page,Amazon brands,Analytics and Attribution,/dtc-industries/amazon-brands-marketing-agency/,Index after content threshold,Phase 3,analytics and attribution for amazon brands,dtc-service-industry-sitemap.xml,Consultus campaign matrix pattern
https://www.consultusdigital.com/dtc-marketing-services/marketplace-marketing-for-amazon-brands/,/dtc-marketing-services/marketplace-marketing-for-amazon-brands/,DTC,Commerce models,Service × Industry Landing Page,Amazon brands,Marketplace Marketing,/dtc-industries/amazon-brands-marketing-agency/,Index after content threshold,Phase 3,marketplace marketing for amazon brands,dtc-service-industry-sitemap.xml,Consultus campaign matrix pattern
https://www.consultusdigital.com/dtc-industries/subscription-brands-marketing-agency/,/dtc-industries/subscription-brands-marketing-agency/,DTC,Commerce models,Industry Marketing Agency Page,Subscription brands,,/dtc-industries/commerce-models/,Index,Phase 2,subscription brands marketing agency,dtc-industry-agency-sitemap.xml,https://www.cardinaldigitalmarketing.com/healthcare-specialties/mental-healthcare-providers-agency/
https://www.consultusdigital.com/dtc-marketing-services/performance-marketing-for-subscription-brands/,/dtc-marketing-services/performance-marketing-for-subscription-brands/,DTC,Commerce models,Service × Industry Landing Page,Subscription brands,Performance Marketing Agency,/dtc-industries/subscription-brands-marketing-agency/,Index after content threshold,Phase 3,performance marketing agency for subscription brands,dtc-service-industry-sitemap.xml,Consultus campaign matrix pattern
https://www.consultusdigital.com/dtc-marketing-services/paid-social-for-subscription-brands/,/dtc-marketing-services/paid-social-for-subscription-brands/,DTC,Commerce models,Service × Industry Landing Page,Subscription brands,Paid Social,/dtc-industries/subscription-brands-marketing-agency/,Index after content threshold,Phase 3,paid social for subscription brands,dtc-service-industry-sitemap.xml,Consultus campaign matrix pattern
https://www.consultusdigital.com/dtc-marketing-services/paid-search-shopping-for-subscription-brands/,/dtc-marketing-services/paid-search-shopping-for-subscription-brands/,DTC,Commerce models,Service × Industry Landing Page,Subscription brands,Paid Search and Shopping,/dtc-industries/subscription-brands-marketing-agency/,Index after content threshold,Phase 3,paid search and shopping for subscription brands,dtc-service-industry-sitemap.xml,Consultus campaign matrix pattern
https://www.consultusdigital.com/dtc-marketing-services/seo-for-subscription-brands/,/dtc-marketing-services/seo-for-subscription-brands/,DTC,Commerce models,Service × Industry Landing Page,Subscription brands,E-commerce SEO,/dtc-industries/subscription-brands-marketing-agency/,Index after content threshold,Phase 3,e-commerce seo for subscription brands,dtc-service-industry-sitemap.xml,Consultus campaign matrix pattern
https://www.consultusdigital.com/dtc-marketing-services/ai-search-for-subscription-brands/,/dtc-marketing-services/ai-search-for-subscription-brands/,DTC,Commerce models,Service × Industry Landing Page,Subscription brands,"AEO, GEO and AI Search",/dtc-industries/subscription-brands-marketing-agency/,Index after content threshold,Phase 3,"aeo, geo and ai search for subscription brands",dtc-service-industry-sitemap.xml,Consultus campaign matrix pattern
https://www.consultusdigital.com/dtc-marketing-services/performance-creative-for-subscription-brands/,/dtc-marketing-services/performance-creative-for-subscription-brands/,DTC,Commerce models,Service × Industry Landing Page,Subscription brands,Performance Creative,/dtc-industries/subscription-brands-marketing-agency/,Index after content threshold,Phase 3,performance creative for subscription brands,dtc-service-industry-sitemap.xml,Consultus campaign matrix pattern
https://www.consultusdigital.com/dtc-marketing-services/shopify-cro-for-subscription-brands/,/dtc-marketing-services/shopify-cro-for-subscription-brands/,DTC,Commerce models,Service × Industry Landing Page,Subscription brands,Shopify Development and CRO,/dtc-industries/subscription-brands-marketing-agency/,Index after content threshold,Phase 3,shopify development and cro for subscription brands,dtc-service-industry-sitemap.xml,Consultus campaign matrix pattern
https://www.consultusdigital.com/dtc-marketing-services/email-sms-for-subscription-brands/,/dtc-marketing-services/email-sms-for-subscription-brands/,DTC,Commerce models,Service × Industry Landing Page,Subscription brands,Email and SMS,/dtc-industries/subscription-brands-marketing-agency/,Index after content threshold,Phase 3,email and sms for subscription brands,dtc-service-industry-sitemap.xml,Consultus campaign matrix pattern
https://www.consultusdigital.com/dtc-marketing-services/analytics-for-subscription-brands/,/dtc-marketing-services/analytics-for-subscription-brands/,DTC,Commerce models,Service × Industry Landing Page,Subscription brands,Analytics and Attribution,/dtc-industries/subscription-brands-marketing-agency/,Index after content threshold,Phase 3,analytics and attribution for subscription brands,dtc-service-industry-sitemap.xml,Consultus campaign matrix pattern
https://www.consultusdigital.com/dtc-marketing-services/marketplace-marketing-for-subscription-brands/,/dtc-marketing-services/marketplace-marketing-for-subscription-brands/,DTC,Commerce models,Service × Industry Landing Page,Subscription brands,Marketplace Marketing,/dtc-industries/subscription-brands-marketing-agency/,Index after content threshold,Phase 3,marketplace marketing for subscription brands,dtc-service-industry-sitemap.xml,Consultus campaign matrix pattern
https://www.consultusdigital.com/dtc-industries/marketplace-first-brands-marketing-agency/,/dtc-industries/marketplace-first-brands-marketing-agency/,DTC,Commerce models,Industry Marketing Agency Page,Marketplace-first brands,,/dtc-industries/commerce-models/,Index,Phase 2,marketplace-first brands marketing agency,dtc-industry-agency-sitemap.xml,https://www.cardinaldigitalmarketing.com/healthcare-specialties/mental-healthcare-providers-agency/
https://www.consultusdigital.com/dtc-marketing-services/performance-marketing-for-marketplace-first-brands/,/dtc-marketing-services/performance-marketing-for-marketplace-first-brands/,DTC,Commerce models,Service × Industry Landing Page,Marketplace-first brands,Performance Marketing Agency,/dtc-industries/marketplace-first-brands-marketing-agency/,Index after content threshold,Phase 3,performance marketing agency for marketplace-first brands,dtc-service-industry-sitemap.xml,Consultus campaign matrix pattern
https://www.consultusdigital.com/dtc-marketing-services/paid-social-for-marketplace-first-brands/,/dtc-marketing-services/paid-social-for-marketplace-first-brands/,DTC,Commerce models,Service × Industry Landing Page,Marketplace-first brands,Paid Social,/dtc-industries/marketplace-first-brands-marketing-agency/,Index after content threshold,Phase 3,paid social for marketplace-first brands,dtc-service-industry-sitemap.xml,Consultus campaign matrix pattern
https://www.consultusdigital.com/dtc-marketing-services/paid-search-shopping-for-marketplace-first-brands/,/dtc-marketing-services/paid-search-shopping-for-marketplace-first-brands/,DTC,Commerce models,Service × Industry Landing Page,Marketplace-first brands,Paid Search and Shopping,/dtc-industries/marketplace-first-brands-marketing-agency/,Index after content threshold,Phase 3,paid search and shopping for marketplace-first brands,dtc-service-industry-sitemap.xml,Consultus campaign matrix pattern
https://www.consultusdigital.com/dtc-marketing-services/seo-for-marketplace-first-brands/,/dtc-marketing-services/seo-for-marketplace-first-brands/,DTC,Commerce models,Service × Industry Landing Page,Marketplace-first brands,E-commerce SEO,/dtc-industries/marketplace-first-brands-marketing-agency/,Index after content threshold,Phase 3,e-commerce seo for marketplace-first brands,dtc-service-industry-sitemap.xml,Consultus campaign matrix pattern
https://www.consultusdigital.com/dtc-marketing-services/ai-search-for-marketplace-first-brands/,/dtc-marketing-services/ai-search-for-marketplace-first-brands/,DTC,Commerce models,Service × Industry Landing Page,Marketplace-first brands,"AEO, GEO and AI Search",/dtc-industries/marketplace-first-brands-marketing-agency/,Index after content threshold,Phase 3,"aeo, geo and ai search for marketplace-first brands",dtc-service-industry-sitemap.xml,Consultus campaign matrix pattern
https://www.consultusdigital.com/dtc-marketing-services/performance-creative-for-marketplace-first-brands/,/dtc-marketing-services/performance-creative-for-marketplace-first-brands/,DTC,Commerce models,Service × Industry Landing Page,Marketplace-first brands,Performance Creative,/dtc-industries/marketplace-first-brands-marketing-agency/,Index after content threshold,Phase 3,performance creative for marketplace-first brands,dtc-service-industry-sitemap.xml,Consultus campaign matrix pattern
https://www.consultusdigital.com/dtc-marketing-services/shopify-cro-for-marketplace-first-brands/,/dtc-marketing-services/shopify-cro-for-marketplace-first-brands/,DTC,Commerce models,Service × Industry Landing Page,Marketplace-first brands,Shopify Development and CRO,/dtc-industries/marketplace-first-brands-marketing-agency/,Index after content threshold,Phase 3,shopify development and cro for marketplace-first brands,dtc-service-industry-sitemap.xml,Consultus campaign matrix pattern
https://www.consultusdigital.com/dtc-marketing-services/email-sms-for-marketplace-first-brands/,/dtc-marketing-services/email-sms-for-marketplace-first-brands/,DTC,Commerce models,Service × Industry Landing Page,Marketplace-first brands,Email and SMS,/dtc-industries/marketplace-first-brands-marketing-agency/,Index after content threshold,Phase 3,email and sms for marketplace-first brands,dtc-service-industry-sitemap.xml,Consultus campaign matrix pattern
https://www.consultusdigital.com/dtc-marketing-services/analytics-for-marketplace-first-brands/,/dtc-marketing-services/analytics-for-marketplace-first-brands/,DTC,Commerce models,Service × Industry Landing Page,Marketplace-first brands,Analytics and Attribution,/dtc-industries/marketplace-first-brands-marketing-agency/,Index after content threshold,Phase 3,analytics and attribution for marketplace-first brands,dtc-service-industry-sitemap.xml,Consultus campaign matrix pattern
https://www.consultusdigital.com/dtc-marketing-services/marketplace-marketing-for-marketplace-first-brands/,/dtc-marketing-services/marketplace-marketing-for-marketplace-first-brands/,DTC,Commerce models,Service × Industry Landing Page,Marketplace-first brands,Marketplace Marketing,/dtc-industries/marketplace-first-brands-marketing-agency/,Index after content threshold,Phase 3,marketplace marketing for marketplace-first brands,dtc-service-industry-sitemap.xml,Consultus campaign matrix pattern
https://www.consultusdigital.com/dtc-industries/retail-to-dtc-brands-marketing-agency/,/dtc-industries/retail-to-dtc-brands-marketing-agency/,DTC,Commerce models,Industry Marketing Agency Page,Retail-to-DTC brands,,/dtc-industries/commerce-models/,Index,Phase 2,retail-to-dtc brands marketing agency,dtc-industry-agency-sitemap.xml,https://www.cardinaldigitalmarketing.com/healthcare-specialties/mental-healthcare-providers-agency/
https://www.consultusdigital.com/dtc-marketing-services/performance-marketing-for-retail-to-dtc-brands/,/dtc-marketing-services/performance-marketing-for-retail-to-dtc-brands/,DTC,Commerce models,Service × Industry Landing Page,Retail-to-DTC brands,Performance Marketing Agency,/dtc-industries/retail-to-dtc-brands-marketing-agency/,Index after content threshold,Phase 3,performance marketing agency for retail-to-dtc brands,dtc-service-industry-sitemap.xml,Consultus campaign matrix pattern
https://www.consultusdigital.com/dtc-marketing-services/paid-social-for-retail-to-dtc-brands/,/dtc-marketing-services/paid-social-for-retail-to-dtc-brands/,DTC,Commerce models,Service × Industry Landing Page,Retail-to-DTC brands,Paid Social,/dtc-industries/retail-to-dtc-brands-marketing-agency/,Index after content threshold,Phase 3,paid social for retail-to-dtc brands,dtc-service-industry-sitemap.xml,Consultus campaign matrix pattern
https://www.consultusdigital.com/dtc-marketing-services/paid-search-shopping-for-retail-to-dtc-brands/,/dtc-marketing-services/paid-search-shopping-for-retail-to-dtc-brands/,DTC,Commerce models,Service × Industry Landing Page,Retail-to-DTC brands,Paid Search and Shopping,/dtc-industries/retail-to-dtc-brands-marketing-agency/,Index after content threshold,Phase 3,paid search and shopping for retail-to-dtc brands,dtc-service-industry-sitemap.xml,Consultus campaign matrix pattern
https://www.consultusdigital.com/dtc-marketing-services/seo-for-retail-to-dtc-brands/,/dtc-marketing-services/seo-for-retail-to-dtc-brands/,DTC,Commerce models,Service × Industry Landing Page,Retail-to-DTC brands,E-commerce SEO,/dtc-industries/retail-to-dtc-brands-marketing-agency/,Index after content threshold,Phase 3,e-commerce seo for retail-to-dtc brands,dtc-service-industry-sitemap.xml,Consultus campaign matrix pattern
https://www.consultusdigital.com/dtc-marketing-services/ai-search-for-retail-to-dtc-brands/,/dtc-marketing-services/ai-search-for-retail-to-dtc-brands/,DTC,Commerce models,Service × Industry Landing Page,Retail-to-DTC brands,"AEO, GEO and AI Search",/dtc-industries/retail-to-dtc-brands-marketing-agency/,Index after content threshold,Phase 3,"aeo, geo and ai search for retail-to-dtc brands",dtc-service-industry-sitemap.xml,Consultus campaign matrix pattern
https://www.consultusdigital.com/dtc-marketing-services/performance-creative-for-retail-to-dtc-brands/,/dtc-marketing-services/performance-creative-for-retail-to-dtc-brands/,DTC,Commerce models,Service × Industry Landing Page,Retail-to-DTC brands,Performance Creative,/dtc-industries/retail-to-dtc-brands-marketing-agency/,Index after content threshold,Phase 3,performance creative for retail-to-dtc brands,dtc-service-industry-sitemap.xml,Consultus campaign matrix pattern
https://www.consultusdigital.com/dtc-marketing-services/shopify-cro-for-retail-to-dtc-brands/,/dtc-marketing-services/shopify-cro-for-retail-to-dtc-brands/,DTC,Commerce models,Service × Industry Landing Page,Retail-to-DTC brands,Shopify Development and CRO,/dtc-industries/retail-to-dtc-brands-marketing-agency/,Index after content threshold,Phase 3,shopify development and cro for retail-to-dtc brands,dtc-service-industry-sitemap.xml,Consultus campaign matrix pattern
https://www.consultusdigital.com/dtc-marketing-services/email-sms-for-retail-to-dtc-brands/,/dtc-marketing-services/email-sms-for-retail-to-dtc-brands/,DTC,Commerce models,Service × Industry Landing Page,Retail-to-DTC brands,Email and SMS,/dtc-industries/retail-to-dtc-brands-marketing-agency/,Index after content threshold,Phase 3,email and sms for retail-to-dtc brands,dtc-service-industry-sitemap.xml,Consultus campaign matrix pattern
https://www.consultusdigital.com/dtc-marketing-services/analytics-for-retail-to-dtc-brands/,/dtc-marketing-services/analytics-for-retail-to-dtc-brands/,DTC,Commerce models,Service × Industry Landing Page,Retail-to-DTC brands,Analytics and Attribution,/dtc-industries/retail-to-dtc-brands-marketing-agency/,Index after content threshold,Phase 3,analytics and attribution for retail-to-dtc brands,dtc-service-industry-sitemap.xml,Consultus campaign matrix pattern
https://www.consultusdigital.com/dtc-marketing-services/marketplace-marketing-for-retail-to-dtc-brands/,/dtc-marketing-services/marketplace-marketing-for-retail-to-dtc-brands/,DTC,Commerce models,Service × Industry Landing Page,Retail-to-DTC brands,Marketplace Marketing,/dtc-industries/retail-to-dtc-brands-marketing-agency/,Index after content threshold,Phase 3,marketplace marketing for retail-to-dtc brands,dtc-service-industry-sitemap.xml,Consultus campaign matrix pattern
https://www.consultusdigital.com/dtc-industries/omnichannel-consumer-brands-marketing-agency/,/dtc-industries/omnichannel-consumer-brands-marketing-agency/,DTC,Commerce models,Industry Marketing Agency Page,Omnichannel consumer brands,,/dtc-industries/commerce-models/,Index,Phase 2,omnichannel consumer brands marketing agency,dtc-industry-agency-sitemap.xml,https://www.cardinaldigitalmarketing.com/healthcare-specialties/mental-healthcare-providers-agency/
https://www.consultusdigital.com/dtc-marketing-services/performance-marketing-for-omnichannel-consumer-brands/,/dtc-marketing-services/performance-marketing-for-omnichannel-consumer-brands/,DTC,Commerce models,Service × Industry Landing Page,Omnichannel consumer brands,Performance Marketing Agency,/dtc-industries/omnichannel-consumer-brands-marketing-agency/,Index after content threshold,Phase 3,performance marketing agency for omnichannel consumer brands,dtc-service-industry-sitemap.xml,Consultus campaign matrix pattern
https://www.consultusdigital.com/dtc-marketing-services/paid-social-for-omnichannel-consumer-brands/,/dtc-marketing-services/paid-social-for-omnichannel-consumer-brands/,DTC,Commerce models,Service × Industry Landing Page,Omnichannel consumer brands,Paid Social,/dtc-industries/omnichannel-consumer-brands-marketing-agency/,Index after content threshold,Phase 3,paid social for omnichannel consumer brands,dtc-service-industry-sitemap.xml,Consultus campaign matrix pattern
https://www.consultusdigital.com/dtc-marketing-services/paid-search-shopping-for-omnichannel-consumer-brands/,/dtc-marketing-services/paid-search-shopping-for-omnichannel-consumer-brands/,DTC,Commerce models,Service × Industry Landing Page,Omnichannel consumer brands,Paid Search and Shopping,/dtc-industries/omnichannel-consumer-brands-marketing-agency/,Index after content threshold,Phase 3,paid search and shopping for omnichannel consumer brands,dtc-service-industry-sitemap.xml,Consultus campaign matrix pattern
https://www.consultusdigital.com/dtc-marketing-services/seo-for-omnichannel-consumer-brands/,/dtc-marketing-services/seo-for-omnichannel-consumer-brands/,DTC,Commerce models,Service × Industry Landing Page,Omnichannel consumer brands,E-commerce SEO,/dtc-industries/omnichannel-consumer-brands-marketing-agency/,Index after content threshold,Phase 3,e-commerce seo for omnichannel consumer brands,dtc-service-industry-sitemap.xml,Consultus campaign matrix pattern
https://www.consultusdigital.com/dtc-marketing-services/ai-search-for-omnichannel-consumer-brands/,/dtc-marketing-services/ai-search-for-omnichannel-consumer-brands/,DTC,Commerce models,Service × Industry Landing Page,Omnichannel consumer brands,"AEO, GEO and AI Search",/dtc-industries/omnichannel-consumer-brands-marketing-agency/,Index after content threshold,Phase 3,"aeo, geo and ai search for omnichannel consumer brands",dtc-service-industry-sitemap.xml,Consultus campaign matrix pattern
https://www.consultusdigital.com/dtc-marketing-services/performance-creative-for-omnichannel-consumer-brands/,/dtc-marketing-services/performance-creative-for-omnichannel-consumer-brands/,DTC,Commerce models,Service × Industry Landing Page,Omnichannel consumer brands,Performance Creative,/dtc-industries/omnichannel-consumer-brands-marketing-agency/,Index after content threshold,Phase 3,performance creative for omnichannel consumer brands,dtc-service-industry-sitemap.xml,Consultus campaign matrix pattern
https://www.consultusdigital.com/dtc-marketing-services/shopify-cro-for-omnichannel-consumer-brands/,/dtc-marketing-services/shopify-cro-for-omnichannel-consumer-brands/,DTC,Commerce models,Service × Industry Landing Page,Omnichannel consumer brands,Shopify Development and CRO,/dtc-industries/omnichannel-consumer-brands-marketing-agency/,Index after content threshold,Phase 3,shopify development and cro for omnichannel consumer brands,dtc-service-industry-sitemap.xml,Consultus campaign matrix pattern
https://www.consultusdigital.com/dtc-marketing-services/email-sms-for-omnichannel-consumer-brands/,/dtc-marketing-services/email-sms-for-omnichannel-consumer-brands/,DTC,Commerce models,Service × Industry Landing Page,Omnichannel consumer brands,Email and SMS,/dtc-industries/omnichannel-consumer-brands-marketing-agency/,Index after content threshold,Phase 3,email and sms for omnichannel consumer brands,dtc-service-industry-sitemap.xml,Consultus campaign matrix pattern
https://www.consultusdigital.com/dtc-marketing-services/analytics-for-omnichannel-consumer-brands/,/dtc-marketing-services/analytics-for-omnichannel-consumer-brands/,DTC,Commerce models,Service × Industry Landing Page,Omnichannel consumer brands,Analytics and Attribution,/dtc-industries/omnichannel-consumer-brands-marketing-agency/,Index after content threshold,Phase 3,analytics and attribution for omnichannel consumer brands,dtc-service-industry-sitemap.xml,Consultus campaign matrix pattern
https://www.consultusdigital.com/dtc-marketing-services/marketplace-marketing-for-omnichannel-consumer-brands/,/dtc-marketing-services/marketplace-marketing-for-omnichannel-consumer-brands/,DTC,Commerce models,Service × Industry Landing Page,Omnichannel consumer brands,Marketplace Marketing,/dtc-industries/omnichannel-consumer-brands-marketing-agency/,Index after content threshold,Phase 3,marketplace marketing for omnichannel consumer brands,dtc-service-industry-sitemap.xml,Consultus campaign matrix pattern
https://www.consultusdigital.com/dtc-industries/crowdfunded-product-brands-marketing-agency/,/dtc-industries/crowdfunded-product-brands-marketing-agency/,DTC,Commerce models,Industry Marketing Agency Page,Crowdfunded product brands,,/dtc-industries/commerce-models/,Index,Phase 2,crowdfunded product brands marketing agency,dtc-industry-agency-sitemap.xml,https://www.cardinaldigitalmarketing.com/healthcare-specialties/mental-healthcare-providers-agency/
https://www.consultusdigital.com/dtc-marketing-services/performance-marketing-for-crowdfunded-product-brands/,/dtc-marketing-services/performance-marketing-for-crowdfunded-product-brands/,DTC,Commerce models,Service × Industry Landing Page,Crowdfunded product brands,Performance Marketing Agency,/dtc-industries/crowdfunded-product-brands-marketing-agency/,Index after content threshold,Phase 3,performance marketing agency for crowdfunded product brands,dtc-service-industry-sitemap.xml,Consultus campaign matrix pattern
https://www.consultusdigital.com/dtc-marketing-services/paid-social-for-crowdfunded-product-brands/,/dtc-marketing-services/paid-social-for-crowdfunded-product-brands/,DTC,Commerce models,Service × Industry Landing Page,Crowdfunded product brands,Paid Social,/dtc-industries/crowdfunded-product-brands-marketing-agency/,Index after content threshold,Phase 3,paid social for crowdfunded product brands,dtc-service-industry-sitemap.xml,Consultus campaign matrix pattern
https://www.consultusdigital.com/dtc-marketing-services/paid-search-shopping-for-crowdfunded-product-brands/,/dtc-marketing-services/paid-search-shopping-for-crowdfunded-product-brands/,DTC,Commerce models,Service × Industry Landing Page,Crowdfunded product brands,Paid Search and Shopping,/dtc-industries/crowdfunded-product-brands-marketing-agency/,Index after content threshold,Phase 3,paid search and shopping for crowdfunded product brands,dtc-service-industry-sitemap.xml,Consultus campaign matrix pattern
https://www.consultusdigital.com/dtc-marketing-services/seo-for-crowdfunded-product-brands/,/dtc-marketing-services/seo-for-crowdfunded-product-brands/,DTC,Commerce models,Service × Industry Landing Page,Crowdfunded product brands,E-commerce SEO,/dtc-industries/crowdfunded-product-brands-marketing-agency/,Index after content threshold,Phase 3,e-commerce seo for crowdfunded product brands,dtc-service-industry-sitemap.xml,Consultus campaign matrix pattern
https://www.consultusdigital.com/dtc-marketing-services/ai-search-for-crowdfunded-product-brands/,/dtc-marketing-services/ai-search-for-crowdfunded-product-brands/,DTC,Commerce models,Service × Industry Landing Page,Crowdfunded product brands,"AEO, GEO and AI Search",/dtc-industries/crowdfunded-product-brands-marketing-agency/,Index after content threshold,Phase 3,"aeo, geo and ai search for crowdfunded product brands",dtc-service-industry-sitemap.xml,Consultus campaign matrix pattern
https://www.consultusdigital.com/dtc-marketing-services/performance-creative-for-crowdfunded-product-brands/,/dtc-marketing-services/performance-creative-for-crowdfunded-product-brands/,DTC,Commerce models,Service × Industry Landing Page,Crowdfunded product brands,Performance Creative,/dtc-industries/crowdfunded-product-brands-marketing-agency/,Index after content threshold,Phase 3,performance creative for crowdfunded product brands,dtc-service-industry-sitemap.xml,Consultus campaign matrix pattern
https://www.consultusdigital.com/dtc-marketing-services/shopify-cro-for-crowdfunded-product-brands/,/dtc-marketing-services/shopify-cro-for-crowdfunded-product-brands/,DTC,Commerce models,Service × Industry Landing Page,Crowdfunded product brands,Shopify Development and CRO,/dtc-industries/crowdfunded-product-brands-marketing-agency/,Index after content threshold,Phase 3,shopify development and cro for crowdfunded product brands,dtc-service-industry-sitemap.xml,Consultus campaign matrix pattern
https://www.consultusdigital.com/dtc-marketing-services/email-sms-for-crowdfunded-product-brands/,/dtc-marketing-services/email-sms-for-crowdfunded-product-brands/,DTC,Commerce models,Service × Industry Landing Page,Crowdfunded product brands,Email and SMS,/dtc-industries/crowdfunded-product-brands-marketing-agency/,Index after content threshold,Phase 3,email and sms for crowdfunded product brands,dtc-service-industry-sitemap.xml,Consultus campaign matrix pattern
https://www.consultusdigital.com/dtc-marketing-services/analytics-for-crowdfunded-product-brands/,/dtc-marketing-services/analytics-for-crowdfunded-product-brands/,DTC,Commerce models,Service × Industry Landing Page,Crowdfunded product brands,Analytics and Attribution,/dtc-industries/crowdfunded-product-brands-marketing-agency/,Index after content threshold,Phase 3,analytics and attribution for crowdfunded product brands,dtc-service-industry-sitemap.xml,Consultus campaign matrix pattern
https://www.consultusdigital.com/dtc-marketing-services/marketplace-marketing-for-crowdfunded-product-brands/,/dtc-marketing-services/marketplace-marketing-for-crowdfunded-product-brands/,DTC,Commerce models,Service × Industry Landing Page,Crowdfunded product brands,Marketplace Marketing,/dtc-industries/crowdfunded-product-brands-marketing-agency/,Index after content threshold,Phase 3,marketplace marketing for crowdfunded product brands,dtc-service-industry-sitemap.xml,Consultus campaign matrix pattern
https://www.consultusdigital.com/dtc-industries/international-dtc-brands-marketing-agency/,/dtc-industries/international-dtc-brands-marketing-agency/,DTC,Commerce models,Industry Marketing Agency Page,International DTC brands,,/dtc-industries/commerce-models/,Index,Phase 2,international dtc brands marketing agency,dtc-industry-agency-sitemap.xml,https://www.cardinaldigitalmarketing.com/healthcare-specialties/mental-healthcare-providers-agency/
https://www.consultusdigital.com/dtc-marketing-services/performance-marketing-for-international-dtc-brands/,/dtc-marketing-services/performance-marketing-for-international-dtc-brands/,DTC,Commerce models,Service × Industry Landing Page,International DTC brands,Performance Marketing Agency,/dtc-industries/international-dtc-brands-marketing-agency/,Index after content threshold,Phase 3,performance marketing agency for international dtc brands,dtc-service-industry-sitemap.xml,Consultus campaign matrix pattern
https://www.consultusdigital.com/dtc-marketing-services/paid-social-for-international-dtc-brands/,/dtc-marketing-services/paid-social-for-international-dtc-brands/,DTC,Commerce models,Service × Industry Landing Page,International DTC brands,Paid Social,/dtc-industries/international-dtc-brands-marketing-agency/,Index after content threshold,Phase 3,paid social for international dtc brands,dtc-service-industry-sitemap.xml,Consultus campaign matrix pattern
https://www.consultusdigital.com/dtc-marketing-services/paid-search-shopping-for-international-dtc-brands/,/dtc-marketing-services/paid-search-shopping-for-international-dtc-brands/,DTC,Commerce models,Service × Industry Landing Page,International DTC brands,Paid Search and Shopping,/dtc-industries/international-dtc-brands-marketing-agency/,Index after content threshold,Phase 3,paid search and shopping for international dtc brands,dtc-service-industry-sitemap.xml,Consultus campaign matrix pattern
https://www.consultusdigital.com/dtc-marketing-services/seo-for-international-dtc-brands/,/dtc-marketing-services/seo-for-international-dtc-brands/,DTC,Commerce models,Service × Industry Landing Page,International DTC brands,E-commerce SEO,/dtc-industries/international-dtc-brands-marketing-agency/,Index after content threshold,Phase 3,e-commerce seo for international dtc brands,dtc-service-industry-sitemap.xml,Consultus campaign matrix pattern
https://www.consultusdigital.com/dtc-marketing-services/ai-search-for-international-dtc-brands/,/dtc-marketing-services/ai-search-for-international-dtc-brands/,DTC,Commerce models,Service × Industry Landing Page,International DTC brands,"AEO, GEO and AI Search",/dtc-industries/international-dtc-brands-marketing-agency/,Index after content threshold,Phase 3,"aeo, geo and ai search for international dtc brands",dtc-service-industry-sitemap.xml,Consultus campaign matrix pattern
https://www.consultusdigital.com/dtc-marketing-services/performance-creative-for-international-dtc-brands/,/dtc-marketing-services/performance-creative-for-international-dtc-brands/,DTC,Commerce models,Service × Industry Landing Page,International DTC brands,Performance Creative,/dtc-industries/international-dtc-brands-marketing-agency/,Index after content threshold,Phase 3,performance creative for international dtc brands,dtc-service-industry-sitemap.xml,Consultus campaign matrix pattern
https://www.consultusdigital.com/dtc-marketing-services/shopify-cro-for-international-dtc-brands/,/dtc-marketing-services/shopify-cro-for-international-dtc-brands/,DTC,Commerce models,Service × Industry Landing Page,International DTC brands,Shopify Development and CRO,/dtc-industries/international-dtc-brands-marketing-agency/,Index after content threshold,Phase 3,shopify development and cro for international dtc brands,dtc-service-industry-sitemap.xml,Consultus campaign matrix pattern
https://www.consultusdigital.com/dtc-marketing-services/email-sms-for-international-dtc-brands/,/dtc-marketing-services/email-sms-for-international-dtc-brands/,DTC,Commerce models,Service × Industry Landing Page,International DTC brands,Email and SMS,/dtc-industries/international-dtc-brands-marketing-agency/,Index after content threshold,Phase 3,email and sms for international dtc brands,dtc-service-industry-sitemap.xml,Consultus campaign matrix pattern
https://www.consultusdigital.com/dtc-marketing-services/analytics-for-international-dtc-brands/,/dtc-marketing-services/analytics-for-international-dtc-brands/,DTC,Commerce models,Service × Industry Landing Page,International DTC brands,Analytics and Attribution,/dtc-industries/international-dtc-brands-marketing-agency/,Index after content threshold,Phase 3,analytics and attribution for international dtc brands,dtc-service-industry-sitemap.xml,Consultus campaign matrix pattern
https://www.consultusdigital.com/dtc-marketing-services/marketplace-marketing-for-international-dtc-brands/,/dtc-marketing-services/marketplace-marketing-for-international-dtc-brands/,DTC,Commerce models,Service × Industry Landing Page,International DTC brands,Marketplace Marketing,/dtc-industries/international-dtc-brands-marketing-agency/,Index after content threshold,Phase 3,marketplace marketing for international dtc brands,dtc-service-industry-sitemap.xml,Consultus campaign matrix pattern
https://www.consultusdigital.com/dtc-industries/private-equity-backed-consumer-brands-marketing-agency/,/dtc-industries/private-equity-backed-consumer-brands-marketing-agency/,DTC,Commerce models,Industry Marketing Agency Page,Private equity-backed consumer brands,,/dtc-industries/commerce-models/,Index,Phase 2,private equity-backed consumer brands marketing agency,dtc-industry-agency-sitemap.xml,https://www.cardinaldigitalmarketing.com/healthcare-specialties/mental-healthcare-providers-agency/
https://www.consultusdigital.com/dtc-marketing-services/performance-marketing-for-private-equity-backed-consumer-brands/,/dtc-marketing-services/performance-marketing-for-private-equity-backed-consumer-brands/,DTC,Commerce models,Service × Industry Landing Page,Private equity-backed consumer brands,Performance Marketing Agency,/dtc-industries/private-equity-backed-consumer-brands-marketing-agency/,Index after content threshold,Phase 3,performance marketing agency for private equity-backed consumer brands,dtc-service-industry-sitemap.xml,Consultus campaign matrix pattern
https://www.consultusdigital.com/dtc-marketing-services/paid-social-for-private-equity-backed-consumer-brands/,/dtc-marketing-services/paid-social-for-private-equity-backed-consumer-brands/,DTC,Commerce models,Service × Industry Landing Page,Private equity-backed consumer brands,Paid Social,/dtc-industries/private-equity-backed-consumer-brands-marketing-agency/,Index after content threshold,Phase 3,paid social for private equity-backed consumer brands,dtc-service-industry-sitemap.xml,Consultus campaign matrix pattern
https://www.consultusdigital.com/dtc-marketing-services/paid-search-shopping-for-private-equity-backed-consumer-brands/,/dtc-marketing-services/paid-search-shopping-for-private-equity-backed-consumer-brands/,DTC,Commerce models,Service × Industry Landing Page,Private equity-backed consumer brands,Paid Search and Shopping,/dtc-industries/private-equity-backed-consumer-brands-marketing-agency/,Index after content threshold,Phase 3,paid search and shopping for private equity-backed consumer brands,dtc-service-industry-sitemap.xml,Consultus campaign matrix pattern
https://www.consultusdigital.com/dtc-marketing-services/seo-for-private-equity-backed-consumer-brands/,/dtc-marketing-services/seo-for-private-equity-backed-consumer-brands/,DTC,Commerce models,Service × Industry Landing Page,Private equity-backed consumer brands,E-commerce SEO,/dtc-industries/private-equity-backed-consumer-brands-marketing-agency/,Index after content threshold,Phase 3,e-commerce seo for private equity-backed consumer brands,dtc-service-industry-sitemap.xml,Consultus campaign matrix pattern
https://www.consultusdigital.com/dtc-marketing-services/ai-search-for-private-equity-backed-consumer-brands/,/dtc-marketing-services/ai-search-for-private-equity-backed-consumer-brands/,DTC,Commerce models,Service × Industry Landing Page,Private equity-backed consumer brands,"AEO, GEO and AI Search",/dtc-industries/private-equity-backed-consumer-brands-marketing-agency/,Index after content threshold,Phase 3,"aeo, geo and ai search for private equity-backed consumer brands",dtc-service-industry-sitemap.xml,Consultus campaign matrix pattern
https://www.consultusdigital.com/dtc-marketing-services/performance-creative-for-private-equity-backed-consumer-brands/,/dtc-marketing-services/performance-creative-for-private-equity-backed-consumer-brands/,DTC,Commerce models,Service × Industry Landing Page,Private equity-backed consumer brands,Performance Creative,/dtc-industries/private-equity-backed-consumer-brands-marketing-agency/,Index after content threshold,Phase 3,performance creative for private equity-backed consumer brands,dtc-service-industry-sitemap.xml,Consultus campaign matrix pattern
https://www.consultusdigital.com/dtc-marketing-services/shopify-cro-for-private-equity-backed-consumer-brands/,/dtc-marketing-services/shopify-cro-for-private-equity-backed-consumer-brands/,DTC,Commerce models,Service × Industry Landing Page,Private equity-backed consumer brands,Shopify Development and CRO,/dtc-industries/private-equity-backed-consumer-brands-marketing-agency/,Index after content threshold,Phase 3,shopify development and cro for private equity-backed consumer brands,dtc-service-industry-sitemap.xml,Consultus campaign matrix pattern
https://www.consultusdigital.com/dtc-marketing-services/email-sms-for-private-equity-backed-consumer-brands/,/dtc-marketing-services/email-sms-for-private-equity-backed-consumer-brands/,DTC,Commerce models,Service × Industry Landing Page,Private equity-backed consumer brands,Email and SMS,/dtc-industries/private-equity-backed-consumer-brands-marketing-agency/,Index after content threshold,Phase 3,email and sms for private equity-backed consumer brands,dtc-service-industry-sitemap.xml,Consultus campaign matrix pattern
https://www.consultusdigital.com/dtc-marketing-services/analytics-for-private-equity-backed-consumer-brands/,/dtc-marketing-services/analytics-for-private-equity-backed-consumer-brands/,DTC,Commerce models,Service × Industry Landing Page,Private equity-backed consumer brands,Analytics and Attribution,/dtc-industries/private-equity-backed-consumer-brands-marketing-agency/,Index after content threshold,Phase 3,analytics and attribution for private equity-backed consumer brands,dtc-service-industry-sitemap.xml,Consultus campaign matrix pattern
https://www.consultusdigital.com/dtc-marketing-services/marketplace-marketing-for-private-equity-backed-consumer-brands/,/dtc-marketing-services/marketplace-marketing-for-private-equity-backed-consumer-brands/,DTC,Commerce models,Service × Industry Landing Page,Private equity-backed consumer brands,Marketplace Marketing,/dtc-industries/private-equity-backed-consumer-brands-marketing-agency/,Index after content threshold,Phase 3,marketplace marketing for private equity-backed consumer brands,dtc-service-industry-sitemap.xml,Consultus campaign matrix pattern
https://www.consultusdigital.com/dtc-industries/multi-brand-ecommerce-groups-marketing-agency/,/dtc-industries/multi-brand-ecommerce-groups-marketing-agency/,DTC,Commerce models,Industry Marketing Agency Page,Multi-brand ecommerce groups,,/dtc-industries/commerce-models/,Index,Phase 2,multi-brand ecommerce groups marketing agency,dtc-industry-agency-sitemap.xml,https://www.cardinaldigitalmarketing.com/healthcare-specialties/mental-healthcare-providers-agency/
https://www.consultusdigital.com/dtc-marketing-services/performance-marketing-for-multi-brand-ecommerce-groups/,/dtc-marketing-services/performance-marketing-for-multi-brand-ecommerce-groups/,DTC,Commerce models,Service × Industry Landing Page,Multi-brand ecommerce groups,Performance Marketing Agency,/dtc-industries/multi-brand-ecommerce-groups-marketing-agency/,Index after content threshold,Phase 3,performance marketing agency for multi-brand ecommerce groups,dtc-service-industry-sitemap.xml,Consultus campaign matrix pattern
https://www.consultusdigital.com/dtc-marketing-services/paid-social-for-multi-brand-ecommerce-groups/,/dtc-marketing-services/paid-social-for-multi-brand-ecommerce-groups/,DTC,Commerce models,Service × Industry Landing Page,Multi-brand ecommerce groups,Paid Social,/dtc-industries/multi-brand-ecommerce-groups-marketing-agency/,Index after content threshold,Phase 3,paid social for multi-brand ecommerce groups,dtc-service-industry-sitemap.xml,Consultus campaign matrix pattern
https://www.consultusdigital.com/dtc-marketing-services/paid-search-shopping-for-multi-brand-ecommerce-groups/,/dtc-marketing-services/paid-search-shopping-for-multi-brand-ecommerce-groups/,DTC,Commerce models,Service × Industry Landing Page,Multi-brand ecommerce groups,Paid Search and Shopping,/dtc-industries/multi-brand-ecommerce-groups-marketing-agency/,Index after content threshold,Phase 3,paid search and shopping for multi-brand ecommerce groups,dtc-service-industry-sitemap.xml,Consultus campaign matrix pattern
https://www.consultusdigital.com/dtc-marketing-services/seo-for-multi-brand-ecommerce-groups/,/dtc-marketing-services/seo-for-multi-brand-ecommerce-groups/,DTC,Commerce models,Service × Industry Landing Page,Multi-brand ecommerce groups,E-commerce SEO,/dtc-industries/multi-brand-ecommerce-groups-marketing-agency/,Index after content threshold,Phase 3,e-commerce seo for multi-brand ecommerce groups,dtc-service-industry-sitemap.xml,Consultus campaign matrix pattern
https://www.consultusdigital.com/dtc-marketing-services/ai-search-for-multi-brand-ecommerce-groups/,/dtc-marketing-services/ai-search-for-multi-brand-ecommerce-groups/,DTC,Commerce models,Service × Industry Landing Page,Multi-brand ecommerce groups,"AEO, GEO and AI Search",/dtc-industries/multi-brand-ecommerce-groups-marketing-agency/,Index after content threshold,Phase 3,"aeo, geo and ai search for multi-brand ecommerce groups",dtc-service-industry-sitemap.xml,Consultus campaign matrix pattern
https://www.consultusdigital.com/dtc-marketing-services/performance-creative-for-multi-brand-ecommerce-groups/,/dtc-marketing-services/performance-creative-for-multi-brand-ecommerce-groups/,DTC,Commerce models,Service × Industry Landing Page,Multi-brand ecommerce groups,Performance Creative,/dtc-industries/multi-brand-ecommerce-groups-marketing-agency/,Index after content threshold,Phase 3,performance creative for multi-brand ecommerce groups,dtc-service-industry-sitemap.xml,Consultus campaign matrix pattern
https://www.consultusdigital.com/dtc-marketing-services/shopify-cro-for-multi-brand-ecommerce-groups/,/dtc-marketing-services/shopify-cro-for-multi-brand-ecommerce-groups/,DTC,Commerce models,Service × Industry Landing Page,Multi-brand ecommerce groups,Shopify Development and CRO,/dtc-industries/multi-brand-ecommerce-groups-marketing-agency/,Index after content threshold,Phase 3,shopify development and cro for multi-brand ecommerce groups,dtc-service-industry-sitemap.xml,Consultus campaign matrix pattern
https://www.consultusdigital.com/dtc-marketing-services/email-sms-for-multi-brand-ecommerce-groups/,/dtc-marketing-services/email-sms-for-multi-brand-ecommerce-groups/,DTC,Commerce models,Service × Industry Landing Page,Multi-brand ecommerce groups,Email and SMS,/dtc-industries/multi-brand-ecommerce-groups-marketing-agency/,Index after content threshold,Phase 3,email and sms for multi-brand ecommerce groups,dtc-service-industry-sitemap.xml,Consultus campaign matrix pattern
https://www.consultusdigital.com/dtc-marketing-services/analytics-for-multi-brand-ecommerce-groups/,/dtc-marketing-services/analytics-for-multi-brand-ecommerce-groups/,DTC,Commerce models,Service × Industry Landing Page,Multi-brand ecommerce groups,Analytics and Attribution,/dtc-industries/multi-brand-ecommerce-groups-marketing-agency/,Index after content threshold,Phase 3,analytics and attribution for multi-brand ecommerce groups,dtc-service-industry-sitemap.xml,Consultus campaign matrix pattern
https://www.consultusdigital.com/dtc-marketing-services/marketplace-marketing-for-multi-brand-ecommerce-groups/,/dtc-marketing-services/marketplace-marketing-for-multi-brand-ecommerce-groups/,DTC,Commerce models,Service × Industry Landing Page,Multi-brand ecommerce groups,Marketplace Marketing,/dtc-industries/multi-brand-ecommerce-groups-marketing-agency/,Index after content threshold,Phase 3,marketplace marketing for multi-brand ecommerce groups,dtc-service-industry-sitemap.xml,Consultus campaign matrix pattern
https://www.consultusdigital.com/dtc-industries/creator-led-brands-marketing-agency/,/dtc-industries/creator-led-brands-marketing-agency/,DTC,Commerce models,Industry Marketing Agency Page,Creator-led brands,,/dtc-industries/commerce-models/,Index,Phase 2,creator-led brands marketing agency,dtc-industry-agency-sitemap.xml,https://www.cardinaldigitalmarketing.com/healthcare-specialties/mental-healthcare-providers-agency/
https://www.consultusdigital.com/dtc-marketing-services/performance-marketing-for-creator-led-brands/,/dtc-marketing-services/performance-marketing-for-creator-led-brands/,DTC,Commerce models,Service × Industry Landing Page,Creator-led brands,Performance Marketing Agency,/dtc-industries/creator-led-brands-marketing-agency/,Index after content threshold,Phase 3,performance marketing agency for creator-led brands,dtc-service-industry-sitemap.xml,Consultus campaign matrix pattern
https://www.consultusdigital.com/dtc-marketing-services/paid-social-for-creator-led-brands/,/dtc-marketing-services/paid-social-for-creator-led-brands/,DTC,Commerce models,Service × Industry Landing Page,Creator-led brands,Paid Social,/dtc-industries/creator-led-brands-marketing-agency/,Index after content threshold,Phase 3,paid social for creator-led brands,dtc-service-industry-sitemap.xml,Consultus campaign matrix pattern
https://www.consultusdigital.com/dtc-marketing-services/paid-search-shopping-for-creator-led-brands/,/dtc-marketing-services/paid-search-shopping-for-creator-led-brands/,DTC,Commerce models,Service × Industry Landing Page,Creator-led brands,Paid Search and Shopping,/dtc-industries/creator-led-brands-marketing-agency/,Index after content threshold,Phase 3,paid search and shopping for creator-led brands,dtc-service-industry-sitemap.xml,Consultus campaign matrix pattern
https://www.consultusdigital.com/dtc-marketing-services/seo-for-creator-led-brands/,/dtc-marketing-services/seo-for-creator-led-brands/,DTC,Commerce models,Service × Industry Landing Page,Creator-led brands,E-commerce SEO,/dtc-industries/creator-led-brands-marketing-agency/,Index after content threshold,Phase 3,e-commerce seo for creator-led brands,dtc-service-industry-sitemap.xml,Consultus campaign matrix pattern
https://www.consultusdigital.com/dtc-marketing-services/ai-search-for-creator-led-brands/,/dtc-marketing-services/ai-search-for-creator-led-brands/,DTC,Commerce models,Service × Industry Landing Page,Creator-led brands,"AEO, GEO and AI Search",/dtc-industries/creator-led-brands-marketing-agency/,Index after content threshold,Phase 3,"aeo, geo and ai search for creator-led brands",dtc-service-industry-sitemap.xml,Consultus campaign matrix pattern
https://www.consultusdigital.com/dtc-marketing-services/performance-creative-for-creator-led-brands/,/dtc-marketing-services/performance-creative-for-creator-led-brands/,DTC,Commerce models,Service × Industry Landing Page,Creator-led brands,Performance Creative,/dtc-industries/creator-led-brands-marketing-agency/,Index after content threshold,Phase 3,performance creative for creator-led brands,dtc-service-industry-sitemap.xml,Consultus campaign matrix pattern
https://www.consultusdigital.com/dtc-marketing-services/shopify-cro-for-creator-led-brands/,/dtc-marketing-services/shopify-cro-for-creator-led-brands/,DTC,Commerce models,Service × Industry Landing Page,Creator-led brands,Shopify Development and CRO,/dtc-industries/creator-led-brands-marketing-agency/,Index after content threshold,Phase 3,shopify development and cro for creator-led brands,dtc-service-industry-sitemap.xml,Consultus campaign matrix pattern
https://www.consultusdigital.com/dtc-marketing-services/email-sms-for-creator-led-brands/,/dtc-marketing-services/email-sms-for-creator-led-brands/,DTC,Commerce models,Service × Industry Landing Page,Creator-led brands,Email and SMS,/dtc-industries/creator-led-brands-marketing-agency/,Index after content threshold,Phase 3,email and sms for creator-led brands,dtc-service-industry-sitemap.xml,Consultus campaign matrix pattern
https://www.consultusdigital.com/dtc-marketing-services/analytics-for-creator-led-brands/,/dtc-marketing-services/analytics-for-creator-led-brands/,DTC,Commerce models,Service × Industry Landing Page,Creator-led brands,Analytics and Attribution,/dtc-industries/creator-led-brands-marketing-agency/,Index after content threshold,Phase 3,analytics and attribution for creator-led brands,dtc-service-industry-sitemap.xml,Consultus campaign matrix pattern
https://www.consultusdigital.com/dtc-marketing-services/marketplace-marketing-for-creator-led-brands/,/dtc-marketing-services/marketplace-marketing-for-creator-led-brands/,DTC,Commerce models,Service × Industry Landing Page,Creator-led brands,Marketplace Marketing,/dtc-industries/creator-led-brands-marketing-agency/,Index after content threshold,Phase 3,marketplace marketing for creator-led brands,dtc-service-industry-sitemap.xml,Consultus campaign matrix pattern
https://www.consultusdigital.com/dtc-industries/wholesale-to-dtc-brands-marketing-agency/,/dtc-industries/wholesale-to-dtc-brands-marketing-agency/,DTC,Commerce models,Industry Marketing Agency Page,Wholesale-to-DTC brands,,/dtc-industries/commerce-models/,Index,Phase 2,wholesale-to-dtc brands marketing agency,dtc-industry-agency-sitemap.xml,https://www.cardinaldigitalmarketing.com/healthcare-specialties/mental-healthcare-providers-agency/
https://www.consultusdigital.com/dtc-marketing-services/performance-marketing-for-wholesale-to-dtc-brands/,/dtc-marketing-services/performance-marketing-for-wholesale-to-dtc-brands/,DTC,Commerce models,Service × Industry Landing Page,Wholesale-to-DTC brands,Performance Marketing Agency,/dtc-industries/wholesale-to-dtc-brands-marketing-agency/,Index after content threshold,Phase 3,performance marketing agency for wholesale-to-dtc brands,dtc-service-industry-sitemap.xml,Consultus campaign matrix pattern
https://www.consultusdigital.com/dtc-marketing-services/paid-social-for-wholesale-to-dtc-brands/,/dtc-marketing-services/paid-social-for-wholesale-to-dtc-brands/,DTC,Commerce models,Service × Industry Landing Page,Wholesale-to-DTC brands,Paid Social,/dtc-industries/wholesale-to-dtc-brands-marketing-agency/,Index after content threshold,Phase 3,paid social for wholesale-to-dtc brands,dtc-service-industry-sitemap.xml,Consultus campaign matrix pattern
https://www.consultusdigital.com/dtc-marketing-services/paid-search-shopping-for-wholesale-to-dtc-brands/,/dtc-marketing-services/paid-search-shopping-for-wholesale-to-dtc-brands/,DTC,Commerce models,Service × Industry Landing Page,Wholesale-to-DTC brands,Paid Search and Shopping,/dtc-industries/wholesale-to-dtc-brands-marketing-agency/,Index after content threshold,Phase 3,paid search and shopping for wholesale-to-dtc brands,dtc-service-industry-sitemap.xml,Consultus campaign matrix pattern
https://www.consultusdigital.com/dtc-marketing-services/seo-for-wholesale-to-dtc-brands/,/dtc-marketing-services/seo-for-wholesale-to-dtc-brands/,DTC,Commerce models,Service × Industry Landing Page,Wholesale-to-DTC brands,E-commerce SEO,/dtc-industries/wholesale-to-dtc-brands-marketing-agency/,Index after content threshold,Phase 3,e-commerce seo for wholesale-to-dtc brands,dtc-service-industry-sitemap.xml,Consultus campaign matrix pattern
https://www.consultusdigital.com/dtc-marketing-services/ai-search-for-wholesale-to-dtc-brands/,/dtc-marketing-services/ai-search-for-wholesale-to-dtc-brands/,DTC,Commerce models,Service × Industry Landing Page,Wholesale-to-DTC brands,"AEO, GEO and AI Search",/dtc-industries/wholesale-to-dtc-brands-marketing-agency/,Index after content threshold,Phase 3,"aeo, geo and ai search for wholesale-to-dtc brands",dtc-service-industry-sitemap.xml,Consultus campaign matrix pattern
https://www.consultusdigital.com/dtc-marketing-services/performance-creative-for-wholesale-to-dtc-brands/,/dtc-marketing-services/performance-creative-for-wholesale-to-dtc-brands/,DTC,Commerce models,Service × Industry Landing Page,Wholesale-to-DTC brands,Performance Creative,/dtc-industries/wholesale-to-dtc-brands-marketing-agency/,Index after content threshold,Phase 3,performance creative for wholesale-to-dtc brands,dtc-service-industry-sitemap.xml,Consultus campaign matrix pattern
https://www.consultusdigital.com/dtc-marketing-services/shopify-cro-for-wholesale-to-dtc-brands/,/dtc-marketing-services/shopify-cro-for-wholesale-to-dtc-brands/,DTC,Commerce models,Service × Industry Landing Page,Wholesale-to-DTC brands,Shopify Development and CRO,/dtc-industries/wholesale-to-dtc-brands-marketing-agency/,Index after content threshold,Phase 3,shopify development and cro for wholesale-to-dtc brands,dtc-service-industry-sitemap.xml,Consultus campaign matrix pattern
https://www.consultusdigital.com/dtc-marketing-services/email-sms-for-wholesale-to-dtc-brands/,/dtc-marketing-services/email-sms-for-wholesale-to-dtc-brands/,DTC,Commerce models,Service × Industry Landing Page,Wholesale-to-DTC brands,Email and SMS,/dtc-industries/wholesale-to-dtc-brands-marketing-agency/,Index after content threshold,Phase 3,email and sms for wholesale-to-dtc brands,dtc-service-industry-sitemap.xml,Consultus campaign matrix pattern
https://www.consultusdigital.com/dtc-marketing-services/analytics-for-wholesale-to-dtc-brands/,/dtc-marketing-services/analytics-for-wholesale-to-dtc-brands/,DTC,Commerce models,Service × Industry Landing Page,Wholesale-to-DTC brands,Analytics and Attribution,/dtc-industries/wholesale-to-dtc-brands-marketing-agency/,Index after content threshold,Phase 3,analytics and attribution for wholesale-to-dtc brands,dtc-service-industry-sitemap.xml,Consultus campaign matrix pattern
https://www.consultusdigital.com/dtc-marketing-services/marketplace-marketing-for-wholesale-to-dtc-brands/,/dtc-marketing-services/marketplace-marketing-for-wholesale-to-dtc-brands/,DTC,Commerce models,Service × Industry Landing Page,Wholesale-to-DTC brands,Marketplace Marketing,/dtc-industries/wholesale-to-dtc-brands-marketing-agency/,Index after content threshold,Phase 3,marketplace marketing for wholesale-to-dtc brands,dtc-service-industry-sitemap.xml,Consultus campaign matrix pattern
