URL,Path,Division,Group / Sector,Page Type,Industry / Entity,Service / Solution,Parent Hub,Indexation,Launch Phase,Primary Intent,XML Sitemap,Reference / Source
https://www.consultusdigital.com/professional-services-marketing-agency/,/professional-services-marketing-agency/,Professional Services,,Division Marketing Agency Hub,Professional Services,,/divisions/,Index,Phase 1,professional services marketing agency,professional-services-division-sitemap.xml,https://www.cardinaldigitalmarketing.com/healthcare-specialties/mental-healthcare-providers-agency/
https://www.consultusdigital.com/professional-services-industries/,/professional-services-industries/,Professional Services,,Industry Directory,Professional Services industries,,/professional-services-marketing-agency/,Index,Phase 1,professional services marketing agency industries,professional-services-industry-agency-sitemap.xml,https://www.cardinaldigitalmarketing.com/healthcare-specialties/mental-healthcare-providers-agency/
https://www.consultusdigital.com/professional-services-marketing-services/,/professional-services-marketing-services/,Professional Services,,Division Service Hub,Professional Services marketing services,,/professional-services-marketing-agency/,Index,Phase 1,professional services marketing services,professional-services-service-industry-sitemap.xml,Consultus architecture
https://www.consultusdigital.com/professional-services-marketing-agency/solutions/,/professional-services-marketing-agency/solutions/,Professional Services,,Division Solution Hub,Professional Services solutions,,/professional-services-marketing-agency/,Index,Phase 1,professional services solutions,professional-services-solutions-sitemap.xml,Consultus architecture
https://www.consultusdigital.com/professional-services-marketing-agency/case-studies/,/professional-services-marketing-agency/case-studies/,Professional Services,,Division Case Study Hub,Professional Services case studies,,/professional-services-marketing-agency/,Index,Phase 1,professional services case studies,case-study-sitemap.xml,Consultus architecture
https://www.consultusdigital.com/professional-services-marketing-agency/insights/,/professional-services-marketing-agency/insights/,Professional Services,,Division Insight Hub,Professional Services insights,,/professional-services-marketing-agency/,Index,Phase 1,professional services insights,post-sitemap.xml,Consultus architecture
https://www.consultusdigital.com/professional-services-marketing-agency/lead-strategist/,/professional-services-marketing-agency/lead-strategist/,Professional Services,,Division Lead Strategist,Professional Services lead strategist,,/professional-services-marketing-agency/,Index,Phase 1,professional services lead strategist,expert-sitemap.xml,Consultus architecture
https://www.consultusdigital.com/professional-services-marketing-agency/growth-assessment/,/professional-services-marketing-agency/growth-assessment/,Professional Services,,Division Assessment,Professional Services growth assessment,,/professional-services-marketing-agency/,Index,Phase 1,professional services growth assessment,resource-sitemap.xml,Consultus architecture
https://www.consultusdigital.com/professional-services-marketing-agency/solutions/high-value-lead-generation/,/professional-services-marketing-agency/solutions/high-value-lead-generation/,Professional Services,,Division Solution,High-value lead generation,High-value lead generation,/professional-services-marketing-agency/solutions/,Index,Phase 1,professional services high-value lead generation,professional-services-solutions-sitemap.xml,Consultus architecture
https://www.consultusdigital.com/professional-services-marketing-agency/solutions/authority-building/,/professional-services-marketing-agency/solutions/authority-building/,Professional Services,,Division Solution,Authority building,Authority building,/professional-services-marketing-agency/solutions/,Index,Phase 1,professional services authority building,professional-services-solutions-sitemap.xml,Consultus architecture
https://www.consultusdigital.com/professional-services-marketing-agency/solutions/pipeline-growth/,/professional-services-marketing-agency/solutions/pipeline-growth/,Professional Services,,Division Solution,Pipeline growth,Pipeline growth,/professional-services-marketing-agency/solutions/,Index,Phase 1,professional services pipeline growth,professional-services-solutions-sitemap.xml,Consultus architecture
https://www.consultusdigital.com/professional-services-marketing-agency/solutions/sales-enablement/,/professional-services-marketing-agency/solutions/sales-enablement/,Professional Services,,Division Solution,Sales enablement,Sales enablement,/professional-services-marketing-agency/solutions/,Index,Phase 1,professional services sales enablement,professional-services-solutions-sitemap.xml,Consultus architecture
https://www.consultusdigital.com/professional-services-marketing-agency/solutions/market-expansion/,/professional-services-marketing-agency/solutions/market-expansion/,Professional Services,,Division Solution,Market expansion,Market expansion,/professional-services-marketing-agency/solutions/,Index,Phase 1,professional services market expansion,professional-services-solutions-sitemap.xml,Consultus architecture
https://www.consultusdigital.com/professional-services-marketing-agency/solutions/multi-office-growth/,/professional-services-marketing-agency/solutions/multi-office-growth/,Professional Services,,Division Solution,Multi-office growth,Multi-office growth,/professional-services-marketing-agency/solutions/,Index,Phase 1,professional services multi-office growth,professional-services-solutions-sitemap.xml,Consultus architecture
https://www.consultusdigital.com/professional-services-marketing-agency/solutions/crm-adoption/,/professional-services-marketing-agency/solutions/crm-adoption/,Professional Services,,Division Solution,CRM adoption,CRM adoption,/professional-services-marketing-agency/solutions/,Index,Phase 1,professional services crm adoption,professional-services-solutions-sitemap.xml,Consultus architecture
https://www.consultusdigital.com/professional-services-marketing-agency/solutions/reputation-and-trust/,/professional-services-marketing-agency/solutions/reputation-and-trust/,Professional Services,,Division Solution,Reputation and trust,Reputation and trust,/professional-services-marketing-agency/solutions/,Index,Phase 1,professional services reputation and trust,professional-services-solutions-sitemap.xml,Consultus architecture
https://www.consultusdigital.com/professional-services-marketing-agency/solutions/partner-led-growth/,/professional-services-marketing-agency/solutions/partner-led-growth/,Professional Services,,Division Solution,Partner-led growth,Partner-led growth,/professional-services-marketing-agency/solutions/,Index,Phase 1,professional services partner-led growth,professional-services-solutions-sitemap.xml,Consultus architecture
https://www.consultusdigital.com/professional-services-marketing-agency/solutions/digital-transformation/,/professional-services-marketing-agency/solutions/digital-transformation/,Professional Services,,Division Solution,Digital transformation,Digital transformation,/professional-services-marketing-agency/solutions/,Index,Phase 1,professional services digital transformation,professional-services-solutions-sitemap.xml,Consultus architecture
https://www.consultusdigital.com/professional-services-industries/legal-services/,/professional-services-industries/legal-services/,Professional Services,Legal services,Sector Hub,Legal services,,/professional-services-industries/,Index,Phase 1,legal services marketing agency,professional-services-industry-agency-sitemap.xml,https://www.cardinaldigitalmarketing.com/healthcare-specialties/mental-healthcare-providers-agency/
https://www.consultusdigital.com/professional-services-industries/personal-injury-law-firms-marketing-agency/,/professional-services-industries/personal-injury-law-firms-marketing-agency/,Professional Services,Legal services,Industry Marketing Agency Page,Personal injury law firms,,/professional-services-industries/legal-services/,Index,Phase 2,personal injury law firms marketing agency,professional-services-industry-agency-sitemap.xml,https://www.cardinaldigitalmarketing.com/healthcare-specialties/mental-healthcare-providers-agency/
https://www.consultusdigital.com/professional-services-marketing-services/digital-marketing-for-personal-injury-law-firms/,/professional-services-marketing-services/digital-marketing-for-personal-injury-law-firms/,Professional Services,Legal services,Service × Industry Landing Page,Personal injury law firms,Digital Marketing Agency,/professional-services-industries/personal-injury-law-firms-marketing-agency/,Index after content threshold,Phase 3,digital marketing agency for personal injury law firms,professional-services-service-industry-sitemap.xml,Consultus campaign matrix pattern
https://www.consultusdigital.com/professional-services-marketing-services/paid-search-for-personal-injury-law-firms/,/professional-services-marketing-services/paid-search-for-personal-injury-law-firms/,Professional Services,Legal services,Service × Industry Landing Page,Personal injury law firms,Paid Search and PPC,/professional-services-industries/personal-injury-law-firms-marketing-agency/,Index after content threshold,Phase 3,paid search and ppc for personal injury law firms,professional-services-service-industry-sitemap.xml,Consultus campaign matrix pattern
https://www.consultusdigital.com/professional-services-marketing-services/seo-for-personal-injury-law-firms/,/professional-services-marketing-services/seo-for-personal-injury-law-firms/,Professional Services,Legal services,Service × Industry Landing Page,Personal injury law firms,SEO,/professional-services-industries/personal-injury-law-firms-marketing-agency/,Index after content threshold,Phase 3,seo for personal injury law firms,professional-services-service-industry-sitemap.xml,Consultus campaign matrix pattern
https://www.consultusdigital.com/professional-services-marketing-services/ai-search-for-personal-injury-law-firms/,/professional-services-marketing-services/ai-search-for-personal-injury-law-firms/,Professional Services,Legal services,Service × Industry Landing Page,Personal injury law firms,"AEO, GEO and AI Search",/professional-services-industries/personal-injury-law-firms-marketing-agency/,Index after content threshold,Phase 3,"aeo, geo and ai search for personal injury law firms",professional-services-service-industry-sitemap.xml,Consultus campaign matrix pattern
https://www.consultusdigital.com/professional-services-marketing-services/paid-social-for-personal-injury-law-firms/,/professional-services-marketing-services/paid-social-for-personal-injury-law-firms/,Professional Services,Legal services,Service × Industry Landing Page,Personal injury law firms,Paid Social,/professional-services-industries/personal-injury-law-firms-marketing-agency/,Index after content threshold,Phase 3,paid social for personal injury law firms,professional-services-service-industry-sitemap.xml,Consultus campaign matrix pattern
https://www.consultusdigital.com/professional-services-marketing-services/web-design-for-personal-injury-law-firms/,/professional-services-marketing-services/web-design-for-personal-injury-law-firms/,Professional Services,Legal services,Service × Industry Landing Page,Personal injury law firms,Website Design and CRO,/professional-services-industries/personal-injury-law-firms-marketing-agency/,Index after content threshold,Phase 3,website design and cro for personal injury law firms,professional-services-service-industry-sitemap.xml,Consultus campaign matrix pattern
https://www.consultusdigital.com/professional-services-marketing-services/crm-revops-for-personal-injury-law-firms/,/professional-services-marketing-services/crm-revops-for-personal-injury-law-firms/,Professional Services,Legal services,Service × Industry Landing Page,Personal injury law firms,CRM and Revenue Operations,/professional-services-industries/personal-injury-law-firms-marketing-agency/,Index after content threshold,Phase 3,crm and revenue operations for personal injury law firms,professional-services-service-industry-sitemap.xml,Consultus campaign matrix pattern
https://www.consultusdigital.com/professional-services-marketing-services/thought-leadership-for-personal-injury-law-firms/,/professional-services-marketing-services/thought-leadership-for-personal-injury-law-firms/,Professional Services,Legal services,Service × Industry Landing Page,Personal injury law firms,Thought Leadership and Content,/professional-services-industries/personal-injury-law-firms-marketing-agency/,Index after content threshold,Phase 3,thought leadership and content for personal injury law firms,professional-services-service-industry-sitemap.xml,Consultus campaign matrix pattern
https://www.consultusdigital.com/professional-services-marketing-services/ad-creative-for-personal-injury-law-firms/,/professional-services-marketing-services/ad-creative-for-personal-injury-law-firms/,Professional Services,Legal services,Service × Industry Landing Page,Personal injury law firms,Ad Creative Production,/professional-services-industries/personal-injury-law-firms-marketing-agency/,Index after content threshold,Phase 3,ad creative production for personal injury law firms,professional-services-service-industry-sitemap.xml,Consultus campaign matrix pattern
https://www.consultusdigital.com/professional-services-marketing-services/analytics-for-personal-injury-law-firms/,/professional-services-marketing-services/analytics-for-personal-injury-law-firms/,Professional Services,Legal services,Service × Industry Landing Page,Personal injury law firms,Pipeline Analytics and Attribution,/professional-services-industries/personal-injury-law-firms-marketing-agency/,Index after content threshold,Phase 3,pipeline analytics and attribution for personal injury law firms,professional-services-service-industry-sitemap.xml,Consultus campaign matrix pattern
https://www.consultusdigital.com/professional-services-industries/medical-malpractice-law-firms-marketing-agency/,/professional-services-industries/medical-malpractice-law-firms-marketing-agency/,Professional Services,Legal services,Industry Marketing Agency Page,Medical malpractice law firms,,/professional-services-industries/legal-services/,Index,Phase 2,medical malpractice law firms marketing agency,professional-services-industry-agency-sitemap.xml,https://www.cardinaldigitalmarketing.com/healthcare-specialties/mental-healthcare-providers-agency/
https://www.consultusdigital.com/professional-services-marketing-services/digital-marketing-for-medical-malpractice-law-firms/,/professional-services-marketing-services/digital-marketing-for-medical-malpractice-law-firms/,Professional Services,Legal services,Service × Industry Landing Page,Medical malpractice law firms,Digital Marketing Agency,/professional-services-industries/medical-malpractice-law-firms-marketing-agency/,Index after content threshold,Phase 3,digital marketing agency for medical malpractice law firms,professional-services-service-industry-sitemap.xml,Consultus campaign matrix pattern
https://www.consultusdigital.com/professional-services-marketing-services/paid-search-for-medical-malpractice-law-firms/,/professional-services-marketing-services/paid-search-for-medical-malpractice-law-firms/,Professional Services,Legal services,Service × Industry Landing Page,Medical malpractice law firms,Paid Search and PPC,/professional-services-industries/medical-malpractice-law-firms-marketing-agency/,Index after content threshold,Phase 3,paid search and ppc for medical malpractice law firms,professional-services-service-industry-sitemap.xml,Consultus campaign matrix pattern
https://www.consultusdigital.com/professional-services-marketing-services/seo-for-medical-malpractice-law-firms/,/professional-services-marketing-services/seo-for-medical-malpractice-law-firms/,Professional Services,Legal services,Service × Industry Landing Page,Medical malpractice law firms,SEO,/professional-services-industries/medical-malpractice-law-firms-marketing-agency/,Index after content threshold,Phase 3,seo for medical malpractice law firms,professional-services-service-industry-sitemap.xml,Consultus campaign matrix pattern
https://www.consultusdigital.com/professional-services-marketing-services/ai-search-for-medical-malpractice-law-firms/,/professional-services-marketing-services/ai-search-for-medical-malpractice-law-firms/,Professional Services,Legal services,Service × Industry Landing Page,Medical malpractice law firms,"AEO, GEO and AI Search",/professional-services-industries/medical-malpractice-law-firms-marketing-agency/,Index after content threshold,Phase 3,"aeo, geo and ai search for medical malpractice law firms",professional-services-service-industry-sitemap.xml,Consultus campaign matrix pattern
https://www.consultusdigital.com/professional-services-marketing-services/paid-social-for-medical-malpractice-law-firms/,/professional-services-marketing-services/paid-social-for-medical-malpractice-law-firms/,Professional Services,Legal services,Service × Industry Landing Page,Medical malpractice law firms,Paid Social,/professional-services-industries/medical-malpractice-law-firms-marketing-agency/,Index after content threshold,Phase 3,paid social for medical malpractice law firms,professional-services-service-industry-sitemap.xml,Consultus campaign matrix pattern
https://www.consultusdigital.com/professional-services-marketing-services/web-design-for-medical-malpractice-law-firms/,/professional-services-marketing-services/web-design-for-medical-malpractice-law-firms/,Professional Services,Legal services,Service × Industry Landing Page,Medical malpractice law firms,Website Design and CRO,/professional-services-industries/medical-malpractice-law-firms-marketing-agency/,Index after content threshold,Phase 3,website design and cro for medical malpractice law firms,professional-services-service-industry-sitemap.xml,Consultus campaign matrix pattern
https://www.consultusdigital.com/professional-services-marketing-services/crm-revops-for-medical-malpractice-law-firms/,/professional-services-marketing-services/crm-revops-for-medical-malpractice-law-firms/,Professional Services,Legal services,Service × Industry Landing Page,Medical malpractice law firms,CRM and Revenue Operations,/professional-services-industries/medical-malpractice-law-firms-marketing-agency/,Index after content threshold,Phase 3,crm and revenue operations for medical malpractice law firms,professional-services-service-industry-sitemap.xml,Consultus campaign matrix pattern
https://www.consultusdigital.com/professional-services-marketing-services/thought-leadership-for-medical-malpractice-law-firms/,/professional-services-marketing-services/thought-leadership-for-medical-malpractice-law-firms/,Professional Services,Legal services,Service × Industry Landing Page,Medical malpractice law firms,Thought Leadership and Content,/professional-services-industries/medical-malpractice-law-firms-marketing-agency/,Index after content threshold,Phase 3,thought leadership and content for medical malpractice law firms,professional-services-service-industry-sitemap.xml,Consultus campaign matrix pattern
https://www.consultusdigital.com/professional-services-marketing-services/ad-creative-for-medical-malpractice-law-firms/,/professional-services-marketing-services/ad-creative-for-medical-malpractice-law-firms/,Professional Services,Legal services,Service × Industry Landing Page,Medical malpractice law firms,Ad Creative Production,/professional-services-industries/medical-malpractice-law-firms-marketing-agency/,Index after content threshold,Phase 3,ad creative production for medical malpractice law firms,professional-services-service-industry-sitemap.xml,Consultus campaign matrix pattern
https://www.consultusdigital.com/professional-services-marketing-services/analytics-for-medical-malpractice-law-firms/,/professional-services-marketing-services/analytics-for-medical-malpractice-law-firms/,Professional Services,Legal services,Service × Industry Landing Page,Medical malpractice law firms,Pipeline Analytics and Attribution,/professional-services-industries/medical-malpractice-law-firms-marketing-agency/,Index after content threshold,Phase 3,pipeline analytics and attribution for medical malpractice law firms,professional-services-service-industry-sitemap.xml,Consultus campaign matrix pattern
https://www.consultusdigital.com/professional-services-industries/employment-law-firms-marketing-agency/,/professional-services-industries/employment-law-firms-marketing-agency/,Professional Services,Legal services,Industry Marketing Agency Page,Employment law firms,,/professional-services-industries/legal-services/,Index,Phase 2,employment law firms marketing agency,professional-services-industry-agency-sitemap.xml,https://www.cardinaldigitalmarketing.com/healthcare-specialties/mental-healthcare-providers-agency/
https://www.consultusdigital.com/professional-services-marketing-services/digital-marketing-for-employment-law-firms/,/professional-services-marketing-services/digital-marketing-for-employment-law-firms/,Professional Services,Legal services,Service × Industry Landing Page,Employment law firms,Digital Marketing Agency,/professional-services-industries/employment-law-firms-marketing-agency/,Index after content threshold,Phase 3,digital marketing agency for employment law firms,professional-services-service-industry-sitemap.xml,Consultus campaign matrix pattern
https://www.consultusdigital.com/professional-services-marketing-services/paid-search-for-employment-law-firms/,/professional-services-marketing-services/paid-search-for-employment-law-firms/,Professional Services,Legal services,Service × Industry Landing Page,Employment law firms,Paid Search and PPC,/professional-services-industries/employment-law-firms-marketing-agency/,Index after content threshold,Phase 3,paid search and ppc for employment law firms,professional-services-service-industry-sitemap.xml,Consultus campaign matrix pattern
https://www.consultusdigital.com/professional-services-marketing-services/seo-for-employment-law-firms/,/professional-services-marketing-services/seo-for-employment-law-firms/,Professional Services,Legal services,Service × Industry Landing Page,Employment law firms,SEO,/professional-services-industries/employment-law-firms-marketing-agency/,Index after content threshold,Phase 3,seo for employment law firms,professional-services-service-industry-sitemap.xml,Consultus campaign matrix pattern
https://www.consultusdigital.com/professional-services-marketing-services/ai-search-for-employment-law-firms/,/professional-services-marketing-services/ai-search-for-employment-law-firms/,Professional Services,Legal services,Service × Industry Landing Page,Employment law firms,"AEO, GEO and AI Search",/professional-services-industries/employment-law-firms-marketing-agency/,Index after content threshold,Phase 3,"aeo, geo and ai search for employment law firms",professional-services-service-industry-sitemap.xml,Consultus campaign matrix pattern
https://www.consultusdigital.com/professional-services-marketing-services/paid-social-for-employment-law-firms/,/professional-services-marketing-services/paid-social-for-employment-law-firms/,Professional Services,Legal services,Service × Industry Landing Page,Employment law firms,Paid Social,/professional-services-industries/employment-law-firms-marketing-agency/,Index after content threshold,Phase 3,paid social for employment law firms,professional-services-service-industry-sitemap.xml,Consultus campaign matrix pattern
https://www.consultusdigital.com/professional-services-marketing-services/web-design-for-employment-law-firms/,/professional-services-marketing-services/web-design-for-employment-law-firms/,Professional Services,Legal services,Service × Industry Landing Page,Employment law firms,Website Design and CRO,/professional-services-industries/employment-law-firms-marketing-agency/,Index after content threshold,Phase 3,website design and cro for employment law firms,professional-services-service-industry-sitemap.xml,Consultus campaign matrix pattern
https://www.consultusdigital.com/professional-services-marketing-services/crm-revops-for-employment-law-firms/,/professional-services-marketing-services/crm-revops-for-employment-law-firms/,Professional Services,Legal services,Service × Industry Landing Page,Employment law firms,CRM and Revenue Operations,/professional-services-industries/employment-law-firms-marketing-agency/,Index after content threshold,Phase 3,crm and revenue operations for employment law firms,professional-services-service-industry-sitemap.xml,Consultus campaign matrix pattern
https://www.consultusdigital.com/professional-services-marketing-services/thought-leadership-for-employment-law-firms/,/professional-services-marketing-services/thought-leadership-for-employment-law-firms/,Professional Services,Legal services,Service × Industry Landing Page,Employment law firms,Thought Leadership and Content,/professional-services-industries/employment-law-firms-marketing-agency/,Index after content threshold,Phase 3,thought leadership and content for employment law firms,professional-services-service-industry-sitemap.xml,Consultus campaign matrix pattern
https://www.consultusdigital.com/professional-services-marketing-services/ad-creative-for-employment-law-firms/,/professional-services-marketing-services/ad-creative-for-employment-law-firms/,Professional Services,Legal services,Service × Industry Landing Page,Employment law firms,Ad Creative Production,/professional-services-industries/employment-law-firms-marketing-agency/,Index after content threshold,Phase 3,ad creative production for employment law firms,professional-services-service-industry-sitemap.xml,Consultus campaign matrix pattern
https://www.consultusdigital.com/professional-services-marketing-services/analytics-for-employment-law-firms/,/professional-services-marketing-services/analytics-for-employment-law-firms/,Professional Services,Legal services,Service × Industry Landing Page,Employment law firms,Pipeline Analytics and Attribution,/professional-services-industries/employment-law-firms-marketing-agency/,Index after content threshold,Phase 3,pipeline analytics and attribution for employment law firms,professional-services-service-industry-sitemap.xml,Consultus campaign matrix pattern
https://www.consultusdigital.com/professional-services-industries/family-law-firms-marketing-agency/,/professional-services-industries/family-law-firms-marketing-agency/,Professional Services,Legal services,Industry Marketing Agency Page,Family law firms,,/professional-services-industries/legal-services/,Index,Phase 2,family law firms marketing agency,professional-services-industry-agency-sitemap.xml,https://www.cardinaldigitalmarketing.com/healthcare-specialties/mental-healthcare-providers-agency/
https://www.consultusdigital.com/professional-services-marketing-services/digital-marketing-for-family-law-firms/,/professional-services-marketing-services/digital-marketing-for-family-law-firms/,Professional Services,Legal services,Service × Industry Landing Page,Family law firms,Digital Marketing Agency,/professional-services-industries/family-law-firms-marketing-agency/,Index after content threshold,Phase 3,digital marketing agency for family law firms,professional-services-service-industry-sitemap.xml,Consultus campaign matrix pattern
https://www.consultusdigital.com/professional-services-marketing-services/paid-search-for-family-law-firms/,/professional-services-marketing-services/paid-search-for-family-law-firms/,Professional Services,Legal services,Service × Industry Landing Page,Family law firms,Paid Search and PPC,/professional-services-industries/family-law-firms-marketing-agency/,Index after content threshold,Phase 3,paid search and ppc for family law firms,professional-services-service-industry-sitemap.xml,Consultus campaign matrix pattern
https://www.consultusdigital.com/professional-services-marketing-services/seo-for-family-law-firms/,/professional-services-marketing-services/seo-for-family-law-firms/,Professional Services,Legal services,Service × Industry Landing Page,Family law firms,SEO,/professional-services-industries/family-law-firms-marketing-agency/,Index after content threshold,Phase 3,seo for family law firms,professional-services-service-industry-sitemap.xml,Consultus campaign matrix pattern
https://www.consultusdigital.com/professional-services-marketing-services/ai-search-for-family-law-firms/,/professional-services-marketing-services/ai-search-for-family-law-firms/,Professional Services,Legal services,Service × Industry Landing Page,Family law firms,"AEO, GEO and AI Search",/professional-services-industries/family-law-firms-marketing-agency/,Index after content threshold,Phase 3,"aeo, geo and ai search for family law firms",professional-services-service-industry-sitemap.xml,Consultus campaign matrix pattern
https://www.consultusdigital.com/professional-services-marketing-services/paid-social-for-family-law-firms/,/professional-services-marketing-services/paid-social-for-family-law-firms/,Professional Services,Legal services,Service × Industry Landing Page,Family law firms,Paid Social,/professional-services-industries/family-law-firms-marketing-agency/,Index after content threshold,Phase 3,paid social for family law firms,professional-services-service-industry-sitemap.xml,Consultus campaign matrix pattern
https://www.consultusdigital.com/professional-services-marketing-services/web-design-for-family-law-firms/,/professional-services-marketing-services/web-design-for-family-law-firms/,Professional Services,Legal services,Service × Industry Landing Page,Family law firms,Website Design and CRO,/professional-services-industries/family-law-firms-marketing-agency/,Index after content threshold,Phase 3,website design and cro for family law firms,professional-services-service-industry-sitemap.xml,Consultus campaign matrix pattern
https://www.consultusdigital.com/professional-services-marketing-services/crm-revops-for-family-law-firms/,/professional-services-marketing-services/crm-revops-for-family-law-firms/,Professional Services,Legal services,Service × Industry Landing Page,Family law firms,CRM and Revenue Operations,/professional-services-industries/family-law-firms-marketing-agency/,Index after content threshold,Phase 3,crm and revenue operations for family law firms,professional-services-service-industry-sitemap.xml,Consultus campaign matrix pattern
https://www.consultusdigital.com/professional-services-marketing-services/thought-leadership-for-family-law-firms/,/professional-services-marketing-services/thought-leadership-for-family-law-firms/,Professional Services,Legal services,Service × Industry Landing Page,Family law firms,Thought Leadership and Content,/professional-services-industries/family-law-firms-marketing-agency/,Index after content threshold,Phase 3,thought leadership and content for family law firms,professional-services-service-industry-sitemap.xml,Consultus campaign matrix pattern
https://www.consultusdigital.com/professional-services-marketing-services/ad-creative-for-family-law-firms/,/professional-services-marketing-services/ad-creative-for-family-law-firms/,Professional Services,Legal services,Service × Industry Landing Page,Family law firms,Ad Creative Production,/professional-services-industries/family-law-firms-marketing-agency/,Index after content threshold,Phase 3,ad creative production for family law firms,professional-services-service-industry-sitemap.xml,Consultus campaign matrix pattern
https://www.consultusdigital.com/professional-services-marketing-services/analytics-for-family-law-firms/,/professional-services-marketing-services/analytics-for-family-law-firms/,Professional Services,Legal services,Service × Industry Landing Page,Family law firms,Pipeline Analytics and Attribution,/professional-services-industries/family-law-firms-marketing-agency/,Index after content threshold,Phase 3,pipeline analytics and attribution for family law firms,professional-services-service-industry-sitemap.xml,Consultus campaign matrix pattern
https://www.consultusdigital.com/professional-services-industries/criminal-defence-law-firms-marketing-agency/,/professional-services-industries/criminal-defence-law-firms-marketing-agency/,Professional Services,Legal services,Industry Marketing Agency Page,Criminal defence law firms,,/professional-services-industries/legal-services/,Index,Phase 2,criminal defence law firms marketing agency,professional-services-industry-agency-sitemap.xml,https://www.cardinaldigitalmarketing.com/healthcare-specialties/mental-healthcare-providers-agency/
https://www.consultusdigital.com/professional-services-marketing-services/digital-marketing-for-criminal-defence-law-firms/,/professional-services-marketing-services/digital-marketing-for-criminal-defence-law-firms/,Professional Services,Legal services,Service × Industry Landing Page,Criminal defence law firms,Digital Marketing Agency,/professional-services-industries/criminal-defence-law-firms-marketing-agency/,Index after content threshold,Phase 3,digital marketing agency for criminal defence law firms,professional-services-service-industry-sitemap.xml,Consultus campaign matrix pattern
https://www.consultusdigital.com/professional-services-marketing-services/paid-search-for-criminal-defence-law-firms/,/professional-services-marketing-services/paid-search-for-criminal-defence-law-firms/,Professional Services,Legal services,Service × Industry Landing Page,Criminal defence law firms,Paid Search and PPC,/professional-services-industries/criminal-defence-law-firms-marketing-agency/,Index after content threshold,Phase 3,paid search and ppc for criminal defence law firms,professional-services-service-industry-sitemap.xml,Consultus campaign matrix pattern
https://www.consultusdigital.com/professional-services-marketing-services/seo-for-criminal-defence-law-firms/,/professional-services-marketing-services/seo-for-criminal-defence-law-firms/,Professional Services,Legal services,Service × Industry Landing Page,Criminal defence law firms,SEO,/professional-services-industries/criminal-defence-law-firms-marketing-agency/,Index after content threshold,Phase 3,seo for criminal defence law firms,professional-services-service-industry-sitemap.xml,Consultus campaign matrix pattern
https://www.consultusdigital.com/professional-services-marketing-services/ai-search-for-criminal-defence-law-firms/,/professional-services-marketing-services/ai-search-for-criminal-defence-law-firms/,Professional Services,Legal services,Service × Industry Landing Page,Criminal defence law firms,"AEO, GEO and AI Search",/professional-services-industries/criminal-defence-law-firms-marketing-agency/,Index after content threshold,Phase 3,"aeo, geo and ai search for criminal defence law firms",professional-services-service-industry-sitemap.xml,Consultus campaign matrix pattern
https://www.consultusdigital.com/professional-services-marketing-services/paid-social-for-criminal-defence-law-firms/,/professional-services-marketing-services/paid-social-for-criminal-defence-law-firms/,Professional Services,Legal services,Service × Industry Landing Page,Criminal defence law firms,Paid Social,/professional-services-industries/criminal-defence-law-firms-marketing-agency/,Index after content threshold,Phase 3,paid social for criminal defence law firms,professional-services-service-industry-sitemap.xml,Consultus campaign matrix pattern
https://www.consultusdigital.com/professional-services-marketing-services/web-design-for-criminal-defence-law-firms/,/professional-services-marketing-services/web-design-for-criminal-defence-law-firms/,Professional Services,Legal services,Service × Industry Landing Page,Criminal defence law firms,Website Design and CRO,/professional-services-industries/criminal-defence-law-firms-marketing-agency/,Index after content threshold,Phase 3,website design and cro for criminal defence law firms,professional-services-service-industry-sitemap.xml,Consultus campaign matrix pattern
https://www.consultusdigital.com/professional-services-marketing-services/crm-revops-for-criminal-defence-law-firms/,/professional-services-marketing-services/crm-revops-for-criminal-defence-law-firms/,Professional Services,Legal services,Service × Industry Landing Page,Criminal defence law firms,CRM and Revenue Operations,/professional-services-industries/criminal-defence-law-firms-marketing-agency/,Index after content threshold,Phase 3,crm and revenue operations for criminal defence law firms,professional-services-service-industry-sitemap.xml,Consultus campaign matrix pattern
https://www.consultusdigital.com/professional-services-marketing-services/thought-leadership-for-criminal-defence-law-firms/,/professional-services-marketing-services/thought-leadership-for-criminal-defence-law-firms/,Professional Services,Legal services,Service × Industry Landing Page,Criminal defence law firms,Thought Leadership and Content,/professional-services-industries/criminal-defence-law-firms-marketing-agency/,Index after content threshold,Phase 3,thought leadership and content for criminal defence law firms,professional-services-service-industry-sitemap.xml,Consultus campaign matrix pattern
https://www.consultusdigital.com/professional-services-marketing-services/ad-creative-for-criminal-defence-law-firms/,/professional-services-marketing-services/ad-creative-for-criminal-defence-law-firms/,Professional Services,Legal services,Service × Industry Landing Page,Criminal defence law firms,Ad Creative Production,/professional-services-industries/criminal-defence-law-firms-marketing-agency/,Index after content threshold,Phase 3,ad creative production for criminal defence law firms,professional-services-service-industry-sitemap.xml,Consultus campaign matrix pattern
https://www.consultusdigital.com/professional-services-marketing-services/analytics-for-criminal-defence-law-firms/,/professional-services-marketing-services/analytics-for-criminal-defence-law-firms/,Professional Services,Legal services,Service × Industry Landing Page,Criminal defence law firms,Pipeline Analytics and Attribution,/professional-services-industries/criminal-defence-law-firms-marketing-agency/,Index after content threshold,Phase 3,pipeline analytics and attribution for criminal defence law firms,professional-services-service-industry-sitemap.xml,Consultus campaign matrix pattern
https://www.consultusdigital.com/professional-services-industries/immigration-law-firms-marketing-agency/,/professional-services-industries/immigration-law-firms-marketing-agency/,Professional Services,Legal services,Industry Marketing Agency Page,Immigration law firms,,/professional-services-industries/legal-services/,Index,Phase 2,immigration law firms marketing agency,professional-services-industry-agency-sitemap.xml,https://www.cardinaldigitalmarketing.com/healthcare-specialties/mental-healthcare-providers-agency/
https://www.consultusdigital.com/professional-services-marketing-services/digital-marketing-for-immigration-law-firms/,/professional-services-marketing-services/digital-marketing-for-immigration-law-firms/,Professional Services,Legal services,Service × Industry Landing Page,Immigration law firms,Digital Marketing Agency,/professional-services-industries/immigration-law-firms-marketing-agency/,Index after content threshold,Phase 3,digital marketing agency for immigration law firms,professional-services-service-industry-sitemap.xml,Consultus campaign matrix pattern
https://www.consultusdigital.com/professional-services-marketing-services/paid-search-for-immigration-law-firms/,/professional-services-marketing-services/paid-search-for-immigration-law-firms/,Professional Services,Legal services,Service × Industry Landing Page,Immigration law firms,Paid Search and PPC,/professional-services-industries/immigration-law-firms-marketing-agency/,Index after content threshold,Phase 3,paid search and ppc for immigration law firms,professional-services-service-industry-sitemap.xml,Consultus campaign matrix pattern
https://www.consultusdigital.com/professional-services-marketing-services/seo-for-immigration-law-firms/,/professional-services-marketing-services/seo-for-immigration-law-firms/,Professional Services,Legal services,Service × Industry Landing Page,Immigration law firms,SEO,/professional-services-industries/immigration-law-firms-marketing-agency/,Index after content threshold,Phase 3,seo for immigration law firms,professional-services-service-industry-sitemap.xml,Consultus campaign matrix pattern
https://www.consultusdigital.com/professional-services-marketing-services/ai-search-for-immigration-law-firms/,/professional-services-marketing-services/ai-search-for-immigration-law-firms/,Professional Services,Legal services,Service × Industry Landing Page,Immigration law firms,"AEO, GEO and AI Search",/professional-services-industries/immigration-law-firms-marketing-agency/,Index after content threshold,Phase 3,"aeo, geo and ai search for immigration law firms",professional-services-service-industry-sitemap.xml,Consultus campaign matrix pattern
https://www.consultusdigital.com/professional-services-marketing-services/paid-social-for-immigration-law-firms/,/professional-services-marketing-services/paid-social-for-immigration-law-firms/,Professional Services,Legal services,Service × Industry Landing Page,Immigration law firms,Paid Social,/professional-services-industries/immigration-law-firms-marketing-agency/,Index after content threshold,Phase 3,paid social for immigration law firms,professional-services-service-industry-sitemap.xml,Consultus campaign matrix pattern
https://www.consultusdigital.com/professional-services-marketing-services/web-design-for-immigration-law-firms/,/professional-services-marketing-services/web-design-for-immigration-law-firms/,Professional Services,Legal services,Service × Industry Landing Page,Immigration law firms,Website Design and CRO,/professional-services-industries/immigration-law-firms-marketing-agency/,Index after content threshold,Phase 3,website design and cro for immigration law firms,professional-services-service-industry-sitemap.xml,Consultus campaign matrix pattern
https://www.consultusdigital.com/professional-services-marketing-services/crm-revops-for-immigration-law-firms/,/professional-services-marketing-services/crm-revops-for-immigration-law-firms/,Professional Services,Legal services,Service × Industry Landing Page,Immigration law firms,CRM and Revenue Operations,/professional-services-industries/immigration-law-firms-marketing-agency/,Index after content threshold,Phase 3,crm and revenue operations for immigration law firms,professional-services-service-industry-sitemap.xml,Consultus campaign matrix pattern
https://www.consultusdigital.com/professional-services-marketing-services/thought-leadership-for-immigration-law-firms/,/professional-services-marketing-services/thought-leadership-for-immigration-law-firms/,Professional Services,Legal services,Service × Industry Landing Page,Immigration law firms,Thought Leadership and Content,/professional-services-industries/immigration-law-firms-marketing-agency/,Index after content threshold,Phase 3,thought leadership and content for immigration law firms,professional-services-service-industry-sitemap.xml,Consultus campaign matrix pattern
https://www.consultusdigital.com/professional-services-marketing-services/ad-creative-for-immigration-law-firms/,/professional-services-marketing-services/ad-creative-for-immigration-law-firms/,Professional Services,Legal services,Service × Industry Landing Page,Immigration law firms,Ad Creative Production,/professional-services-industries/immigration-law-firms-marketing-agency/,Index after content threshold,Phase 3,ad creative production for immigration law firms,professional-services-service-industry-sitemap.xml,Consultus campaign matrix pattern
https://www.consultusdigital.com/professional-services-marketing-services/analytics-for-immigration-law-firms/,/professional-services-marketing-services/analytics-for-immigration-law-firms/,Professional Services,Legal services,Service × Industry Landing Page,Immigration law firms,Pipeline Analytics and Attribution,/professional-services-industries/immigration-law-firms-marketing-agency/,Index after content threshold,Phase 3,pipeline analytics and attribution for immigration law firms,professional-services-service-industry-sitemap.xml,Consultus campaign matrix pattern
https://www.consultusdigital.com/professional-services-industries/corporate-law-firms-marketing-agency/,/professional-services-industries/corporate-law-firms-marketing-agency/,Professional Services,Legal services,Industry Marketing Agency Page,Corporate law firms,,/professional-services-industries/legal-services/,Index,Phase 2,corporate law firms marketing agency,professional-services-industry-agency-sitemap.xml,https://www.cardinaldigitalmarketing.com/healthcare-specialties/mental-healthcare-providers-agency/
https://www.consultusdigital.com/professional-services-marketing-services/digital-marketing-for-corporate-law-firms/,/professional-services-marketing-services/digital-marketing-for-corporate-law-firms/,Professional Services,Legal services,Service × Industry Landing Page,Corporate law firms,Digital Marketing Agency,/professional-services-industries/corporate-law-firms-marketing-agency/,Index after content threshold,Phase 3,digital marketing agency for corporate law firms,professional-services-service-industry-sitemap.xml,Consultus campaign matrix pattern
https://www.consultusdigital.com/professional-services-marketing-services/paid-search-for-corporate-law-firms/,/professional-services-marketing-services/paid-search-for-corporate-law-firms/,Professional Services,Legal services,Service × Industry Landing Page,Corporate law firms,Paid Search and PPC,/professional-services-industries/corporate-law-firms-marketing-agency/,Index after content threshold,Phase 3,paid search and ppc for corporate law firms,professional-services-service-industry-sitemap.xml,Consultus campaign matrix pattern
https://www.consultusdigital.com/professional-services-marketing-services/seo-for-corporate-law-firms/,/professional-services-marketing-services/seo-for-corporate-law-firms/,Professional Services,Legal services,Service × Industry Landing Page,Corporate law firms,SEO,/professional-services-industries/corporate-law-firms-marketing-agency/,Index after content threshold,Phase 3,seo for corporate law firms,professional-services-service-industry-sitemap.xml,Consultus campaign matrix pattern
https://www.consultusdigital.com/professional-services-marketing-services/ai-search-for-corporate-law-firms/,/professional-services-marketing-services/ai-search-for-corporate-law-firms/,Professional Services,Legal services,Service × Industry Landing Page,Corporate law firms,"AEO, GEO and AI Search",/professional-services-industries/corporate-law-firms-marketing-agency/,Index after content threshold,Phase 3,"aeo, geo and ai search for corporate law firms",professional-services-service-industry-sitemap.xml,Consultus campaign matrix pattern
https://www.consultusdigital.com/professional-services-marketing-services/paid-social-for-corporate-law-firms/,/professional-services-marketing-services/paid-social-for-corporate-law-firms/,Professional Services,Legal services,Service × Industry Landing Page,Corporate law firms,Paid Social,/professional-services-industries/corporate-law-firms-marketing-agency/,Index after content threshold,Phase 3,paid social for corporate law firms,professional-services-service-industry-sitemap.xml,Consultus campaign matrix pattern
https://www.consultusdigital.com/professional-services-marketing-services/web-design-for-corporate-law-firms/,/professional-services-marketing-services/web-design-for-corporate-law-firms/,Professional Services,Legal services,Service × Industry Landing Page,Corporate law firms,Website Design and CRO,/professional-services-industries/corporate-law-firms-marketing-agency/,Index after content threshold,Phase 3,website design and cro for corporate law firms,professional-services-service-industry-sitemap.xml,Consultus campaign matrix pattern
https://www.consultusdigital.com/professional-services-marketing-services/crm-revops-for-corporate-law-firms/,/professional-services-marketing-services/crm-revops-for-corporate-law-firms/,Professional Services,Legal services,Service × Industry Landing Page,Corporate law firms,CRM and Revenue Operations,/professional-services-industries/corporate-law-firms-marketing-agency/,Index after content threshold,Phase 3,crm and revenue operations for corporate law firms,professional-services-service-industry-sitemap.xml,Consultus campaign matrix pattern
https://www.consultusdigital.com/professional-services-marketing-services/thought-leadership-for-corporate-law-firms/,/professional-services-marketing-services/thought-leadership-for-corporate-law-firms/,Professional Services,Legal services,Service × Industry Landing Page,Corporate law firms,Thought Leadership and Content,/professional-services-industries/corporate-law-firms-marketing-agency/,Index after content threshold,Phase 3,thought leadership and content for corporate law firms,professional-services-service-industry-sitemap.xml,Consultus campaign matrix pattern
https://www.consultusdigital.com/professional-services-marketing-services/ad-creative-for-corporate-law-firms/,/professional-services-marketing-services/ad-creative-for-corporate-law-firms/,Professional Services,Legal services,Service × Industry Landing Page,Corporate law firms,Ad Creative Production,/professional-services-industries/corporate-law-firms-marketing-agency/,Index after content threshold,Phase 3,ad creative production for corporate law firms,professional-services-service-industry-sitemap.xml,Consultus campaign matrix pattern
https://www.consultusdigital.com/professional-services-marketing-services/analytics-for-corporate-law-firms/,/professional-services-marketing-services/analytics-for-corporate-law-firms/,Professional Services,Legal services,Service × Industry Landing Page,Corporate law firms,Pipeline Analytics and Attribution,/professional-services-industries/corporate-law-firms-marketing-agency/,Index after content threshold,Phase 3,pipeline analytics and attribution for corporate law firms,professional-services-service-industry-sitemap.xml,Consultus campaign matrix pattern
https://www.consultusdigital.com/professional-services-industries/commercial-litigation-firms-marketing-agency/,/professional-services-industries/commercial-litigation-firms-marketing-agency/,Professional Services,Legal services,Industry Marketing Agency Page,Commercial litigation firms,,/professional-services-industries/legal-services/,Index,Phase 2,commercial litigation firms marketing agency,professional-services-industry-agency-sitemap.xml,https://www.cardinaldigitalmarketing.com/healthcare-specialties/mental-healthcare-providers-agency/
https://www.consultusdigital.com/professional-services-marketing-services/digital-marketing-for-commercial-litigation-firms/,/professional-services-marketing-services/digital-marketing-for-commercial-litigation-firms/,Professional Services,Legal services,Service × Industry Landing Page,Commercial litigation firms,Digital Marketing Agency,/professional-services-industries/commercial-litigation-firms-marketing-agency/,Index after content threshold,Phase 3,digital marketing agency for commercial litigation firms,professional-services-service-industry-sitemap.xml,Consultus campaign matrix pattern
https://www.consultusdigital.com/professional-services-marketing-services/paid-search-for-commercial-litigation-firms/,/professional-services-marketing-services/paid-search-for-commercial-litigation-firms/,Professional Services,Legal services,Service × Industry Landing Page,Commercial litigation firms,Paid Search and PPC,/professional-services-industries/commercial-litigation-firms-marketing-agency/,Index after content threshold,Phase 3,paid search and ppc for commercial litigation firms,professional-services-service-industry-sitemap.xml,Consultus campaign matrix pattern
https://www.consultusdigital.com/professional-services-marketing-services/seo-for-commercial-litigation-firms/,/professional-services-marketing-services/seo-for-commercial-litigation-firms/,Professional Services,Legal services,Service × Industry Landing Page,Commercial litigation firms,SEO,/professional-services-industries/commercial-litigation-firms-marketing-agency/,Index after content threshold,Phase 3,seo for commercial litigation firms,professional-services-service-industry-sitemap.xml,Consultus campaign matrix pattern
https://www.consultusdigital.com/professional-services-marketing-services/ai-search-for-commercial-litigation-firms/,/professional-services-marketing-services/ai-search-for-commercial-litigation-firms/,Professional Services,Legal services,Service × Industry Landing Page,Commercial litigation firms,"AEO, GEO and AI Search",/professional-services-industries/commercial-litigation-firms-marketing-agency/,Index after content threshold,Phase 3,"aeo, geo and ai search for commercial litigation firms",professional-services-service-industry-sitemap.xml,Consultus campaign matrix pattern
https://www.consultusdigital.com/professional-services-marketing-services/paid-social-for-commercial-litigation-firms/,/professional-services-marketing-services/paid-social-for-commercial-litigation-firms/,Professional Services,Legal services,Service × Industry Landing Page,Commercial litigation firms,Paid Social,/professional-services-industries/commercial-litigation-firms-marketing-agency/,Index after content threshold,Phase 3,paid social for commercial litigation firms,professional-services-service-industry-sitemap.xml,Consultus campaign matrix pattern
https://www.consultusdigital.com/professional-services-marketing-services/web-design-for-commercial-litigation-firms/,/professional-services-marketing-services/web-design-for-commercial-litigation-firms/,Professional Services,Legal services,Service × Industry Landing Page,Commercial litigation firms,Website Design and CRO,/professional-services-industries/commercial-litigation-firms-marketing-agency/,Index after content threshold,Phase 3,website design and cro for commercial litigation firms,professional-services-service-industry-sitemap.xml,Consultus campaign matrix pattern
https://www.consultusdigital.com/professional-services-marketing-services/crm-revops-for-commercial-litigation-firms/,/professional-services-marketing-services/crm-revops-for-commercial-litigation-firms/,Professional Services,Legal services,Service × Industry Landing Page,Commercial litigation firms,CRM and Revenue Operations,/professional-services-industries/commercial-litigation-firms-marketing-agency/,Index after content threshold,Phase 3,crm and revenue operations for commercial litigation firms,professional-services-service-industry-sitemap.xml,Consultus campaign matrix pattern
https://www.consultusdigital.com/professional-services-marketing-services/thought-leadership-for-commercial-litigation-firms/,/professional-services-marketing-services/thought-leadership-for-commercial-litigation-firms/,Professional Services,Legal services,Service × Industry Landing Page,Commercial litigation firms,Thought Leadership and Content,/professional-services-industries/commercial-litigation-firms-marketing-agency/,Index after content threshold,Phase 3,thought leadership and content for commercial litigation firms,professional-services-service-industry-sitemap.xml,Consultus campaign matrix pattern
https://www.consultusdigital.com/professional-services-marketing-services/ad-creative-for-commercial-litigation-firms/,/professional-services-marketing-services/ad-creative-for-commercial-litigation-firms/,Professional Services,Legal services,Service × Industry Landing Page,Commercial litigation firms,Ad Creative Production,/professional-services-industries/commercial-litigation-firms-marketing-agency/,Index after content threshold,Phase 3,ad creative production for commercial litigation firms,professional-services-service-industry-sitemap.xml,Consultus campaign matrix pattern
https://www.consultusdigital.com/professional-services-marketing-services/analytics-for-commercial-litigation-firms/,/professional-services-marketing-services/analytics-for-commercial-litigation-firms/,Professional Services,Legal services,Service × Industry Landing Page,Commercial litigation firms,Pipeline Analytics and Attribution,/professional-services-industries/commercial-litigation-firms-marketing-agency/,Index after content threshold,Phase 3,pipeline analytics and attribution for commercial litigation firms,professional-services-service-industry-sitemap.xml,Consultus campaign matrix pattern
https://www.consultusdigital.com/professional-services-industries/real-estate-law-firms-marketing-agency/,/professional-services-industries/real-estate-law-firms-marketing-agency/,Professional Services,Legal services,Industry Marketing Agency Page,Real estate law firms,,/professional-services-industries/legal-services/,Index,Phase 2,real estate law firms marketing agency,professional-services-industry-agency-sitemap.xml,https://www.cardinaldigitalmarketing.com/healthcare-specialties/mental-healthcare-providers-agency/
https://www.consultusdigital.com/professional-services-marketing-services/digital-marketing-for-real-estate-law-firms/,/professional-services-marketing-services/digital-marketing-for-real-estate-law-firms/,Professional Services,Legal services,Service × Industry Landing Page,Real estate law firms,Digital Marketing Agency,/professional-services-industries/real-estate-law-firms-marketing-agency/,Index after content threshold,Phase 3,digital marketing agency for real estate law firms,professional-services-service-industry-sitemap.xml,Consultus campaign matrix pattern
https://www.consultusdigital.com/professional-services-marketing-services/paid-search-for-real-estate-law-firms/,/professional-services-marketing-services/paid-search-for-real-estate-law-firms/,Professional Services,Legal services,Service × Industry Landing Page,Real estate law firms,Paid Search and PPC,/professional-services-industries/real-estate-law-firms-marketing-agency/,Index after content threshold,Phase 3,paid search and ppc for real estate law firms,professional-services-service-industry-sitemap.xml,Consultus campaign matrix pattern
https://www.consultusdigital.com/professional-services-marketing-services/seo-for-real-estate-law-firms/,/professional-services-marketing-services/seo-for-real-estate-law-firms/,Professional Services,Legal services,Service × Industry Landing Page,Real estate law firms,SEO,/professional-services-industries/real-estate-law-firms-marketing-agency/,Index after content threshold,Phase 3,seo for real estate law firms,professional-services-service-industry-sitemap.xml,Consultus campaign matrix pattern
https://www.consultusdigital.com/professional-services-marketing-services/ai-search-for-real-estate-law-firms/,/professional-services-marketing-services/ai-search-for-real-estate-law-firms/,Professional Services,Legal services,Service × Industry Landing Page,Real estate law firms,"AEO, GEO and AI Search",/professional-services-industries/real-estate-law-firms-marketing-agency/,Index after content threshold,Phase 3,"aeo, geo and ai search for real estate law firms",professional-services-service-industry-sitemap.xml,Consultus campaign matrix pattern
https://www.consultusdigital.com/professional-services-marketing-services/paid-social-for-real-estate-law-firms/,/professional-services-marketing-services/paid-social-for-real-estate-law-firms/,Professional Services,Legal services,Service × Industry Landing Page,Real estate law firms,Paid Social,/professional-services-industries/real-estate-law-firms-marketing-agency/,Index after content threshold,Phase 3,paid social for real estate law firms,professional-services-service-industry-sitemap.xml,Consultus campaign matrix pattern
https://www.consultusdigital.com/professional-services-marketing-services/web-design-for-real-estate-law-firms/,/professional-services-marketing-services/web-design-for-real-estate-law-firms/,Professional Services,Legal services,Service × Industry Landing Page,Real estate law firms,Website Design and CRO,/professional-services-industries/real-estate-law-firms-marketing-agency/,Index after content threshold,Phase 3,website design and cro for real estate law firms,professional-services-service-industry-sitemap.xml,Consultus campaign matrix pattern
https://www.consultusdigital.com/professional-services-marketing-services/crm-revops-for-real-estate-law-firms/,/professional-services-marketing-services/crm-revops-for-real-estate-law-firms/,Professional Services,Legal services,Service × Industry Landing Page,Real estate law firms,CRM and Revenue Operations,/professional-services-industries/real-estate-law-firms-marketing-agency/,Index after content threshold,Phase 3,crm and revenue operations for real estate law firms,professional-services-service-industry-sitemap.xml,Consultus campaign matrix pattern
https://www.consultusdigital.com/professional-services-marketing-services/thought-leadership-for-real-estate-law-firms/,/professional-services-marketing-services/thought-leadership-for-real-estate-law-firms/,Professional Services,Legal services,Service × Industry Landing Page,Real estate law firms,Thought Leadership and Content,/professional-services-industries/real-estate-law-firms-marketing-agency/,Index after content threshold,Phase 3,thought leadership and content for real estate law firms,professional-services-service-industry-sitemap.xml,Consultus campaign matrix pattern
https://www.consultusdigital.com/professional-services-marketing-services/ad-creative-for-real-estate-law-firms/,/professional-services-marketing-services/ad-creative-for-real-estate-law-firms/,Professional Services,Legal services,Service × Industry Landing Page,Real estate law firms,Ad Creative Production,/professional-services-industries/real-estate-law-firms-marketing-agency/,Index after content threshold,Phase 3,ad creative production for real estate law firms,professional-services-service-industry-sitemap.xml,Consultus campaign matrix pattern
https://www.consultusdigital.com/professional-services-marketing-services/analytics-for-real-estate-law-firms/,/professional-services-marketing-services/analytics-for-real-estate-law-firms/,Professional Services,Legal services,Service × Industry Landing Page,Real estate law firms,Pipeline Analytics and Attribution,/professional-services-industries/real-estate-law-firms-marketing-agency/,Index after content threshold,Phase 3,pipeline analytics and attribution for real estate law firms,professional-services-service-industry-sitemap.xml,Consultus campaign matrix pattern
https://www.consultusdigital.com/professional-services-industries/estate-planning-law-firms-marketing-agency/,/professional-services-industries/estate-planning-law-firms-marketing-agency/,Professional Services,Legal services,Industry Marketing Agency Page,Estate planning law firms,,/professional-services-industries/legal-services/,Index,Phase 2,estate planning law firms marketing agency,professional-services-industry-agency-sitemap.xml,https://www.cardinaldigitalmarketing.com/healthcare-specialties/mental-healthcare-providers-agency/
https://www.consultusdigital.com/professional-services-marketing-services/digital-marketing-for-estate-planning-law-firms/,/professional-services-marketing-services/digital-marketing-for-estate-planning-law-firms/,Professional Services,Legal services,Service × Industry Landing Page,Estate planning law firms,Digital Marketing Agency,/professional-services-industries/estate-planning-law-firms-marketing-agency/,Index after content threshold,Phase 3,digital marketing agency for estate planning law firms,professional-services-service-industry-sitemap.xml,Consultus campaign matrix pattern
https://www.consultusdigital.com/professional-services-marketing-services/paid-search-for-estate-planning-law-firms/,/professional-services-marketing-services/paid-search-for-estate-planning-law-firms/,Professional Services,Legal services,Service × Industry Landing Page,Estate planning law firms,Paid Search and PPC,/professional-services-industries/estate-planning-law-firms-marketing-agency/,Index after content threshold,Phase 3,paid search and ppc for estate planning law firms,professional-services-service-industry-sitemap.xml,Consultus campaign matrix pattern
https://www.consultusdigital.com/professional-services-marketing-services/seo-for-estate-planning-law-firms/,/professional-services-marketing-services/seo-for-estate-planning-law-firms/,Professional Services,Legal services,Service × Industry Landing Page,Estate planning law firms,SEO,/professional-services-industries/estate-planning-law-firms-marketing-agency/,Index after content threshold,Phase 3,seo for estate planning law firms,professional-services-service-industry-sitemap.xml,Consultus campaign matrix pattern
https://www.consultusdigital.com/professional-services-marketing-services/ai-search-for-estate-planning-law-firms/,/professional-services-marketing-services/ai-search-for-estate-planning-law-firms/,Professional Services,Legal services,Service × Industry Landing Page,Estate planning law firms,"AEO, GEO and AI Search",/professional-services-industries/estate-planning-law-firms-marketing-agency/,Index after content threshold,Phase 3,"aeo, geo and ai search for estate planning law firms",professional-services-service-industry-sitemap.xml,Consultus campaign matrix pattern
https://www.consultusdigital.com/professional-services-marketing-services/paid-social-for-estate-planning-law-firms/,/professional-services-marketing-services/paid-social-for-estate-planning-law-firms/,Professional Services,Legal services,Service × Industry Landing Page,Estate planning law firms,Paid Social,/professional-services-industries/estate-planning-law-firms-marketing-agency/,Index after content threshold,Phase 3,paid social for estate planning law firms,professional-services-service-industry-sitemap.xml,Consultus campaign matrix pattern
https://www.consultusdigital.com/professional-services-marketing-services/web-design-for-estate-planning-law-firms/,/professional-services-marketing-services/web-design-for-estate-planning-law-firms/,Professional Services,Legal services,Service × Industry Landing Page,Estate planning law firms,Website Design and CRO,/professional-services-industries/estate-planning-law-firms-marketing-agency/,Index after content threshold,Phase 3,website design and cro for estate planning law firms,professional-services-service-industry-sitemap.xml,Consultus campaign matrix pattern
https://www.consultusdigital.com/professional-services-marketing-services/crm-revops-for-estate-planning-law-firms/,/professional-services-marketing-services/crm-revops-for-estate-planning-law-firms/,Professional Services,Legal services,Service × Industry Landing Page,Estate planning law firms,CRM and Revenue Operations,/professional-services-industries/estate-planning-law-firms-marketing-agency/,Index after content threshold,Phase 3,crm and revenue operations for estate planning law firms,professional-services-service-industry-sitemap.xml,Consultus campaign matrix pattern
https://www.consultusdigital.com/professional-services-marketing-services/thought-leadership-for-estate-planning-law-firms/,/professional-services-marketing-services/thought-leadership-for-estate-planning-law-firms/,Professional Services,Legal services,Service × Industry Landing Page,Estate planning law firms,Thought Leadership and Content,/professional-services-industries/estate-planning-law-firms-marketing-agency/,Index after content threshold,Phase 3,thought leadership and content for estate planning law firms,professional-services-service-industry-sitemap.xml,Consultus campaign matrix pattern
https://www.consultusdigital.com/professional-services-marketing-services/ad-creative-for-estate-planning-law-firms/,/professional-services-marketing-services/ad-creative-for-estate-planning-law-firms/,Professional Services,Legal services,Service × Industry Landing Page,Estate planning law firms,Ad Creative Production,/professional-services-industries/estate-planning-law-firms-marketing-agency/,Index after content threshold,Phase 3,ad creative production for estate planning law firms,professional-services-service-industry-sitemap.xml,Consultus campaign matrix pattern
https://www.consultusdigital.com/professional-services-marketing-services/analytics-for-estate-planning-law-firms/,/professional-services-marketing-services/analytics-for-estate-planning-law-firms/,Professional Services,Legal services,Service × Industry Landing Page,Estate planning law firms,Pipeline Analytics and Attribution,/professional-services-industries/estate-planning-law-firms-marketing-agency/,Index after content threshold,Phase 3,pipeline analytics and attribution for estate planning law firms,professional-services-service-industry-sitemap.xml,Consultus campaign matrix pattern
https://www.consultusdigital.com/professional-services-industries/tax-law-firms-marketing-agency/,/professional-services-industries/tax-law-firms-marketing-agency/,Professional Services,Legal services,Industry Marketing Agency Page,Tax law firms,,/professional-services-industries/legal-services/,Index,Phase 2,tax law firms marketing agency,professional-services-industry-agency-sitemap.xml,https://www.cardinaldigitalmarketing.com/healthcare-specialties/mental-healthcare-providers-agency/
https://www.consultusdigital.com/professional-services-marketing-services/digital-marketing-for-tax-law-firms/,/professional-services-marketing-services/digital-marketing-for-tax-law-firms/,Professional Services,Legal services,Service × Industry Landing Page,Tax law firms,Digital Marketing Agency,/professional-services-industries/tax-law-firms-marketing-agency/,Index after content threshold,Phase 3,digital marketing agency for tax law firms,professional-services-service-industry-sitemap.xml,Consultus campaign matrix pattern
https://www.consultusdigital.com/professional-services-marketing-services/paid-search-for-tax-law-firms/,/professional-services-marketing-services/paid-search-for-tax-law-firms/,Professional Services,Legal services,Service × Industry Landing Page,Tax law firms,Paid Search and PPC,/professional-services-industries/tax-law-firms-marketing-agency/,Index after content threshold,Phase 3,paid search and ppc for tax law firms,professional-services-service-industry-sitemap.xml,Consultus campaign matrix pattern
https://www.consultusdigital.com/professional-services-marketing-services/seo-for-tax-law-firms/,/professional-services-marketing-services/seo-for-tax-law-firms/,Professional Services,Legal services,Service × Industry Landing Page,Tax law firms,SEO,/professional-services-industries/tax-law-firms-marketing-agency/,Index after content threshold,Phase 3,seo for tax law firms,professional-services-service-industry-sitemap.xml,Consultus campaign matrix pattern
https://www.consultusdigital.com/professional-services-marketing-services/ai-search-for-tax-law-firms/,/professional-services-marketing-services/ai-search-for-tax-law-firms/,Professional Services,Legal services,Service × Industry Landing Page,Tax law firms,"AEO, GEO and AI Search",/professional-services-industries/tax-law-firms-marketing-agency/,Index after content threshold,Phase 3,"aeo, geo and ai search for tax law firms",professional-services-service-industry-sitemap.xml,Consultus campaign matrix pattern
https://www.consultusdigital.com/professional-services-marketing-services/paid-social-for-tax-law-firms/,/professional-services-marketing-services/paid-social-for-tax-law-firms/,Professional Services,Legal services,Service × Industry Landing Page,Tax law firms,Paid Social,/professional-services-industries/tax-law-firms-marketing-agency/,Index after content threshold,Phase 3,paid social for tax law firms,professional-services-service-industry-sitemap.xml,Consultus campaign matrix pattern
https://www.consultusdigital.com/professional-services-marketing-services/web-design-for-tax-law-firms/,/professional-services-marketing-services/web-design-for-tax-law-firms/,Professional Services,Legal services,Service × Industry Landing Page,Tax law firms,Website Design and CRO,/professional-services-industries/tax-law-firms-marketing-agency/,Index after content threshold,Phase 3,website design and cro for tax law firms,professional-services-service-industry-sitemap.xml,Consultus campaign matrix pattern
https://www.consultusdigital.com/professional-services-marketing-services/crm-revops-for-tax-law-firms/,/professional-services-marketing-services/crm-revops-for-tax-law-firms/,Professional Services,Legal services,Service × Industry Landing Page,Tax law firms,CRM and Revenue Operations,/professional-services-industries/tax-law-firms-marketing-agency/,Index after content threshold,Phase 3,crm and revenue operations for tax law firms,professional-services-service-industry-sitemap.xml,Consultus campaign matrix pattern
https://www.consultusdigital.com/professional-services-marketing-services/thought-leadership-for-tax-law-firms/,/professional-services-marketing-services/thought-leadership-for-tax-law-firms/,Professional Services,Legal services,Service × Industry Landing Page,Tax law firms,Thought Leadership and Content,/professional-services-industries/tax-law-firms-marketing-agency/,Index after content threshold,Phase 3,thought leadership and content for tax law firms,professional-services-service-industry-sitemap.xml,Consultus campaign matrix pattern
https://www.consultusdigital.com/professional-services-marketing-services/ad-creative-for-tax-law-firms/,/professional-services-marketing-services/ad-creative-for-tax-law-firms/,Professional Services,Legal services,Service × Industry Landing Page,Tax law firms,Ad Creative Production,/professional-services-industries/tax-law-firms-marketing-agency/,Index after content threshold,Phase 3,ad creative production for tax law firms,professional-services-service-industry-sitemap.xml,Consultus campaign matrix pattern
https://www.consultusdigital.com/professional-services-marketing-services/analytics-for-tax-law-firms/,/professional-services-marketing-services/analytics-for-tax-law-firms/,Professional Services,Legal services,Service × Industry Landing Page,Tax law firms,Pipeline Analytics and Attribution,/professional-services-industries/tax-law-firms-marketing-agency/,Index after content threshold,Phase 3,pipeline analytics and attribution for tax law firms,professional-services-service-industry-sitemap.xml,Consultus campaign matrix pattern
https://www.consultusdigital.com/professional-services-industries/class-action-law-firms-marketing-agency/,/professional-services-industries/class-action-law-firms-marketing-agency/,Professional Services,Legal services,Industry Marketing Agency Page,Class action law firms,,/professional-services-industries/legal-services/,Index,Phase 2,class action law firms marketing agency,professional-services-industry-agency-sitemap.xml,https://www.cardinaldigitalmarketing.com/healthcare-specialties/mental-healthcare-providers-agency/
https://www.consultusdigital.com/professional-services-marketing-services/digital-marketing-for-class-action-law-firms/,/professional-services-marketing-services/digital-marketing-for-class-action-law-firms/,Professional Services,Legal services,Service × Industry Landing Page,Class action law firms,Digital Marketing Agency,/professional-services-industries/class-action-law-firms-marketing-agency/,Index after content threshold,Phase 3,digital marketing agency for class action law firms,professional-services-service-industry-sitemap.xml,Consultus campaign matrix pattern
https://www.consultusdigital.com/professional-services-marketing-services/paid-search-for-class-action-law-firms/,/professional-services-marketing-services/paid-search-for-class-action-law-firms/,Professional Services,Legal services,Service × Industry Landing Page,Class action law firms,Paid Search and PPC,/professional-services-industries/class-action-law-firms-marketing-agency/,Index after content threshold,Phase 3,paid search and ppc for class action law firms,professional-services-service-industry-sitemap.xml,Consultus campaign matrix pattern
https://www.consultusdigital.com/professional-services-marketing-services/seo-for-class-action-law-firms/,/professional-services-marketing-services/seo-for-class-action-law-firms/,Professional Services,Legal services,Service × Industry Landing Page,Class action law firms,SEO,/professional-services-industries/class-action-law-firms-marketing-agency/,Index after content threshold,Phase 3,seo for class action law firms,professional-services-service-industry-sitemap.xml,Consultus campaign matrix pattern
https://www.consultusdigital.com/professional-services-marketing-services/ai-search-for-class-action-law-firms/,/professional-services-marketing-services/ai-search-for-class-action-law-firms/,Professional Services,Legal services,Service × Industry Landing Page,Class action law firms,"AEO, GEO and AI Search",/professional-services-industries/class-action-law-firms-marketing-agency/,Index after content threshold,Phase 3,"aeo, geo and ai search for class action law firms",professional-services-service-industry-sitemap.xml,Consultus campaign matrix pattern
https://www.consultusdigital.com/professional-services-marketing-services/paid-social-for-class-action-law-firms/,/professional-services-marketing-services/paid-social-for-class-action-law-firms/,Professional Services,Legal services,Service × Industry Landing Page,Class action law firms,Paid Social,/professional-services-industries/class-action-law-firms-marketing-agency/,Index after content threshold,Phase 3,paid social for class action law firms,professional-services-service-industry-sitemap.xml,Consultus campaign matrix pattern
https://www.consultusdigital.com/professional-services-marketing-services/web-design-for-class-action-law-firms/,/professional-services-marketing-services/web-design-for-class-action-law-firms/,Professional Services,Legal services,Service × Industry Landing Page,Class action law firms,Website Design and CRO,/professional-services-industries/class-action-law-firms-marketing-agency/,Index after content threshold,Phase 3,website design and cro for class action law firms,professional-services-service-industry-sitemap.xml,Consultus campaign matrix pattern
https://www.consultusdigital.com/professional-services-marketing-services/crm-revops-for-class-action-law-firms/,/professional-services-marketing-services/crm-revops-for-class-action-law-firms/,Professional Services,Legal services,Service × Industry Landing Page,Class action law firms,CRM and Revenue Operations,/professional-services-industries/class-action-law-firms-marketing-agency/,Index after content threshold,Phase 3,crm and revenue operations for class action law firms,professional-services-service-industry-sitemap.xml,Consultus campaign matrix pattern
https://www.consultusdigital.com/professional-services-marketing-services/thought-leadership-for-class-action-law-firms/,/professional-services-marketing-services/thought-leadership-for-class-action-law-firms/,Professional Services,Legal services,Service × Industry Landing Page,Class action law firms,Thought Leadership and Content,/professional-services-industries/class-action-law-firms-marketing-agency/,Index after content threshold,Phase 3,thought leadership and content for class action law firms,professional-services-service-industry-sitemap.xml,Consultus campaign matrix pattern
https://www.consultusdigital.com/professional-services-marketing-services/ad-creative-for-class-action-law-firms/,/professional-services-marketing-services/ad-creative-for-class-action-law-firms/,Professional Services,Legal services,Service × Industry Landing Page,Class action law firms,Ad Creative Production,/professional-services-industries/class-action-law-firms-marketing-agency/,Index after content threshold,Phase 3,ad creative production for class action law firms,professional-services-service-industry-sitemap.xml,Consultus campaign matrix pattern
https://www.consultusdigital.com/professional-services-marketing-services/analytics-for-class-action-law-firms/,/professional-services-marketing-services/analytics-for-class-action-law-firms/,Professional Services,Legal services,Service × Industry Landing Page,Class action law firms,Pipeline Analytics and Attribution,/professional-services-industries/class-action-law-firms-marketing-agency/,Index after content threshold,Phase 3,pipeline analytics and attribution for class action law firms,professional-services-service-industry-sitemap.xml,Consultus campaign matrix pattern
https://www.consultusdigital.com/professional-services-industries/disability-law-firms-marketing-agency/,/professional-services-industries/disability-law-firms-marketing-agency/,Professional Services,Legal services,Industry Marketing Agency Page,Disability law firms,,/professional-services-industries/legal-services/,Index,Phase 2,disability law firms marketing agency,professional-services-industry-agency-sitemap.xml,https://www.cardinaldigitalmarketing.com/healthcare-specialties/mental-healthcare-providers-agency/
https://www.consultusdigital.com/professional-services-marketing-services/digital-marketing-for-disability-law-firms/,/professional-services-marketing-services/digital-marketing-for-disability-law-firms/,Professional Services,Legal services,Service × Industry Landing Page,Disability law firms,Digital Marketing Agency,/professional-services-industries/disability-law-firms-marketing-agency/,Index after content threshold,Phase 3,digital marketing agency for disability law firms,professional-services-service-industry-sitemap.xml,Consultus campaign matrix pattern
https://www.consultusdigital.com/professional-services-marketing-services/paid-search-for-disability-law-firms/,/professional-services-marketing-services/paid-search-for-disability-law-firms/,Professional Services,Legal services,Service × Industry Landing Page,Disability law firms,Paid Search and PPC,/professional-services-industries/disability-law-firms-marketing-agency/,Index after content threshold,Phase 3,paid search and ppc for disability law firms,professional-services-service-industry-sitemap.xml,Consultus campaign matrix pattern
https://www.consultusdigital.com/professional-services-marketing-services/seo-for-disability-law-firms/,/professional-services-marketing-services/seo-for-disability-law-firms/,Professional Services,Legal services,Service × Industry Landing Page,Disability law firms,SEO,/professional-services-industries/disability-law-firms-marketing-agency/,Index after content threshold,Phase 3,seo for disability law firms,professional-services-service-industry-sitemap.xml,Consultus campaign matrix pattern
https://www.consultusdigital.com/professional-services-marketing-services/ai-search-for-disability-law-firms/,/professional-services-marketing-services/ai-search-for-disability-law-firms/,Professional Services,Legal services,Service × Industry Landing Page,Disability law firms,"AEO, GEO and AI Search",/professional-services-industries/disability-law-firms-marketing-agency/,Index after content threshold,Phase 3,"aeo, geo and ai search for disability law firms",professional-services-service-industry-sitemap.xml,Consultus campaign matrix pattern
https://www.consultusdigital.com/professional-services-marketing-services/paid-social-for-disability-law-firms/,/professional-services-marketing-services/paid-social-for-disability-law-firms/,Professional Services,Legal services,Service × Industry Landing Page,Disability law firms,Paid Social,/professional-services-industries/disability-law-firms-marketing-agency/,Index after content threshold,Phase 3,paid social for disability law firms,professional-services-service-industry-sitemap.xml,Consultus campaign matrix pattern
https://www.consultusdigital.com/professional-services-marketing-services/web-design-for-disability-law-firms/,/professional-services-marketing-services/web-design-for-disability-law-firms/,Professional Services,Legal services,Service × Industry Landing Page,Disability law firms,Website Design and CRO,/professional-services-industries/disability-law-firms-marketing-agency/,Index after content threshold,Phase 3,website design and cro for disability law firms,professional-services-service-industry-sitemap.xml,Consultus campaign matrix pattern
https://www.consultusdigital.com/professional-services-marketing-services/crm-revops-for-disability-law-firms/,/professional-services-marketing-services/crm-revops-for-disability-law-firms/,Professional Services,Legal services,Service × Industry Landing Page,Disability law firms,CRM and Revenue Operations,/professional-services-industries/disability-law-firms-marketing-agency/,Index after content threshold,Phase 3,crm and revenue operations for disability law firms,professional-services-service-industry-sitemap.xml,Consultus campaign matrix pattern
https://www.consultusdigital.com/professional-services-marketing-services/thought-leadership-for-disability-law-firms/,/professional-services-marketing-services/thought-leadership-for-disability-law-firms/,Professional Services,Legal services,Service × Industry Landing Page,Disability law firms,Thought Leadership and Content,/professional-services-industries/disability-law-firms-marketing-agency/,Index after content threshold,Phase 3,thought leadership and content for disability law firms,professional-services-service-industry-sitemap.xml,Consultus campaign matrix pattern
https://www.consultusdigital.com/professional-services-marketing-services/ad-creative-for-disability-law-firms/,/professional-services-marketing-services/ad-creative-for-disability-law-firms/,Professional Services,Legal services,Service × Industry Landing Page,Disability law firms,Ad Creative Production,/professional-services-industries/disability-law-firms-marketing-agency/,Index after content threshold,Phase 3,ad creative production for disability law firms,professional-services-service-industry-sitemap.xml,Consultus campaign matrix pattern
https://www.consultusdigital.com/professional-services-marketing-services/analytics-for-disability-law-firms/,/professional-services-marketing-services/analytics-for-disability-law-firms/,Professional Services,Legal services,Service × Industry Landing Page,Disability law firms,Pipeline Analytics and Attribution,/professional-services-industries/disability-law-firms-marketing-agency/,Index after content threshold,Phase 3,pipeline analytics and attribution for disability law firms,professional-services-service-industry-sitemap.xml,Consultus campaign matrix pattern
https://www.consultusdigital.com/professional-services-industries/insurance-defence-firms-marketing-agency/,/professional-services-industries/insurance-defence-firms-marketing-agency/,Professional Services,Legal services,Industry Marketing Agency Page,Insurance defence firms,,/professional-services-industries/legal-services/,Index,Phase 2,insurance defence firms marketing agency,professional-services-industry-agency-sitemap.xml,https://www.cardinaldigitalmarketing.com/healthcare-specialties/mental-healthcare-providers-agency/
https://www.consultusdigital.com/professional-services-marketing-services/digital-marketing-for-insurance-defence-firms/,/professional-services-marketing-services/digital-marketing-for-insurance-defence-firms/,Professional Services,Legal services,Service × Industry Landing Page,Insurance defence firms,Digital Marketing Agency,/professional-services-industries/insurance-defence-firms-marketing-agency/,Index after content threshold,Phase 3,digital marketing agency for insurance defence firms,professional-services-service-industry-sitemap.xml,Consultus campaign matrix pattern
https://www.consultusdigital.com/professional-services-marketing-services/paid-search-for-insurance-defence-firms/,/professional-services-marketing-services/paid-search-for-insurance-defence-firms/,Professional Services,Legal services,Service × Industry Landing Page,Insurance defence firms,Paid Search and PPC,/professional-services-industries/insurance-defence-firms-marketing-agency/,Index after content threshold,Phase 3,paid search and ppc for insurance defence firms,professional-services-service-industry-sitemap.xml,Consultus campaign matrix pattern
https://www.consultusdigital.com/professional-services-marketing-services/seo-for-insurance-defence-firms/,/professional-services-marketing-services/seo-for-insurance-defence-firms/,Professional Services,Legal services,Service × Industry Landing Page,Insurance defence firms,SEO,/professional-services-industries/insurance-defence-firms-marketing-agency/,Index after content threshold,Phase 3,seo for insurance defence firms,professional-services-service-industry-sitemap.xml,Consultus campaign matrix pattern
https://www.consultusdigital.com/professional-services-marketing-services/ai-search-for-insurance-defence-firms/,/professional-services-marketing-services/ai-search-for-insurance-defence-firms/,Professional Services,Legal services,Service × Industry Landing Page,Insurance defence firms,"AEO, GEO and AI Search",/professional-services-industries/insurance-defence-firms-marketing-agency/,Index after content threshold,Phase 3,"aeo, geo and ai search for insurance defence firms",professional-services-service-industry-sitemap.xml,Consultus campaign matrix pattern
https://www.consultusdigital.com/professional-services-marketing-services/paid-social-for-insurance-defence-firms/,/professional-services-marketing-services/paid-social-for-insurance-defence-firms/,Professional Services,Legal services,Service × Industry Landing Page,Insurance defence firms,Paid Social,/professional-services-industries/insurance-defence-firms-marketing-agency/,Index after content threshold,Phase 3,paid social for insurance defence firms,professional-services-service-industry-sitemap.xml,Consultus campaign matrix pattern
https://www.consultusdigital.com/professional-services-marketing-services/web-design-for-insurance-defence-firms/,/professional-services-marketing-services/web-design-for-insurance-defence-firms/,Professional Services,Legal services,Service × Industry Landing Page,Insurance defence firms,Website Design and CRO,/professional-services-industries/insurance-defence-firms-marketing-agency/,Index after content threshold,Phase 3,website design and cro for insurance defence firms,professional-services-service-industry-sitemap.xml,Consultus campaign matrix pattern
https://www.consultusdigital.com/professional-services-marketing-services/crm-revops-for-insurance-defence-firms/,/professional-services-marketing-services/crm-revops-for-insurance-defence-firms/,Professional Services,Legal services,Service × Industry Landing Page,Insurance defence firms,CRM and Revenue Operations,/professional-services-industries/insurance-defence-firms-marketing-agency/,Index after content threshold,Phase 3,crm and revenue operations for insurance defence firms,professional-services-service-industry-sitemap.xml,Consultus campaign matrix pattern
https://www.consultusdigital.com/professional-services-marketing-services/thought-leadership-for-insurance-defence-firms/,/professional-services-marketing-services/thought-leadership-for-insurance-defence-firms/,Professional Services,Legal services,Service × Industry Landing Page,Insurance defence firms,Thought Leadership and Content,/professional-services-industries/insurance-defence-firms-marketing-agency/,Index after content threshold,Phase 3,thought leadership and content for insurance defence firms,professional-services-service-industry-sitemap.xml,Consultus campaign matrix pattern
https://www.consultusdigital.com/professional-services-marketing-services/ad-creative-for-insurance-defence-firms/,/professional-services-marketing-services/ad-creative-for-insurance-defence-firms/,Professional Services,Legal services,Service × Industry Landing Page,Insurance defence firms,Ad Creative Production,/professional-services-industries/insurance-defence-firms-marketing-agency/,Index after content threshold,Phase 3,ad creative production for insurance defence firms,professional-services-service-industry-sitemap.xml,Consultus campaign matrix pattern
https://www.consultusdigital.com/professional-services-marketing-services/analytics-for-insurance-defence-firms/,/professional-services-marketing-services/analytics-for-insurance-defence-firms/,Professional Services,Legal services,Service × Industry Landing Page,Insurance defence firms,Pipeline Analytics and Attribution,/professional-services-industries/insurance-defence-firms-marketing-agency/,Index after content threshold,Phase 3,pipeline analytics and attribution for insurance defence firms,professional-services-service-industry-sitemap.xml,Consultus campaign matrix pattern
https://www.consultusdigital.com/professional-services-industries/intellectual-property-law-firms-marketing-agency/,/professional-services-industries/intellectual-property-law-firms-marketing-agency/,Professional Services,Legal services,Industry Marketing Agency Page,Intellectual property law firms,,/professional-services-industries/legal-services/,Index,Phase 2,intellectual property law firms marketing agency,professional-services-industry-agency-sitemap.xml,https://www.cardinaldigitalmarketing.com/healthcare-specialties/mental-healthcare-providers-agency/
https://www.consultusdigital.com/professional-services-marketing-services/digital-marketing-for-intellectual-property-law-firms/,/professional-services-marketing-services/digital-marketing-for-intellectual-property-law-firms/,Professional Services,Legal services,Service × Industry Landing Page,Intellectual property law firms,Digital Marketing Agency,/professional-services-industries/intellectual-property-law-firms-marketing-agency/,Index after content threshold,Phase 3,digital marketing agency for intellectual property law firms,professional-services-service-industry-sitemap.xml,Consultus campaign matrix pattern
https://www.consultusdigital.com/professional-services-marketing-services/paid-search-for-intellectual-property-law-firms/,/professional-services-marketing-services/paid-search-for-intellectual-property-law-firms/,Professional Services,Legal services,Service × Industry Landing Page,Intellectual property law firms,Paid Search and PPC,/professional-services-industries/intellectual-property-law-firms-marketing-agency/,Index after content threshold,Phase 3,paid search and ppc for intellectual property law firms,professional-services-service-industry-sitemap.xml,Consultus campaign matrix pattern
https://www.consultusdigital.com/professional-services-marketing-services/seo-for-intellectual-property-law-firms/,/professional-services-marketing-services/seo-for-intellectual-property-law-firms/,Professional Services,Legal services,Service × Industry Landing Page,Intellectual property law firms,SEO,/professional-services-industries/intellectual-property-law-firms-marketing-agency/,Index after content threshold,Phase 3,seo for intellectual property law firms,professional-services-service-industry-sitemap.xml,Consultus campaign matrix pattern
https://www.consultusdigital.com/professional-services-marketing-services/ai-search-for-intellectual-property-law-firms/,/professional-services-marketing-services/ai-search-for-intellectual-property-law-firms/,Professional Services,Legal services,Service × Industry Landing Page,Intellectual property law firms,"AEO, GEO and AI Search",/professional-services-industries/intellectual-property-law-firms-marketing-agency/,Index after content threshold,Phase 3,"aeo, geo and ai search for intellectual property law firms",professional-services-service-industry-sitemap.xml,Consultus campaign matrix pattern
https://www.consultusdigital.com/professional-services-marketing-services/paid-social-for-intellectual-property-law-firms/,/professional-services-marketing-services/paid-social-for-intellectual-property-law-firms/,Professional Services,Legal services,Service × Industry Landing Page,Intellectual property law firms,Paid Social,/professional-services-industries/intellectual-property-law-firms-marketing-agency/,Index after content threshold,Phase 3,paid social for intellectual property law firms,professional-services-service-industry-sitemap.xml,Consultus campaign matrix pattern
https://www.consultusdigital.com/professional-services-marketing-services/web-design-for-intellectual-property-law-firms/,/professional-services-marketing-services/web-design-for-intellectual-property-law-firms/,Professional Services,Legal services,Service × Industry Landing Page,Intellectual property law firms,Website Design and CRO,/professional-services-industries/intellectual-property-law-firms-marketing-agency/,Index after content threshold,Phase 3,website design and cro for intellectual property law firms,professional-services-service-industry-sitemap.xml,Consultus campaign matrix pattern
https://www.consultusdigital.com/professional-services-marketing-services/crm-revops-for-intellectual-property-law-firms/,/professional-services-marketing-services/crm-revops-for-intellectual-property-law-firms/,Professional Services,Legal services,Service × Industry Landing Page,Intellectual property law firms,CRM and Revenue Operations,/professional-services-industries/intellectual-property-law-firms-marketing-agency/,Index after content threshold,Phase 3,crm and revenue operations for intellectual property law firms,professional-services-service-industry-sitemap.xml,Consultus campaign matrix pattern
https://www.consultusdigital.com/professional-services-marketing-services/thought-leadership-for-intellectual-property-law-firms/,/professional-services-marketing-services/thought-leadership-for-intellectual-property-law-firms/,Professional Services,Legal services,Service × Industry Landing Page,Intellectual property law firms,Thought Leadership and Content,/professional-services-industries/intellectual-property-law-firms-marketing-agency/,Index after content threshold,Phase 3,thought leadership and content for intellectual property law firms,professional-services-service-industry-sitemap.xml,Consultus campaign matrix pattern
https://www.consultusdigital.com/professional-services-marketing-services/ad-creative-for-intellectual-property-law-firms/,/professional-services-marketing-services/ad-creative-for-intellectual-property-law-firms/,Professional Services,Legal services,Service × Industry Landing Page,Intellectual property law firms,Ad Creative Production,/professional-services-industries/intellectual-property-law-firms-marketing-agency/,Index after content threshold,Phase 3,ad creative production for intellectual property law firms,professional-services-service-industry-sitemap.xml,Consultus campaign matrix pattern
https://www.consultusdigital.com/professional-services-marketing-services/analytics-for-intellectual-property-law-firms/,/professional-services-marketing-services/analytics-for-intellectual-property-law-firms/,Professional Services,Legal services,Service × Industry Landing Page,Intellectual property law firms,Pipeline Analytics and Attribution,/professional-services-industries/intellectual-property-law-firms-marketing-agency/,Index after content threshold,Phase 3,pipeline analytics and attribution for intellectual property law firms,professional-services-service-industry-sitemap.xml,Consultus campaign matrix pattern
https://www.consultusdigital.com/professional-services-industries/multi-office-law-firms-marketing-agency/,/professional-services-industries/multi-office-law-firms-marketing-agency/,Professional Services,Legal services,Industry Marketing Agency Page,Multi-office law firms,,/professional-services-industries/legal-services/,Index,Phase 2,multi-office law firms marketing agency,professional-services-industry-agency-sitemap.xml,https://www.cardinaldigitalmarketing.com/healthcare-specialties/mental-healthcare-providers-agency/
https://www.consultusdigital.com/professional-services-marketing-services/digital-marketing-for-multi-office-law-firms/,/professional-services-marketing-services/digital-marketing-for-multi-office-law-firms/,Professional Services,Legal services,Service × Industry Landing Page,Multi-office law firms,Digital Marketing Agency,/professional-services-industries/multi-office-law-firms-marketing-agency/,Index after content threshold,Phase 3,digital marketing agency for multi-office law firms,professional-services-service-industry-sitemap.xml,Consultus campaign matrix pattern
https://www.consultusdigital.com/professional-services-marketing-services/paid-search-for-multi-office-law-firms/,/professional-services-marketing-services/paid-search-for-multi-office-law-firms/,Professional Services,Legal services,Service × Industry Landing Page,Multi-office law firms,Paid Search and PPC,/professional-services-industries/multi-office-law-firms-marketing-agency/,Index after content threshold,Phase 3,paid search and ppc for multi-office law firms,professional-services-service-industry-sitemap.xml,Consultus campaign matrix pattern
https://www.consultusdigital.com/professional-services-marketing-services/seo-for-multi-office-law-firms/,/professional-services-marketing-services/seo-for-multi-office-law-firms/,Professional Services,Legal services,Service × Industry Landing Page,Multi-office law firms,SEO,/professional-services-industries/multi-office-law-firms-marketing-agency/,Index after content threshold,Phase 3,seo for multi-office law firms,professional-services-service-industry-sitemap.xml,Consultus campaign matrix pattern
https://www.consultusdigital.com/professional-services-marketing-services/ai-search-for-multi-office-law-firms/,/professional-services-marketing-services/ai-search-for-multi-office-law-firms/,Professional Services,Legal services,Service × Industry Landing Page,Multi-office law firms,"AEO, GEO and AI Search",/professional-services-industries/multi-office-law-firms-marketing-agency/,Index after content threshold,Phase 3,"aeo, geo and ai search for multi-office law firms",professional-services-service-industry-sitemap.xml,Consultus campaign matrix pattern
https://www.consultusdigital.com/professional-services-marketing-services/paid-social-for-multi-office-law-firms/,/professional-services-marketing-services/paid-social-for-multi-office-law-firms/,Professional Services,Legal services,Service × Industry Landing Page,Multi-office law firms,Paid Social,/professional-services-industries/multi-office-law-firms-marketing-agency/,Index after content threshold,Phase 3,paid social for multi-office law firms,professional-services-service-industry-sitemap.xml,Consultus campaign matrix pattern
https://www.consultusdigital.com/professional-services-marketing-services/web-design-for-multi-office-law-firms/,/professional-services-marketing-services/web-design-for-multi-office-law-firms/,Professional Services,Legal services,Service × Industry Landing Page,Multi-office law firms,Website Design and CRO,/professional-services-industries/multi-office-law-firms-marketing-agency/,Index after content threshold,Phase 3,website design and cro for multi-office law firms,professional-services-service-industry-sitemap.xml,Consultus campaign matrix pattern
https://www.consultusdigital.com/professional-services-marketing-services/crm-revops-for-multi-office-law-firms/,/professional-services-marketing-services/crm-revops-for-multi-office-law-firms/,Professional Services,Legal services,Service × Industry Landing Page,Multi-office law firms,CRM and Revenue Operations,/professional-services-industries/multi-office-law-firms-marketing-agency/,Index after content threshold,Phase 3,crm and revenue operations for multi-office law firms,professional-services-service-industry-sitemap.xml,Consultus campaign matrix pattern
https://www.consultusdigital.com/professional-services-marketing-services/thought-leadership-for-multi-office-law-firms/,/professional-services-marketing-services/thought-leadership-for-multi-office-law-firms/,Professional Services,Legal services,Service × Industry Landing Page,Multi-office law firms,Thought Leadership and Content,/professional-services-industries/multi-office-law-firms-marketing-agency/,Index after content threshold,Phase 3,thought leadership and content for multi-office law firms,professional-services-service-industry-sitemap.xml,Consultus campaign matrix pattern
https://www.consultusdigital.com/professional-services-marketing-services/ad-creative-for-multi-office-law-firms/,/professional-services-marketing-services/ad-creative-for-multi-office-law-firms/,Professional Services,Legal services,Service × Industry Landing Page,Multi-office law firms,Ad Creative Production,/professional-services-industries/multi-office-law-firms-marketing-agency/,Index after content threshold,Phase 3,ad creative production for multi-office law firms,professional-services-service-industry-sitemap.xml,Consultus campaign matrix pattern
https://www.consultusdigital.com/professional-services-marketing-services/analytics-for-multi-office-law-firms/,/professional-services-marketing-services/analytics-for-multi-office-law-firms/,Professional Services,Legal services,Service × Industry Landing Page,Multi-office law firms,Pipeline Analytics and Attribution,/professional-services-industries/multi-office-law-firms-marketing-agency/,Index after content threshold,Phase 3,pipeline analytics and attribution for multi-office law firms,professional-services-service-industry-sitemap.xml,Consultus campaign matrix pattern
https://www.consultusdigital.com/professional-services-industries/financial-services/,/professional-services-industries/financial-services/,Professional Services,Financial services,Sector Hub,Financial services,,/professional-services-industries/,Index,Phase 1,financial services marketing agency,professional-services-industry-agency-sitemap.xml,https://www.cardinaldigitalmarketing.com/healthcare-specialties/mental-healthcare-providers-agency/
https://www.consultusdigital.com/professional-services-industries/financial-advisory-firms-marketing-agency/,/professional-services-industries/financial-advisory-firms-marketing-agency/,Professional Services,Financial services,Industry Marketing Agency Page,Financial advisory firms,,/professional-services-industries/financial-services/,Index,Phase 2,financial advisory firms marketing agency,professional-services-industry-agency-sitemap.xml,https://www.cardinaldigitalmarketing.com/healthcare-specialties/mental-healthcare-providers-agency/
https://www.consultusdigital.com/professional-services-marketing-services/digital-marketing-for-financial-advisory-firms/,/professional-services-marketing-services/digital-marketing-for-financial-advisory-firms/,Professional Services,Financial services,Service × Industry Landing Page,Financial advisory firms,Digital Marketing Agency,/professional-services-industries/financial-advisory-firms-marketing-agency/,Index after content threshold,Phase 3,digital marketing agency for financial advisory firms,professional-services-service-industry-sitemap.xml,Consultus campaign matrix pattern
https://www.consultusdigital.com/professional-services-marketing-services/paid-search-for-financial-advisory-firms/,/professional-services-marketing-services/paid-search-for-financial-advisory-firms/,Professional Services,Financial services,Service × Industry Landing Page,Financial advisory firms,Paid Search and PPC,/professional-services-industries/financial-advisory-firms-marketing-agency/,Index after content threshold,Phase 3,paid search and ppc for financial advisory firms,professional-services-service-industry-sitemap.xml,Consultus campaign matrix pattern
https://www.consultusdigital.com/professional-services-marketing-services/seo-for-financial-advisory-firms/,/professional-services-marketing-services/seo-for-financial-advisory-firms/,Professional Services,Financial services,Service × Industry Landing Page,Financial advisory firms,SEO,/professional-services-industries/financial-advisory-firms-marketing-agency/,Index after content threshold,Phase 3,seo for financial advisory firms,professional-services-service-industry-sitemap.xml,Consultus campaign matrix pattern
https://www.consultusdigital.com/professional-services-marketing-services/ai-search-for-financial-advisory-firms/,/professional-services-marketing-services/ai-search-for-financial-advisory-firms/,Professional Services,Financial services,Service × Industry Landing Page,Financial advisory firms,"AEO, GEO and AI Search",/professional-services-industries/financial-advisory-firms-marketing-agency/,Index after content threshold,Phase 3,"aeo, geo and ai search for financial advisory firms",professional-services-service-industry-sitemap.xml,Consultus campaign matrix pattern
https://www.consultusdigital.com/professional-services-marketing-services/paid-social-for-financial-advisory-firms/,/professional-services-marketing-services/paid-social-for-financial-advisory-firms/,Professional Services,Financial services,Service × Industry Landing Page,Financial advisory firms,Paid Social,/professional-services-industries/financial-advisory-firms-marketing-agency/,Index after content threshold,Phase 3,paid social for financial advisory firms,professional-services-service-industry-sitemap.xml,Consultus campaign matrix pattern
https://www.consultusdigital.com/professional-services-marketing-services/web-design-for-financial-advisory-firms/,/professional-services-marketing-services/web-design-for-financial-advisory-firms/,Professional Services,Financial services,Service × Industry Landing Page,Financial advisory firms,Website Design and CRO,/professional-services-industries/financial-advisory-firms-marketing-agency/,Index after content threshold,Phase 3,website design and cro for financial advisory firms,professional-services-service-industry-sitemap.xml,Consultus campaign matrix pattern
https://www.consultusdigital.com/professional-services-marketing-services/crm-revops-for-financial-advisory-firms/,/professional-services-marketing-services/crm-revops-for-financial-advisory-firms/,Professional Services,Financial services,Service × Industry Landing Page,Financial advisory firms,CRM and Revenue Operations,/professional-services-industries/financial-advisory-firms-marketing-agency/,Index after content threshold,Phase 3,crm and revenue operations for financial advisory firms,professional-services-service-industry-sitemap.xml,Consultus campaign matrix pattern
https://www.consultusdigital.com/professional-services-marketing-services/thought-leadership-for-financial-advisory-firms/,/professional-services-marketing-services/thought-leadership-for-financial-advisory-firms/,Professional Services,Financial services,Service × Industry Landing Page,Financial advisory firms,Thought Leadership and Content,/professional-services-industries/financial-advisory-firms-marketing-agency/,Index after content threshold,Phase 3,thought leadership and content for financial advisory firms,professional-services-service-industry-sitemap.xml,Consultus campaign matrix pattern
https://www.consultusdigital.com/professional-services-marketing-services/ad-creative-for-financial-advisory-firms/,/professional-services-marketing-services/ad-creative-for-financial-advisory-firms/,Professional Services,Financial services,Service × Industry Landing Page,Financial advisory firms,Ad Creative Production,/professional-services-industries/financial-advisory-firms-marketing-agency/,Index after content threshold,Phase 3,ad creative production for financial advisory firms,professional-services-service-industry-sitemap.xml,Consultus campaign matrix pattern
https://www.consultusdigital.com/professional-services-marketing-services/analytics-for-financial-advisory-firms/,/professional-services-marketing-services/analytics-for-financial-advisory-firms/,Professional Services,Financial services,Service × Industry Landing Page,Financial advisory firms,Pipeline Analytics and Attribution,/professional-services-industries/financial-advisory-firms-marketing-agency/,Index after content threshold,Phase 3,pipeline analytics and attribution for financial advisory firms,professional-services-service-industry-sitemap.xml,Consultus campaign matrix pattern
https://www.consultusdigital.com/professional-services-industries/wealth-management-firms-marketing-agency/,/professional-services-industries/wealth-management-firms-marketing-agency/,Professional Services,Financial services,Industry Marketing Agency Page,Wealth management firms,,/professional-services-industries/financial-services/,Index,Phase 2,wealth management firms marketing agency,professional-services-industry-agency-sitemap.xml,https://www.cardinaldigitalmarketing.com/healthcare-specialties/mental-healthcare-providers-agency/
https://www.consultusdigital.com/professional-services-marketing-services/digital-marketing-for-wealth-management-firms/,/professional-services-marketing-services/digital-marketing-for-wealth-management-firms/,Professional Services,Financial services,Service × Industry Landing Page,Wealth management firms,Digital Marketing Agency,/professional-services-industries/wealth-management-firms-marketing-agency/,Index after content threshold,Phase 3,digital marketing agency for wealth management firms,professional-services-service-industry-sitemap.xml,Consultus campaign matrix pattern
https://www.consultusdigital.com/professional-services-marketing-services/paid-search-for-wealth-management-firms/,/professional-services-marketing-services/paid-search-for-wealth-management-firms/,Professional Services,Financial services,Service × Industry Landing Page,Wealth management firms,Paid Search and PPC,/professional-services-industries/wealth-management-firms-marketing-agency/,Index after content threshold,Phase 3,paid search and ppc for wealth management firms,professional-services-service-industry-sitemap.xml,Consultus campaign matrix pattern
https://www.consultusdigital.com/professional-services-marketing-services/seo-for-wealth-management-firms/,/professional-services-marketing-services/seo-for-wealth-management-firms/,Professional Services,Financial services,Service × Industry Landing Page,Wealth management firms,SEO,/professional-services-industries/wealth-management-firms-marketing-agency/,Index after content threshold,Phase 3,seo for wealth management firms,professional-services-service-industry-sitemap.xml,Consultus campaign matrix pattern
https://www.consultusdigital.com/professional-services-marketing-services/ai-search-for-wealth-management-firms/,/professional-services-marketing-services/ai-search-for-wealth-management-firms/,Professional Services,Financial services,Service × Industry Landing Page,Wealth management firms,"AEO, GEO and AI Search",/professional-services-industries/wealth-management-firms-marketing-agency/,Index after content threshold,Phase 3,"aeo, geo and ai search for wealth management firms",professional-services-service-industry-sitemap.xml,Consultus campaign matrix pattern
https://www.consultusdigital.com/professional-services-marketing-services/paid-social-for-wealth-management-firms/,/professional-services-marketing-services/paid-social-for-wealth-management-firms/,Professional Services,Financial services,Service × Industry Landing Page,Wealth management firms,Paid Social,/professional-services-industries/wealth-management-firms-marketing-agency/,Index after content threshold,Phase 3,paid social for wealth management firms,professional-services-service-industry-sitemap.xml,Consultus campaign matrix pattern
https://www.consultusdigital.com/professional-services-marketing-services/web-design-for-wealth-management-firms/,/professional-services-marketing-services/web-design-for-wealth-management-firms/,Professional Services,Financial services,Service × Industry Landing Page,Wealth management firms,Website Design and CRO,/professional-services-industries/wealth-management-firms-marketing-agency/,Index after content threshold,Phase 3,website design and cro for wealth management firms,professional-services-service-industry-sitemap.xml,Consultus campaign matrix pattern
https://www.consultusdigital.com/professional-services-marketing-services/crm-revops-for-wealth-management-firms/,/professional-services-marketing-services/crm-revops-for-wealth-management-firms/,Professional Services,Financial services,Service × Industry Landing Page,Wealth management firms,CRM and Revenue Operations,/professional-services-industries/wealth-management-firms-marketing-agency/,Index after content threshold,Phase 3,crm and revenue operations for wealth management firms,professional-services-service-industry-sitemap.xml,Consultus campaign matrix pattern
https://www.consultusdigital.com/professional-services-marketing-services/thought-leadership-for-wealth-management-firms/,/professional-services-marketing-services/thought-leadership-for-wealth-management-firms/,Professional Services,Financial services,Service × Industry Landing Page,Wealth management firms,Thought Leadership and Content,/professional-services-industries/wealth-management-firms-marketing-agency/,Index after content threshold,Phase 3,thought leadership and content for wealth management firms,professional-services-service-industry-sitemap.xml,Consultus campaign matrix pattern
https://www.consultusdigital.com/professional-services-marketing-services/ad-creative-for-wealth-management-firms/,/professional-services-marketing-services/ad-creative-for-wealth-management-firms/,Professional Services,Financial services,Service × Industry Landing Page,Wealth management firms,Ad Creative Production,/professional-services-industries/wealth-management-firms-marketing-agency/,Index after content threshold,Phase 3,ad creative production for wealth management firms,professional-services-service-industry-sitemap.xml,Consultus campaign matrix pattern
https://www.consultusdigital.com/professional-services-marketing-services/analytics-for-wealth-management-firms/,/professional-services-marketing-services/analytics-for-wealth-management-firms/,Professional Services,Financial services,Service × Industry Landing Page,Wealth management firms,Pipeline Analytics and Attribution,/professional-services-industries/wealth-management-firms-marketing-agency/,Index after content threshold,Phase 3,pipeline analytics and attribution for wealth management firms,professional-services-service-industry-sitemap.xml,Consultus campaign matrix pattern
https://www.consultusdigital.com/professional-services-industries/investment-management-firms-marketing-agency/,/professional-services-industries/investment-management-firms-marketing-agency/,Professional Services,Financial services,Industry Marketing Agency Page,Investment management firms,,/professional-services-industries/financial-services/,Index,Phase 2,investment management firms marketing agency,professional-services-industry-agency-sitemap.xml,https://www.cardinaldigitalmarketing.com/healthcare-specialties/mental-healthcare-providers-agency/
https://www.consultusdigital.com/professional-services-marketing-services/digital-marketing-for-investment-management-firms/,/professional-services-marketing-services/digital-marketing-for-investment-management-firms/,Professional Services,Financial services,Service × Industry Landing Page,Investment management firms,Digital Marketing Agency,/professional-services-industries/investment-management-firms-marketing-agency/,Index after content threshold,Phase 3,digital marketing agency for investment management firms,professional-services-service-industry-sitemap.xml,Consultus campaign matrix pattern
https://www.consultusdigital.com/professional-services-marketing-services/paid-search-for-investment-management-firms/,/professional-services-marketing-services/paid-search-for-investment-management-firms/,Professional Services,Financial services,Service × Industry Landing Page,Investment management firms,Paid Search and PPC,/professional-services-industries/investment-management-firms-marketing-agency/,Index after content threshold,Phase 3,paid search and ppc for investment management firms,professional-services-service-industry-sitemap.xml,Consultus campaign matrix pattern
https://www.consultusdigital.com/professional-services-marketing-services/seo-for-investment-management-firms/,/professional-services-marketing-services/seo-for-investment-management-firms/,Professional Services,Financial services,Service × Industry Landing Page,Investment management firms,SEO,/professional-services-industries/investment-management-firms-marketing-agency/,Index after content threshold,Phase 3,seo for investment management firms,professional-services-service-industry-sitemap.xml,Consultus campaign matrix pattern
https://www.consultusdigital.com/professional-services-marketing-services/ai-search-for-investment-management-firms/,/professional-services-marketing-services/ai-search-for-investment-management-firms/,Professional Services,Financial services,Service × Industry Landing Page,Investment management firms,"AEO, GEO and AI Search",/professional-services-industries/investment-management-firms-marketing-agency/,Index after content threshold,Phase 3,"aeo, geo and ai search for investment management firms",professional-services-service-industry-sitemap.xml,Consultus campaign matrix pattern
https://www.consultusdigital.com/professional-services-marketing-services/paid-social-for-investment-management-firms/,/professional-services-marketing-services/paid-social-for-investment-management-firms/,Professional Services,Financial services,Service × Industry Landing Page,Investment management firms,Paid Social,/professional-services-industries/investment-management-firms-marketing-agency/,Index after content threshold,Phase 3,paid social for investment management firms,professional-services-service-industry-sitemap.xml,Consultus campaign matrix pattern
https://www.consultusdigital.com/professional-services-marketing-services/web-design-for-investment-management-firms/,/professional-services-marketing-services/web-design-for-investment-management-firms/,Professional Services,Financial services,Service × Industry Landing Page,Investment management firms,Website Design and CRO,/professional-services-industries/investment-management-firms-marketing-agency/,Index after content threshold,Phase 3,website design and cro for investment management firms,professional-services-service-industry-sitemap.xml,Consultus campaign matrix pattern
https://www.consultusdigital.com/professional-services-marketing-services/crm-revops-for-investment-management-firms/,/professional-services-marketing-services/crm-revops-for-investment-management-firms/,Professional Services,Financial services,Service × Industry Landing Page,Investment management firms,CRM and Revenue Operations,/professional-services-industries/investment-management-firms-marketing-agency/,Index after content threshold,Phase 3,crm and revenue operations for investment management firms,professional-services-service-industry-sitemap.xml,Consultus campaign matrix pattern
https://www.consultusdigital.com/professional-services-marketing-services/thought-leadership-for-investment-management-firms/,/professional-services-marketing-services/thought-leadership-for-investment-management-firms/,Professional Services,Financial services,Service × Industry Landing Page,Investment management firms,Thought Leadership and Content,/professional-services-industries/investment-management-firms-marketing-agency/,Index after content threshold,Phase 3,thought leadership and content for investment management firms,professional-services-service-industry-sitemap.xml,Consultus campaign matrix pattern
https://www.consultusdigital.com/professional-services-marketing-services/ad-creative-for-investment-management-firms/,/professional-services-marketing-services/ad-creative-for-investment-management-firms/,Professional Services,Financial services,Service × Industry Landing Page,Investment management firms,Ad Creative Production,/professional-services-industries/investment-management-firms-marketing-agency/,Index after content threshold,Phase 3,ad creative production for investment management firms,professional-services-service-industry-sitemap.xml,Consultus campaign matrix pattern
https://www.consultusdigital.com/professional-services-marketing-services/analytics-for-investment-management-firms/,/professional-services-marketing-services/analytics-for-investment-management-firms/,Professional Services,Financial services,Service × Industry Landing Page,Investment management firms,Pipeline Analytics and Attribution,/professional-services-industries/investment-management-firms-marketing-agency/,Index after content threshold,Phase 3,pipeline analytics and attribution for investment management firms,professional-services-service-industry-sitemap.xml,Consultus campaign matrix pattern
https://www.consultusdigital.com/professional-services-industries/private-wealth-firms-marketing-agency/,/professional-services-industries/private-wealth-firms-marketing-agency/,Professional Services,Financial services,Industry Marketing Agency Page,Private wealth firms,,/professional-services-industries/financial-services/,Index,Phase 2,private wealth firms marketing agency,professional-services-industry-agency-sitemap.xml,https://www.cardinaldigitalmarketing.com/healthcare-specialties/mental-healthcare-providers-agency/
https://www.consultusdigital.com/professional-services-marketing-services/digital-marketing-for-private-wealth-firms/,/professional-services-marketing-services/digital-marketing-for-private-wealth-firms/,Professional Services,Financial services,Service × Industry Landing Page,Private wealth firms,Digital Marketing Agency,/professional-services-industries/private-wealth-firms-marketing-agency/,Index after content threshold,Phase 3,digital marketing agency for private wealth firms,professional-services-service-industry-sitemap.xml,Consultus campaign matrix pattern
https://www.consultusdigital.com/professional-services-marketing-services/paid-search-for-private-wealth-firms/,/professional-services-marketing-services/paid-search-for-private-wealth-firms/,Professional Services,Financial services,Service × Industry Landing Page,Private wealth firms,Paid Search and PPC,/professional-services-industries/private-wealth-firms-marketing-agency/,Index after content threshold,Phase 3,paid search and ppc for private wealth firms,professional-services-service-industry-sitemap.xml,Consultus campaign matrix pattern
https://www.consultusdigital.com/professional-services-marketing-services/seo-for-private-wealth-firms/,/professional-services-marketing-services/seo-for-private-wealth-firms/,Professional Services,Financial services,Service × Industry Landing Page,Private wealth firms,SEO,/professional-services-industries/private-wealth-firms-marketing-agency/,Index after content threshold,Phase 3,seo for private wealth firms,professional-services-service-industry-sitemap.xml,Consultus campaign matrix pattern
https://www.consultusdigital.com/professional-services-marketing-services/ai-search-for-private-wealth-firms/,/professional-services-marketing-services/ai-search-for-private-wealth-firms/,Professional Services,Financial services,Service × Industry Landing Page,Private wealth firms,"AEO, GEO and AI Search",/professional-services-industries/private-wealth-firms-marketing-agency/,Index after content threshold,Phase 3,"aeo, geo and ai search for private wealth firms",professional-services-service-industry-sitemap.xml,Consultus campaign matrix pattern
https://www.consultusdigital.com/professional-services-marketing-services/paid-social-for-private-wealth-firms/,/professional-services-marketing-services/paid-social-for-private-wealth-firms/,Professional Services,Financial services,Service × Industry Landing Page,Private wealth firms,Paid Social,/professional-services-industries/private-wealth-firms-marketing-agency/,Index after content threshold,Phase 3,paid social for private wealth firms,professional-services-service-industry-sitemap.xml,Consultus campaign matrix pattern
https://www.consultusdigital.com/professional-services-marketing-services/web-design-for-private-wealth-firms/,/professional-services-marketing-services/web-design-for-private-wealth-firms/,Professional Services,Financial services,Service × Industry Landing Page,Private wealth firms,Website Design and CRO,/professional-services-industries/private-wealth-firms-marketing-agency/,Index after content threshold,Phase 3,website design and cro for private wealth firms,professional-services-service-industry-sitemap.xml,Consultus campaign matrix pattern
https://www.consultusdigital.com/professional-services-marketing-services/crm-revops-for-private-wealth-firms/,/professional-services-marketing-services/crm-revops-for-private-wealth-firms/,Professional Services,Financial services,Service × Industry Landing Page,Private wealth firms,CRM and Revenue Operations,/professional-services-industries/private-wealth-firms-marketing-agency/,Index after content threshold,Phase 3,crm and revenue operations for private wealth firms,professional-services-service-industry-sitemap.xml,Consultus campaign matrix pattern
https://www.consultusdigital.com/professional-services-marketing-services/thought-leadership-for-private-wealth-firms/,/professional-services-marketing-services/thought-leadership-for-private-wealth-firms/,Professional Services,Financial services,Service × Industry Landing Page,Private wealth firms,Thought Leadership and Content,/professional-services-industries/private-wealth-firms-marketing-agency/,Index after content threshold,Phase 3,thought leadership and content for private wealth firms,professional-services-service-industry-sitemap.xml,Consultus campaign matrix pattern
https://www.consultusdigital.com/professional-services-marketing-services/ad-creative-for-private-wealth-firms/,/professional-services-marketing-services/ad-creative-for-private-wealth-firms/,Professional Services,Financial services,Service × Industry Landing Page,Private wealth firms,Ad Creative Production,/professional-services-industries/private-wealth-firms-marketing-agency/,Index after content threshold,Phase 3,ad creative production for private wealth firms,professional-services-service-industry-sitemap.xml,Consultus campaign matrix pattern
https://www.consultusdigital.com/professional-services-marketing-services/analytics-for-private-wealth-firms/,/professional-services-marketing-services/analytics-for-private-wealth-firms/,Professional Services,Financial services,Service × Industry Landing Page,Private wealth firms,Pipeline Analytics and Attribution,/professional-services-industries/private-wealth-firms-marketing-agency/,Index after content threshold,Phase 3,pipeline analytics and attribution for private wealth firms,professional-services-service-industry-sitemap.xml,Consultus campaign matrix pattern
https://www.consultusdigital.com/professional-services-industries/mortgage-brokerages-marketing-agency/,/professional-services-industries/mortgage-brokerages-marketing-agency/,Professional Services,Financial services,Industry Marketing Agency Page,Mortgage brokerages,,/professional-services-industries/financial-services/,Index,Phase 2,mortgage brokerages marketing agency,professional-services-industry-agency-sitemap.xml,https://www.cardinaldigitalmarketing.com/healthcare-specialties/mental-healthcare-providers-agency/
https://www.consultusdigital.com/professional-services-marketing-services/digital-marketing-for-mortgage-brokerages/,/professional-services-marketing-services/digital-marketing-for-mortgage-brokerages/,Professional Services,Financial services,Service × Industry Landing Page,Mortgage brokerages,Digital Marketing Agency,/professional-services-industries/mortgage-brokerages-marketing-agency/,Index after content threshold,Phase 3,digital marketing agency for mortgage brokerages,professional-services-service-industry-sitemap.xml,Consultus campaign matrix pattern
https://www.consultusdigital.com/professional-services-marketing-services/paid-search-for-mortgage-brokerages/,/professional-services-marketing-services/paid-search-for-mortgage-brokerages/,Professional Services,Financial services,Service × Industry Landing Page,Mortgage brokerages,Paid Search and PPC,/professional-services-industries/mortgage-brokerages-marketing-agency/,Index after content threshold,Phase 3,paid search and ppc for mortgage brokerages,professional-services-service-industry-sitemap.xml,Consultus campaign matrix pattern
https://www.consultusdigital.com/professional-services-marketing-services/seo-for-mortgage-brokerages/,/professional-services-marketing-services/seo-for-mortgage-brokerages/,Professional Services,Financial services,Service × Industry Landing Page,Mortgage brokerages,SEO,/professional-services-industries/mortgage-brokerages-marketing-agency/,Index after content threshold,Phase 3,seo for mortgage brokerages,professional-services-service-industry-sitemap.xml,Consultus campaign matrix pattern
https://www.consultusdigital.com/professional-services-marketing-services/ai-search-for-mortgage-brokerages/,/professional-services-marketing-services/ai-search-for-mortgage-brokerages/,Professional Services,Financial services,Service × Industry Landing Page,Mortgage brokerages,"AEO, GEO and AI Search",/professional-services-industries/mortgage-brokerages-marketing-agency/,Index after content threshold,Phase 3,"aeo, geo and ai search for mortgage brokerages",professional-services-service-industry-sitemap.xml,Consultus campaign matrix pattern
https://www.consultusdigital.com/professional-services-marketing-services/paid-social-for-mortgage-brokerages/,/professional-services-marketing-services/paid-social-for-mortgage-brokerages/,Professional Services,Financial services,Service × Industry Landing Page,Mortgage brokerages,Paid Social,/professional-services-industries/mortgage-brokerages-marketing-agency/,Index after content threshold,Phase 3,paid social for mortgage brokerages,professional-services-service-industry-sitemap.xml,Consultus campaign matrix pattern
https://www.consultusdigital.com/professional-services-marketing-services/web-design-for-mortgage-brokerages/,/professional-services-marketing-services/web-design-for-mortgage-brokerages/,Professional Services,Financial services,Service × Industry Landing Page,Mortgage brokerages,Website Design and CRO,/professional-services-industries/mortgage-brokerages-marketing-agency/,Index after content threshold,Phase 3,website design and cro for mortgage brokerages,professional-services-service-industry-sitemap.xml,Consultus campaign matrix pattern
https://www.consultusdigital.com/professional-services-marketing-services/crm-revops-for-mortgage-brokerages/,/professional-services-marketing-services/crm-revops-for-mortgage-brokerages/,Professional Services,Financial services,Service × Industry Landing Page,Mortgage brokerages,CRM and Revenue Operations,/professional-services-industries/mortgage-brokerages-marketing-agency/,Index after content threshold,Phase 3,crm and revenue operations for mortgage brokerages,professional-services-service-industry-sitemap.xml,Consultus campaign matrix pattern
https://www.consultusdigital.com/professional-services-marketing-services/thought-leadership-for-mortgage-brokerages/,/professional-services-marketing-services/thought-leadership-for-mortgage-brokerages/,Professional Services,Financial services,Service × Industry Landing Page,Mortgage brokerages,Thought Leadership and Content,/professional-services-industries/mortgage-brokerages-marketing-agency/,Index after content threshold,Phase 3,thought leadership and content for mortgage brokerages,professional-services-service-industry-sitemap.xml,Consultus campaign matrix pattern
https://www.consultusdigital.com/professional-services-marketing-services/ad-creative-for-mortgage-brokerages/,/professional-services-marketing-services/ad-creative-for-mortgage-brokerages/,Professional Services,Financial services,Service × Industry Landing Page,Mortgage brokerages,Ad Creative Production,/professional-services-industries/mortgage-brokerages-marketing-agency/,Index after content threshold,Phase 3,ad creative production for mortgage brokerages,professional-services-service-industry-sitemap.xml,Consultus campaign matrix pattern
https://www.consultusdigital.com/professional-services-marketing-services/analytics-for-mortgage-brokerages/,/professional-services-marketing-services/analytics-for-mortgage-brokerages/,Professional Services,Financial services,Service × Industry Landing Page,Mortgage brokerages,Pipeline Analytics and Attribution,/professional-services-industries/mortgage-brokerages-marketing-agency/,Index after content threshold,Phase 3,pipeline analytics and attribution for mortgage brokerages,professional-services-service-industry-sitemap.xml,Consultus campaign matrix pattern
https://www.consultusdigital.com/professional-services-industries/mortgage-lenders-marketing-agency/,/professional-services-industries/mortgage-lenders-marketing-agency/,Professional Services,Financial services,Industry Marketing Agency Page,Mortgage lenders,,/professional-services-industries/financial-services/,Index,Phase 2,mortgage lenders marketing agency,professional-services-industry-agency-sitemap.xml,https://www.cardinaldigitalmarketing.com/healthcare-specialties/mental-healthcare-providers-agency/
https://www.consultusdigital.com/professional-services-marketing-services/digital-marketing-for-mortgage-lenders/,/professional-services-marketing-services/digital-marketing-for-mortgage-lenders/,Professional Services,Financial services,Service × Industry Landing Page,Mortgage lenders,Digital Marketing Agency,/professional-services-industries/mortgage-lenders-marketing-agency/,Index after content threshold,Phase 3,digital marketing agency for mortgage lenders,professional-services-service-industry-sitemap.xml,Consultus campaign matrix pattern
https://www.consultusdigital.com/professional-services-marketing-services/paid-search-for-mortgage-lenders/,/professional-services-marketing-services/paid-search-for-mortgage-lenders/,Professional Services,Financial services,Service × Industry Landing Page,Mortgage lenders,Paid Search and PPC,/professional-services-industries/mortgage-lenders-marketing-agency/,Index after content threshold,Phase 3,paid search and ppc for mortgage lenders,professional-services-service-industry-sitemap.xml,Consultus campaign matrix pattern
https://www.consultusdigital.com/professional-services-marketing-services/seo-for-mortgage-lenders/,/professional-services-marketing-services/seo-for-mortgage-lenders/,Professional Services,Financial services,Service × Industry Landing Page,Mortgage lenders,SEO,/professional-services-industries/mortgage-lenders-marketing-agency/,Index after content threshold,Phase 3,seo for mortgage lenders,professional-services-service-industry-sitemap.xml,Consultus campaign matrix pattern
https://www.consultusdigital.com/professional-services-marketing-services/ai-search-for-mortgage-lenders/,/professional-services-marketing-services/ai-search-for-mortgage-lenders/,Professional Services,Financial services,Service × Industry Landing Page,Mortgage lenders,"AEO, GEO and AI Search",/professional-services-industries/mortgage-lenders-marketing-agency/,Index after content threshold,Phase 3,"aeo, geo and ai search for mortgage lenders",professional-services-service-industry-sitemap.xml,Consultus campaign matrix pattern
https://www.consultusdigital.com/professional-services-marketing-services/paid-social-for-mortgage-lenders/,/professional-services-marketing-services/paid-social-for-mortgage-lenders/,Professional Services,Financial services,Service × Industry Landing Page,Mortgage lenders,Paid Social,/professional-services-industries/mortgage-lenders-marketing-agency/,Index after content threshold,Phase 3,paid social for mortgage lenders,professional-services-service-industry-sitemap.xml,Consultus campaign matrix pattern
https://www.consultusdigital.com/professional-services-marketing-services/web-design-for-mortgage-lenders/,/professional-services-marketing-services/web-design-for-mortgage-lenders/,Professional Services,Financial services,Service × Industry Landing Page,Mortgage lenders,Website Design and CRO,/professional-services-industries/mortgage-lenders-marketing-agency/,Index after content threshold,Phase 3,website design and cro for mortgage lenders,professional-services-service-industry-sitemap.xml,Consultus campaign matrix pattern
https://www.consultusdigital.com/professional-services-marketing-services/crm-revops-for-mortgage-lenders/,/professional-services-marketing-services/crm-revops-for-mortgage-lenders/,Professional Services,Financial services,Service × Industry Landing Page,Mortgage lenders,CRM and Revenue Operations,/professional-services-industries/mortgage-lenders-marketing-agency/,Index after content threshold,Phase 3,crm and revenue operations for mortgage lenders,professional-services-service-industry-sitemap.xml,Consultus campaign matrix pattern
https://www.consultusdigital.com/professional-services-marketing-services/thought-leadership-for-mortgage-lenders/,/professional-services-marketing-services/thought-leadership-for-mortgage-lenders/,Professional Services,Financial services,Service × Industry Landing Page,Mortgage lenders,Thought Leadership and Content,/professional-services-industries/mortgage-lenders-marketing-agency/,Index after content threshold,Phase 3,thought leadership and content for mortgage lenders,professional-services-service-industry-sitemap.xml,Consultus campaign matrix pattern
https://www.consultusdigital.com/professional-services-marketing-services/ad-creative-for-mortgage-lenders/,/professional-services-marketing-services/ad-creative-for-mortgage-lenders/,Professional Services,Financial services,Service × Industry Landing Page,Mortgage lenders,Ad Creative Production,/professional-services-industries/mortgage-lenders-marketing-agency/,Index after content threshold,Phase 3,ad creative production for mortgage lenders,professional-services-service-industry-sitemap.xml,Consultus campaign matrix pattern
https://www.consultusdigital.com/professional-services-marketing-services/analytics-for-mortgage-lenders/,/professional-services-marketing-services/analytics-for-mortgage-lenders/,Professional Services,Financial services,Service × Industry Landing Page,Mortgage lenders,Pipeline Analytics and Attribution,/professional-services-industries/mortgage-lenders-marketing-agency/,Index after content threshold,Phase 3,pipeline analytics and attribution for mortgage lenders,professional-services-service-industry-sitemap.xml,Consultus campaign matrix pattern
https://www.consultusdigital.com/professional-services-industries/credit-unions-marketing-agency/,/professional-services-industries/credit-unions-marketing-agency/,Professional Services,Financial services,Industry Marketing Agency Page,Credit unions,,/professional-services-industries/financial-services/,Index,Phase 2,credit unions marketing agency,professional-services-industry-agency-sitemap.xml,https://www.cardinaldigitalmarketing.com/healthcare-specialties/mental-healthcare-providers-agency/
https://www.consultusdigital.com/professional-services-marketing-services/digital-marketing-for-credit-unions/,/professional-services-marketing-services/digital-marketing-for-credit-unions/,Professional Services,Financial services,Service × Industry Landing Page,Credit unions,Digital Marketing Agency,/professional-services-industries/credit-unions-marketing-agency/,Index after content threshold,Phase 3,digital marketing agency for credit unions,professional-services-service-industry-sitemap.xml,Consultus campaign matrix pattern
https://www.consultusdigital.com/professional-services-marketing-services/paid-search-for-credit-unions/,/professional-services-marketing-services/paid-search-for-credit-unions/,Professional Services,Financial services,Service × Industry Landing Page,Credit unions,Paid Search and PPC,/professional-services-industries/credit-unions-marketing-agency/,Index after content threshold,Phase 3,paid search and ppc for credit unions,professional-services-service-industry-sitemap.xml,Consultus campaign matrix pattern
https://www.consultusdigital.com/professional-services-marketing-services/seo-for-credit-unions/,/professional-services-marketing-services/seo-for-credit-unions/,Professional Services,Financial services,Service × Industry Landing Page,Credit unions,SEO,/professional-services-industries/credit-unions-marketing-agency/,Index after content threshold,Phase 3,seo for credit unions,professional-services-service-industry-sitemap.xml,Consultus campaign matrix pattern
https://www.consultusdigital.com/professional-services-marketing-services/ai-search-for-credit-unions/,/professional-services-marketing-services/ai-search-for-credit-unions/,Professional Services,Financial services,Service × Industry Landing Page,Credit unions,"AEO, GEO and AI Search",/professional-services-industries/credit-unions-marketing-agency/,Index after content threshold,Phase 3,"aeo, geo and ai search for credit unions",professional-services-service-industry-sitemap.xml,Consultus campaign matrix pattern
https://www.consultusdigital.com/professional-services-marketing-services/paid-social-for-credit-unions/,/professional-services-marketing-services/paid-social-for-credit-unions/,Professional Services,Financial services,Service × Industry Landing Page,Credit unions,Paid Social,/professional-services-industries/credit-unions-marketing-agency/,Index after content threshold,Phase 3,paid social for credit unions,professional-services-service-industry-sitemap.xml,Consultus campaign matrix pattern
https://www.consultusdigital.com/professional-services-marketing-services/web-design-for-credit-unions/,/professional-services-marketing-services/web-design-for-credit-unions/,Professional Services,Financial services,Service × Industry Landing Page,Credit unions,Website Design and CRO,/professional-services-industries/credit-unions-marketing-agency/,Index after content threshold,Phase 3,website design and cro for credit unions,professional-services-service-industry-sitemap.xml,Consultus campaign matrix pattern
https://www.consultusdigital.com/professional-services-marketing-services/crm-revops-for-credit-unions/,/professional-services-marketing-services/crm-revops-for-credit-unions/,Professional Services,Financial services,Service × Industry Landing Page,Credit unions,CRM and Revenue Operations,/professional-services-industries/credit-unions-marketing-agency/,Index after content threshold,Phase 3,crm and revenue operations for credit unions,professional-services-service-industry-sitemap.xml,Consultus campaign matrix pattern
https://www.consultusdigital.com/professional-services-marketing-services/thought-leadership-for-credit-unions/,/professional-services-marketing-services/thought-leadership-for-credit-unions/,Professional Services,Financial services,Service × Industry Landing Page,Credit unions,Thought Leadership and Content,/professional-services-industries/credit-unions-marketing-agency/,Index after content threshold,Phase 3,thought leadership and content for credit unions,professional-services-service-industry-sitemap.xml,Consultus campaign matrix pattern
https://www.consultusdigital.com/professional-services-marketing-services/ad-creative-for-credit-unions/,/professional-services-marketing-services/ad-creative-for-credit-unions/,Professional Services,Financial services,Service × Industry Landing Page,Credit unions,Ad Creative Production,/professional-services-industries/credit-unions-marketing-agency/,Index after content threshold,Phase 3,ad creative production for credit unions,professional-services-service-industry-sitemap.xml,Consultus campaign matrix pattern
https://www.consultusdigital.com/professional-services-marketing-services/analytics-for-credit-unions/,/professional-services-marketing-services/analytics-for-credit-unions/,Professional Services,Financial services,Service × Industry Landing Page,Credit unions,Pipeline Analytics and Attribution,/professional-services-industries/credit-unions-marketing-agency/,Index after content threshold,Phase 3,pipeline analytics and attribution for credit unions,professional-services-service-industry-sitemap.xml,Consultus campaign matrix pattern
https://www.consultusdigital.com/professional-services-industries/community-banks-marketing-agency/,/professional-services-industries/community-banks-marketing-agency/,Professional Services,Financial services,Industry Marketing Agency Page,Community banks,,/professional-services-industries/financial-services/,Index,Phase 2,community banks marketing agency,professional-services-industry-agency-sitemap.xml,https://www.cardinaldigitalmarketing.com/healthcare-specialties/mental-healthcare-providers-agency/
https://www.consultusdigital.com/professional-services-marketing-services/digital-marketing-for-community-banks/,/professional-services-marketing-services/digital-marketing-for-community-banks/,Professional Services,Financial services,Service × Industry Landing Page,Community banks,Digital Marketing Agency,/professional-services-industries/community-banks-marketing-agency/,Index after content threshold,Phase 3,digital marketing agency for community banks,professional-services-service-industry-sitemap.xml,Consultus campaign matrix pattern
https://www.consultusdigital.com/professional-services-marketing-services/paid-search-for-community-banks/,/professional-services-marketing-services/paid-search-for-community-banks/,Professional Services,Financial services,Service × Industry Landing Page,Community banks,Paid Search and PPC,/professional-services-industries/community-banks-marketing-agency/,Index after content threshold,Phase 3,paid search and ppc for community banks,professional-services-service-industry-sitemap.xml,Consultus campaign matrix pattern
https://www.consultusdigital.com/professional-services-marketing-services/seo-for-community-banks/,/professional-services-marketing-services/seo-for-community-banks/,Professional Services,Financial services,Service × Industry Landing Page,Community banks,SEO,/professional-services-industries/community-banks-marketing-agency/,Index after content threshold,Phase 3,seo for community banks,professional-services-service-industry-sitemap.xml,Consultus campaign matrix pattern
https://www.consultusdigital.com/professional-services-marketing-services/ai-search-for-community-banks/,/professional-services-marketing-services/ai-search-for-community-banks/,Professional Services,Financial services,Service × Industry Landing Page,Community banks,"AEO, GEO and AI Search",/professional-services-industries/community-banks-marketing-agency/,Index after content threshold,Phase 3,"aeo, geo and ai search for community banks",professional-services-service-industry-sitemap.xml,Consultus campaign matrix pattern
https://www.consultusdigital.com/professional-services-marketing-services/paid-social-for-community-banks/,/professional-services-marketing-services/paid-social-for-community-banks/,Professional Services,Financial services,Service × Industry Landing Page,Community banks,Paid Social,/professional-services-industries/community-banks-marketing-agency/,Index after content threshold,Phase 3,paid social for community banks,professional-services-service-industry-sitemap.xml,Consultus campaign matrix pattern
https://www.consultusdigital.com/professional-services-marketing-services/web-design-for-community-banks/,/professional-services-marketing-services/web-design-for-community-banks/,Professional Services,Financial services,Service × Industry Landing Page,Community banks,Website Design and CRO,/professional-services-industries/community-banks-marketing-agency/,Index after content threshold,Phase 3,website design and cro for community banks,professional-services-service-industry-sitemap.xml,Consultus campaign matrix pattern
https://www.consultusdigital.com/professional-services-marketing-services/crm-revops-for-community-banks/,/professional-services-marketing-services/crm-revops-for-community-banks/,Professional Services,Financial services,Service × Industry Landing Page,Community banks,CRM and Revenue Operations,/professional-services-industries/community-banks-marketing-agency/,Index after content threshold,Phase 3,crm and revenue operations for community banks,professional-services-service-industry-sitemap.xml,Consultus campaign matrix pattern
https://www.consultusdigital.com/professional-services-marketing-services/thought-leadership-for-community-banks/,/professional-services-marketing-services/thought-leadership-for-community-banks/,Professional Services,Financial services,Service × Industry Landing Page,Community banks,Thought Leadership and Content,/professional-services-industries/community-banks-marketing-agency/,Index after content threshold,Phase 3,thought leadership and content for community banks,professional-services-service-industry-sitemap.xml,Consultus campaign matrix pattern
https://www.consultusdigital.com/professional-services-marketing-services/ad-creative-for-community-banks/,/professional-services-marketing-services/ad-creative-for-community-banks/,Professional Services,Financial services,Service × Industry Landing Page,Community banks,Ad Creative Production,/professional-services-industries/community-banks-marketing-agency/,Index after content threshold,Phase 3,ad creative production for community banks,professional-services-service-industry-sitemap.xml,Consultus campaign matrix pattern
https://www.consultusdigital.com/professional-services-marketing-services/analytics-for-community-banks/,/professional-services-marketing-services/analytics-for-community-banks/,Professional Services,Financial services,Service × Industry Landing Page,Community banks,Pipeline Analytics and Attribution,/professional-services-industries/community-banks-marketing-agency/,Index after content threshold,Phase 3,pipeline analytics and attribution for community banks,professional-services-service-industry-sitemap.xml,Consultus campaign matrix pattern
https://www.consultusdigital.com/professional-services-industries/commercial-lenders-marketing-agency/,/professional-services-industries/commercial-lenders-marketing-agency/,Professional Services,Financial services,Industry Marketing Agency Page,Commercial lenders,,/professional-services-industries/financial-services/,Index,Phase 2,commercial lenders marketing agency,professional-services-industry-agency-sitemap.xml,https://www.cardinaldigitalmarketing.com/healthcare-specialties/mental-healthcare-providers-agency/
https://www.consultusdigital.com/professional-services-marketing-services/digital-marketing-for-commercial-lenders/,/professional-services-marketing-services/digital-marketing-for-commercial-lenders/,Professional Services,Financial services,Service × Industry Landing Page,Commercial lenders,Digital Marketing Agency,/professional-services-industries/commercial-lenders-marketing-agency/,Index after content threshold,Phase 3,digital marketing agency for commercial lenders,professional-services-service-industry-sitemap.xml,Consultus campaign matrix pattern
https://www.consultusdigital.com/professional-services-marketing-services/paid-search-for-commercial-lenders/,/professional-services-marketing-services/paid-search-for-commercial-lenders/,Professional Services,Financial services,Service × Industry Landing Page,Commercial lenders,Paid Search and PPC,/professional-services-industries/commercial-lenders-marketing-agency/,Index after content threshold,Phase 3,paid search and ppc for commercial lenders,professional-services-service-industry-sitemap.xml,Consultus campaign matrix pattern
https://www.consultusdigital.com/professional-services-marketing-services/seo-for-commercial-lenders/,/professional-services-marketing-services/seo-for-commercial-lenders/,Professional Services,Financial services,Service × Industry Landing Page,Commercial lenders,SEO,/professional-services-industries/commercial-lenders-marketing-agency/,Index after content threshold,Phase 3,seo for commercial lenders,professional-services-service-industry-sitemap.xml,Consultus campaign matrix pattern
https://www.consultusdigital.com/professional-services-marketing-services/ai-search-for-commercial-lenders/,/professional-services-marketing-services/ai-search-for-commercial-lenders/,Professional Services,Financial services,Service × Industry Landing Page,Commercial lenders,"AEO, GEO and AI Search",/professional-services-industries/commercial-lenders-marketing-agency/,Index after content threshold,Phase 3,"aeo, geo and ai search for commercial lenders",professional-services-service-industry-sitemap.xml,Consultus campaign matrix pattern
https://www.consultusdigital.com/professional-services-marketing-services/paid-social-for-commercial-lenders/,/professional-services-marketing-services/paid-social-for-commercial-lenders/,Professional Services,Financial services,Service × Industry Landing Page,Commercial lenders,Paid Social,/professional-services-industries/commercial-lenders-marketing-agency/,Index after content threshold,Phase 3,paid social for commercial lenders,professional-services-service-industry-sitemap.xml,Consultus campaign matrix pattern
https://www.consultusdigital.com/professional-services-marketing-services/web-design-for-commercial-lenders/,/professional-services-marketing-services/web-design-for-commercial-lenders/,Professional Services,Financial services,Service × Industry Landing Page,Commercial lenders,Website Design and CRO,/professional-services-industries/commercial-lenders-marketing-agency/,Index after content threshold,Phase 3,website design and cro for commercial lenders,professional-services-service-industry-sitemap.xml,Consultus campaign matrix pattern
https://www.consultusdigital.com/professional-services-marketing-services/crm-revops-for-commercial-lenders/,/professional-services-marketing-services/crm-revops-for-commercial-lenders/,Professional Services,Financial services,Service × Industry Landing Page,Commercial lenders,CRM and Revenue Operations,/professional-services-industries/commercial-lenders-marketing-agency/,Index after content threshold,Phase 3,crm and revenue operations for commercial lenders,professional-services-service-industry-sitemap.xml,Consultus campaign matrix pattern
https://www.consultusdigital.com/professional-services-marketing-services/thought-leadership-for-commercial-lenders/,/professional-services-marketing-services/thought-leadership-for-commercial-lenders/,Professional Services,Financial services,Service × Industry Landing Page,Commercial lenders,Thought Leadership and Content,/professional-services-industries/commercial-lenders-marketing-agency/,Index after content threshold,Phase 3,thought leadership and content for commercial lenders,professional-services-service-industry-sitemap.xml,Consultus campaign matrix pattern
https://www.consultusdigital.com/professional-services-marketing-services/ad-creative-for-commercial-lenders/,/professional-services-marketing-services/ad-creative-for-commercial-lenders/,Professional Services,Financial services,Service × Industry Landing Page,Commercial lenders,Ad Creative Production,/professional-services-industries/commercial-lenders-marketing-agency/,Index after content threshold,Phase 3,ad creative production for commercial lenders,professional-services-service-industry-sitemap.xml,Consultus campaign matrix pattern
https://www.consultusdigital.com/professional-services-marketing-services/analytics-for-commercial-lenders/,/professional-services-marketing-services/analytics-for-commercial-lenders/,Professional Services,Financial services,Service × Industry Landing Page,Commercial lenders,Pipeline Analytics and Attribution,/professional-services-industries/commercial-lenders-marketing-agency/,Index after content threshold,Phase 3,pipeline analytics and attribution for commercial lenders,professional-services-service-industry-sitemap.xml,Consultus campaign matrix pattern
https://www.consultusdigital.com/professional-services-industries/fintech-companies-marketing-agency/,/professional-services-industries/fintech-companies-marketing-agency/,Professional Services,Financial services,Industry Marketing Agency Page,Fintech companies,,/professional-services-industries/financial-services/,Index,Phase 2,fintech companies marketing agency,professional-services-industry-agency-sitemap.xml,https://www.cardinaldigitalmarketing.com/healthcare-specialties/mental-healthcare-providers-agency/
https://www.consultusdigital.com/professional-services-marketing-services/digital-marketing-for-fintech-companies/,/professional-services-marketing-services/digital-marketing-for-fintech-companies/,Professional Services,Financial services,Service × Industry Landing Page,Fintech companies,Digital Marketing Agency,/professional-services-industries/fintech-companies-marketing-agency/,Index after content threshold,Phase 3,digital marketing agency for fintech companies,professional-services-service-industry-sitemap.xml,Consultus campaign matrix pattern
https://www.consultusdigital.com/professional-services-marketing-services/paid-search-for-fintech-companies/,/professional-services-marketing-services/paid-search-for-fintech-companies/,Professional Services,Financial services,Service × Industry Landing Page,Fintech companies,Paid Search and PPC,/professional-services-industries/fintech-companies-marketing-agency/,Index after content threshold,Phase 3,paid search and ppc for fintech companies,professional-services-service-industry-sitemap.xml,Consultus campaign matrix pattern
https://www.consultusdigital.com/professional-services-marketing-services/seo-for-fintech-companies/,/professional-services-marketing-services/seo-for-fintech-companies/,Professional Services,Financial services,Service × Industry Landing Page,Fintech companies,SEO,/professional-services-industries/fintech-companies-marketing-agency/,Index after content threshold,Phase 3,seo for fintech companies,professional-services-service-industry-sitemap.xml,Consultus campaign matrix pattern
https://www.consultusdigital.com/professional-services-marketing-services/ai-search-for-fintech-companies/,/professional-services-marketing-services/ai-search-for-fintech-companies/,Professional Services,Financial services,Service × Industry Landing Page,Fintech companies,"AEO, GEO and AI Search",/professional-services-industries/fintech-companies-marketing-agency/,Index after content threshold,Phase 3,"aeo, geo and ai search for fintech companies",professional-services-service-industry-sitemap.xml,Consultus campaign matrix pattern
https://www.consultusdigital.com/professional-services-marketing-services/paid-social-for-fintech-companies/,/professional-services-marketing-services/paid-social-for-fintech-companies/,Professional Services,Financial services,Service × Industry Landing Page,Fintech companies,Paid Social,/professional-services-industries/fintech-companies-marketing-agency/,Index after content threshold,Phase 3,paid social for fintech companies,professional-services-service-industry-sitemap.xml,Consultus campaign matrix pattern
https://www.consultusdigital.com/professional-services-marketing-services/web-design-for-fintech-companies/,/professional-services-marketing-services/web-design-for-fintech-companies/,Professional Services,Financial services,Service × Industry Landing Page,Fintech companies,Website Design and CRO,/professional-services-industries/fintech-companies-marketing-agency/,Index after content threshold,Phase 3,website design and cro for fintech companies,professional-services-service-industry-sitemap.xml,Consultus campaign matrix pattern
https://www.consultusdigital.com/professional-services-marketing-services/crm-revops-for-fintech-companies/,/professional-services-marketing-services/crm-revops-for-fintech-companies/,Professional Services,Financial services,Service × Industry Landing Page,Fintech companies,CRM and Revenue Operations,/professional-services-industries/fintech-companies-marketing-agency/,Index after content threshold,Phase 3,crm and revenue operations for fintech companies,professional-services-service-industry-sitemap.xml,Consultus campaign matrix pattern
https://www.consultusdigital.com/professional-services-marketing-services/thought-leadership-for-fintech-companies/,/professional-services-marketing-services/thought-leadership-for-fintech-companies/,Professional Services,Financial services,Service × Industry Landing Page,Fintech companies,Thought Leadership and Content,/professional-services-industries/fintech-companies-marketing-agency/,Index after content threshold,Phase 3,thought leadership and content for fintech companies,professional-services-service-industry-sitemap.xml,Consultus campaign matrix pattern
https://www.consultusdigital.com/professional-services-marketing-services/ad-creative-for-fintech-companies/,/professional-services-marketing-services/ad-creative-for-fintech-companies/,Professional Services,Financial services,Service × Industry Landing Page,Fintech companies,Ad Creative Production,/professional-services-industries/fintech-companies-marketing-agency/,Index after content threshold,Phase 3,ad creative production for fintech companies,professional-services-service-industry-sitemap.xml,Consultus campaign matrix pattern
https://www.consultusdigital.com/professional-services-marketing-services/analytics-for-fintech-companies/,/professional-services-marketing-services/analytics-for-fintech-companies/,Professional Services,Financial services,Service × Industry Landing Page,Fintech companies,Pipeline Analytics and Attribution,/professional-services-industries/fintech-companies-marketing-agency/,Index after content threshold,Phase 3,pipeline analytics and attribution for fintech companies,professional-services-service-industry-sitemap.xml,Consultus campaign matrix pattern
https://www.consultusdigital.com/professional-services-industries/payments-companies-marketing-agency/,/professional-services-industries/payments-companies-marketing-agency/,Professional Services,Financial services,Industry Marketing Agency Page,Payments companies,,/professional-services-industries/financial-services/,Index,Phase 2,payments companies marketing agency,professional-services-industry-agency-sitemap.xml,https://www.cardinaldigitalmarketing.com/healthcare-specialties/mental-healthcare-providers-agency/
https://www.consultusdigital.com/professional-services-marketing-services/digital-marketing-for-payments-companies/,/professional-services-marketing-services/digital-marketing-for-payments-companies/,Professional Services,Financial services,Service × Industry Landing Page,Payments companies,Digital Marketing Agency,/professional-services-industries/payments-companies-marketing-agency/,Index after content threshold,Phase 3,digital marketing agency for payments companies,professional-services-service-industry-sitemap.xml,Consultus campaign matrix pattern
https://www.consultusdigital.com/professional-services-marketing-services/paid-search-for-payments-companies/,/professional-services-marketing-services/paid-search-for-payments-companies/,Professional Services,Financial services,Service × Industry Landing Page,Payments companies,Paid Search and PPC,/professional-services-industries/payments-companies-marketing-agency/,Index after content threshold,Phase 3,paid search and ppc for payments companies,professional-services-service-industry-sitemap.xml,Consultus campaign matrix pattern
https://www.consultusdigital.com/professional-services-marketing-services/seo-for-payments-companies/,/professional-services-marketing-services/seo-for-payments-companies/,Professional Services,Financial services,Service × Industry Landing Page,Payments companies,SEO,/professional-services-industries/payments-companies-marketing-agency/,Index after content threshold,Phase 3,seo for payments companies,professional-services-service-industry-sitemap.xml,Consultus campaign matrix pattern
https://www.consultusdigital.com/professional-services-marketing-services/ai-search-for-payments-companies/,/professional-services-marketing-services/ai-search-for-payments-companies/,Professional Services,Financial services,Service × Industry Landing Page,Payments companies,"AEO, GEO and AI Search",/professional-services-industries/payments-companies-marketing-agency/,Index after content threshold,Phase 3,"aeo, geo and ai search for payments companies",professional-services-service-industry-sitemap.xml,Consultus campaign matrix pattern
https://www.consultusdigital.com/professional-services-marketing-services/paid-social-for-payments-companies/,/professional-services-marketing-services/paid-social-for-payments-companies/,Professional Services,Financial services,Service × Industry Landing Page,Payments companies,Paid Social,/professional-services-industries/payments-companies-marketing-agency/,Index after content threshold,Phase 3,paid social for payments companies,professional-services-service-industry-sitemap.xml,Consultus campaign matrix pattern
https://www.consultusdigital.com/professional-services-marketing-services/web-design-for-payments-companies/,/professional-services-marketing-services/web-design-for-payments-companies/,Professional Services,Financial services,Service × Industry Landing Page,Payments companies,Website Design and CRO,/professional-services-industries/payments-companies-marketing-agency/,Index after content threshold,Phase 3,website design and cro for payments companies,professional-services-service-industry-sitemap.xml,Consultus campaign matrix pattern
https://www.consultusdigital.com/professional-services-marketing-services/crm-revops-for-payments-companies/,/professional-services-marketing-services/crm-revops-for-payments-companies/,Professional Services,Financial services,Service × Industry Landing Page,Payments companies,CRM and Revenue Operations,/professional-services-industries/payments-companies-marketing-agency/,Index after content threshold,Phase 3,crm and revenue operations for payments companies,professional-services-service-industry-sitemap.xml,Consultus campaign matrix pattern
https://www.consultusdigital.com/professional-services-marketing-services/thought-leadership-for-payments-companies/,/professional-services-marketing-services/thought-leadership-for-payments-companies/,Professional Services,Financial services,Service × Industry Landing Page,Payments companies,Thought Leadership and Content,/professional-services-industries/payments-companies-marketing-agency/,Index after content threshold,Phase 3,thought leadership and content for payments companies,professional-services-service-industry-sitemap.xml,Consultus campaign matrix pattern
https://www.consultusdigital.com/professional-services-marketing-services/ad-creative-for-payments-companies/,/professional-services-marketing-services/ad-creative-for-payments-companies/,Professional Services,Financial services,Service × Industry Landing Page,Payments companies,Ad Creative Production,/professional-services-industries/payments-companies-marketing-agency/,Index after content threshold,Phase 3,ad creative production for payments companies,professional-services-service-industry-sitemap.xml,Consultus campaign matrix pattern
https://www.consultusdigital.com/professional-services-marketing-services/analytics-for-payments-companies/,/professional-services-marketing-services/analytics-for-payments-companies/,Professional Services,Financial services,Service × Industry Landing Page,Payments companies,Pipeline Analytics and Attribution,/professional-services-industries/payments-companies-marketing-agency/,Index after content threshold,Phase 3,pipeline analytics and attribution for payments companies,professional-services-service-industry-sitemap.xml,Consultus campaign matrix pattern
https://www.consultusdigital.com/professional-services-industries/foreign-exchange-companies-marketing-agency/,/professional-services-industries/foreign-exchange-companies-marketing-agency/,Professional Services,Financial services,Industry Marketing Agency Page,Foreign exchange companies,,/professional-services-industries/financial-services/,Index,Phase 2,foreign exchange companies marketing agency,professional-services-industry-agency-sitemap.xml,https://www.cardinaldigitalmarketing.com/healthcare-specialties/mental-healthcare-providers-agency/
https://www.consultusdigital.com/professional-services-marketing-services/digital-marketing-for-foreign-exchange-companies/,/professional-services-marketing-services/digital-marketing-for-foreign-exchange-companies/,Professional Services,Financial services,Service × Industry Landing Page,Foreign exchange companies,Digital Marketing Agency,/professional-services-industries/foreign-exchange-companies-marketing-agency/,Index after content threshold,Phase 3,digital marketing agency for foreign exchange companies,professional-services-service-industry-sitemap.xml,Consultus campaign matrix pattern
https://www.consultusdigital.com/professional-services-marketing-services/paid-search-for-foreign-exchange-companies/,/professional-services-marketing-services/paid-search-for-foreign-exchange-companies/,Professional Services,Financial services,Service × Industry Landing Page,Foreign exchange companies,Paid Search and PPC,/professional-services-industries/foreign-exchange-companies-marketing-agency/,Index after content threshold,Phase 3,paid search and ppc for foreign exchange companies,professional-services-service-industry-sitemap.xml,Consultus campaign matrix pattern
https://www.consultusdigital.com/professional-services-marketing-services/seo-for-foreign-exchange-companies/,/professional-services-marketing-services/seo-for-foreign-exchange-companies/,Professional Services,Financial services,Service × Industry Landing Page,Foreign exchange companies,SEO,/professional-services-industries/foreign-exchange-companies-marketing-agency/,Index after content threshold,Phase 3,seo for foreign exchange companies,professional-services-service-industry-sitemap.xml,Consultus campaign matrix pattern
https://www.consultusdigital.com/professional-services-marketing-services/ai-search-for-foreign-exchange-companies/,/professional-services-marketing-services/ai-search-for-foreign-exchange-companies/,Professional Services,Financial services,Service × Industry Landing Page,Foreign exchange companies,"AEO, GEO and AI Search",/professional-services-industries/foreign-exchange-companies-marketing-agency/,Index after content threshold,Phase 3,"aeo, geo and ai search for foreign exchange companies",professional-services-service-industry-sitemap.xml,Consultus campaign matrix pattern
https://www.consultusdigital.com/professional-services-marketing-services/paid-social-for-foreign-exchange-companies/,/professional-services-marketing-services/paid-social-for-foreign-exchange-companies/,Professional Services,Financial services,Service × Industry Landing Page,Foreign exchange companies,Paid Social,/professional-services-industries/foreign-exchange-companies-marketing-agency/,Index after content threshold,Phase 3,paid social for foreign exchange companies,professional-services-service-industry-sitemap.xml,Consultus campaign matrix pattern
https://www.consultusdigital.com/professional-services-marketing-services/web-design-for-foreign-exchange-companies/,/professional-services-marketing-services/web-design-for-foreign-exchange-companies/,Professional Services,Financial services,Service × Industry Landing Page,Foreign exchange companies,Website Design and CRO,/professional-services-industries/foreign-exchange-companies-marketing-agency/,Index after content threshold,Phase 3,website design and cro for foreign exchange companies,professional-services-service-industry-sitemap.xml,Consultus campaign matrix pattern
https://www.consultusdigital.com/professional-services-marketing-services/crm-revops-for-foreign-exchange-companies/,/professional-services-marketing-services/crm-revops-for-foreign-exchange-companies/,Professional Services,Financial services,Service × Industry Landing Page,Foreign exchange companies,CRM and Revenue Operations,/professional-services-industries/foreign-exchange-companies-marketing-agency/,Index after content threshold,Phase 3,crm and revenue operations for foreign exchange companies,professional-services-service-industry-sitemap.xml,Consultus campaign matrix pattern
https://www.consultusdigital.com/professional-services-marketing-services/thought-leadership-for-foreign-exchange-companies/,/professional-services-marketing-services/thought-leadership-for-foreign-exchange-companies/,Professional Services,Financial services,Service × Industry Landing Page,Foreign exchange companies,Thought Leadership and Content,/professional-services-industries/foreign-exchange-companies-marketing-agency/,Index after content threshold,Phase 3,thought leadership and content for foreign exchange companies,professional-services-service-industry-sitemap.xml,Consultus campaign matrix pattern
https://www.consultusdigital.com/professional-services-marketing-services/ad-creative-for-foreign-exchange-companies/,/professional-services-marketing-services/ad-creative-for-foreign-exchange-companies/,Professional Services,Financial services,Service × Industry Landing Page,Foreign exchange companies,Ad Creative Production,/professional-services-industries/foreign-exchange-companies-marketing-agency/,Index after content threshold,Phase 3,ad creative production for foreign exchange companies,professional-services-service-industry-sitemap.xml,Consultus campaign matrix pattern
https://www.consultusdigital.com/professional-services-marketing-services/analytics-for-foreign-exchange-companies/,/professional-services-marketing-services/analytics-for-foreign-exchange-companies/,Professional Services,Financial services,Service × Industry Landing Page,Foreign exchange companies,Pipeline Analytics and Attribution,/professional-services-industries/foreign-exchange-companies-marketing-agency/,Index after content threshold,Phase 3,pipeline analytics and attribution for foreign exchange companies,professional-services-service-industry-sitemap.xml,Consultus campaign matrix pattern
https://www.consultusdigital.com/professional-services-industries/consumer-finance-companies-marketing-agency/,/professional-services-industries/consumer-finance-companies-marketing-agency/,Professional Services,Financial services,Industry Marketing Agency Page,Consumer finance companies,,/professional-services-industries/financial-services/,Index,Phase 2,consumer finance companies marketing agency,professional-services-industry-agency-sitemap.xml,https://www.cardinaldigitalmarketing.com/healthcare-specialties/mental-healthcare-providers-agency/
https://www.consultusdigital.com/professional-services-marketing-services/digital-marketing-for-consumer-finance-companies/,/professional-services-marketing-services/digital-marketing-for-consumer-finance-companies/,Professional Services,Financial services,Service × Industry Landing Page,Consumer finance companies,Digital Marketing Agency,/professional-services-industries/consumer-finance-companies-marketing-agency/,Index after content threshold,Phase 3,digital marketing agency for consumer finance companies,professional-services-service-industry-sitemap.xml,Consultus campaign matrix pattern
https://www.consultusdigital.com/professional-services-marketing-services/paid-search-for-consumer-finance-companies/,/professional-services-marketing-services/paid-search-for-consumer-finance-companies/,Professional Services,Financial services,Service × Industry Landing Page,Consumer finance companies,Paid Search and PPC,/professional-services-industries/consumer-finance-companies-marketing-agency/,Index after content threshold,Phase 3,paid search and ppc for consumer finance companies,professional-services-service-industry-sitemap.xml,Consultus campaign matrix pattern
https://www.consultusdigital.com/professional-services-marketing-services/seo-for-consumer-finance-companies/,/professional-services-marketing-services/seo-for-consumer-finance-companies/,Professional Services,Financial services,Service × Industry Landing Page,Consumer finance companies,SEO,/professional-services-industries/consumer-finance-companies-marketing-agency/,Index after content threshold,Phase 3,seo for consumer finance companies,professional-services-service-industry-sitemap.xml,Consultus campaign matrix pattern
https://www.consultusdigital.com/professional-services-marketing-services/ai-search-for-consumer-finance-companies/,/professional-services-marketing-services/ai-search-for-consumer-finance-companies/,Professional Services,Financial services,Service × Industry Landing Page,Consumer finance companies,"AEO, GEO and AI Search",/professional-services-industries/consumer-finance-companies-marketing-agency/,Index after content threshold,Phase 3,"aeo, geo and ai search for consumer finance companies",professional-services-service-industry-sitemap.xml,Consultus campaign matrix pattern
https://www.consultusdigital.com/professional-services-marketing-services/paid-social-for-consumer-finance-companies/,/professional-services-marketing-services/paid-social-for-consumer-finance-companies/,Professional Services,Financial services,Service × Industry Landing Page,Consumer finance companies,Paid Social,/professional-services-industries/consumer-finance-companies-marketing-agency/,Index after content threshold,Phase 3,paid social for consumer finance companies,professional-services-service-industry-sitemap.xml,Consultus campaign matrix pattern
https://www.consultusdigital.com/professional-services-marketing-services/web-design-for-consumer-finance-companies/,/professional-services-marketing-services/web-design-for-consumer-finance-companies/,Professional Services,Financial services,Service × Industry Landing Page,Consumer finance companies,Website Design and CRO,/professional-services-industries/consumer-finance-companies-marketing-agency/,Index after content threshold,Phase 3,website design and cro for consumer finance companies,professional-services-service-industry-sitemap.xml,Consultus campaign matrix pattern
https://www.consultusdigital.com/professional-services-marketing-services/crm-revops-for-consumer-finance-companies/,/professional-services-marketing-services/crm-revops-for-consumer-finance-companies/,Professional Services,Financial services,Service × Industry Landing Page,Consumer finance companies,CRM and Revenue Operations,/professional-services-industries/consumer-finance-companies-marketing-agency/,Index after content threshold,Phase 3,crm and revenue operations for consumer finance companies,professional-services-service-industry-sitemap.xml,Consultus campaign matrix pattern
https://www.consultusdigital.com/professional-services-marketing-services/thought-leadership-for-consumer-finance-companies/,/professional-services-marketing-services/thought-leadership-for-consumer-finance-companies/,Professional Services,Financial services,Service × Industry Landing Page,Consumer finance companies,Thought Leadership and Content,/professional-services-industries/consumer-finance-companies-marketing-agency/,Index after content threshold,Phase 3,thought leadership and content for consumer finance companies,professional-services-service-industry-sitemap.xml,Consultus campaign matrix pattern
https://www.consultusdigital.com/professional-services-marketing-services/ad-creative-for-consumer-finance-companies/,/professional-services-marketing-services/ad-creative-for-consumer-finance-companies/,Professional Services,Financial services,Service × Industry Landing Page,Consumer finance companies,Ad Creative Production,/professional-services-industries/consumer-finance-companies-marketing-agency/,Index after content threshold,Phase 3,ad creative production for consumer finance companies,professional-services-service-industry-sitemap.xml,Consultus campaign matrix pattern
https://www.consultusdigital.com/professional-services-marketing-services/analytics-for-consumer-finance-companies/,/professional-services-marketing-services/analytics-for-consumer-finance-companies/,Professional Services,Financial services,Service × Industry Landing Page,Consumer finance companies,Pipeline Analytics and Attribution,/professional-services-industries/consumer-finance-companies-marketing-agency/,Index after content threshold,Phase 3,pipeline analytics and attribution for consumer finance companies,professional-services-service-industry-sitemap.xml,Consultus campaign matrix pattern
https://www.consultusdigital.com/professional-services-industries/equipment-finance-companies-marketing-agency/,/professional-services-industries/equipment-finance-companies-marketing-agency/,Professional Services,Financial services,Industry Marketing Agency Page,Equipment finance companies,,/professional-services-industries/financial-services/,Index,Phase 2,equipment finance companies marketing agency,professional-services-industry-agency-sitemap.xml,https://www.cardinaldigitalmarketing.com/healthcare-specialties/mental-healthcare-providers-agency/
https://www.consultusdigital.com/professional-services-marketing-services/digital-marketing-for-equipment-finance-companies/,/professional-services-marketing-services/digital-marketing-for-equipment-finance-companies/,Professional Services,Financial services,Service × Industry Landing Page,Equipment finance companies,Digital Marketing Agency,/professional-services-industries/equipment-finance-companies-marketing-agency/,Index after content threshold,Phase 3,digital marketing agency for equipment finance companies,professional-services-service-industry-sitemap.xml,Consultus campaign matrix pattern
https://www.consultusdigital.com/professional-services-marketing-services/paid-search-for-equipment-finance-companies/,/professional-services-marketing-services/paid-search-for-equipment-finance-companies/,Professional Services,Financial services,Service × Industry Landing Page,Equipment finance companies,Paid Search and PPC,/professional-services-industries/equipment-finance-companies-marketing-agency/,Index after content threshold,Phase 3,paid search and ppc for equipment finance companies,professional-services-service-industry-sitemap.xml,Consultus campaign matrix pattern
https://www.consultusdigital.com/professional-services-marketing-services/seo-for-equipment-finance-companies/,/professional-services-marketing-services/seo-for-equipment-finance-companies/,Professional Services,Financial services,Service × Industry Landing Page,Equipment finance companies,SEO,/professional-services-industries/equipment-finance-companies-marketing-agency/,Index after content threshold,Phase 3,seo for equipment finance companies,professional-services-service-industry-sitemap.xml,Consultus campaign matrix pattern
https://www.consultusdigital.com/professional-services-marketing-services/ai-search-for-equipment-finance-companies/,/professional-services-marketing-services/ai-search-for-equipment-finance-companies/,Professional Services,Financial services,Service × Industry Landing Page,Equipment finance companies,"AEO, GEO and AI Search",/professional-services-industries/equipment-finance-companies-marketing-agency/,Index after content threshold,Phase 3,"aeo, geo and ai search for equipment finance companies",professional-services-service-industry-sitemap.xml,Consultus campaign matrix pattern
https://www.consultusdigital.com/professional-services-marketing-services/paid-social-for-equipment-finance-companies/,/professional-services-marketing-services/paid-social-for-equipment-finance-companies/,Professional Services,Financial services,Service × Industry Landing Page,Equipment finance companies,Paid Social,/professional-services-industries/equipment-finance-companies-marketing-agency/,Index after content threshold,Phase 3,paid social for equipment finance companies,professional-services-service-industry-sitemap.xml,Consultus campaign matrix pattern
https://www.consultusdigital.com/professional-services-marketing-services/web-design-for-equipment-finance-companies/,/professional-services-marketing-services/web-design-for-equipment-finance-companies/,Professional Services,Financial services,Service × Industry Landing Page,Equipment finance companies,Website Design and CRO,/professional-services-industries/equipment-finance-companies-marketing-agency/,Index after content threshold,Phase 3,website design and cro for equipment finance companies,professional-services-service-industry-sitemap.xml,Consultus campaign matrix pattern
https://www.consultusdigital.com/professional-services-marketing-services/crm-revops-for-equipment-finance-companies/,/professional-services-marketing-services/crm-revops-for-equipment-finance-companies/,Professional Services,Financial services,Service × Industry Landing Page,Equipment finance companies,CRM and Revenue Operations,/professional-services-industries/equipment-finance-companies-marketing-agency/,Index after content threshold,Phase 3,crm and revenue operations for equipment finance companies,professional-services-service-industry-sitemap.xml,Consultus campaign matrix pattern
https://www.consultusdigital.com/professional-services-marketing-services/thought-leadership-for-equipment-finance-companies/,/professional-services-marketing-services/thought-leadership-for-equipment-finance-companies/,Professional Services,Financial services,Service × Industry Landing Page,Equipment finance companies,Thought Leadership and Content,/professional-services-industries/equipment-finance-companies-marketing-agency/,Index after content threshold,Phase 3,thought leadership and content for equipment finance companies,professional-services-service-industry-sitemap.xml,Consultus campaign matrix pattern
https://www.consultusdigital.com/professional-services-marketing-services/ad-creative-for-equipment-finance-companies/,/professional-services-marketing-services/ad-creative-for-equipment-finance-companies/,Professional Services,Financial services,Service × Industry Landing Page,Equipment finance companies,Ad Creative Production,/professional-services-industries/equipment-finance-companies-marketing-agency/,Index after content threshold,Phase 3,ad creative production for equipment finance companies,professional-services-service-industry-sitemap.xml,Consultus campaign matrix pattern
https://www.consultusdigital.com/professional-services-marketing-services/analytics-for-equipment-finance-companies/,/professional-services-marketing-services/analytics-for-equipment-finance-companies/,Professional Services,Financial services,Service × Industry Landing Page,Equipment finance companies,Pipeline Analytics and Attribution,/professional-services-industries/equipment-finance-companies-marketing-agency/,Index after content threshold,Phase 3,pipeline analytics and attribution for equipment finance companies,professional-services-service-industry-sitemap.xml,Consultus campaign matrix pattern
https://www.consultusdigital.com/professional-services-industries/private-equity-firms-marketing-agency/,/professional-services-industries/private-equity-firms-marketing-agency/,Professional Services,Financial services,Industry Marketing Agency Page,Private equity firms,,/professional-services-industries/financial-services/,Index,Phase 2,private equity firms marketing agency,professional-services-industry-agency-sitemap.xml,https://www.cardinaldigitalmarketing.com/healthcare-specialties/mental-healthcare-providers-agency/
https://www.consultusdigital.com/professional-services-marketing-services/digital-marketing-for-private-equity-firms/,/professional-services-marketing-services/digital-marketing-for-private-equity-firms/,Professional Services,Financial services,Service × Industry Landing Page,Private equity firms,Digital Marketing Agency,/professional-services-industries/private-equity-firms-marketing-agency/,Index after content threshold,Phase 3,digital marketing agency for private equity firms,professional-services-service-industry-sitemap.xml,Consultus campaign matrix pattern
https://www.consultusdigital.com/professional-services-marketing-services/paid-search-for-private-equity-firms/,/professional-services-marketing-services/paid-search-for-private-equity-firms/,Professional Services,Financial services,Service × Industry Landing Page,Private equity firms,Paid Search and PPC,/professional-services-industries/private-equity-firms-marketing-agency/,Index after content threshold,Phase 3,paid search and ppc for private equity firms,professional-services-service-industry-sitemap.xml,Consultus campaign matrix pattern
https://www.consultusdigital.com/professional-services-marketing-services/seo-for-private-equity-firms/,/professional-services-marketing-services/seo-for-private-equity-firms/,Professional Services,Financial services,Service × Industry Landing Page,Private equity firms,SEO,/professional-services-industries/private-equity-firms-marketing-agency/,Index after content threshold,Phase 3,seo for private equity firms,professional-services-service-industry-sitemap.xml,Consultus campaign matrix pattern
https://www.consultusdigital.com/professional-services-marketing-services/ai-search-for-private-equity-firms/,/professional-services-marketing-services/ai-search-for-private-equity-firms/,Professional Services,Financial services,Service × Industry Landing Page,Private equity firms,"AEO, GEO and AI Search",/professional-services-industries/private-equity-firms-marketing-agency/,Index after content threshold,Phase 3,"aeo, geo and ai search for private equity firms",professional-services-service-industry-sitemap.xml,Consultus campaign matrix pattern
https://www.consultusdigital.com/professional-services-marketing-services/paid-social-for-private-equity-firms/,/professional-services-marketing-services/paid-social-for-private-equity-firms/,Professional Services,Financial services,Service × Industry Landing Page,Private equity firms,Paid Social,/professional-services-industries/private-equity-firms-marketing-agency/,Index after content threshold,Phase 3,paid social for private equity firms,professional-services-service-industry-sitemap.xml,Consultus campaign matrix pattern
https://www.consultusdigital.com/professional-services-marketing-services/web-design-for-private-equity-firms/,/professional-services-marketing-services/web-design-for-private-equity-firms/,Professional Services,Financial services,Service × Industry Landing Page,Private equity firms,Website Design and CRO,/professional-services-industries/private-equity-firms-marketing-agency/,Index after content threshold,Phase 3,website design and cro for private equity firms,professional-services-service-industry-sitemap.xml,Consultus campaign matrix pattern
https://www.consultusdigital.com/professional-services-marketing-services/crm-revops-for-private-equity-firms/,/professional-services-marketing-services/crm-revops-for-private-equity-firms/,Professional Services,Financial services,Service × Industry Landing Page,Private equity firms,CRM and Revenue Operations,/professional-services-industries/private-equity-firms-marketing-agency/,Index after content threshold,Phase 3,crm and revenue operations for private equity firms,professional-services-service-industry-sitemap.xml,Consultus campaign matrix pattern
https://www.consultusdigital.com/professional-services-marketing-services/thought-leadership-for-private-equity-firms/,/professional-services-marketing-services/thought-leadership-for-private-equity-firms/,Professional Services,Financial services,Service × Industry Landing Page,Private equity firms,Thought Leadership and Content,/professional-services-industries/private-equity-firms-marketing-agency/,Index after content threshold,Phase 3,thought leadership and content for private equity firms,professional-services-service-industry-sitemap.xml,Consultus campaign matrix pattern
https://www.consultusdigital.com/professional-services-marketing-services/ad-creative-for-private-equity-firms/,/professional-services-marketing-services/ad-creative-for-private-equity-firms/,Professional Services,Financial services,Service × Industry Landing Page,Private equity firms,Ad Creative Production,/professional-services-industries/private-equity-firms-marketing-agency/,Index after content threshold,Phase 3,ad creative production for private equity firms,professional-services-service-industry-sitemap.xml,Consultus campaign matrix pattern
https://www.consultusdigital.com/professional-services-marketing-services/analytics-for-private-equity-firms/,/professional-services-marketing-services/analytics-for-private-equity-firms/,Professional Services,Financial services,Service × Industry Landing Page,Private equity firms,Pipeline Analytics and Attribution,/professional-services-industries/private-equity-firms-marketing-agency/,Index after content threshold,Phase 3,pipeline analytics and attribution for private equity firms,professional-services-service-industry-sitemap.xml,Consultus campaign matrix pattern
https://www.consultusdigital.com/professional-services-industries/venture-capital-firms-marketing-agency/,/professional-services-industries/venture-capital-firms-marketing-agency/,Professional Services,Financial services,Industry Marketing Agency Page,Venture capital firms,,/professional-services-industries/financial-services/,Index,Phase 2,venture capital firms marketing agency,professional-services-industry-agency-sitemap.xml,https://www.cardinaldigitalmarketing.com/healthcare-specialties/mental-healthcare-providers-agency/
https://www.consultusdigital.com/professional-services-marketing-services/digital-marketing-for-venture-capital-firms/,/professional-services-marketing-services/digital-marketing-for-venture-capital-firms/,Professional Services,Financial services,Service × Industry Landing Page,Venture capital firms,Digital Marketing Agency,/professional-services-industries/venture-capital-firms-marketing-agency/,Index after content threshold,Phase 3,digital marketing agency for venture capital firms,professional-services-service-industry-sitemap.xml,Consultus campaign matrix pattern
https://www.consultusdigital.com/professional-services-marketing-services/paid-search-for-venture-capital-firms/,/professional-services-marketing-services/paid-search-for-venture-capital-firms/,Professional Services,Financial services,Service × Industry Landing Page,Venture capital firms,Paid Search and PPC,/professional-services-industries/venture-capital-firms-marketing-agency/,Index after content threshold,Phase 3,paid search and ppc for venture capital firms,professional-services-service-industry-sitemap.xml,Consultus campaign matrix pattern
https://www.consultusdigital.com/professional-services-marketing-services/seo-for-venture-capital-firms/,/professional-services-marketing-services/seo-for-venture-capital-firms/,Professional Services,Financial services,Service × Industry Landing Page,Venture capital firms,SEO,/professional-services-industries/venture-capital-firms-marketing-agency/,Index after content threshold,Phase 3,seo for venture capital firms,professional-services-service-industry-sitemap.xml,Consultus campaign matrix pattern
https://www.consultusdigital.com/professional-services-marketing-services/ai-search-for-venture-capital-firms/,/professional-services-marketing-services/ai-search-for-venture-capital-firms/,Professional Services,Financial services,Service × Industry Landing Page,Venture capital firms,"AEO, GEO and AI Search",/professional-services-industries/venture-capital-firms-marketing-agency/,Index after content threshold,Phase 3,"aeo, geo and ai search for venture capital firms",professional-services-service-industry-sitemap.xml,Consultus campaign matrix pattern
https://www.consultusdigital.com/professional-services-marketing-services/paid-social-for-venture-capital-firms/,/professional-services-marketing-services/paid-social-for-venture-capital-firms/,Professional Services,Financial services,Service × Industry Landing Page,Venture capital firms,Paid Social,/professional-services-industries/venture-capital-firms-marketing-agency/,Index after content threshold,Phase 3,paid social for venture capital firms,professional-services-service-industry-sitemap.xml,Consultus campaign matrix pattern
https://www.consultusdigital.com/professional-services-marketing-services/web-design-for-venture-capital-firms/,/professional-services-marketing-services/web-design-for-venture-capital-firms/,Professional Services,Financial services,Service × Industry Landing Page,Venture capital firms,Website Design and CRO,/professional-services-industries/venture-capital-firms-marketing-agency/,Index after content threshold,Phase 3,website design and cro for venture capital firms,professional-services-service-industry-sitemap.xml,Consultus campaign matrix pattern
https://www.consultusdigital.com/professional-services-marketing-services/crm-revops-for-venture-capital-firms/,/professional-services-marketing-services/crm-revops-for-venture-capital-firms/,Professional Services,Financial services,Service × Industry Landing Page,Venture capital firms,CRM and Revenue Operations,/professional-services-industries/venture-capital-firms-marketing-agency/,Index after content threshold,Phase 3,crm and revenue operations for venture capital firms,professional-services-service-industry-sitemap.xml,Consultus campaign matrix pattern
https://www.consultusdigital.com/professional-services-marketing-services/thought-leadership-for-venture-capital-firms/,/professional-services-marketing-services/thought-leadership-for-venture-capital-firms/,Professional Services,Financial services,Service × Industry Landing Page,Venture capital firms,Thought Leadership and Content,/professional-services-industries/venture-capital-firms-marketing-agency/,Index after content threshold,Phase 3,thought leadership and content for venture capital firms,professional-services-service-industry-sitemap.xml,Consultus campaign matrix pattern
https://www.consultusdigital.com/professional-services-marketing-services/ad-creative-for-venture-capital-firms/,/professional-services-marketing-services/ad-creative-for-venture-capital-firms/,Professional Services,Financial services,Service × Industry Landing Page,Venture capital firms,Ad Creative Production,/professional-services-industries/venture-capital-firms-marketing-agency/,Index after content threshold,Phase 3,ad creative production for venture capital firms,professional-services-service-industry-sitemap.xml,Consultus campaign matrix pattern
https://www.consultusdigital.com/professional-services-marketing-services/analytics-for-venture-capital-firms/,/professional-services-marketing-services/analytics-for-venture-capital-firms/,Professional Services,Financial services,Service × Industry Landing Page,Venture capital firms,Pipeline Analytics and Attribution,/professional-services-industries/venture-capital-firms-marketing-agency/,Index after content threshold,Phase 3,pipeline analytics and attribution for venture capital firms,professional-services-service-industry-sitemap.xml,Consultus campaign matrix pattern
https://www.consultusdigital.com/professional-services-industries/family-offices-marketing-agency/,/professional-services-industries/family-offices-marketing-agency/,Professional Services,Financial services,Industry Marketing Agency Page,Family offices,,/professional-services-industries/financial-services/,Index,Phase 2,family offices marketing agency,professional-services-industry-agency-sitemap.xml,https://www.cardinaldigitalmarketing.com/healthcare-specialties/mental-healthcare-providers-agency/
https://www.consultusdigital.com/professional-services-marketing-services/digital-marketing-for-family-offices/,/professional-services-marketing-services/digital-marketing-for-family-offices/,Professional Services,Financial services,Service × Industry Landing Page,Family offices,Digital Marketing Agency,/professional-services-industries/family-offices-marketing-agency/,Index after content threshold,Phase 3,digital marketing agency for family offices,professional-services-service-industry-sitemap.xml,Consultus campaign matrix pattern
https://www.consultusdigital.com/professional-services-marketing-services/paid-search-for-family-offices/,/professional-services-marketing-services/paid-search-for-family-offices/,Professional Services,Financial services,Service × Industry Landing Page,Family offices,Paid Search and PPC,/professional-services-industries/family-offices-marketing-agency/,Index after content threshold,Phase 3,paid search and ppc for family offices,professional-services-service-industry-sitemap.xml,Consultus campaign matrix pattern
https://www.consultusdigital.com/professional-services-marketing-services/seo-for-family-offices/,/professional-services-marketing-services/seo-for-family-offices/,Professional Services,Financial services,Service × Industry Landing Page,Family offices,SEO,/professional-services-industries/family-offices-marketing-agency/,Index after content threshold,Phase 3,seo for family offices,professional-services-service-industry-sitemap.xml,Consultus campaign matrix pattern
https://www.consultusdigital.com/professional-services-marketing-services/ai-search-for-family-offices/,/professional-services-marketing-services/ai-search-for-family-offices/,Professional Services,Financial services,Service × Industry Landing Page,Family offices,"AEO, GEO and AI Search",/professional-services-industries/family-offices-marketing-agency/,Index after content threshold,Phase 3,"aeo, geo and ai search for family offices",professional-services-service-industry-sitemap.xml,Consultus campaign matrix pattern
https://www.consultusdigital.com/professional-services-marketing-services/paid-social-for-family-offices/,/professional-services-marketing-services/paid-social-for-family-offices/,Professional Services,Financial services,Service × Industry Landing Page,Family offices,Paid Social,/professional-services-industries/family-offices-marketing-agency/,Index after content threshold,Phase 3,paid social for family offices,professional-services-service-industry-sitemap.xml,Consultus campaign matrix pattern
https://www.consultusdigital.com/professional-services-marketing-services/web-design-for-family-offices/,/professional-services-marketing-services/web-design-for-family-offices/,Professional Services,Financial services,Service × Industry Landing Page,Family offices,Website Design and CRO,/professional-services-industries/family-offices-marketing-agency/,Index after content threshold,Phase 3,website design and cro for family offices,professional-services-service-industry-sitemap.xml,Consultus campaign matrix pattern
https://www.consultusdigital.com/professional-services-marketing-services/crm-revops-for-family-offices/,/professional-services-marketing-services/crm-revops-for-family-offices/,Professional Services,Financial services,Service × Industry Landing Page,Family offices,CRM and Revenue Operations,/professional-services-industries/family-offices-marketing-agency/,Index after content threshold,Phase 3,crm and revenue operations for family offices,professional-services-service-industry-sitemap.xml,Consultus campaign matrix pattern
https://www.consultusdigital.com/professional-services-marketing-services/thought-leadership-for-family-offices/,/professional-services-marketing-services/thought-leadership-for-family-offices/,Professional Services,Financial services,Service × Industry Landing Page,Family offices,Thought Leadership and Content,/professional-services-industries/family-offices-marketing-agency/,Index after content threshold,Phase 3,thought leadership and content for family offices,professional-services-service-industry-sitemap.xml,Consultus campaign matrix pattern
https://www.consultusdigital.com/professional-services-marketing-services/ad-creative-for-family-offices/,/professional-services-marketing-services/ad-creative-for-family-offices/,Professional Services,Financial services,Service × Industry Landing Page,Family offices,Ad Creative Production,/professional-services-industries/family-offices-marketing-agency/,Index after content threshold,Phase 3,ad creative production for family offices,professional-services-service-industry-sitemap.xml,Consultus campaign matrix pattern
https://www.consultusdigital.com/professional-services-marketing-services/analytics-for-family-offices/,/professional-services-marketing-services/analytics-for-family-offices/,Professional Services,Financial services,Service × Industry Landing Page,Family offices,Pipeline Analytics and Attribution,/professional-services-industries/family-offices-marketing-agency/,Index after content threshold,Phase 3,pipeline analytics and attribution for family offices,professional-services-service-industry-sitemap.xml,Consultus campaign matrix pattern
https://www.consultusdigital.com/professional-services-industries/insurance/,/professional-services-industries/insurance/,Professional Services,Insurance,Sector Hub,Insurance,,/professional-services-industries/,Index,Phase 1,insurance marketing agency,professional-services-industry-agency-sitemap.xml,https://www.cardinaldigitalmarketing.com/healthcare-specialties/mental-healthcare-providers-agency/
https://www.consultusdigital.com/professional-services-industries/insurance-brokerages-marketing-agency/,/professional-services-industries/insurance-brokerages-marketing-agency/,Professional Services,Insurance,Industry Marketing Agency Page,Insurance brokerages,,/professional-services-industries/insurance/,Index,Phase 2,insurance brokerages marketing agency,professional-services-industry-agency-sitemap.xml,https://www.cardinaldigitalmarketing.com/healthcare-specialties/mental-healthcare-providers-agency/
https://www.consultusdigital.com/professional-services-marketing-services/digital-marketing-for-insurance-brokerages/,/professional-services-marketing-services/digital-marketing-for-insurance-brokerages/,Professional Services,Insurance,Service × Industry Landing Page,Insurance brokerages,Digital Marketing Agency,/professional-services-industries/insurance-brokerages-marketing-agency/,Index after content threshold,Phase 3,digital marketing agency for insurance brokerages,professional-services-service-industry-sitemap.xml,Consultus campaign matrix pattern
https://www.consultusdigital.com/professional-services-marketing-services/paid-search-for-insurance-brokerages/,/professional-services-marketing-services/paid-search-for-insurance-brokerages/,Professional Services,Insurance,Service × Industry Landing Page,Insurance brokerages,Paid Search and PPC,/professional-services-industries/insurance-brokerages-marketing-agency/,Index after content threshold,Phase 3,paid search and ppc for insurance brokerages,professional-services-service-industry-sitemap.xml,Consultus campaign matrix pattern
https://www.consultusdigital.com/professional-services-marketing-services/seo-for-insurance-brokerages/,/professional-services-marketing-services/seo-for-insurance-brokerages/,Professional Services,Insurance,Service × Industry Landing Page,Insurance brokerages,SEO,/professional-services-industries/insurance-brokerages-marketing-agency/,Index after content threshold,Phase 3,seo for insurance brokerages,professional-services-service-industry-sitemap.xml,Consultus campaign matrix pattern
https://www.consultusdigital.com/professional-services-marketing-services/ai-search-for-insurance-brokerages/,/professional-services-marketing-services/ai-search-for-insurance-brokerages/,Professional Services,Insurance,Service × Industry Landing Page,Insurance brokerages,"AEO, GEO and AI Search",/professional-services-industries/insurance-brokerages-marketing-agency/,Index after content threshold,Phase 3,"aeo, geo and ai search for insurance brokerages",professional-services-service-industry-sitemap.xml,Consultus campaign matrix pattern
https://www.consultusdigital.com/professional-services-marketing-services/paid-social-for-insurance-brokerages/,/professional-services-marketing-services/paid-social-for-insurance-brokerages/,Professional Services,Insurance,Service × Industry Landing Page,Insurance brokerages,Paid Social,/professional-services-industries/insurance-brokerages-marketing-agency/,Index after content threshold,Phase 3,paid social for insurance brokerages,professional-services-service-industry-sitemap.xml,Consultus campaign matrix pattern
https://www.consultusdigital.com/professional-services-marketing-services/web-design-for-insurance-brokerages/,/professional-services-marketing-services/web-design-for-insurance-brokerages/,Professional Services,Insurance,Service × Industry Landing Page,Insurance brokerages,Website Design and CRO,/professional-services-industries/insurance-brokerages-marketing-agency/,Index after content threshold,Phase 3,website design and cro for insurance brokerages,professional-services-service-industry-sitemap.xml,Consultus campaign matrix pattern
https://www.consultusdigital.com/professional-services-marketing-services/crm-revops-for-insurance-brokerages/,/professional-services-marketing-services/crm-revops-for-insurance-brokerages/,Professional Services,Insurance,Service × Industry Landing Page,Insurance brokerages,CRM and Revenue Operations,/professional-services-industries/insurance-brokerages-marketing-agency/,Index after content threshold,Phase 3,crm and revenue operations for insurance brokerages,professional-services-service-industry-sitemap.xml,Consultus campaign matrix pattern
https://www.consultusdigital.com/professional-services-marketing-services/thought-leadership-for-insurance-brokerages/,/professional-services-marketing-services/thought-leadership-for-insurance-brokerages/,Professional Services,Insurance,Service × Industry Landing Page,Insurance brokerages,Thought Leadership and Content,/professional-services-industries/insurance-brokerages-marketing-agency/,Index after content threshold,Phase 3,thought leadership and content for insurance brokerages,professional-services-service-industry-sitemap.xml,Consultus campaign matrix pattern
https://www.consultusdigital.com/professional-services-marketing-services/ad-creative-for-insurance-brokerages/,/professional-services-marketing-services/ad-creative-for-insurance-brokerages/,Professional Services,Insurance,Service × Industry Landing Page,Insurance brokerages,Ad Creative Production,/professional-services-industries/insurance-brokerages-marketing-agency/,Index after content threshold,Phase 3,ad creative production for insurance brokerages,professional-services-service-industry-sitemap.xml,Consultus campaign matrix pattern
https://www.consultusdigital.com/professional-services-marketing-services/analytics-for-insurance-brokerages/,/professional-services-marketing-services/analytics-for-insurance-brokerages/,Professional Services,Insurance,Service × Industry Landing Page,Insurance brokerages,Pipeline Analytics and Attribution,/professional-services-industries/insurance-brokerages-marketing-agency/,Index after content threshold,Phase 3,pipeline analytics and attribution for insurance brokerages,professional-services-service-industry-sitemap.xml,Consultus campaign matrix pattern
https://www.consultusdigital.com/professional-services-industries/commercial-insurance-brokerages-marketing-agency/,/professional-services-industries/commercial-insurance-brokerages-marketing-agency/,Professional Services,Insurance,Industry Marketing Agency Page,Commercial insurance brokerages,,/professional-services-industries/insurance/,Index,Phase 2,commercial insurance brokerages marketing agency,professional-services-industry-agency-sitemap.xml,https://www.cardinaldigitalmarketing.com/healthcare-specialties/mental-healthcare-providers-agency/
https://www.consultusdigital.com/professional-services-marketing-services/digital-marketing-for-commercial-insurance-brokerages/,/professional-services-marketing-services/digital-marketing-for-commercial-insurance-brokerages/,Professional Services,Insurance,Service × Industry Landing Page,Commercial insurance brokerages,Digital Marketing Agency,/professional-services-industries/commercial-insurance-brokerages-marketing-agency/,Index after content threshold,Phase 3,digital marketing agency for commercial insurance brokerages,professional-services-service-industry-sitemap.xml,Consultus campaign matrix pattern
https://www.consultusdigital.com/professional-services-marketing-services/paid-search-for-commercial-insurance-brokerages/,/professional-services-marketing-services/paid-search-for-commercial-insurance-brokerages/,Professional Services,Insurance,Service × Industry Landing Page,Commercial insurance brokerages,Paid Search and PPC,/professional-services-industries/commercial-insurance-brokerages-marketing-agency/,Index after content threshold,Phase 3,paid search and ppc for commercial insurance brokerages,professional-services-service-industry-sitemap.xml,Consultus campaign matrix pattern
https://www.consultusdigital.com/professional-services-marketing-services/seo-for-commercial-insurance-brokerages/,/professional-services-marketing-services/seo-for-commercial-insurance-brokerages/,Professional Services,Insurance,Service × Industry Landing Page,Commercial insurance brokerages,SEO,/professional-services-industries/commercial-insurance-brokerages-marketing-agency/,Index after content threshold,Phase 3,seo for commercial insurance brokerages,professional-services-service-industry-sitemap.xml,Consultus campaign matrix pattern
https://www.consultusdigital.com/professional-services-marketing-services/ai-search-for-commercial-insurance-brokerages/,/professional-services-marketing-services/ai-search-for-commercial-insurance-brokerages/,Professional Services,Insurance,Service × Industry Landing Page,Commercial insurance brokerages,"AEO, GEO and AI Search",/professional-services-industries/commercial-insurance-brokerages-marketing-agency/,Index after content threshold,Phase 3,"aeo, geo and ai search for commercial insurance brokerages",professional-services-service-industry-sitemap.xml,Consultus campaign matrix pattern
https://www.consultusdigital.com/professional-services-marketing-services/paid-social-for-commercial-insurance-brokerages/,/professional-services-marketing-services/paid-social-for-commercial-insurance-brokerages/,Professional Services,Insurance,Service × Industry Landing Page,Commercial insurance brokerages,Paid Social,/professional-services-industries/commercial-insurance-brokerages-marketing-agency/,Index after content threshold,Phase 3,paid social for commercial insurance brokerages,professional-services-service-industry-sitemap.xml,Consultus campaign matrix pattern
https://www.consultusdigital.com/professional-services-marketing-services/web-design-for-commercial-insurance-brokerages/,/professional-services-marketing-services/web-design-for-commercial-insurance-brokerages/,Professional Services,Insurance,Service × Industry Landing Page,Commercial insurance brokerages,Website Design and CRO,/professional-services-industries/commercial-insurance-brokerages-marketing-agency/,Index after content threshold,Phase 3,website design and cro for commercial insurance brokerages,professional-services-service-industry-sitemap.xml,Consultus campaign matrix pattern
https://www.consultusdigital.com/professional-services-marketing-services/crm-revops-for-commercial-insurance-brokerages/,/professional-services-marketing-services/crm-revops-for-commercial-insurance-brokerages/,Professional Services,Insurance,Service × Industry Landing Page,Commercial insurance brokerages,CRM and Revenue Operations,/professional-services-industries/commercial-insurance-brokerages-marketing-agency/,Index after content threshold,Phase 3,crm and revenue operations for commercial insurance brokerages,professional-services-service-industry-sitemap.xml,Consultus campaign matrix pattern
https://www.consultusdigital.com/professional-services-marketing-services/thought-leadership-for-commercial-insurance-brokerages/,/professional-services-marketing-services/thought-leadership-for-commercial-insurance-brokerages/,Professional Services,Insurance,Service × Industry Landing Page,Commercial insurance brokerages,Thought Leadership and Content,/professional-services-industries/commercial-insurance-brokerages-marketing-agency/,Index after content threshold,Phase 3,thought leadership and content for commercial insurance brokerages,professional-services-service-industry-sitemap.xml,Consultus campaign matrix pattern
https://www.consultusdigital.com/professional-services-marketing-services/ad-creative-for-commercial-insurance-brokerages/,/professional-services-marketing-services/ad-creative-for-commercial-insurance-brokerages/,Professional Services,Insurance,Service × Industry Landing Page,Commercial insurance brokerages,Ad Creative Production,/professional-services-industries/commercial-insurance-brokerages-marketing-agency/,Index after content threshold,Phase 3,ad creative production for commercial insurance brokerages,professional-services-service-industry-sitemap.xml,Consultus campaign matrix pattern
https://www.consultusdigital.com/professional-services-marketing-services/analytics-for-commercial-insurance-brokerages/,/professional-services-marketing-services/analytics-for-commercial-insurance-brokerages/,Professional Services,Insurance,Service × Industry Landing Page,Commercial insurance brokerages,Pipeline Analytics and Attribution,/professional-services-industries/commercial-insurance-brokerages-marketing-agency/,Index after content threshold,Phase 3,pipeline analytics and attribution for commercial insurance brokerages,professional-services-service-industry-sitemap.xml,Consultus campaign matrix pattern
https://www.consultusdigital.com/professional-services-industries/personal-insurance-brokerages-marketing-agency/,/professional-services-industries/personal-insurance-brokerages-marketing-agency/,Professional Services,Insurance,Industry Marketing Agency Page,Personal insurance brokerages,,/professional-services-industries/insurance/,Index,Phase 2,personal insurance brokerages marketing agency,professional-services-industry-agency-sitemap.xml,https://www.cardinaldigitalmarketing.com/healthcare-specialties/mental-healthcare-providers-agency/
https://www.consultusdigital.com/professional-services-marketing-services/digital-marketing-for-personal-insurance-brokerages/,/professional-services-marketing-services/digital-marketing-for-personal-insurance-brokerages/,Professional Services,Insurance,Service × Industry Landing Page,Personal insurance brokerages,Digital Marketing Agency,/professional-services-industries/personal-insurance-brokerages-marketing-agency/,Index after content threshold,Phase 3,digital marketing agency for personal insurance brokerages,professional-services-service-industry-sitemap.xml,Consultus campaign matrix pattern
https://www.consultusdigital.com/professional-services-marketing-services/paid-search-for-personal-insurance-brokerages/,/professional-services-marketing-services/paid-search-for-personal-insurance-brokerages/,Professional Services,Insurance,Service × Industry Landing Page,Personal insurance brokerages,Paid Search and PPC,/professional-services-industries/personal-insurance-brokerages-marketing-agency/,Index after content threshold,Phase 3,paid search and ppc for personal insurance brokerages,professional-services-service-industry-sitemap.xml,Consultus campaign matrix pattern
https://www.consultusdigital.com/professional-services-marketing-services/seo-for-personal-insurance-brokerages/,/professional-services-marketing-services/seo-for-personal-insurance-brokerages/,Professional Services,Insurance,Service × Industry Landing Page,Personal insurance brokerages,SEO,/professional-services-industries/personal-insurance-brokerages-marketing-agency/,Index after content threshold,Phase 3,seo for personal insurance brokerages,professional-services-service-industry-sitemap.xml,Consultus campaign matrix pattern
https://www.consultusdigital.com/professional-services-marketing-services/ai-search-for-personal-insurance-brokerages/,/professional-services-marketing-services/ai-search-for-personal-insurance-brokerages/,Professional Services,Insurance,Service × Industry Landing Page,Personal insurance brokerages,"AEO, GEO and AI Search",/professional-services-industries/personal-insurance-brokerages-marketing-agency/,Index after content threshold,Phase 3,"aeo, geo and ai search for personal insurance brokerages",professional-services-service-industry-sitemap.xml,Consultus campaign matrix pattern
https://www.consultusdigital.com/professional-services-marketing-services/paid-social-for-personal-insurance-brokerages/,/professional-services-marketing-services/paid-social-for-personal-insurance-brokerages/,Professional Services,Insurance,Service × Industry Landing Page,Personal insurance brokerages,Paid Social,/professional-services-industries/personal-insurance-brokerages-marketing-agency/,Index after content threshold,Phase 3,paid social for personal insurance brokerages,professional-services-service-industry-sitemap.xml,Consultus campaign matrix pattern
https://www.consultusdigital.com/professional-services-marketing-services/web-design-for-personal-insurance-brokerages/,/professional-services-marketing-services/web-design-for-personal-insurance-brokerages/,Professional Services,Insurance,Service × Industry Landing Page,Personal insurance brokerages,Website Design and CRO,/professional-services-industries/personal-insurance-brokerages-marketing-agency/,Index after content threshold,Phase 3,website design and cro for personal insurance brokerages,professional-services-service-industry-sitemap.xml,Consultus campaign matrix pattern
https://www.consultusdigital.com/professional-services-marketing-services/crm-revops-for-personal-insurance-brokerages/,/professional-services-marketing-services/crm-revops-for-personal-insurance-brokerages/,Professional Services,Insurance,Service × Industry Landing Page,Personal insurance brokerages,CRM and Revenue Operations,/professional-services-industries/personal-insurance-brokerages-marketing-agency/,Index after content threshold,Phase 3,crm and revenue operations for personal insurance brokerages,professional-services-service-industry-sitemap.xml,Consultus campaign matrix pattern
https://www.consultusdigital.com/professional-services-marketing-services/thought-leadership-for-personal-insurance-brokerages/,/professional-services-marketing-services/thought-leadership-for-personal-insurance-brokerages/,Professional Services,Insurance,Service × Industry Landing Page,Personal insurance brokerages,Thought Leadership and Content,/professional-services-industries/personal-insurance-brokerages-marketing-agency/,Index after content threshold,Phase 3,thought leadership and content for personal insurance brokerages,professional-services-service-industry-sitemap.xml,Consultus campaign matrix pattern
https://www.consultusdigital.com/professional-services-marketing-services/ad-creative-for-personal-insurance-brokerages/,/professional-services-marketing-services/ad-creative-for-personal-insurance-brokerages/,Professional Services,Insurance,Service × Industry Landing Page,Personal insurance brokerages,Ad Creative Production,/professional-services-industries/personal-insurance-brokerages-marketing-agency/,Index after content threshold,Phase 3,ad creative production for personal insurance brokerages,professional-services-service-industry-sitemap.xml,Consultus campaign matrix pattern
https://www.consultusdigital.com/professional-services-marketing-services/analytics-for-personal-insurance-brokerages/,/professional-services-marketing-services/analytics-for-personal-insurance-brokerages/,Professional Services,Insurance,Service × Industry Landing Page,Personal insurance brokerages,Pipeline Analytics and Attribution,/professional-services-industries/personal-insurance-brokerages-marketing-agency/,Index after content threshold,Phase 3,pipeline analytics and attribution for personal insurance brokerages,professional-services-service-industry-sitemap.xml,Consultus campaign matrix pattern
https://www.consultusdigital.com/professional-services-industries/employee-benefits-firms-marketing-agency/,/professional-services-industries/employee-benefits-firms-marketing-agency/,Professional Services,Insurance,Industry Marketing Agency Page,Employee benefits firms,,/professional-services-industries/insurance/,Index,Phase 2,employee benefits firms marketing agency,professional-services-industry-agency-sitemap.xml,https://www.cardinaldigitalmarketing.com/healthcare-specialties/mental-healthcare-providers-agency/
https://www.consultusdigital.com/professional-services-marketing-services/digital-marketing-for-employee-benefits-firms/,/professional-services-marketing-services/digital-marketing-for-employee-benefits-firms/,Professional Services,Insurance,Service × Industry Landing Page,Employee benefits firms,Digital Marketing Agency,/professional-services-industries/employee-benefits-firms-marketing-agency/,Index after content threshold,Phase 3,digital marketing agency for employee benefits firms,professional-services-service-industry-sitemap.xml,Consultus campaign matrix pattern
https://www.consultusdigital.com/professional-services-marketing-services/paid-search-for-employee-benefits-firms/,/professional-services-marketing-services/paid-search-for-employee-benefits-firms/,Professional Services,Insurance,Service × Industry Landing Page,Employee benefits firms,Paid Search and PPC,/professional-services-industries/employee-benefits-firms-marketing-agency/,Index after content threshold,Phase 3,paid search and ppc for employee benefits firms,professional-services-service-industry-sitemap.xml,Consultus campaign matrix pattern
https://www.consultusdigital.com/professional-services-marketing-services/seo-for-employee-benefits-firms/,/professional-services-marketing-services/seo-for-employee-benefits-firms/,Professional Services,Insurance,Service × Industry Landing Page,Employee benefits firms,SEO,/professional-services-industries/employee-benefits-firms-marketing-agency/,Index after content threshold,Phase 3,seo for employee benefits firms,professional-services-service-industry-sitemap.xml,Consultus campaign matrix pattern
https://www.consultusdigital.com/professional-services-marketing-services/ai-search-for-employee-benefits-firms/,/professional-services-marketing-services/ai-search-for-employee-benefits-firms/,Professional Services,Insurance,Service × Industry Landing Page,Employee benefits firms,"AEO, GEO and AI Search",/professional-services-industries/employee-benefits-firms-marketing-agency/,Index after content threshold,Phase 3,"aeo, geo and ai search for employee benefits firms",professional-services-service-industry-sitemap.xml,Consultus campaign matrix pattern
https://www.consultusdigital.com/professional-services-marketing-services/paid-social-for-employee-benefits-firms/,/professional-services-marketing-services/paid-social-for-employee-benefits-firms/,Professional Services,Insurance,Service × Industry Landing Page,Employee benefits firms,Paid Social,/professional-services-industries/employee-benefits-firms-marketing-agency/,Index after content threshold,Phase 3,paid social for employee benefits firms,professional-services-service-industry-sitemap.xml,Consultus campaign matrix pattern
https://www.consultusdigital.com/professional-services-marketing-services/web-design-for-employee-benefits-firms/,/professional-services-marketing-services/web-design-for-employee-benefits-firms/,Professional Services,Insurance,Service × Industry Landing Page,Employee benefits firms,Website Design and CRO,/professional-services-industries/employee-benefits-firms-marketing-agency/,Index after content threshold,Phase 3,website design and cro for employee benefits firms,professional-services-service-industry-sitemap.xml,Consultus campaign matrix pattern
https://www.consultusdigital.com/professional-services-marketing-services/crm-revops-for-employee-benefits-firms/,/professional-services-marketing-services/crm-revops-for-employee-benefits-firms/,Professional Services,Insurance,Service × Industry Landing Page,Employee benefits firms,CRM and Revenue Operations,/professional-services-industries/employee-benefits-firms-marketing-agency/,Index after content threshold,Phase 3,crm and revenue operations for employee benefits firms,professional-services-service-industry-sitemap.xml,Consultus campaign matrix pattern
https://www.consultusdigital.com/professional-services-marketing-services/thought-leadership-for-employee-benefits-firms/,/professional-services-marketing-services/thought-leadership-for-employee-benefits-firms/,Professional Services,Insurance,Service × Industry Landing Page,Employee benefits firms,Thought Leadership and Content,/professional-services-industries/employee-benefits-firms-marketing-agency/,Index after content threshold,Phase 3,thought leadership and content for employee benefits firms,professional-services-service-industry-sitemap.xml,Consultus campaign matrix pattern
https://www.consultusdigital.com/professional-services-marketing-services/ad-creative-for-employee-benefits-firms/,/professional-services-marketing-services/ad-creative-for-employee-benefits-firms/,Professional Services,Insurance,Service × Industry Landing Page,Employee benefits firms,Ad Creative Production,/professional-services-industries/employee-benefits-firms-marketing-agency/,Index after content threshold,Phase 3,ad creative production for employee benefits firms,professional-services-service-industry-sitemap.xml,Consultus campaign matrix pattern
https://www.consultusdigital.com/professional-services-marketing-services/analytics-for-employee-benefits-firms/,/professional-services-marketing-services/analytics-for-employee-benefits-firms/,Professional Services,Insurance,Service × Industry Landing Page,Employee benefits firms,Pipeline Analytics and Attribution,/professional-services-industries/employee-benefits-firms-marketing-agency/,Index after content threshold,Phase 3,pipeline analytics and attribution for employee benefits firms,professional-services-service-industry-sitemap.xml,Consultus campaign matrix pattern
https://www.consultusdigital.com/professional-services-industries/life-insurance-agencies-marketing-agency/,/professional-services-industries/life-insurance-agencies-marketing-agency/,Professional Services,Insurance,Industry Marketing Agency Page,Life insurance agencies,,/professional-services-industries/insurance/,Index,Phase 2,life insurance agencies marketing agency,professional-services-industry-agency-sitemap.xml,https://www.cardinaldigitalmarketing.com/healthcare-specialties/mental-healthcare-providers-agency/
https://www.consultusdigital.com/professional-services-marketing-services/digital-marketing-for-life-insurance-agencies/,/professional-services-marketing-services/digital-marketing-for-life-insurance-agencies/,Professional Services,Insurance,Service × Industry Landing Page,Life insurance agencies,Digital Marketing Agency,/professional-services-industries/life-insurance-agencies-marketing-agency/,Index after content threshold,Phase 3,digital marketing agency for life insurance agencies,professional-services-service-industry-sitemap.xml,Consultus campaign matrix pattern
https://www.consultusdigital.com/professional-services-marketing-services/paid-search-for-life-insurance-agencies/,/professional-services-marketing-services/paid-search-for-life-insurance-agencies/,Professional Services,Insurance,Service × Industry Landing Page,Life insurance agencies,Paid Search and PPC,/professional-services-industries/life-insurance-agencies-marketing-agency/,Index after content threshold,Phase 3,paid search and ppc for life insurance agencies,professional-services-service-industry-sitemap.xml,Consultus campaign matrix pattern
https://www.consultusdigital.com/professional-services-marketing-services/seo-for-life-insurance-agencies/,/professional-services-marketing-services/seo-for-life-insurance-agencies/,Professional Services,Insurance,Service × Industry Landing Page,Life insurance agencies,SEO,/professional-services-industries/life-insurance-agencies-marketing-agency/,Index after content threshold,Phase 3,seo for life insurance agencies,professional-services-service-industry-sitemap.xml,Consultus campaign matrix pattern
https://www.consultusdigital.com/professional-services-marketing-services/ai-search-for-life-insurance-agencies/,/professional-services-marketing-services/ai-search-for-life-insurance-agencies/,Professional Services,Insurance,Service × Industry Landing Page,Life insurance agencies,"AEO, GEO and AI Search",/professional-services-industries/life-insurance-agencies-marketing-agency/,Index after content threshold,Phase 3,"aeo, geo and ai search for life insurance agencies",professional-services-service-industry-sitemap.xml,Consultus campaign matrix pattern
https://www.consultusdigital.com/professional-services-marketing-services/paid-social-for-life-insurance-agencies/,/professional-services-marketing-services/paid-social-for-life-insurance-agencies/,Professional Services,Insurance,Service × Industry Landing Page,Life insurance agencies,Paid Social,/professional-services-industries/life-insurance-agencies-marketing-agency/,Index after content threshold,Phase 3,paid social for life insurance agencies,professional-services-service-industry-sitemap.xml,Consultus campaign matrix pattern
https://www.consultusdigital.com/professional-services-marketing-services/web-design-for-life-insurance-agencies/,/professional-services-marketing-services/web-design-for-life-insurance-agencies/,Professional Services,Insurance,Service × Industry Landing Page,Life insurance agencies,Website Design and CRO,/professional-services-industries/life-insurance-agencies-marketing-agency/,Index after content threshold,Phase 3,website design and cro for life insurance agencies,professional-services-service-industry-sitemap.xml,Consultus campaign matrix pattern
https://www.consultusdigital.com/professional-services-marketing-services/crm-revops-for-life-insurance-agencies/,/professional-services-marketing-services/crm-revops-for-life-insurance-agencies/,Professional Services,Insurance,Service × Industry Landing Page,Life insurance agencies,CRM and Revenue Operations,/professional-services-industries/life-insurance-agencies-marketing-agency/,Index after content threshold,Phase 3,crm and revenue operations for life insurance agencies,professional-services-service-industry-sitemap.xml,Consultus campaign matrix pattern
https://www.consultusdigital.com/professional-services-marketing-services/thought-leadership-for-life-insurance-agencies/,/professional-services-marketing-services/thought-leadership-for-life-insurance-agencies/,Professional Services,Insurance,Service × Industry Landing Page,Life insurance agencies,Thought Leadership and Content,/professional-services-industries/life-insurance-agencies-marketing-agency/,Index after content threshold,Phase 3,thought leadership and content for life insurance agencies,professional-services-service-industry-sitemap.xml,Consultus campaign matrix pattern
https://www.consultusdigital.com/professional-services-marketing-services/ad-creative-for-life-insurance-agencies/,/professional-services-marketing-services/ad-creative-for-life-insurance-agencies/,Professional Services,Insurance,Service × Industry Landing Page,Life insurance agencies,Ad Creative Production,/professional-services-industries/life-insurance-agencies-marketing-agency/,Index after content threshold,Phase 3,ad creative production for life insurance agencies,professional-services-service-industry-sitemap.xml,Consultus campaign matrix pattern
https://www.consultusdigital.com/professional-services-marketing-services/analytics-for-life-insurance-agencies/,/professional-services-marketing-services/analytics-for-life-insurance-agencies/,Professional Services,Insurance,Service × Industry Landing Page,Life insurance agencies,Pipeline Analytics and Attribution,/professional-services-industries/life-insurance-agencies-marketing-agency/,Index after content threshold,Phase 3,pipeline analytics and attribution for life insurance agencies,professional-services-service-industry-sitemap.xml,Consultus campaign matrix pattern
https://www.consultusdigital.com/professional-services-industries/health-insurance-agencies-marketing-agency/,/professional-services-industries/health-insurance-agencies-marketing-agency/,Professional Services,Insurance,Industry Marketing Agency Page,Health insurance agencies,,/professional-services-industries/insurance/,Index,Phase 2,health insurance agencies marketing agency,professional-services-industry-agency-sitemap.xml,https://www.cardinaldigitalmarketing.com/healthcare-specialties/mental-healthcare-providers-agency/
https://www.consultusdigital.com/professional-services-marketing-services/digital-marketing-for-health-insurance-agencies/,/professional-services-marketing-services/digital-marketing-for-health-insurance-agencies/,Professional Services,Insurance,Service × Industry Landing Page,Health insurance agencies,Digital Marketing Agency,/professional-services-industries/health-insurance-agencies-marketing-agency/,Index after content threshold,Phase 3,digital marketing agency for health insurance agencies,professional-services-service-industry-sitemap.xml,Consultus campaign matrix pattern
https://www.consultusdigital.com/professional-services-marketing-services/paid-search-for-health-insurance-agencies/,/professional-services-marketing-services/paid-search-for-health-insurance-agencies/,Professional Services,Insurance,Service × Industry Landing Page,Health insurance agencies,Paid Search and PPC,/professional-services-industries/health-insurance-agencies-marketing-agency/,Index after content threshold,Phase 3,paid search and ppc for health insurance agencies,professional-services-service-industry-sitemap.xml,Consultus campaign matrix pattern
https://www.consultusdigital.com/professional-services-marketing-services/seo-for-health-insurance-agencies/,/professional-services-marketing-services/seo-for-health-insurance-agencies/,Professional Services,Insurance,Service × Industry Landing Page,Health insurance agencies,SEO,/professional-services-industries/health-insurance-agencies-marketing-agency/,Index after content threshold,Phase 3,seo for health insurance agencies,professional-services-service-industry-sitemap.xml,Consultus campaign matrix pattern
https://www.consultusdigital.com/professional-services-marketing-services/ai-search-for-health-insurance-agencies/,/professional-services-marketing-services/ai-search-for-health-insurance-agencies/,Professional Services,Insurance,Service × Industry Landing Page,Health insurance agencies,"AEO, GEO and AI Search",/professional-services-industries/health-insurance-agencies-marketing-agency/,Index after content threshold,Phase 3,"aeo, geo and ai search for health insurance agencies",professional-services-service-industry-sitemap.xml,Consultus campaign matrix pattern
https://www.consultusdigital.com/professional-services-marketing-services/paid-social-for-health-insurance-agencies/,/professional-services-marketing-services/paid-social-for-health-insurance-agencies/,Professional Services,Insurance,Service × Industry Landing Page,Health insurance agencies,Paid Social,/professional-services-industries/health-insurance-agencies-marketing-agency/,Index after content threshold,Phase 3,paid social for health insurance agencies,professional-services-service-industry-sitemap.xml,Consultus campaign matrix pattern
https://www.consultusdigital.com/professional-services-marketing-services/web-design-for-health-insurance-agencies/,/professional-services-marketing-services/web-design-for-health-insurance-agencies/,Professional Services,Insurance,Service × Industry Landing Page,Health insurance agencies,Website Design and CRO,/professional-services-industries/health-insurance-agencies-marketing-agency/,Index after content threshold,Phase 3,website design and cro for health insurance agencies,professional-services-service-industry-sitemap.xml,Consultus campaign matrix pattern
https://www.consultusdigital.com/professional-services-marketing-services/crm-revops-for-health-insurance-agencies/,/professional-services-marketing-services/crm-revops-for-health-insurance-agencies/,Professional Services,Insurance,Service × Industry Landing Page,Health insurance agencies,CRM and Revenue Operations,/professional-services-industries/health-insurance-agencies-marketing-agency/,Index after content threshold,Phase 3,crm and revenue operations for health insurance agencies,professional-services-service-industry-sitemap.xml,Consultus campaign matrix pattern
https://www.consultusdigital.com/professional-services-marketing-services/thought-leadership-for-health-insurance-agencies/,/professional-services-marketing-services/thought-leadership-for-health-insurance-agencies/,Professional Services,Insurance,Service × Industry Landing Page,Health insurance agencies,Thought Leadership and Content,/professional-services-industries/health-insurance-agencies-marketing-agency/,Index after content threshold,Phase 3,thought leadership and content for health insurance agencies,professional-services-service-industry-sitemap.xml,Consultus campaign matrix pattern
https://www.consultusdigital.com/professional-services-marketing-services/ad-creative-for-health-insurance-agencies/,/professional-services-marketing-services/ad-creative-for-health-insurance-agencies/,Professional Services,Insurance,Service × Industry Landing Page,Health insurance agencies,Ad Creative Production,/professional-services-industries/health-insurance-agencies-marketing-agency/,Index after content threshold,Phase 3,ad creative production for health insurance agencies,professional-services-service-industry-sitemap.xml,Consultus campaign matrix pattern
https://www.consultusdigital.com/professional-services-marketing-services/analytics-for-health-insurance-agencies/,/professional-services-marketing-services/analytics-for-health-insurance-agencies/,Professional Services,Insurance,Service × Industry Landing Page,Health insurance agencies,Pipeline Analytics and Attribution,/professional-services-industries/health-insurance-agencies-marketing-agency/,Index after content threshold,Phase 3,pipeline analytics and attribution for health insurance agencies,professional-services-service-industry-sitemap.xml,Consultus campaign matrix pattern
https://www.consultusdigital.com/professional-services-industries/property-and-casualty-agencies-marketing-agency/,/professional-services-industries/property-and-casualty-agencies-marketing-agency/,Professional Services,Insurance,Industry Marketing Agency Page,Property and casualty agencies,,/professional-services-industries/insurance/,Index,Phase 2,property and casualty agencies marketing agency,professional-services-industry-agency-sitemap.xml,https://www.cardinaldigitalmarketing.com/healthcare-specialties/mental-healthcare-providers-agency/
https://www.consultusdigital.com/professional-services-marketing-services/digital-marketing-for-property-and-casualty-agencies/,/professional-services-marketing-services/digital-marketing-for-property-and-casualty-agencies/,Professional Services,Insurance,Service × Industry Landing Page,Property and casualty agencies,Digital Marketing Agency,/professional-services-industries/property-and-casualty-agencies-marketing-agency/,Index after content threshold,Phase 3,digital marketing agency for property and casualty agencies,professional-services-service-industry-sitemap.xml,Consultus campaign matrix pattern
https://www.consultusdigital.com/professional-services-marketing-services/paid-search-for-property-and-casualty-agencies/,/professional-services-marketing-services/paid-search-for-property-and-casualty-agencies/,Professional Services,Insurance,Service × Industry Landing Page,Property and casualty agencies,Paid Search and PPC,/professional-services-industries/property-and-casualty-agencies-marketing-agency/,Index after content threshold,Phase 3,paid search and ppc for property and casualty agencies,professional-services-service-industry-sitemap.xml,Consultus campaign matrix pattern
https://www.consultusdigital.com/professional-services-marketing-services/seo-for-property-and-casualty-agencies/,/professional-services-marketing-services/seo-for-property-and-casualty-agencies/,Professional Services,Insurance,Service × Industry Landing Page,Property and casualty agencies,SEO,/professional-services-industries/property-and-casualty-agencies-marketing-agency/,Index after content threshold,Phase 3,seo for property and casualty agencies,professional-services-service-industry-sitemap.xml,Consultus campaign matrix pattern
https://www.consultusdigital.com/professional-services-marketing-services/ai-search-for-property-and-casualty-agencies/,/professional-services-marketing-services/ai-search-for-property-and-casualty-agencies/,Professional Services,Insurance,Service × Industry Landing Page,Property and casualty agencies,"AEO, GEO and AI Search",/professional-services-industries/property-and-casualty-agencies-marketing-agency/,Index after content threshold,Phase 3,"aeo, geo and ai search for property and casualty agencies",professional-services-service-industry-sitemap.xml,Consultus campaign matrix pattern
https://www.consultusdigital.com/professional-services-marketing-services/paid-social-for-property-and-casualty-agencies/,/professional-services-marketing-services/paid-social-for-property-and-casualty-agencies/,Professional Services,Insurance,Service × Industry Landing Page,Property and casualty agencies,Paid Social,/professional-services-industries/property-and-casualty-agencies-marketing-agency/,Index after content threshold,Phase 3,paid social for property and casualty agencies,professional-services-service-industry-sitemap.xml,Consultus campaign matrix pattern
https://www.consultusdigital.com/professional-services-marketing-services/web-design-for-property-and-casualty-agencies/,/professional-services-marketing-services/web-design-for-property-and-casualty-agencies/,Professional Services,Insurance,Service × Industry Landing Page,Property and casualty agencies,Website Design and CRO,/professional-services-industries/property-and-casualty-agencies-marketing-agency/,Index after content threshold,Phase 3,website design and cro for property and casualty agencies,professional-services-service-industry-sitemap.xml,Consultus campaign matrix pattern
https://www.consultusdigital.com/professional-services-marketing-services/crm-revops-for-property-and-casualty-agencies/,/professional-services-marketing-services/crm-revops-for-property-and-casualty-agencies/,Professional Services,Insurance,Service × Industry Landing Page,Property and casualty agencies,CRM and Revenue Operations,/professional-services-industries/property-and-casualty-agencies-marketing-agency/,Index after content threshold,Phase 3,crm and revenue operations for property and casualty agencies,professional-services-service-industry-sitemap.xml,Consultus campaign matrix pattern
https://www.consultusdigital.com/professional-services-marketing-services/thought-leadership-for-property-and-casualty-agencies/,/professional-services-marketing-services/thought-leadership-for-property-and-casualty-agencies/,Professional Services,Insurance,Service × Industry Landing Page,Property and casualty agencies,Thought Leadership and Content,/professional-services-industries/property-and-casualty-agencies-marketing-agency/,Index after content threshold,Phase 3,thought leadership and content for property and casualty agencies,professional-services-service-industry-sitemap.xml,Consultus campaign matrix pattern
https://www.consultusdigital.com/professional-services-marketing-services/ad-creative-for-property-and-casualty-agencies/,/professional-services-marketing-services/ad-creative-for-property-and-casualty-agencies/,Professional Services,Insurance,Service × Industry Landing Page,Property and casualty agencies,Ad Creative Production,/professional-services-industries/property-and-casualty-agencies-marketing-agency/,Index after content threshold,Phase 3,ad creative production for property and casualty agencies,professional-services-service-industry-sitemap.xml,Consultus campaign matrix pattern
https://www.consultusdigital.com/professional-services-marketing-services/analytics-for-property-and-casualty-agencies/,/professional-services-marketing-services/analytics-for-property-and-casualty-agencies/,Professional Services,Insurance,Service × Industry Landing Page,Property and casualty agencies,Pipeline Analytics and Attribution,/professional-services-industries/property-and-casualty-agencies-marketing-agency/,Index after content threshold,Phase 3,pipeline analytics and attribution for property and casualty agencies,professional-services-service-industry-sitemap.xml,Consultus campaign matrix pattern
https://www.consultusdigital.com/professional-services-industries/specialty-insurance-firms-marketing-agency/,/professional-services-industries/specialty-insurance-firms-marketing-agency/,Professional Services,Insurance,Industry Marketing Agency Page,Specialty insurance firms,,/professional-services-industries/insurance/,Index,Phase 2,specialty insurance firms marketing agency,professional-services-industry-agency-sitemap.xml,https://www.cardinaldigitalmarketing.com/healthcare-specialties/mental-healthcare-providers-agency/
https://www.consultusdigital.com/professional-services-marketing-services/digital-marketing-for-specialty-insurance-firms/,/professional-services-marketing-services/digital-marketing-for-specialty-insurance-firms/,Professional Services,Insurance,Service × Industry Landing Page,Specialty insurance firms,Digital Marketing Agency,/professional-services-industries/specialty-insurance-firms-marketing-agency/,Index after content threshold,Phase 3,digital marketing agency for specialty insurance firms,professional-services-service-industry-sitemap.xml,Consultus campaign matrix pattern
https://www.consultusdigital.com/professional-services-marketing-services/paid-search-for-specialty-insurance-firms/,/professional-services-marketing-services/paid-search-for-specialty-insurance-firms/,Professional Services,Insurance,Service × Industry Landing Page,Specialty insurance firms,Paid Search and PPC,/professional-services-industries/specialty-insurance-firms-marketing-agency/,Index after content threshold,Phase 3,paid search and ppc for specialty insurance firms,professional-services-service-industry-sitemap.xml,Consultus campaign matrix pattern
https://www.consultusdigital.com/professional-services-marketing-services/seo-for-specialty-insurance-firms/,/professional-services-marketing-services/seo-for-specialty-insurance-firms/,Professional Services,Insurance,Service × Industry Landing Page,Specialty insurance firms,SEO,/professional-services-industries/specialty-insurance-firms-marketing-agency/,Index after content threshold,Phase 3,seo for specialty insurance firms,professional-services-service-industry-sitemap.xml,Consultus campaign matrix pattern
https://www.consultusdigital.com/professional-services-marketing-services/ai-search-for-specialty-insurance-firms/,/professional-services-marketing-services/ai-search-for-specialty-insurance-firms/,Professional Services,Insurance,Service × Industry Landing Page,Specialty insurance firms,"AEO, GEO and AI Search",/professional-services-industries/specialty-insurance-firms-marketing-agency/,Index after content threshold,Phase 3,"aeo, geo and ai search for specialty insurance firms",professional-services-service-industry-sitemap.xml,Consultus campaign matrix pattern
https://www.consultusdigital.com/professional-services-marketing-services/paid-social-for-specialty-insurance-firms/,/professional-services-marketing-services/paid-social-for-specialty-insurance-firms/,Professional Services,Insurance,Service × Industry Landing Page,Specialty insurance firms,Paid Social,/professional-services-industries/specialty-insurance-firms-marketing-agency/,Index after content threshold,Phase 3,paid social for specialty insurance firms,professional-services-service-industry-sitemap.xml,Consultus campaign matrix pattern
https://www.consultusdigital.com/professional-services-marketing-services/web-design-for-specialty-insurance-firms/,/professional-services-marketing-services/web-design-for-specialty-insurance-firms/,Professional Services,Insurance,Service × Industry Landing Page,Specialty insurance firms,Website Design and CRO,/professional-services-industries/specialty-insurance-firms-marketing-agency/,Index after content threshold,Phase 3,website design and cro for specialty insurance firms,professional-services-service-industry-sitemap.xml,Consultus campaign matrix pattern
https://www.consultusdigital.com/professional-services-marketing-services/crm-revops-for-specialty-insurance-firms/,/professional-services-marketing-services/crm-revops-for-specialty-insurance-firms/,Professional Services,Insurance,Service × Industry Landing Page,Specialty insurance firms,CRM and Revenue Operations,/professional-services-industries/specialty-insurance-firms-marketing-agency/,Index after content threshold,Phase 3,crm and revenue operations for specialty insurance firms,professional-services-service-industry-sitemap.xml,Consultus campaign matrix pattern
https://www.consultusdigital.com/professional-services-marketing-services/thought-leadership-for-specialty-insurance-firms/,/professional-services-marketing-services/thought-leadership-for-specialty-insurance-firms/,Professional Services,Insurance,Service × Industry Landing Page,Specialty insurance firms,Thought Leadership and Content,/professional-services-industries/specialty-insurance-firms-marketing-agency/,Index after content threshold,Phase 3,thought leadership and content for specialty insurance firms,professional-services-service-industry-sitemap.xml,Consultus campaign matrix pattern
https://www.consultusdigital.com/professional-services-marketing-services/ad-creative-for-specialty-insurance-firms/,/professional-services-marketing-services/ad-creative-for-specialty-insurance-firms/,Professional Services,Insurance,Service × Industry Landing Page,Specialty insurance firms,Ad Creative Production,/professional-services-industries/specialty-insurance-firms-marketing-agency/,Index after content threshold,Phase 3,ad creative production for specialty insurance firms,professional-services-service-industry-sitemap.xml,Consultus campaign matrix pattern
https://www.consultusdigital.com/professional-services-marketing-services/analytics-for-specialty-insurance-firms/,/professional-services-marketing-services/analytics-for-specialty-insurance-firms/,Professional Services,Insurance,Service × Industry Landing Page,Specialty insurance firms,Pipeline Analytics and Attribution,/professional-services-industries/specialty-insurance-firms-marketing-agency/,Index after content threshold,Phase 3,pipeline analytics and attribution for specialty insurance firms,professional-services-service-industry-sitemap.xml,Consultus campaign matrix pattern
https://www.consultusdigital.com/professional-services-industries/managing-general-agencies-marketing-agency/,/professional-services-industries/managing-general-agencies-marketing-agency/,Professional Services,Insurance,Industry Marketing Agency Page,Managing general agencies,,/professional-services-industries/insurance/,Index,Phase 2,managing general agencies marketing agency,professional-services-industry-agency-sitemap.xml,https://www.cardinaldigitalmarketing.com/healthcare-specialties/mental-healthcare-providers-agency/
https://www.consultusdigital.com/professional-services-marketing-services/digital-marketing-for-managing-general-agencies/,/professional-services-marketing-services/digital-marketing-for-managing-general-agencies/,Professional Services,Insurance,Service × Industry Landing Page,Managing general agencies,Digital Marketing Agency,/professional-services-industries/managing-general-agencies-marketing-agency/,Index after content threshold,Phase 3,digital marketing agency for managing general agencies,professional-services-service-industry-sitemap.xml,Consultus campaign matrix pattern
https://www.consultusdigital.com/professional-services-marketing-services/paid-search-for-managing-general-agencies/,/professional-services-marketing-services/paid-search-for-managing-general-agencies/,Professional Services,Insurance,Service × Industry Landing Page,Managing general agencies,Paid Search and PPC,/professional-services-industries/managing-general-agencies-marketing-agency/,Index after content threshold,Phase 3,paid search and ppc for managing general agencies,professional-services-service-industry-sitemap.xml,Consultus campaign matrix pattern
https://www.consultusdigital.com/professional-services-marketing-services/seo-for-managing-general-agencies/,/professional-services-marketing-services/seo-for-managing-general-agencies/,Professional Services,Insurance,Service × Industry Landing Page,Managing general agencies,SEO,/professional-services-industries/managing-general-agencies-marketing-agency/,Index after content threshold,Phase 3,seo for managing general agencies,professional-services-service-industry-sitemap.xml,Consultus campaign matrix pattern
https://www.consultusdigital.com/professional-services-marketing-services/ai-search-for-managing-general-agencies/,/professional-services-marketing-services/ai-search-for-managing-general-agencies/,Professional Services,Insurance,Service × Industry Landing Page,Managing general agencies,"AEO, GEO and AI Search",/professional-services-industries/managing-general-agencies-marketing-agency/,Index after content threshold,Phase 3,"aeo, geo and ai search for managing general agencies",professional-services-service-industry-sitemap.xml,Consultus campaign matrix pattern
https://www.consultusdigital.com/professional-services-marketing-services/paid-social-for-managing-general-agencies/,/professional-services-marketing-services/paid-social-for-managing-general-agencies/,Professional Services,Insurance,Service × Industry Landing Page,Managing general agencies,Paid Social,/professional-services-industries/managing-general-agencies-marketing-agency/,Index after content threshold,Phase 3,paid social for managing general agencies,professional-services-service-industry-sitemap.xml,Consultus campaign matrix pattern
https://www.consultusdigital.com/professional-services-marketing-services/web-design-for-managing-general-agencies/,/professional-services-marketing-services/web-design-for-managing-general-agencies/,Professional Services,Insurance,Service × Industry Landing Page,Managing general agencies,Website Design and CRO,/professional-services-industries/managing-general-agencies-marketing-agency/,Index after content threshold,Phase 3,website design and cro for managing general agencies,professional-services-service-industry-sitemap.xml,Consultus campaign matrix pattern
https://www.consultusdigital.com/professional-services-marketing-services/crm-revops-for-managing-general-agencies/,/professional-services-marketing-services/crm-revops-for-managing-general-agencies/,Professional Services,Insurance,Service × Industry Landing Page,Managing general agencies,CRM and Revenue Operations,/professional-services-industries/managing-general-agencies-marketing-agency/,Index after content threshold,Phase 3,crm and revenue operations for managing general agencies,professional-services-service-industry-sitemap.xml,Consultus campaign matrix pattern
https://www.consultusdigital.com/professional-services-marketing-services/thought-leadership-for-managing-general-agencies/,/professional-services-marketing-services/thought-leadership-for-managing-general-agencies/,Professional Services,Insurance,Service × Industry Landing Page,Managing general agencies,Thought Leadership and Content,/professional-services-industries/managing-general-agencies-marketing-agency/,Index after content threshold,Phase 3,thought leadership and content for managing general agencies,professional-services-service-industry-sitemap.xml,Consultus campaign matrix pattern
https://www.consultusdigital.com/professional-services-marketing-services/ad-creative-for-managing-general-agencies/,/professional-services-marketing-services/ad-creative-for-managing-general-agencies/,Professional Services,Insurance,Service × Industry Landing Page,Managing general agencies,Ad Creative Production,/professional-services-industries/managing-general-agencies-marketing-agency/,Index after content threshold,Phase 3,ad creative production for managing general agencies,professional-services-service-industry-sitemap.xml,Consultus campaign matrix pattern
https://www.consultusdigital.com/professional-services-marketing-services/analytics-for-managing-general-agencies/,/professional-services-marketing-services/analytics-for-managing-general-agencies/,Professional Services,Insurance,Service × Industry Landing Page,Managing general agencies,Pipeline Analytics and Attribution,/professional-services-industries/managing-general-agencies-marketing-agency/,Index after content threshold,Phase 3,pipeline analytics and attribution for managing general agencies,professional-services-service-industry-sitemap.xml,Consultus campaign matrix pattern
https://www.consultusdigital.com/professional-services-industries/insurtech-companies-marketing-agency/,/professional-services-industries/insurtech-companies-marketing-agency/,Professional Services,Insurance,Industry Marketing Agency Page,Insurtech companies,,/professional-services-industries/insurance/,Index,Phase 2,insurtech companies marketing agency,professional-services-industry-agency-sitemap.xml,https://www.cardinaldigitalmarketing.com/healthcare-specialties/mental-healthcare-providers-agency/
https://www.consultusdigital.com/professional-services-marketing-services/digital-marketing-for-insurtech-companies/,/professional-services-marketing-services/digital-marketing-for-insurtech-companies/,Professional Services,Insurance,Service × Industry Landing Page,Insurtech companies,Digital Marketing Agency,/professional-services-industries/insurtech-companies-marketing-agency/,Index after content threshold,Phase 3,digital marketing agency for insurtech companies,professional-services-service-industry-sitemap.xml,Consultus campaign matrix pattern
https://www.consultusdigital.com/professional-services-marketing-services/paid-search-for-insurtech-companies/,/professional-services-marketing-services/paid-search-for-insurtech-companies/,Professional Services,Insurance,Service × Industry Landing Page,Insurtech companies,Paid Search and PPC,/professional-services-industries/insurtech-companies-marketing-agency/,Index after content threshold,Phase 3,paid search and ppc for insurtech companies,professional-services-service-industry-sitemap.xml,Consultus campaign matrix pattern
https://www.consultusdigital.com/professional-services-marketing-services/seo-for-insurtech-companies/,/professional-services-marketing-services/seo-for-insurtech-companies/,Professional Services,Insurance,Service × Industry Landing Page,Insurtech companies,SEO,/professional-services-industries/insurtech-companies-marketing-agency/,Index after content threshold,Phase 3,seo for insurtech companies,professional-services-service-industry-sitemap.xml,Consultus campaign matrix pattern
https://www.consultusdigital.com/professional-services-marketing-services/ai-search-for-insurtech-companies/,/professional-services-marketing-services/ai-search-for-insurtech-companies/,Professional Services,Insurance,Service × Industry Landing Page,Insurtech companies,"AEO, GEO and AI Search",/professional-services-industries/insurtech-companies-marketing-agency/,Index after content threshold,Phase 3,"aeo, geo and ai search for insurtech companies",professional-services-service-industry-sitemap.xml,Consultus campaign matrix pattern
https://www.consultusdigital.com/professional-services-marketing-services/paid-social-for-insurtech-companies/,/professional-services-marketing-services/paid-social-for-insurtech-companies/,Professional Services,Insurance,Service × Industry Landing Page,Insurtech companies,Paid Social,/professional-services-industries/insurtech-companies-marketing-agency/,Index after content threshold,Phase 3,paid social for insurtech companies,professional-services-service-industry-sitemap.xml,Consultus campaign matrix pattern
https://www.consultusdigital.com/professional-services-marketing-services/web-design-for-insurtech-companies/,/professional-services-marketing-services/web-design-for-insurtech-companies/,Professional Services,Insurance,Service × Industry Landing Page,Insurtech companies,Website Design and CRO,/professional-services-industries/insurtech-companies-marketing-agency/,Index after content threshold,Phase 3,website design and cro for insurtech companies,professional-services-service-industry-sitemap.xml,Consultus campaign matrix pattern
https://www.consultusdigital.com/professional-services-marketing-services/crm-revops-for-insurtech-companies/,/professional-services-marketing-services/crm-revops-for-insurtech-companies/,Professional Services,Insurance,Service × Industry Landing Page,Insurtech companies,CRM and Revenue Operations,/professional-services-industries/insurtech-companies-marketing-agency/,Index after content threshold,Phase 3,crm and revenue operations for insurtech companies,professional-services-service-industry-sitemap.xml,Consultus campaign matrix pattern
https://www.consultusdigital.com/professional-services-marketing-services/thought-leadership-for-insurtech-companies/,/professional-services-marketing-services/thought-leadership-for-insurtech-companies/,Professional Services,Insurance,Service × Industry Landing Page,Insurtech companies,Thought Leadership and Content,/professional-services-industries/insurtech-companies-marketing-agency/,Index after content threshold,Phase 3,thought leadership and content for insurtech companies,professional-services-service-industry-sitemap.xml,Consultus campaign matrix pattern
https://www.consultusdigital.com/professional-services-marketing-services/ad-creative-for-insurtech-companies/,/professional-services-marketing-services/ad-creative-for-insurtech-companies/,Professional Services,Insurance,Service × Industry Landing Page,Insurtech companies,Ad Creative Production,/professional-services-industries/insurtech-companies-marketing-agency/,Index after content threshold,Phase 3,ad creative production for insurtech companies,professional-services-service-industry-sitemap.xml,Consultus campaign matrix pattern
https://www.consultusdigital.com/professional-services-marketing-services/analytics-for-insurtech-companies/,/professional-services-marketing-services/analytics-for-insurtech-companies/,Professional Services,Insurance,Service × Industry Landing Page,Insurtech companies,Pipeline Analytics and Attribution,/professional-services-industries/insurtech-companies-marketing-agency/,Index after content threshold,Phase 3,pipeline analytics and attribution for insurtech companies,professional-services-service-industry-sitemap.xml,Consultus campaign matrix pattern
https://www.consultusdigital.com/professional-services-industries/multi-office-insurance-firms-marketing-agency/,/professional-services-industries/multi-office-insurance-firms-marketing-agency/,Professional Services,Insurance,Industry Marketing Agency Page,Multi-office insurance firms,,/professional-services-industries/insurance/,Index,Phase 2,multi-office insurance firms marketing agency,professional-services-industry-agency-sitemap.xml,https://www.cardinaldigitalmarketing.com/healthcare-specialties/mental-healthcare-providers-agency/
https://www.consultusdigital.com/professional-services-marketing-services/digital-marketing-for-multi-office-insurance-firms/,/professional-services-marketing-services/digital-marketing-for-multi-office-insurance-firms/,Professional Services,Insurance,Service × Industry Landing Page,Multi-office insurance firms,Digital Marketing Agency,/professional-services-industries/multi-office-insurance-firms-marketing-agency/,Index after content threshold,Phase 3,digital marketing agency for multi-office insurance firms,professional-services-service-industry-sitemap.xml,Consultus campaign matrix pattern
https://www.consultusdigital.com/professional-services-marketing-services/paid-search-for-multi-office-insurance-firms/,/professional-services-marketing-services/paid-search-for-multi-office-insurance-firms/,Professional Services,Insurance,Service × Industry Landing Page,Multi-office insurance firms,Paid Search and PPC,/professional-services-industries/multi-office-insurance-firms-marketing-agency/,Index after content threshold,Phase 3,paid search and ppc for multi-office insurance firms,professional-services-service-industry-sitemap.xml,Consultus campaign matrix pattern
https://www.consultusdigital.com/professional-services-marketing-services/seo-for-multi-office-insurance-firms/,/professional-services-marketing-services/seo-for-multi-office-insurance-firms/,Professional Services,Insurance,Service × Industry Landing Page,Multi-office insurance firms,SEO,/professional-services-industries/multi-office-insurance-firms-marketing-agency/,Index after content threshold,Phase 3,seo for multi-office insurance firms,professional-services-service-industry-sitemap.xml,Consultus campaign matrix pattern
https://www.consultusdigital.com/professional-services-marketing-services/ai-search-for-multi-office-insurance-firms/,/professional-services-marketing-services/ai-search-for-multi-office-insurance-firms/,Professional Services,Insurance,Service × Industry Landing Page,Multi-office insurance firms,"AEO, GEO and AI Search",/professional-services-industries/multi-office-insurance-firms-marketing-agency/,Index after content threshold,Phase 3,"aeo, geo and ai search for multi-office insurance firms",professional-services-service-industry-sitemap.xml,Consultus campaign matrix pattern
https://www.consultusdigital.com/professional-services-marketing-services/paid-social-for-multi-office-insurance-firms/,/professional-services-marketing-services/paid-social-for-multi-office-insurance-firms/,Professional Services,Insurance,Service × Industry Landing Page,Multi-office insurance firms,Paid Social,/professional-services-industries/multi-office-insurance-firms-marketing-agency/,Index after content threshold,Phase 3,paid social for multi-office insurance firms,professional-services-service-industry-sitemap.xml,Consultus campaign matrix pattern
https://www.consultusdigital.com/professional-services-marketing-services/web-design-for-multi-office-insurance-firms/,/professional-services-marketing-services/web-design-for-multi-office-insurance-firms/,Professional Services,Insurance,Service × Industry Landing Page,Multi-office insurance firms,Website Design and CRO,/professional-services-industries/multi-office-insurance-firms-marketing-agency/,Index after content threshold,Phase 3,website design and cro for multi-office insurance firms,professional-services-service-industry-sitemap.xml,Consultus campaign matrix pattern
https://www.consultusdigital.com/professional-services-marketing-services/crm-revops-for-multi-office-insurance-firms/,/professional-services-marketing-services/crm-revops-for-multi-office-insurance-firms/,Professional Services,Insurance,Service × Industry Landing Page,Multi-office insurance firms,CRM and Revenue Operations,/professional-services-industries/multi-office-insurance-firms-marketing-agency/,Index after content threshold,Phase 3,crm and revenue operations for multi-office insurance firms,professional-services-service-industry-sitemap.xml,Consultus campaign matrix pattern
https://www.consultusdigital.com/professional-services-marketing-services/thought-leadership-for-multi-office-insurance-firms/,/professional-services-marketing-services/thought-leadership-for-multi-office-insurance-firms/,Professional Services,Insurance,Service × Industry Landing Page,Multi-office insurance firms,Thought Leadership and Content,/professional-services-industries/multi-office-insurance-firms-marketing-agency/,Index after content threshold,Phase 3,thought leadership and content for multi-office insurance firms,professional-services-service-industry-sitemap.xml,Consultus campaign matrix pattern
https://www.consultusdigital.com/professional-services-marketing-services/ad-creative-for-multi-office-insurance-firms/,/professional-services-marketing-services/ad-creative-for-multi-office-insurance-firms/,Professional Services,Insurance,Service × Industry Landing Page,Multi-office insurance firms,Ad Creative Production,/professional-services-industries/multi-office-insurance-firms-marketing-agency/,Index after content threshold,Phase 3,ad creative production for multi-office insurance firms,professional-services-service-industry-sitemap.xml,Consultus campaign matrix pattern
https://www.consultusdigital.com/professional-services-marketing-services/analytics-for-multi-office-insurance-firms/,/professional-services-marketing-services/analytics-for-multi-office-insurance-firms/,Professional Services,Insurance,Service × Industry Landing Page,Multi-office insurance firms,Pipeline Analytics and Attribution,/professional-services-industries/multi-office-insurance-firms-marketing-agency/,Index after content threshold,Phase 3,pipeline analytics and attribution for multi-office insurance firms,professional-services-service-industry-sitemap.xml,Consultus campaign matrix pattern
https://www.consultusdigital.com/professional-services-industries/accounting-and-tax/,/professional-services-industries/accounting-and-tax/,Professional Services,Accounting and tax,Sector Hub,Accounting and tax,,/professional-services-industries/,Index,Phase 1,accounting and tax marketing agency,professional-services-industry-agency-sitemap.xml,https://www.cardinaldigitalmarketing.com/healthcare-specialties/mental-healthcare-providers-agency/
https://www.consultusdigital.com/professional-services-industries/accounting-firms-marketing-agency/,/professional-services-industries/accounting-firms-marketing-agency/,Professional Services,Accounting and tax,Industry Marketing Agency Page,Accounting firms,,/professional-services-industries/accounting-and-tax/,Index,Phase 2,accounting firms marketing agency,professional-services-industry-agency-sitemap.xml,https://www.cardinaldigitalmarketing.com/healthcare-specialties/mental-healthcare-providers-agency/
https://www.consultusdigital.com/professional-services-marketing-services/digital-marketing-for-accounting-firms/,/professional-services-marketing-services/digital-marketing-for-accounting-firms/,Professional Services,Accounting and tax,Service × Industry Landing Page,Accounting firms,Digital Marketing Agency,/professional-services-industries/accounting-firms-marketing-agency/,Index after content threshold,Phase 3,digital marketing agency for accounting firms,professional-services-service-industry-sitemap.xml,Consultus campaign matrix pattern
https://www.consultusdigital.com/professional-services-marketing-services/paid-search-for-accounting-firms/,/professional-services-marketing-services/paid-search-for-accounting-firms/,Professional Services,Accounting and tax,Service × Industry Landing Page,Accounting firms,Paid Search and PPC,/professional-services-industries/accounting-firms-marketing-agency/,Index after content threshold,Phase 3,paid search and ppc for accounting firms,professional-services-service-industry-sitemap.xml,Consultus campaign matrix pattern
https://www.consultusdigital.com/professional-services-marketing-services/seo-for-accounting-firms/,/professional-services-marketing-services/seo-for-accounting-firms/,Professional Services,Accounting and tax,Service × Industry Landing Page,Accounting firms,SEO,/professional-services-industries/accounting-firms-marketing-agency/,Index after content threshold,Phase 3,seo for accounting firms,professional-services-service-industry-sitemap.xml,Consultus campaign matrix pattern
https://www.consultusdigital.com/professional-services-marketing-services/ai-search-for-accounting-firms/,/professional-services-marketing-services/ai-search-for-accounting-firms/,Professional Services,Accounting and tax,Service × Industry Landing Page,Accounting firms,"AEO, GEO and AI Search",/professional-services-industries/accounting-firms-marketing-agency/,Index after content threshold,Phase 3,"aeo, geo and ai search for accounting firms",professional-services-service-industry-sitemap.xml,Consultus campaign matrix pattern
https://www.consultusdigital.com/professional-services-marketing-services/paid-social-for-accounting-firms/,/professional-services-marketing-services/paid-social-for-accounting-firms/,Professional Services,Accounting and tax,Service × Industry Landing Page,Accounting firms,Paid Social,/professional-services-industries/accounting-firms-marketing-agency/,Index after content threshold,Phase 3,paid social for accounting firms,professional-services-service-industry-sitemap.xml,Consultus campaign matrix pattern
https://www.consultusdigital.com/professional-services-marketing-services/web-design-for-accounting-firms/,/professional-services-marketing-services/web-design-for-accounting-firms/,Professional Services,Accounting and tax,Service × Industry Landing Page,Accounting firms,Website Design and CRO,/professional-services-industries/accounting-firms-marketing-agency/,Index after content threshold,Phase 3,website design and cro for accounting firms,professional-services-service-industry-sitemap.xml,Consultus campaign matrix pattern
https://www.consultusdigital.com/professional-services-marketing-services/crm-revops-for-accounting-firms/,/professional-services-marketing-services/crm-revops-for-accounting-firms/,Professional Services,Accounting and tax,Service × Industry Landing Page,Accounting firms,CRM and Revenue Operations,/professional-services-industries/accounting-firms-marketing-agency/,Index after content threshold,Phase 3,crm and revenue operations for accounting firms,professional-services-service-industry-sitemap.xml,Consultus campaign matrix pattern
https://www.consultusdigital.com/professional-services-marketing-services/thought-leadership-for-accounting-firms/,/professional-services-marketing-services/thought-leadership-for-accounting-firms/,Professional Services,Accounting and tax,Service × Industry Landing Page,Accounting firms,Thought Leadership and Content,/professional-services-industries/accounting-firms-marketing-agency/,Index after content threshold,Phase 3,thought leadership and content for accounting firms,professional-services-service-industry-sitemap.xml,Consultus campaign matrix pattern
https://www.consultusdigital.com/professional-services-marketing-services/ad-creative-for-accounting-firms/,/professional-services-marketing-services/ad-creative-for-accounting-firms/,Professional Services,Accounting and tax,Service × Industry Landing Page,Accounting firms,Ad Creative Production,/professional-services-industries/accounting-firms-marketing-agency/,Index after content threshold,Phase 3,ad creative production for accounting firms,professional-services-service-industry-sitemap.xml,Consultus campaign matrix pattern
https://www.consultusdigital.com/professional-services-marketing-services/analytics-for-accounting-firms/,/professional-services-marketing-services/analytics-for-accounting-firms/,Professional Services,Accounting and tax,Service × Industry Landing Page,Accounting firms,Pipeline Analytics and Attribution,/professional-services-industries/accounting-firms-marketing-agency/,Index after content threshold,Phase 3,pipeline analytics and attribution for accounting firms,professional-services-service-industry-sitemap.xml,Consultus campaign matrix pattern
https://www.consultusdigital.com/professional-services-industries/cpa-firms-marketing-agency/,/professional-services-industries/cpa-firms-marketing-agency/,Professional Services,Accounting and tax,Industry Marketing Agency Page,CPA firms,,/professional-services-industries/accounting-and-tax/,Index,Phase 2,cpa firms marketing agency,professional-services-industry-agency-sitemap.xml,https://www.cardinaldigitalmarketing.com/healthcare-specialties/mental-healthcare-providers-agency/
https://www.consultusdigital.com/professional-services-marketing-services/digital-marketing-for-cpa-firms/,/professional-services-marketing-services/digital-marketing-for-cpa-firms/,Professional Services,Accounting and tax,Service × Industry Landing Page,CPA firms,Digital Marketing Agency,/professional-services-industries/cpa-firms-marketing-agency/,Index after content threshold,Phase 3,digital marketing agency for cpa firms,professional-services-service-industry-sitemap.xml,Consultus campaign matrix pattern
https://www.consultusdigital.com/professional-services-marketing-services/paid-search-for-cpa-firms/,/professional-services-marketing-services/paid-search-for-cpa-firms/,Professional Services,Accounting and tax,Service × Industry Landing Page,CPA firms,Paid Search and PPC,/professional-services-industries/cpa-firms-marketing-agency/,Index after content threshold,Phase 3,paid search and ppc for cpa firms,professional-services-service-industry-sitemap.xml,Consultus campaign matrix pattern
https://www.consultusdigital.com/professional-services-marketing-services/seo-for-cpa-firms/,/professional-services-marketing-services/seo-for-cpa-firms/,Professional Services,Accounting and tax,Service × Industry Landing Page,CPA firms,SEO,/professional-services-industries/cpa-firms-marketing-agency/,Index after content threshold,Phase 3,seo for cpa firms,professional-services-service-industry-sitemap.xml,Consultus campaign matrix pattern
https://www.consultusdigital.com/professional-services-marketing-services/ai-search-for-cpa-firms/,/professional-services-marketing-services/ai-search-for-cpa-firms/,Professional Services,Accounting and tax,Service × Industry Landing Page,CPA firms,"AEO, GEO and AI Search",/professional-services-industries/cpa-firms-marketing-agency/,Index after content threshold,Phase 3,"aeo, geo and ai search for cpa firms",professional-services-service-industry-sitemap.xml,Consultus campaign matrix pattern
https://www.consultusdigital.com/professional-services-marketing-services/paid-social-for-cpa-firms/,/professional-services-marketing-services/paid-social-for-cpa-firms/,Professional Services,Accounting and tax,Service × Industry Landing Page,CPA firms,Paid Social,/professional-services-industries/cpa-firms-marketing-agency/,Index after content threshold,Phase 3,paid social for cpa firms,professional-services-service-industry-sitemap.xml,Consultus campaign matrix pattern
https://www.consultusdigital.com/professional-services-marketing-services/web-design-for-cpa-firms/,/professional-services-marketing-services/web-design-for-cpa-firms/,Professional Services,Accounting and tax,Service × Industry Landing Page,CPA firms,Website Design and CRO,/professional-services-industries/cpa-firms-marketing-agency/,Index after content threshold,Phase 3,website design and cro for cpa firms,professional-services-service-industry-sitemap.xml,Consultus campaign matrix pattern
https://www.consultusdigital.com/professional-services-marketing-services/crm-revops-for-cpa-firms/,/professional-services-marketing-services/crm-revops-for-cpa-firms/,Professional Services,Accounting and tax,Service × Industry Landing Page,CPA firms,CRM and Revenue Operations,/professional-services-industries/cpa-firms-marketing-agency/,Index after content threshold,Phase 3,crm and revenue operations for cpa firms,professional-services-service-industry-sitemap.xml,Consultus campaign matrix pattern
https://www.consultusdigital.com/professional-services-marketing-services/thought-leadership-for-cpa-firms/,/professional-services-marketing-services/thought-leadership-for-cpa-firms/,Professional Services,Accounting and tax,Service × Industry Landing Page,CPA firms,Thought Leadership and Content,/professional-services-industries/cpa-firms-marketing-agency/,Index after content threshold,Phase 3,thought leadership and content for cpa firms,professional-services-service-industry-sitemap.xml,Consultus campaign matrix pattern
https://www.consultusdigital.com/professional-services-marketing-services/ad-creative-for-cpa-firms/,/professional-services-marketing-services/ad-creative-for-cpa-firms/,Professional Services,Accounting and tax,Service × Industry Landing Page,CPA firms,Ad Creative Production,/professional-services-industries/cpa-firms-marketing-agency/,Index after content threshold,Phase 3,ad creative production for cpa firms,professional-services-service-industry-sitemap.xml,Consultus campaign matrix pattern
https://www.consultusdigital.com/professional-services-marketing-services/analytics-for-cpa-firms/,/professional-services-marketing-services/analytics-for-cpa-firms/,Professional Services,Accounting and tax,Service × Industry Landing Page,CPA firms,Pipeline Analytics and Attribution,/professional-services-industries/cpa-firms-marketing-agency/,Index after content threshold,Phase 3,pipeline analytics and attribution for cpa firms,professional-services-service-industry-sitemap.xml,Consultus campaign matrix pattern
https://www.consultusdigital.com/professional-services-industries/bookkeeping-firms-marketing-agency/,/professional-services-industries/bookkeeping-firms-marketing-agency/,Professional Services,Accounting and tax,Industry Marketing Agency Page,Bookkeeping firms,,/professional-services-industries/accounting-and-tax/,Index,Phase 2,bookkeeping firms marketing agency,professional-services-industry-agency-sitemap.xml,https://www.cardinaldigitalmarketing.com/healthcare-specialties/mental-healthcare-providers-agency/
https://www.consultusdigital.com/professional-services-marketing-services/digital-marketing-for-bookkeeping-firms/,/professional-services-marketing-services/digital-marketing-for-bookkeeping-firms/,Professional Services,Accounting and tax,Service × Industry Landing Page,Bookkeeping firms,Digital Marketing Agency,/professional-services-industries/bookkeeping-firms-marketing-agency/,Index after content threshold,Phase 3,digital marketing agency for bookkeeping firms,professional-services-service-industry-sitemap.xml,Consultus campaign matrix pattern
https://www.consultusdigital.com/professional-services-marketing-services/paid-search-for-bookkeeping-firms/,/professional-services-marketing-services/paid-search-for-bookkeeping-firms/,Professional Services,Accounting and tax,Service × Industry Landing Page,Bookkeeping firms,Paid Search and PPC,/professional-services-industries/bookkeeping-firms-marketing-agency/,Index after content threshold,Phase 3,paid search and ppc for bookkeeping firms,professional-services-service-industry-sitemap.xml,Consultus campaign matrix pattern
https://www.consultusdigital.com/professional-services-marketing-services/seo-for-bookkeeping-firms/,/professional-services-marketing-services/seo-for-bookkeeping-firms/,Professional Services,Accounting and tax,Service × Industry Landing Page,Bookkeeping firms,SEO,/professional-services-industries/bookkeeping-firms-marketing-agency/,Index after content threshold,Phase 3,seo for bookkeeping firms,professional-services-service-industry-sitemap.xml,Consultus campaign matrix pattern
https://www.consultusdigital.com/professional-services-marketing-services/ai-search-for-bookkeeping-firms/,/professional-services-marketing-services/ai-search-for-bookkeeping-firms/,Professional Services,Accounting and tax,Service × Industry Landing Page,Bookkeeping firms,"AEO, GEO and AI Search",/professional-services-industries/bookkeeping-firms-marketing-agency/,Index after content threshold,Phase 3,"aeo, geo and ai search for bookkeeping firms",professional-services-service-industry-sitemap.xml,Consultus campaign matrix pattern
https://www.consultusdigital.com/professional-services-marketing-services/paid-social-for-bookkeeping-firms/,/professional-services-marketing-services/paid-social-for-bookkeeping-firms/,Professional Services,Accounting and tax,Service × Industry Landing Page,Bookkeeping firms,Paid Social,/professional-services-industries/bookkeeping-firms-marketing-agency/,Index after content threshold,Phase 3,paid social for bookkeeping firms,professional-services-service-industry-sitemap.xml,Consultus campaign matrix pattern
https://www.consultusdigital.com/professional-services-marketing-services/web-design-for-bookkeeping-firms/,/professional-services-marketing-services/web-design-for-bookkeeping-firms/,Professional Services,Accounting and tax,Service × Industry Landing Page,Bookkeeping firms,Website Design and CRO,/professional-services-industries/bookkeeping-firms-marketing-agency/,Index after content threshold,Phase 3,website design and cro for bookkeeping firms,professional-services-service-industry-sitemap.xml,Consultus campaign matrix pattern
https://www.consultusdigital.com/professional-services-marketing-services/crm-revops-for-bookkeeping-firms/,/professional-services-marketing-services/crm-revops-for-bookkeeping-firms/,Professional Services,Accounting and tax,Service × Industry Landing Page,Bookkeeping firms,CRM and Revenue Operations,/professional-services-industries/bookkeeping-firms-marketing-agency/,Index after content threshold,Phase 3,crm and revenue operations for bookkeeping firms,professional-services-service-industry-sitemap.xml,Consultus campaign matrix pattern
https://www.consultusdigital.com/professional-services-marketing-services/thought-leadership-for-bookkeeping-firms/,/professional-services-marketing-services/thought-leadership-for-bookkeeping-firms/,Professional Services,Accounting and tax,Service × Industry Landing Page,Bookkeeping firms,Thought Leadership and Content,/professional-services-industries/bookkeeping-firms-marketing-agency/,Index after content threshold,Phase 3,thought leadership and content for bookkeeping firms,professional-services-service-industry-sitemap.xml,Consultus campaign matrix pattern
https://www.consultusdigital.com/professional-services-marketing-services/ad-creative-for-bookkeeping-firms/,/professional-services-marketing-services/ad-creative-for-bookkeeping-firms/,Professional Services,Accounting and tax,Service × Industry Landing Page,Bookkeeping firms,Ad Creative Production,/professional-services-industries/bookkeeping-firms-marketing-agency/,Index after content threshold,Phase 3,ad creative production for bookkeeping firms,professional-services-service-industry-sitemap.xml,Consultus campaign matrix pattern
https://www.consultusdigital.com/professional-services-marketing-services/analytics-for-bookkeeping-firms/,/professional-services-marketing-services/analytics-for-bookkeeping-firms/,Professional Services,Accounting and tax,Service × Industry Landing Page,Bookkeeping firms,Pipeline Analytics and Attribution,/professional-services-industries/bookkeeping-firms-marketing-agency/,Index after content threshold,Phase 3,pipeline analytics and attribution for bookkeeping firms,professional-services-service-industry-sitemap.xml,Consultus campaign matrix pattern
https://www.consultusdigital.com/professional-services-industries/tax-advisory-firms-marketing-agency/,/professional-services-industries/tax-advisory-firms-marketing-agency/,Professional Services,Accounting and tax,Industry Marketing Agency Page,Tax advisory firms,,/professional-services-industries/accounting-and-tax/,Index,Phase 2,tax advisory firms marketing agency,professional-services-industry-agency-sitemap.xml,https://www.cardinaldigitalmarketing.com/healthcare-specialties/mental-healthcare-providers-agency/
https://www.consultusdigital.com/professional-services-marketing-services/digital-marketing-for-tax-advisory-firms/,/professional-services-marketing-services/digital-marketing-for-tax-advisory-firms/,Professional Services,Accounting and tax,Service × Industry Landing Page,Tax advisory firms,Digital Marketing Agency,/professional-services-industries/tax-advisory-firms-marketing-agency/,Index after content threshold,Phase 3,digital marketing agency for tax advisory firms,professional-services-service-industry-sitemap.xml,Consultus campaign matrix pattern
https://www.consultusdigital.com/professional-services-marketing-services/paid-search-for-tax-advisory-firms/,/professional-services-marketing-services/paid-search-for-tax-advisory-firms/,Professional Services,Accounting and tax,Service × Industry Landing Page,Tax advisory firms,Paid Search and PPC,/professional-services-industries/tax-advisory-firms-marketing-agency/,Index after content threshold,Phase 3,paid search and ppc for tax advisory firms,professional-services-service-industry-sitemap.xml,Consultus campaign matrix pattern
https://www.consultusdigital.com/professional-services-marketing-services/seo-for-tax-advisory-firms/,/professional-services-marketing-services/seo-for-tax-advisory-firms/,Professional Services,Accounting and tax,Service × Industry Landing Page,Tax advisory firms,SEO,/professional-services-industries/tax-advisory-firms-marketing-agency/,Index after content threshold,Phase 3,seo for tax advisory firms,professional-services-service-industry-sitemap.xml,Consultus campaign matrix pattern
https://www.consultusdigital.com/professional-services-marketing-services/ai-search-for-tax-advisory-firms/,/professional-services-marketing-services/ai-search-for-tax-advisory-firms/,Professional Services,Accounting and tax,Service × Industry Landing Page,Tax advisory firms,"AEO, GEO and AI Search",/professional-services-industries/tax-advisory-firms-marketing-agency/,Index after content threshold,Phase 3,"aeo, geo and ai search for tax advisory firms",professional-services-service-industry-sitemap.xml,Consultus campaign matrix pattern
https://www.consultusdigital.com/professional-services-marketing-services/paid-social-for-tax-advisory-firms/,/professional-services-marketing-services/paid-social-for-tax-advisory-firms/,Professional Services,Accounting and tax,Service × Industry Landing Page,Tax advisory firms,Paid Social,/professional-services-industries/tax-advisory-firms-marketing-agency/,Index after content threshold,Phase 3,paid social for tax advisory firms,professional-services-service-industry-sitemap.xml,Consultus campaign matrix pattern
https://www.consultusdigital.com/professional-services-marketing-services/web-design-for-tax-advisory-firms/,/professional-services-marketing-services/web-design-for-tax-advisory-firms/,Professional Services,Accounting and tax,Service × Industry Landing Page,Tax advisory firms,Website Design and CRO,/professional-services-industries/tax-advisory-firms-marketing-agency/,Index after content threshold,Phase 3,website design and cro for tax advisory firms,professional-services-service-industry-sitemap.xml,Consultus campaign matrix pattern
https://www.consultusdigital.com/professional-services-marketing-services/crm-revops-for-tax-advisory-firms/,/professional-services-marketing-services/crm-revops-for-tax-advisory-firms/,Professional Services,Accounting and tax,Service × Industry Landing Page,Tax advisory firms,CRM and Revenue Operations,/professional-services-industries/tax-advisory-firms-marketing-agency/,Index after content threshold,Phase 3,crm and revenue operations for tax advisory firms,professional-services-service-industry-sitemap.xml,Consultus campaign matrix pattern
https://www.consultusdigital.com/professional-services-marketing-services/thought-leadership-for-tax-advisory-firms/,/professional-services-marketing-services/thought-leadership-for-tax-advisory-firms/,Professional Services,Accounting and tax,Service × Industry Landing Page,Tax advisory firms,Thought Leadership and Content,/professional-services-industries/tax-advisory-firms-marketing-agency/,Index after content threshold,Phase 3,thought leadership and content for tax advisory firms,professional-services-service-industry-sitemap.xml,Consultus campaign matrix pattern
https://www.consultusdigital.com/professional-services-marketing-services/ad-creative-for-tax-advisory-firms/,/professional-services-marketing-services/ad-creative-for-tax-advisory-firms/,Professional Services,Accounting and tax,Service × Industry Landing Page,Tax advisory firms,Ad Creative Production,/professional-services-industries/tax-advisory-firms-marketing-agency/,Index after content threshold,Phase 3,ad creative production for tax advisory firms,professional-services-service-industry-sitemap.xml,Consultus campaign matrix pattern
https://www.consultusdigital.com/professional-services-marketing-services/analytics-for-tax-advisory-firms/,/professional-services-marketing-services/analytics-for-tax-advisory-firms/,Professional Services,Accounting and tax,Service × Industry Landing Page,Tax advisory firms,Pipeline Analytics and Attribution,/professional-services-industries/tax-advisory-firms-marketing-agency/,Index after content threshold,Phase 3,pipeline analytics and attribution for tax advisory firms,professional-services-service-industry-sitemap.xml,Consultus campaign matrix pattern
https://www.consultusdigital.com/professional-services-industries/corporate-tax-firms-marketing-agency/,/professional-services-industries/corporate-tax-firms-marketing-agency/,Professional Services,Accounting and tax,Industry Marketing Agency Page,Corporate tax firms,,/professional-services-industries/accounting-and-tax/,Index,Phase 2,corporate tax firms marketing agency,professional-services-industry-agency-sitemap.xml,https://www.cardinaldigitalmarketing.com/healthcare-specialties/mental-healthcare-providers-agency/
https://www.consultusdigital.com/professional-services-marketing-services/digital-marketing-for-corporate-tax-firms/,/professional-services-marketing-services/digital-marketing-for-corporate-tax-firms/,Professional Services,Accounting and tax,Service × Industry Landing Page,Corporate tax firms,Digital Marketing Agency,/professional-services-industries/corporate-tax-firms-marketing-agency/,Index after content threshold,Phase 3,digital marketing agency for corporate tax firms,professional-services-service-industry-sitemap.xml,Consultus campaign matrix pattern
https://www.consultusdigital.com/professional-services-marketing-services/paid-search-for-corporate-tax-firms/,/professional-services-marketing-services/paid-search-for-corporate-tax-firms/,Professional Services,Accounting and tax,Service × Industry Landing Page,Corporate tax firms,Paid Search and PPC,/professional-services-industries/corporate-tax-firms-marketing-agency/,Index after content threshold,Phase 3,paid search and ppc for corporate tax firms,professional-services-service-industry-sitemap.xml,Consultus campaign matrix pattern
https://www.consultusdigital.com/professional-services-marketing-services/seo-for-corporate-tax-firms/,/professional-services-marketing-services/seo-for-corporate-tax-firms/,Professional Services,Accounting and tax,Service × Industry Landing Page,Corporate tax firms,SEO,/professional-services-industries/corporate-tax-firms-marketing-agency/,Index after content threshold,Phase 3,seo for corporate tax firms,professional-services-service-industry-sitemap.xml,Consultus campaign matrix pattern
https://www.consultusdigital.com/professional-services-marketing-services/ai-search-for-corporate-tax-firms/,/professional-services-marketing-services/ai-search-for-corporate-tax-firms/,Professional Services,Accounting and tax,Service × Industry Landing Page,Corporate tax firms,"AEO, GEO and AI Search",/professional-services-industries/corporate-tax-firms-marketing-agency/,Index after content threshold,Phase 3,"aeo, geo and ai search for corporate tax firms",professional-services-service-industry-sitemap.xml,Consultus campaign matrix pattern
https://www.consultusdigital.com/professional-services-marketing-services/paid-social-for-corporate-tax-firms/,/professional-services-marketing-services/paid-social-for-corporate-tax-firms/,Professional Services,Accounting and tax,Service × Industry Landing Page,Corporate tax firms,Paid Social,/professional-services-industries/corporate-tax-firms-marketing-agency/,Index after content threshold,Phase 3,paid social for corporate tax firms,professional-services-service-industry-sitemap.xml,Consultus campaign matrix pattern
https://www.consultusdigital.com/professional-services-marketing-services/web-design-for-corporate-tax-firms/,/professional-services-marketing-services/web-design-for-corporate-tax-firms/,Professional Services,Accounting and tax,Service × Industry Landing Page,Corporate tax firms,Website Design and CRO,/professional-services-industries/corporate-tax-firms-marketing-agency/,Index after content threshold,Phase 3,website design and cro for corporate tax firms,professional-services-service-industry-sitemap.xml,Consultus campaign matrix pattern
https://www.consultusdigital.com/professional-services-marketing-services/crm-revops-for-corporate-tax-firms/,/professional-services-marketing-services/crm-revops-for-corporate-tax-firms/,Professional Services,Accounting and tax,Service × Industry Landing Page,Corporate tax firms,CRM and Revenue Operations,/professional-services-industries/corporate-tax-firms-marketing-agency/,Index after content threshold,Phase 3,crm and revenue operations for corporate tax firms,professional-services-service-industry-sitemap.xml,Consultus campaign matrix pattern
https://www.consultusdigital.com/professional-services-marketing-services/thought-leadership-for-corporate-tax-firms/,/professional-services-marketing-services/thought-leadership-for-corporate-tax-firms/,Professional Services,Accounting and tax,Service × Industry Landing Page,Corporate tax firms,Thought Leadership and Content,/professional-services-industries/corporate-tax-firms-marketing-agency/,Index after content threshold,Phase 3,thought leadership and content for corporate tax firms,professional-services-service-industry-sitemap.xml,Consultus campaign matrix pattern
https://www.consultusdigital.com/professional-services-marketing-services/ad-creative-for-corporate-tax-firms/,/professional-services-marketing-services/ad-creative-for-corporate-tax-firms/,Professional Services,Accounting and tax,Service × Industry Landing Page,Corporate tax firms,Ad Creative Production,/professional-services-industries/corporate-tax-firms-marketing-agency/,Index after content threshold,Phase 3,ad creative production for corporate tax firms,professional-services-service-industry-sitemap.xml,Consultus campaign matrix pattern
https://www.consultusdigital.com/professional-services-marketing-services/analytics-for-corporate-tax-firms/,/professional-services-marketing-services/analytics-for-corporate-tax-firms/,Professional Services,Accounting and tax,Service × Industry Landing Page,Corporate tax firms,Pipeline Analytics and Attribution,/professional-services-industries/corporate-tax-firms-marketing-agency/,Index after content threshold,Phase 3,pipeline analytics and attribution for corporate tax firms,professional-services-service-industry-sitemap.xml,Consultus campaign matrix pattern
https://www.consultusdigital.com/professional-services-industries/forensic-accounting-firms-marketing-agency/,/professional-services-industries/forensic-accounting-firms-marketing-agency/,Professional Services,Accounting and tax,Industry Marketing Agency Page,Forensic accounting firms,,/professional-services-industries/accounting-and-tax/,Index,Phase 2,forensic accounting firms marketing agency,professional-services-industry-agency-sitemap.xml,https://www.cardinaldigitalmarketing.com/healthcare-specialties/mental-healthcare-providers-agency/
https://www.consultusdigital.com/professional-services-marketing-services/digital-marketing-for-forensic-accounting-firms/,/professional-services-marketing-services/digital-marketing-for-forensic-accounting-firms/,Professional Services,Accounting and tax,Service × Industry Landing Page,Forensic accounting firms,Digital Marketing Agency,/professional-services-industries/forensic-accounting-firms-marketing-agency/,Index after content threshold,Phase 3,digital marketing agency for forensic accounting firms,professional-services-service-industry-sitemap.xml,Consultus campaign matrix pattern
https://www.consultusdigital.com/professional-services-marketing-services/paid-search-for-forensic-accounting-firms/,/professional-services-marketing-services/paid-search-for-forensic-accounting-firms/,Professional Services,Accounting and tax,Service × Industry Landing Page,Forensic accounting firms,Paid Search and PPC,/professional-services-industries/forensic-accounting-firms-marketing-agency/,Index after content threshold,Phase 3,paid search and ppc for forensic accounting firms,professional-services-service-industry-sitemap.xml,Consultus campaign matrix pattern
https://www.consultusdigital.com/professional-services-marketing-services/seo-for-forensic-accounting-firms/,/professional-services-marketing-services/seo-for-forensic-accounting-firms/,Professional Services,Accounting and tax,Service × Industry Landing Page,Forensic accounting firms,SEO,/professional-services-industries/forensic-accounting-firms-marketing-agency/,Index after content threshold,Phase 3,seo for forensic accounting firms,professional-services-service-industry-sitemap.xml,Consultus campaign matrix pattern
https://www.consultusdigital.com/professional-services-marketing-services/ai-search-for-forensic-accounting-firms/,/professional-services-marketing-services/ai-search-for-forensic-accounting-firms/,Professional Services,Accounting and tax,Service × Industry Landing Page,Forensic accounting firms,"AEO, GEO and AI Search",/professional-services-industries/forensic-accounting-firms-marketing-agency/,Index after content threshold,Phase 3,"aeo, geo and ai search for forensic accounting firms",professional-services-service-industry-sitemap.xml,Consultus campaign matrix pattern
https://www.consultusdigital.com/professional-services-marketing-services/paid-social-for-forensic-accounting-firms/,/professional-services-marketing-services/paid-social-for-forensic-accounting-firms/,Professional Services,Accounting and tax,Service × Industry Landing Page,Forensic accounting firms,Paid Social,/professional-services-industries/forensic-accounting-firms-marketing-agency/,Index after content threshold,Phase 3,paid social for forensic accounting firms,professional-services-service-industry-sitemap.xml,Consultus campaign matrix pattern
https://www.consultusdigital.com/professional-services-marketing-services/web-design-for-forensic-accounting-firms/,/professional-services-marketing-services/web-design-for-forensic-accounting-firms/,Professional Services,Accounting and tax,Service × Industry Landing Page,Forensic accounting firms,Website Design and CRO,/professional-services-industries/forensic-accounting-firms-marketing-agency/,Index after content threshold,Phase 3,website design and cro for forensic accounting firms,professional-services-service-industry-sitemap.xml,Consultus campaign matrix pattern
https://www.consultusdigital.com/professional-services-marketing-services/crm-revops-for-forensic-accounting-firms/,/professional-services-marketing-services/crm-revops-for-forensic-accounting-firms/,Professional Services,Accounting and tax,Service × Industry Landing Page,Forensic accounting firms,CRM and Revenue Operations,/professional-services-industries/forensic-accounting-firms-marketing-agency/,Index after content threshold,Phase 3,crm and revenue operations for forensic accounting firms,professional-services-service-industry-sitemap.xml,Consultus campaign matrix pattern
https://www.consultusdigital.com/professional-services-marketing-services/thought-leadership-for-forensic-accounting-firms/,/professional-services-marketing-services/thought-leadership-for-forensic-accounting-firms/,Professional Services,Accounting and tax,Service × Industry Landing Page,Forensic accounting firms,Thought Leadership and Content,/professional-services-industries/forensic-accounting-firms-marketing-agency/,Index after content threshold,Phase 3,thought leadership and content for forensic accounting firms,professional-services-service-industry-sitemap.xml,Consultus campaign matrix pattern
https://www.consultusdigital.com/professional-services-marketing-services/ad-creative-for-forensic-accounting-firms/,/professional-services-marketing-services/ad-creative-for-forensic-accounting-firms/,Professional Services,Accounting and tax,Service × Industry Landing Page,Forensic accounting firms,Ad Creative Production,/professional-services-industries/forensic-accounting-firms-marketing-agency/,Index after content threshold,Phase 3,ad creative production for forensic accounting firms,professional-services-service-industry-sitemap.xml,Consultus campaign matrix pattern
https://www.consultusdigital.com/professional-services-marketing-services/analytics-for-forensic-accounting-firms/,/professional-services-marketing-services/analytics-for-forensic-accounting-firms/,Professional Services,Accounting and tax,Service × Industry Landing Page,Forensic accounting firms,Pipeline Analytics and Attribution,/professional-services-industries/forensic-accounting-firms-marketing-agency/,Index after content threshold,Phase 3,pipeline analytics and attribution for forensic accounting firms,professional-services-service-industry-sitemap.xml,Consultus campaign matrix pattern
https://www.consultusdigital.com/professional-services-industries/fractional-cfo-firms-marketing-agency/,/professional-services-industries/fractional-cfo-firms-marketing-agency/,Professional Services,Accounting and tax,Industry Marketing Agency Page,Fractional CFO firms,,/professional-services-industries/accounting-and-tax/,Index,Phase 2,fractional cfo firms marketing agency,professional-services-industry-agency-sitemap.xml,https://www.cardinaldigitalmarketing.com/healthcare-specialties/mental-healthcare-providers-agency/
https://www.consultusdigital.com/professional-services-marketing-services/digital-marketing-for-fractional-cfo-firms/,/professional-services-marketing-services/digital-marketing-for-fractional-cfo-firms/,Professional Services,Accounting and tax,Service × Industry Landing Page,Fractional CFO firms,Digital Marketing Agency,/professional-services-industries/fractional-cfo-firms-marketing-agency/,Index after content threshold,Phase 3,digital marketing agency for fractional cfo firms,professional-services-service-industry-sitemap.xml,Consultus campaign matrix pattern
https://www.consultusdigital.com/professional-services-marketing-services/paid-search-for-fractional-cfo-firms/,/professional-services-marketing-services/paid-search-for-fractional-cfo-firms/,Professional Services,Accounting and tax,Service × Industry Landing Page,Fractional CFO firms,Paid Search and PPC,/professional-services-industries/fractional-cfo-firms-marketing-agency/,Index after content threshold,Phase 3,paid search and ppc for fractional cfo firms,professional-services-service-industry-sitemap.xml,Consultus campaign matrix pattern
https://www.consultusdigital.com/professional-services-marketing-services/seo-for-fractional-cfo-firms/,/professional-services-marketing-services/seo-for-fractional-cfo-firms/,Professional Services,Accounting and tax,Service × Industry Landing Page,Fractional CFO firms,SEO,/professional-services-industries/fractional-cfo-firms-marketing-agency/,Index after content threshold,Phase 3,seo for fractional cfo firms,professional-services-service-industry-sitemap.xml,Consultus campaign matrix pattern
https://www.consultusdigital.com/professional-services-marketing-services/ai-search-for-fractional-cfo-firms/,/professional-services-marketing-services/ai-search-for-fractional-cfo-firms/,Professional Services,Accounting and tax,Service × Industry Landing Page,Fractional CFO firms,"AEO, GEO and AI Search",/professional-services-industries/fractional-cfo-firms-marketing-agency/,Index after content threshold,Phase 3,"aeo, geo and ai search for fractional cfo firms",professional-services-service-industry-sitemap.xml,Consultus campaign matrix pattern
https://www.consultusdigital.com/professional-services-marketing-services/paid-social-for-fractional-cfo-firms/,/professional-services-marketing-services/paid-social-for-fractional-cfo-firms/,Professional Services,Accounting and tax,Service × Industry Landing Page,Fractional CFO firms,Paid Social,/professional-services-industries/fractional-cfo-firms-marketing-agency/,Index after content threshold,Phase 3,paid social for fractional cfo firms,professional-services-service-industry-sitemap.xml,Consultus campaign matrix pattern
https://www.consultusdigital.com/professional-services-marketing-services/web-design-for-fractional-cfo-firms/,/professional-services-marketing-services/web-design-for-fractional-cfo-firms/,Professional Services,Accounting and tax,Service × Industry Landing Page,Fractional CFO firms,Website Design and CRO,/professional-services-industries/fractional-cfo-firms-marketing-agency/,Index after content threshold,Phase 3,website design and cro for fractional cfo firms,professional-services-service-industry-sitemap.xml,Consultus campaign matrix pattern
https://www.consultusdigital.com/professional-services-marketing-services/crm-revops-for-fractional-cfo-firms/,/professional-services-marketing-services/crm-revops-for-fractional-cfo-firms/,Professional Services,Accounting and tax,Service × Industry Landing Page,Fractional CFO firms,CRM and Revenue Operations,/professional-services-industries/fractional-cfo-firms-marketing-agency/,Index after content threshold,Phase 3,crm and revenue operations for fractional cfo firms,professional-services-service-industry-sitemap.xml,Consultus campaign matrix pattern
https://www.consultusdigital.com/professional-services-marketing-services/thought-leadership-for-fractional-cfo-firms/,/professional-services-marketing-services/thought-leadership-for-fractional-cfo-firms/,Professional Services,Accounting and tax,Service × Industry Landing Page,Fractional CFO firms,Thought Leadership and Content,/professional-services-industries/fractional-cfo-firms-marketing-agency/,Index after content threshold,Phase 3,thought leadership and content for fractional cfo firms,professional-services-service-industry-sitemap.xml,Consultus campaign matrix pattern
https://www.consultusdigital.com/professional-services-marketing-services/ad-creative-for-fractional-cfo-firms/,/professional-services-marketing-services/ad-creative-for-fractional-cfo-firms/,Professional Services,Accounting and tax,Service × Industry Landing Page,Fractional CFO firms,Ad Creative Production,/professional-services-industries/fractional-cfo-firms-marketing-agency/,Index after content threshold,Phase 3,ad creative production for fractional cfo firms,professional-services-service-industry-sitemap.xml,Consultus campaign matrix pattern
https://www.consultusdigital.com/professional-services-marketing-services/analytics-for-fractional-cfo-firms/,/professional-services-marketing-services/analytics-for-fractional-cfo-firms/,Professional Services,Accounting and tax,Service × Industry Landing Page,Fractional CFO firms,Pipeline Analytics and Attribution,/professional-services-industries/fractional-cfo-firms-marketing-agency/,Index after content threshold,Phase 3,pipeline analytics and attribution for fractional cfo firms,professional-services-service-industry-sitemap.xml,Consultus campaign matrix pattern
https://www.consultusdigital.com/professional-services-industries/payroll-service-firms-marketing-agency/,/professional-services-industries/payroll-service-firms-marketing-agency/,Professional Services,Accounting and tax,Industry Marketing Agency Page,Payroll service firms,,/professional-services-industries/accounting-and-tax/,Index,Phase 2,payroll service firms marketing agency,professional-services-industry-agency-sitemap.xml,https://www.cardinaldigitalmarketing.com/healthcare-specialties/mental-healthcare-providers-agency/
https://www.consultusdigital.com/professional-services-marketing-services/digital-marketing-for-payroll-service-firms/,/professional-services-marketing-services/digital-marketing-for-payroll-service-firms/,Professional Services,Accounting and tax,Service × Industry Landing Page,Payroll service firms,Digital Marketing Agency,/professional-services-industries/payroll-service-firms-marketing-agency/,Index after content threshold,Phase 3,digital marketing agency for payroll service firms,professional-services-service-industry-sitemap.xml,Consultus campaign matrix pattern
https://www.consultusdigital.com/professional-services-marketing-services/paid-search-for-payroll-service-firms/,/professional-services-marketing-services/paid-search-for-payroll-service-firms/,Professional Services,Accounting and tax,Service × Industry Landing Page,Payroll service firms,Paid Search and PPC,/professional-services-industries/payroll-service-firms-marketing-agency/,Index after content threshold,Phase 3,paid search and ppc for payroll service firms,professional-services-service-industry-sitemap.xml,Consultus campaign matrix pattern
https://www.consultusdigital.com/professional-services-marketing-services/seo-for-payroll-service-firms/,/professional-services-marketing-services/seo-for-payroll-service-firms/,Professional Services,Accounting and tax,Service × Industry Landing Page,Payroll service firms,SEO,/professional-services-industries/payroll-service-firms-marketing-agency/,Index after content threshold,Phase 3,seo for payroll service firms,professional-services-service-industry-sitemap.xml,Consultus campaign matrix pattern
https://www.consultusdigital.com/professional-services-marketing-services/ai-search-for-payroll-service-firms/,/professional-services-marketing-services/ai-search-for-payroll-service-firms/,Professional Services,Accounting and tax,Service × Industry Landing Page,Payroll service firms,"AEO, GEO and AI Search",/professional-services-industries/payroll-service-firms-marketing-agency/,Index after content threshold,Phase 3,"aeo, geo and ai search for payroll service firms",professional-services-service-industry-sitemap.xml,Consultus campaign matrix pattern
https://www.consultusdigital.com/professional-services-marketing-services/paid-social-for-payroll-service-firms/,/professional-services-marketing-services/paid-social-for-payroll-service-firms/,Professional Services,Accounting and tax,Service × Industry Landing Page,Payroll service firms,Paid Social,/professional-services-industries/payroll-service-firms-marketing-agency/,Index after content threshold,Phase 3,paid social for payroll service firms,professional-services-service-industry-sitemap.xml,Consultus campaign matrix pattern
https://www.consultusdigital.com/professional-services-marketing-services/web-design-for-payroll-service-firms/,/professional-services-marketing-services/web-design-for-payroll-service-firms/,Professional Services,Accounting and tax,Service × Industry Landing Page,Payroll service firms,Website Design and CRO,/professional-services-industries/payroll-service-firms-marketing-agency/,Index after content threshold,Phase 3,website design and cro for payroll service firms,professional-services-service-industry-sitemap.xml,Consultus campaign matrix pattern
https://www.consultusdigital.com/professional-services-marketing-services/crm-revops-for-payroll-service-firms/,/professional-services-marketing-services/crm-revops-for-payroll-service-firms/,Professional Services,Accounting and tax,Service × Industry Landing Page,Payroll service firms,CRM and Revenue Operations,/professional-services-industries/payroll-service-firms-marketing-agency/,Index after content threshold,Phase 3,crm and revenue operations for payroll service firms,professional-services-service-industry-sitemap.xml,Consultus campaign matrix pattern
https://www.consultusdigital.com/professional-services-marketing-services/thought-leadership-for-payroll-service-firms/,/professional-services-marketing-services/thought-leadership-for-payroll-service-firms/,Professional Services,Accounting and tax,Service × Industry Landing Page,Payroll service firms,Thought Leadership and Content,/professional-services-industries/payroll-service-firms-marketing-agency/,Index after content threshold,Phase 3,thought leadership and content for payroll service firms,professional-services-service-industry-sitemap.xml,Consultus campaign matrix pattern
https://www.consultusdigital.com/professional-services-marketing-services/ad-creative-for-payroll-service-firms/,/professional-services-marketing-services/ad-creative-for-payroll-service-firms/,Professional Services,Accounting and tax,Service × Industry Landing Page,Payroll service firms,Ad Creative Production,/professional-services-industries/payroll-service-firms-marketing-agency/,Index after content threshold,Phase 3,ad creative production for payroll service firms,professional-services-service-industry-sitemap.xml,Consultus campaign matrix pattern
https://www.consultusdigital.com/professional-services-marketing-services/analytics-for-payroll-service-firms/,/professional-services-marketing-services/analytics-for-payroll-service-firms/,Professional Services,Accounting and tax,Service × Industry Landing Page,Payroll service firms,Pipeline Analytics and Attribution,/professional-services-industries/payroll-service-firms-marketing-agency/,Index after content threshold,Phase 3,pipeline analytics and attribution for payroll service firms,professional-services-service-industry-sitemap.xml,Consultus campaign matrix pattern
https://www.consultusdigital.com/professional-services-industries/audit-firms-marketing-agency/,/professional-services-industries/audit-firms-marketing-agency/,Professional Services,Accounting and tax,Industry Marketing Agency Page,Audit firms,,/professional-services-industries/accounting-and-tax/,Index,Phase 2,audit firms marketing agency,professional-services-industry-agency-sitemap.xml,https://www.cardinaldigitalmarketing.com/healthcare-specialties/mental-healthcare-providers-agency/
https://www.consultusdigital.com/professional-services-marketing-services/digital-marketing-for-audit-firms/,/professional-services-marketing-services/digital-marketing-for-audit-firms/,Professional Services,Accounting and tax,Service × Industry Landing Page,Audit firms,Digital Marketing Agency,/professional-services-industries/audit-firms-marketing-agency/,Index after content threshold,Phase 3,digital marketing agency for audit firms,professional-services-service-industry-sitemap.xml,Consultus campaign matrix pattern
https://www.consultusdigital.com/professional-services-marketing-services/paid-search-for-audit-firms/,/professional-services-marketing-services/paid-search-for-audit-firms/,Professional Services,Accounting and tax,Service × Industry Landing Page,Audit firms,Paid Search and PPC,/professional-services-industries/audit-firms-marketing-agency/,Index after content threshold,Phase 3,paid search and ppc for audit firms,professional-services-service-industry-sitemap.xml,Consultus campaign matrix pattern
https://www.consultusdigital.com/professional-services-marketing-services/seo-for-audit-firms/,/professional-services-marketing-services/seo-for-audit-firms/,Professional Services,Accounting and tax,Service × Industry Landing Page,Audit firms,SEO,/professional-services-industries/audit-firms-marketing-agency/,Index after content threshold,Phase 3,seo for audit firms,professional-services-service-industry-sitemap.xml,Consultus campaign matrix pattern
https://www.consultusdigital.com/professional-services-marketing-services/ai-search-for-audit-firms/,/professional-services-marketing-services/ai-search-for-audit-firms/,Professional Services,Accounting and tax,Service × Industry Landing Page,Audit firms,"AEO, GEO and AI Search",/professional-services-industries/audit-firms-marketing-agency/,Index after content threshold,Phase 3,"aeo, geo and ai search for audit firms",professional-services-service-industry-sitemap.xml,Consultus campaign matrix pattern
https://www.consultusdigital.com/professional-services-marketing-services/paid-social-for-audit-firms/,/professional-services-marketing-services/paid-social-for-audit-firms/,Professional Services,Accounting and tax,Service × Industry Landing Page,Audit firms,Paid Social,/professional-services-industries/audit-firms-marketing-agency/,Index after content threshold,Phase 3,paid social for audit firms,professional-services-service-industry-sitemap.xml,Consultus campaign matrix pattern
https://www.consultusdigital.com/professional-services-marketing-services/web-design-for-audit-firms/,/professional-services-marketing-services/web-design-for-audit-firms/,Professional Services,Accounting and tax,Service × Industry Landing Page,Audit firms,Website Design and CRO,/professional-services-industries/audit-firms-marketing-agency/,Index after content threshold,Phase 3,website design and cro for audit firms,professional-services-service-industry-sitemap.xml,Consultus campaign matrix pattern
https://www.consultusdigital.com/professional-services-marketing-services/crm-revops-for-audit-firms/,/professional-services-marketing-services/crm-revops-for-audit-firms/,Professional Services,Accounting and tax,Service × Industry Landing Page,Audit firms,CRM and Revenue Operations,/professional-services-industries/audit-firms-marketing-agency/,Index after content threshold,Phase 3,crm and revenue operations for audit firms,professional-services-service-industry-sitemap.xml,Consultus campaign matrix pattern
https://www.consultusdigital.com/professional-services-marketing-services/thought-leadership-for-audit-firms/,/professional-services-marketing-services/thought-leadership-for-audit-firms/,Professional Services,Accounting and tax,Service × Industry Landing Page,Audit firms,Thought Leadership and Content,/professional-services-industries/audit-firms-marketing-agency/,Index after content threshold,Phase 3,thought leadership and content for audit firms,professional-services-service-industry-sitemap.xml,Consultus campaign matrix pattern
https://www.consultusdigital.com/professional-services-marketing-services/ad-creative-for-audit-firms/,/professional-services-marketing-services/ad-creative-for-audit-firms/,Professional Services,Accounting and tax,Service × Industry Landing Page,Audit firms,Ad Creative Production,/professional-services-industries/audit-firms-marketing-agency/,Index after content threshold,Phase 3,ad creative production for audit firms,professional-services-service-industry-sitemap.xml,Consultus campaign matrix pattern
https://www.consultusdigital.com/professional-services-marketing-services/analytics-for-audit-firms/,/professional-services-marketing-services/analytics-for-audit-firms/,Professional Services,Accounting and tax,Service × Industry Landing Page,Audit firms,Pipeline Analytics and Attribution,/professional-services-industries/audit-firms-marketing-agency/,Index after content threshold,Phase 3,pipeline analytics and attribution for audit firms,professional-services-service-industry-sitemap.xml,Consultus campaign matrix pattern
https://www.consultusdigital.com/professional-services-industries/valuation-firms-marketing-agency/,/professional-services-industries/valuation-firms-marketing-agency/,Professional Services,Accounting and tax,Industry Marketing Agency Page,Valuation firms,,/professional-services-industries/accounting-and-tax/,Index,Phase 2,valuation firms marketing agency,professional-services-industry-agency-sitemap.xml,https://www.cardinaldigitalmarketing.com/healthcare-specialties/mental-healthcare-providers-agency/
https://www.consultusdigital.com/professional-services-marketing-services/digital-marketing-for-valuation-firms/,/professional-services-marketing-services/digital-marketing-for-valuation-firms/,Professional Services,Accounting and tax,Service × Industry Landing Page,Valuation firms,Digital Marketing Agency,/professional-services-industries/valuation-firms-marketing-agency/,Index after content threshold,Phase 3,digital marketing agency for valuation firms,professional-services-service-industry-sitemap.xml,Consultus campaign matrix pattern
https://www.consultusdigital.com/professional-services-marketing-services/paid-search-for-valuation-firms/,/professional-services-marketing-services/paid-search-for-valuation-firms/,Professional Services,Accounting and tax,Service × Industry Landing Page,Valuation firms,Paid Search and PPC,/professional-services-industries/valuation-firms-marketing-agency/,Index after content threshold,Phase 3,paid search and ppc for valuation firms,professional-services-service-industry-sitemap.xml,Consultus campaign matrix pattern
https://www.consultusdigital.com/professional-services-marketing-services/seo-for-valuation-firms/,/professional-services-marketing-services/seo-for-valuation-firms/,Professional Services,Accounting and tax,Service × Industry Landing Page,Valuation firms,SEO,/professional-services-industries/valuation-firms-marketing-agency/,Index after content threshold,Phase 3,seo for valuation firms,professional-services-service-industry-sitemap.xml,Consultus campaign matrix pattern
https://www.consultusdigital.com/professional-services-marketing-services/ai-search-for-valuation-firms/,/professional-services-marketing-services/ai-search-for-valuation-firms/,Professional Services,Accounting and tax,Service × Industry Landing Page,Valuation firms,"AEO, GEO and AI Search",/professional-services-industries/valuation-firms-marketing-agency/,Index after content threshold,Phase 3,"aeo, geo and ai search for valuation firms",professional-services-service-industry-sitemap.xml,Consultus campaign matrix pattern
https://www.consultusdigital.com/professional-services-marketing-services/paid-social-for-valuation-firms/,/professional-services-marketing-services/paid-social-for-valuation-firms/,Professional Services,Accounting and tax,Service × Industry Landing Page,Valuation firms,Paid Social,/professional-services-industries/valuation-firms-marketing-agency/,Index after content threshold,Phase 3,paid social for valuation firms,professional-services-service-industry-sitemap.xml,Consultus campaign matrix pattern
https://www.consultusdigital.com/professional-services-marketing-services/web-design-for-valuation-firms/,/professional-services-marketing-services/web-design-for-valuation-firms/,Professional Services,Accounting and tax,Service × Industry Landing Page,Valuation firms,Website Design and CRO,/professional-services-industries/valuation-firms-marketing-agency/,Index after content threshold,Phase 3,website design and cro for valuation firms,professional-services-service-industry-sitemap.xml,Consultus campaign matrix pattern
https://www.consultusdigital.com/professional-services-marketing-services/crm-revops-for-valuation-firms/,/professional-services-marketing-services/crm-revops-for-valuation-firms/,Professional Services,Accounting and tax,Service × Industry Landing Page,Valuation firms,CRM and Revenue Operations,/professional-services-industries/valuation-firms-marketing-agency/,Index after content threshold,Phase 3,crm and revenue operations for valuation firms,professional-services-service-industry-sitemap.xml,Consultus campaign matrix pattern
https://www.consultusdigital.com/professional-services-marketing-services/thought-leadership-for-valuation-firms/,/professional-services-marketing-services/thought-leadership-for-valuation-firms/,Professional Services,Accounting and tax,Service × Industry Landing Page,Valuation firms,Thought Leadership and Content,/professional-services-industries/valuation-firms-marketing-agency/,Index after content threshold,Phase 3,thought leadership and content for valuation firms,professional-services-service-industry-sitemap.xml,Consultus campaign matrix pattern
https://www.consultusdigital.com/professional-services-marketing-services/ad-creative-for-valuation-firms/,/professional-services-marketing-services/ad-creative-for-valuation-firms/,Professional Services,Accounting and tax,Service × Industry Landing Page,Valuation firms,Ad Creative Production,/professional-services-industries/valuation-firms-marketing-agency/,Index after content threshold,Phase 3,ad creative production for valuation firms,professional-services-service-industry-sitemap.xml,Consultus campaign matrix pattern
https://www.consultusdigital.com/professional-services-marketing-services/analytics-for-valuation-firms/,/professional-services-marketing-services/analytics-for-valuation-firms/,Professional Services,Accounting and tax,Service × Industry Landing Page,Valuation firms,Pipeline Analytics and Attribution,/professional-services-industries/valuation-firms-marketing-agency/,Index after content threshold,Phase 3,pipeline analytics and attribution for valuation firms,professional-services-service-industry-sitemap.xml,Consultus campaign matrix pattern
https://www.consultusdigital.com/professional-services-industries/insolvency-and-restructuring-firms-marketing-agency/,/professional-services-industries/insolvency-and-restructuring-firms-marketing-agency/,Professional Services,Accounting and tax,Industry Marketing Agency Page,Insolvency and restructuring firms,,/professional-services-industries/accounting-and-tax/,Index,Phase 2,insolvency and restructuring firms marketing agency,professional-services-industry-agency-sitemap.xml,https://www.cardinaldigitalmarketing.com/healthcare-specialties/mental-healthcare-providers-agency/
https://www.consultusdigital.com/professional-services-marketing-services/digital-marketing-for-insolvency-and-restructuring-firms/,/professional-services-marketing-services/digital-marketing-for-insolvency-and-restructuring-firms/,Professional Services,Accounting and tax,Service × Industry Landing Page,Insolvency and restructuring firms,Digital Marketing Agency,/professional-services-industries/insolvency-and-restructuring-firms-marketing-agency/,Index after content threshold,Phase 3,digital marketing agency for insolvency and restructuring firms,professional-services-service-industry-sitemap.xml,Consultus campaign matrix pattern
https://www.consultusdigital.com/professional-services-marketing-services/paid-search-for-insolvency-and-restructuring-firms/,/professional-services-marketing-services/paid-search-for-insolvency-and-restructuring-firms/,Professional Services,Accounting and tax,Service × Industry Landing Page,Insolvency and restructuring firms,Paid Search and PPC,/professional-services-industries/insolvency-and-restructuring-firms-marketing-agency/,Index after content threshold,Phase 3,paid search and ppc for insolvency and restructuring firms,professional-services-service-industry-sitemap.xml,Consultus campaign matrix pattern
https://www.consultusdigital.com/professional-services-marketing-services/seo-for-insolvency-and-restructuring-firms/,/professional-services-marketing-services/seo-for-insolvency-and-restructuring-firms/,Professional Services,Accounting and tax,Service × Industry Landing Page,Insolvency and restructuring firms,SEO,/professional-services-industries/insolvency-and-restructuring-firms-marketing-agency/,Index after content threshold,Phase 3,seo for insolvency and restructuring firms,professional-services-service-industry-sitemap.xml,Consultus campaign matrix pattern
https://www.consultusdigital.com/professional-services-marketing-services/ai-search-for-insolvency-and-restructuring-firms/,/professional-services-marketing-services/ai-search-for-insolvency-and-restructuring-firms/,Professional Services,Accounting and tax,Service × Industry Landing Page,Insolvency and restructuring firms,"AEO, GEO and AI Search",/professional-services-industries/insolvency-and-restructuring-firms-marketing-agency/,Index after content threshold,Phase 3,"aeo, geo and ai search for insolvency and restructuring firms",professional-services-service-industry-sitemap.xml,Consultus campaign matrix pattern
https://www.consultusdigital.com/professional-services-marketing-services/paid-social-for-insolvency-and-restructuring-firms/,/professional-services-marketing-services/paid-social-for-insolvency-and-restructuring-firms/,Professional Services,Accounting and tax,Service × Industry Landing Page,Insolvency and restructuring firms,Paid Social,/professional-services-industries/insolvency-and-restructuring-firms-marketing-agency/,Index after content threshold,Phase 3,paid social for insolvency and restructuring firms,professional-services-service-industry-sitemap.xml,Consultus campaign matrix pattern
https://www.consultusdigital.com/professional-services-marketing-services/web-design-for-insolvency-and-restructuring-firms/,/professional-services-marketing-services/web-design-for-insolvency-and-restructuring-firms/,Professional Services,Accounting and tax,Service × Industry Landing Page,Insolvency and restructuring firms,Website Design and CRO,/professional-services-industries/insolvency-and-restructuring-firms-marketing-agency/,Index after content threshold,Phase 3,website design and cro for insolvency and restructuring firms,professional-services-service-industry-sitemap.xml,Consultus campaign matrix pattern
https://www.consultusdigital.com/professional-services-marketing-services/crm-revops-for-insolvency-and-restructuring-firms/,/professional-services-marketing-services/crm-revops-for-insolvency-and-restructuring-firms/,Professional Services,Accounting and tax,Service × Industry Landing Page,Insolvency and restructuring firms,CRM and Revenue Operations,/professional-services-industries/insolvency-and-restructuring-firms-marketing-agency/,Index after content threshold,Phase 3,crm and revenue operations for insolvency and restructuring firms,professional-services-service-industry-sitemap.xml,Consultus campaign matrix pattern
https://www.consultusdigital.com/professional-services-marketing-services/thought-leadership-for-insolvency-and-restructuring-firms/,/professional-services-marketing-services/thought-leadership-for-insolvency-and-restructuring-firms/,Professional Services,Accounting and tax,Service × Industry Landing Page,Insolvency and restructuring firms,Thought Leadership and Content,/professional-services-industries/insolvency-and-restructuring-firms-marketing-agency/,Index after content threshold,Phase 3,thought leadership and content for insolvency and restructuring firms,professional-services-service-industry-sitemap.xml,Consultus campaign matrix pattern
https://www.consultusdigital.com/professional-services-marketing-services/ad-creative-for-insolvency-and-restructuring-firms/,/professional-services-marketing-services/ad-creative-for-insolvency-and-restructuring-firms/,Professional Services,Accounting and tax,Service × Industry Landing Page,Insolvency and restructuring firms,Ad Creative Production,/professional-services-industries/insolvency-and-restructuring-firms-marketing-agency/,Index after content threshold,Phase 3,ad creative production for insolvency and restructuring firms,professional-services-service-industry-sitemap.xml,Consultus campaign matrix pattern
https://www.consultusdigital.com/professional-services-marketing-services/analytics-for-insolvency-and-restructuring-firms/,/professional-services-marketing-services/analytics-for-insolvency-and-restructuring-firms/,Professional Services,Accounting and tax,Service × Industry Landing Page,Insolvency and restructuring firms,Pipeline Analytics and Attribution,/professional-services-industries/insolvency-and-restructuring-firms-marketing-agency/,Index after content threshold,Phase 3,pipeline analytics and attribution for insolvency and restructuring firms,professional-services-service-industry-sitemap.xml,Consultus campaign matrix pattern
https://www.consultusdigital.com/professional-services-industries/consulting-and-advisory/,/professional-services-industries/consulting-and-advisory/,Professional Services,Consulting and advisory,Sector Hub,Consulting and advisory,,/professional-services-industries/,Index,Phase 1,consulting and advisory marketing agency,professional-services-industry-agency-sitemap.xml,https://www.cardinaldigitalmarketing.com/healthcare-specialties/mental-healthcare-providers-agency/
https://www.consultusdigital.com/professional-services-industries/management-consulting-firms-marketing-agency/,/professional-services-industries/management-consulting-firms-marketing-agency/,Professional Services,Consulting and advisory,Industry Marketing Agency Page,Management consulting firms,,/professional-services-industries/consulting-and-advisory/,Index,Phase 2,management consulting firms marketing agency,professional-services-industry-agency-sitemap.xml,https://www.cardinaldigitalmarketing.com/healthcare-specialties/mental-healthcare-providers-agency/
https://www.consultusdigital.com/professional-services-marketing-services/digital-marketing-for-management-consulting-firms/,/professional-services-marketing-services/digital-marketing-for-management-consulting-firms/,Professional Services,Consulting and advisory,Service × Industry Landing Page,Management consulting firms,Digital Marketing Agency,/professional-services-industries/management-consulting-firms-marketing-agency/,Index after content threshold,Phase 3,digital marketing agency for management consulting firms,professional-services-service-industry-sitemap.xml,Consultus campaign matrix pattern
https://www.consultusdigital.com/professional-services-marketing-services/paid-search-for-management-consulting-firms/,/professional-services-marketing-services/paid-search-for-management-consulting-firms/,Professional Services,Consulting and advisory,Service × Industry Landing Page,Management consulting firms,Paid Search and PPC,/professional-services-industries/management-consulting-firms-marketing-agency/,Index after content threshold,Phase 3,paid search and ppc for management consulting firms,professional-services-service-industry-sitemap.xml,Consultus campaign matrix pattern
https://www.consultusdigital.com/professional-services-marketing-services/seo-for-management-consulting-firms/,/professional-services-marketing-services/seo-for-management-consulting-firms/,Professional Services,Consulting and advisory,Service × Industry Landing Page,Management consulting firms,SEO,/professional-services-industries/management-consulting-firms-marketing-agency/,Index after content threshold,Phase 3,seo for management consulting firms,professional-services-service-industry-sitemap.xml,Consultus campaign matrix pattern
https://www.consultusdigital.com/professional-services-marketing-services/ai-search-for-management-consulting-firms/,/professional-services-marketing-services/ai-search-for-management-consulting-firms/,Professional Services,Consulting and advisory,Service × Industry Landing Page,Management consulting firms,"AEO, GEO and AI Search",/professional-services-industries/management-consulting-firms-marketing-agency/,Index after content threshold,Phase 3,"aeo, geo and ai search for management consulting firms",professional-services-service-industry-sitemap.xml,Consultus campaign matrix pattern
https://www.consultusdigital.com/professional-services-marketing-services/paid-social-for-management-consulting-firms/,/professional-services-marketing-services/paid-social-for-management-consulting-firms/,Professional Services,Consulting and advisory,Service × Industry Landing Page,Management consulting firms,Paid Social,/professional-services-industries/management-consulting-firms-marketing-agency/,Index after content threshold,Phase 3,paid social for management consulting firms,professional-services-service-industry-sitemap.xml,Consultus campaign matrix pattern
https://www.consultusdigital.com/professional-services-marketing-services/web-design-for-management-consulting-firms/,/professional-services-marketing-services/web-design-for-management-consulting-firms/,Professional Services,Consulting and advisory,Service × Industry Landing Page,Management consulting firms,Website Design and CRO,/professional-services-industries/management-consulting-firms-marketing-agency/,Index after content threshold,Phase 3,website design and cro for management consulting firms,professional-services-service-industry-sitemap.xml,Consultus campaign matrix pattern
https://www.consultusdigital.com/professional-services-marketing-services/crm-revops-for-management-consulting-firms/,/professional-services-marketing-services/crm-revops-for-management-consulting-firms/,Professional Services,Consulting and advisory,Service × Industry Landing Page,Management consulting firms,CRM and Revenue Operations,/professional-services-industries/management-consulting-firms-marketing-agency/,Index after content threshold,Phase 3,crm and revenue operations for management consulting firms,professional-services-service-industry-sitemap.xml,Consultus campaign matrix pattern
https://www.consultusdigital.com/professional-services-marketing-services/thought-leadership-for-management-consulting-firms/,/professional-services-marketing-services/thought-leadership-for-management-consulting-firms/,Professional Services,Consulting and advisory,Service × Industry Landing Page,Management consulting firms,Thought Leadership and Content,/professional-services-industries/management-consulting-firms-marketing-agency/,Index after content threshold,Phase 3,thought leadership and content for management consulting firms,professional-services-service-industry-sitemap.xml,Consultus campaign matrix pattern
https://www.consultusdigital.com/professional-services-marketing-services/ad-creative-for-management-consulting-firms/,/professional-services-marketing-services/ad-creative-for-management-consulting-firms/,Professional Services,Consulting and advisory,Service × Industry Landing Page,Management consulting firms,Ad Creative Production,/professional-services-industries/management-consulting-firms-marketing-agency/,Index after content threshold,Phase 3,ad creative production for management consulting firms,professional-services-service-industry-sitemap.xml,Consultus campaign matrix pattern
https://www.consultusdigital.com/professional-services-marketing-services/analytics-for-management-consulting-firms/,/professional-services-marketing-services/analytics-for-management-consulting-firms/,Professional Services,Consulting and advisory,Service × Industry Landing Page,Management consulting firms,Pipeline Analytics and Attribution,/professional-services-industries/management-consulting-firms-marketing-agency/,Index after content threshold,Phase 3,pipeline analytics and attribution for management consulting firms,professional-services-service-industry-sitemap.xml,Consultus campaign matrix pattern
https://www.consultusdigital.com/professional-services-industries/strategy-consulting-firms-marketing-agency/,/professional-services-industries/strategy-consulting-firms-marketing-agency/,Professional Services,Consulting and advisory,Industry Marketing Agency Page,Strategy consulting firms,,/professional-services-industries/consulting-and-advisory/,Index,Phase 2,strategy consulting firms marketing agency,professional-services-industry-agency-sitemap.xml,https://www.cardinaldigitalmarketing.com/healthcare-specialties/mental-healthcare-providers-agency/
https://www.consultusdigital.com/professional-services-marketing-services/digital-marketing-for-strategy-consulting-firms/,/professional-services-marketing-services/digital-marketing-for-strategy-consulting-firms/,Professional Services,Consulting and advisory,Service × Industry Landing Page,Strategy consulting firms,Digital Marketing Agency,/professional-services-industries/strategy-consulting-firms-marketing-agency/,Index after content threshold,Phase 3,digital marketing agency for strategy consulting firms,professional-services-service-industry-sitemap.xml,Consultus campaign matrix pattern
https://www.consultusdigital.com/professional-services-marketing-services/paid-search-for-strategy-consulting-firms/,/professional-services-marketing-services/paid-search-for-strategy-consulting-firms/,Professional Services,Consulting and advisory,Service × Industry Landing Page,Strategy consulting firms,Paid Search and PPC,/professional-services-industries/strategy-consulting-firms-marketing-agency/,Index after content threshold,Phase 3,paid search and ppc for strategy consulting firms,professional-services-service-industry-sitemap.xml,Consultus campaign matrix pattern
https://www.consultusdigital.com/professional-services-marketing-services/seo-for-strategy-consulting-firms/,/professional-services-marketing-services/seo-for-strategy-consulting-firms/,Professional Services,Consulting and advisory,Service × Industry Landing Page,Strategy consulting firms,SEO,/professional-services-industries/strategy-consulting-firms-marketing-agency/,Index after content threshold,Phase 3,seo for strategy consulting firms,professional-services-service-industry-sitemap.xml,Consultus campaign matrix pattern
https://www.consultusdigital.com/professional-services-marketing-services/ai-search-for-strategy-consulting-firms/,/professional-services-marketing-services/ai-search-for-strategy-consulting-firms/,Professional Services,Consulting and advisory,Service × Industry Landing Page,Strategy consulting firms,"AEO, GEO and AI Search",/professional-services-industries/strategy-consulting-firms-marketing-agency/,Index after content threshold,Phase 3,"aeo, geo and ai search for strategy consulting firms",professional-services-service-industry-sitemap.xml,Consultus campaign matrix pattern
https://www.consultusdigital.com/professional-services-marketing-services/paid-social-for-strategy-consulting-firms/,/professional-services-marketing-services/paid-social-for-strategy-consulting-firms/,Professional Services,Consulting and advisory,Service × Industry Landing Page,Strategy consulting firms,Paid Social,/professional-services-industries/strategy-consulting-firms-marketing-agency/,Index after content threshold,Phase 3,paid social for strategy consulting firms,professional-services-service-industry-sitemap.xml,Consultus campaign matrix pattern
https://www.consultusdigital.com/professional-services-marketing-services/web-design-for-strategy-consulting-firms/,/professional-services-marketing-services/web-design-for-strategy-consulting-firms/,Professional Services,Consulting and advisory,Service × Industry Landing Page,Strategy consulting firms,Website Design and CRO,/professional-services-industries/strategy-consulting-firms-marketing-agency/,Index after content threshold,Phase 3,website design and cro for strategy consulting firms,professional-services-service-industry-sitemap.xml,Consultus campaign matrix pattern
https://www.consultusdigital.com/professional-services-marketing-services/crm-revops-for-strategy-consulting-firms/,/professional-services-marketing-services/crm-revops-for-strategy-consulting-firms/,Professional Services,Consulting and advisory,Service × Industry Landing Page,Strategy consulting firms,CRM and Revenue Operations,/professional-services-industries/strategy-consulting-firms-marketing-agency/,Index after content threshold,Phase 3,crm and revenue operations for strategy consulting firms,professional-services-service-industry-sitemap.xml,Consultus campaign matrix pattern
https://www.consultusdigital.com/professional-services-marketing-services/thought-leadership-for-strategy-consulting-firms/,/professional-services-marketing-services/thought-leadership-for-strategy-consulting-firms/,Professional Services,Consulting and advisory,Service × Industry Landing Page,Strategy consulting firms,Thought Leadership and Content,/professional-services-industries/strategy-consulting-firms-marketing-agency/,Index after content threshold,Phase 3,thought leadership and content for strategy consulting firms,professional-services-service-industry-sitemap.xml,Consultus campaign matrix pattern
https://www.consultusdigital.com/professional-services-marketing-services/ad-creative-for-strategy-consulting-firms/,/professional-services-marketing-services/ad-creative-for-strategy-consulting-firms/,Professional Services,Consulting and advisory,Service × Industry Landing Page,Strategy consulting firms,Ad Creative Production,/professional-services-industries/strategy-consulting-firms-marketing-agency/,Index after content threshold,Phase 3,ad creative production for strategy consulting firms,professional-services-service-industry-sitemap.xml,Consultus campaign matrix pattern
https://www.consultusdigital.com/professional-services-marketing-services/analytics-for-strategy-consulting-firms/,/professional-services-marketing-services/analytics-for-strategy-consulting-firms/,Professional Services,Consulting and advisory,Service × Industry Landing Page,Strategy consulting firms,Pipeline Analytics and Attribution,/professional-services-industries/strategy-consulting-firms-marketing-agency/,Index after content threshold,Phase 3,pipeline analytics and attribution for strategy consulting firms,professional-services-service-industry-sitemap.xml,Consultus campaign matrix pattern
https://www.consultusdigital.com/professional-services-industries/operations-consulting-firms-marketing-agency/,/professional-services-industries/operations-consulting-firms-marketing-agency/,Professional Services,Consulting and advisory,Industry Marketing Agency Page,Operations consulting firms,,/professional-services-industries/consulting-and-advisory/,Index,Phase 2,operations consulting firms marketing agency,professional-services-industry-agency-sitemap.xml,https://www.cardinaldigitalmarketing.com/healthcare-specialties/mental-healthcare-providers-agency/
https://www.consultusdigital.com/professional-services-marketing-services/digital-marketing-for-operations-consulting-firms/,/professional-services-marketing-services/digital-marketing-for-operations-consulting-firms/,Professional Services,Consulting and advisory,Service × Industry Landing Page,Operations consulting firms,Digital Marketing Agency,/professional-services-industries/operations-consulting-firms-marketing-agency/,Index after content threshold,Phase 3,digital marketing agency for operations consulting firms,professional-services-service-industry-sitemap.xml,Consultus campaign matrix pattern
https://www.consultusdigital.com/professional-services-marketing-services/paid-search-for-operations-consulting-firms/,/professional-services-marketing-services/paid-search-for-operations-consulting-firms/,Professional Services,Consulting and advisory,Service × Industry Landing Page,Operations consulting firms,Paid Search and PPC,/professional-services-industries/operations-consulting-firms-marketing-agency/,Index after content threshold,Phase 3,paid search and ppc for operations consulting firms,professional-services-service-industry-sitemap.xml,Consultus campaign matrix pattern
https://www.consultusdigital.com/professional-services-marketing-services/seo-for-operations-consulting-firms/,/professional-services-marketing-services/seo-for-operations-consulting-firms/,Professional Services,Consulting and advisory,Service × Industry Landing Page,Operations consulting firms,SEO,/professional-services-industries/operations-consulting-firms-marketing-agency/,Index after content threshold,Phase 3,seo for operations consulting firms,professional-services-service-industry-sitemap.xml,Consultus campaign matrix pattern
https://www.consultusdigital.com/professional-services-marketing-services/ai-search-for-operations-consulting-firms/,/professional-services-marketing-services/ai-search-for-operations-consulting-firms/,Professional Services,Consulting and advisory,Service × Industry Landing Page,Operations consulting firms,"AEO, GEO and AI Search",/professional-services-industries/operations-consulting-firms-marketing-agency/,Index after content threshold,Phase 3,"aeo, geo and ai search for operations consulting firms",professional-services-service-industry-sitemap.xml,Consultus campaign matrix pattern
https://www.consultusdigital.com/professional-services-marketing-services/paid-social-for-operations-consulting-firms/,/professional-services-marketing-services/paid-social-for-operations-consulting-firms/,Professional Services,Consulting and advisory,Service × Industry Landing Page,Operations consulting firms,Paid Social,/professional-services-industries/operations-consulting-firms-marketing-agency/,Index after content threshold,Phase 3,paid social for operations consulting firms,professional-services-service-industry-sitemap.xml,Consultus campaign matrix pattern
https://www.consultusdigital.com/professional-services-marketing-services/web-design-for-operations-consulting-firms/,/professional-services-marketing-services/web-design-for-operations-consulting-firms/,Professional Services,Consulting and advisory,Service × Industry Landing Page,Operations consulting firms,Website Design and CRO,/professional-services-industries/operations-consulting-firms-marketing-agency/,Index after content threshold,Phase 3,website design and cro for operations consulting firms,professional-services-service-industry-sitemap.xml,Consultus campaign matrix pattern
https://www.consultusdigital.com/professional-services-marketing-services/crm-revops-for-operations-consulting-firms/,/professional-services-marketing-services/crm-revops-for-operations-consulting-firms/,Professional Services,Consulting and advisory,Service × Industry Landing Page,Operations consulting firms,CRM and Revenue Operations,/professional-services-industries/operations-consulting-firms-marketing-agency/,Index after content threshold,Phase 3,crm and revenue operations for operations consulting firms,professional-services-service-industry-sitemap.xml,Consultus campaign matrix pattern
https://www.consultusdigital.com/professional-services-marketing-services/thought-leadership-for-operations-consulting-firms/,/professional-services-marketing-services/thought-leadership-for-operations-consulting-firms/,Professional Services,Consulting and advisory,Service × Industry Landing Page,Operations consulting firms,Thought Leadership and Content,/professional-services-industries/operations-consulting-firms-marketing-agency/,Index after content threshold,Phase 3,thought leadership and content for operations consulting firms,professional-services-service-industry-sitemap.xml,Consultus campaign matrix pattern
https://www.consultusdigital.com/professional-services-marketing-services/ad-creative-for-operations-consulting-firms/,/professional-services-marketing-services/ad-creative-for-operations-consulting-firms/,Professional Services,Consulting and advisory,Service × Industry Landing Page,Operations consulting firms,Ad Creative Production,/professional-services-industries/operations-consulting-firms-marketing-agency/,Index after content threshold,Phase 3,ad creative production for operations consulting firms,professional-services-service-industry-sitemap.xml,Consultus campaign matrix pattern
https://www.consultusdigital.com/professional-services-marketing-services/analytics-for-operations-consulting-firms/,/professional-services-marketing-services/analytics-for-operations-consulting-firms/,Professional Services,Consulting and advisory,Service × Industry Landing Page,Operations consulting firms,Pipeline Analytics and Attribution,/professional-services-industries/operations-consulting-firms-marketing-agency/,Index after content threshold,Phase 3,pipeline analytics and attribution for operations consulting firms,professional-services-service-industry-sitemap.xml,Consultus campaign matrix pattern
https://www.consultusdigital.com/professional-services-industries/hr-consulting-firms-marketing-agency/,/professional-services-industries/hr-consulting-firms-marketing-agency/,Professional Services,Consulting and advisory,Industry Marketing Agency Page,HR consulting firms,,/professional-services-industries/consulting-and-advisory/,Index,Phase 2,hr consulting firms marketing agency,professional-services-industry-agency-sitemap.xml,https://www.cardinaldigitalmarketing.com/healthcare-specialties/mental-healthcare-providers-agency/
https://www.consultusdigital.com/professional-services-marketing-services/digital-marketing-for-hr-consulting-firms/,/professional-services-marketing-services/digital-marketing-for-hr-consulting-firms/,Professional Services,Consulting and advisory,Service × Industry Landing Page,HR consulting firms,Digital Marketing Agency,/professional-services-industries/hr-consulting-firms-marketing-agency/,Index after content threshold,Phase 3,digital marketing agency for hr consulting firms,professional-services-service-industry-sitemap.xml,Consultus campaign matrix pattern
https://www.consultusdigital.com/professional-services-marketing-services/paid-search-for-hr-consulting-firms/,/professional-services-marketing-services/paid-search-for-hr-consulting-firms/,Professional Services,Consulting and advisory,Service × Industry Landing Page,HR consulting firms,Paid Search and PPC,/professional-services-industries/hr-consulting-firms-marketing-agency/,Index after content threshold,Phase 3,paid search and ppc for hr consulting firms,professional-services-service-industry-sitemap.xml,Consultus campaign matrix pattern
https://www.consultusdigital.com/professional-services-marketing-services/seo-for-hr-consulting-firms/,/professional-services-marketing-services/seo-for-hr-consulting-firms/,Professional Services,Consulting and advisory,Service × Industry Landing Page,HR consulting firms,SEO,/professional-services-industries/hr-consulting-firms-marketing-agency/,Index after content threshold,Phase 3,seo for hr consulting firms,professional-services-service-industry-sitemap.xml,Consultus campaign matrix pattern
https://www.consultusdigital.com/professional-services-marketing-services/ai-search-for-hr-consulting-firms/,/professional-services-marketing-services/ai-search-for-hr-consulting-firms/,Professional Services,Consulting and advisory,Service × Industry Landing Page,HR consulting firms,"AEO, GEO and AI Search",/professional-services-industries/hr-consulting-firms-marketing-agency/,Index after content threshold,Phase 3,"aeo, geo and ai search for hr consulting firms",professional-services-service-industry-sitemap.xml,Consultus campaign matrix pattern
https://www.consultusdigital.com/professional-services-marketing-services/paid-social-for-hr-consulting-firms/,/professional-services-marketing-services/paid-social-for-hr-consulting-firms/,Professional Services,Consulting and advisory,Service × Industry Landing Page,HR consulting firms,Paid Social,/professional-services-industries/hr-consulting-firms-marketing-agency/,Index after content threshold,Phase 3,paid social for hr consulting firms,professional-services-service-industry-sitemap.xml,Consultus campaign matrix pattern
https://www.consultusdigital.com/professional-services-marketing-services/web-design-for-hr-consulting-firms/,/professional-services-marketing-services/web-design-for-hr-consulting-firms/,Professional Services,Consulting and advisory,Service × Industry Landing Page,HR consulting firms,Website Design and CRO,/professional-services-industries/hr-consulting-firms-marketing-agency/,Index after content threshold,Phase 3,website design and cro for hr consulting firms,professional-services-service-industry-sitemap.xml,Consultus campaign matrix pattern
https://www.consultusdigital.com/professional-services-marketing-services/crm-revops-for-hr-consulting-firms/,/professional-services-marketing-services/crm-revops-for-hr-consulting-firms/,Professional Services,Consulting and advisory,Service × Industry Landing Page,HR consulting firms,CRM and Revenue Operations,/professional-services-industries/hr-consulting-firms-marketing-agency/,Index after content threshold,Phase 3,crm and revenue operations for hr consulting firms,professional-services-service-industry-sitemap.xml,Consultus campaign matrix pattern
https://www.consultusdigital.com/professional-services-marketing-services/thought-leadership-for-hr-consulting-firms/,/professional-services-marketing-services/thought-leadership-for-hr-consulting-firms/,Professional Services,Consulting and advisory,Service × Industry Landing Page,HR consulting firms,Thought Leadership and Content,/professional-services-industries/hr-consulting-firms-marketing-agency/,Index after content threshold,Phase 3,thought leadership and content for hr consulting firms,professional-services-service-industry-sitemap.xml,Consultus campaign matrix pattern
https://www.consultusdigital.com/professional-services-marketing-services/ad-creative-for-hr-consulting-firms/,/professional-services-marketing-services/ad-creative-for-hr-consulting-firms/,Professional Services,Consulting and advisory,Service × Industry Landing Page,HR consulting firms,Ad Creative Production,/professional-services-industries/hr-consulting-firms-marketing-agency/,Index after content threshold,Phase 3,ad creative production for hr consulting firms,professional-services-service-industry-sitemap.xml,Consultus campaign matrix pattern
https://www.consultusdigital.com/professional-services-marketing-services/analytics-for-hr-consulting-firms/,/professional-services-marketing-services/analytics-for-hr-consulting-firms/,Professional Services,Consulting and advisory,Service × Industry Landing Page,HR consulting firms,Pipeline Analytics and Attribution,/professional-services-industries/hr-consulting-firms-marketing-agency/,Index after content threshold,Phase 3,pipeline analytics and attribution for hr consulting firms,professional-services-service-industry-sitemap.xml,Consultus campaign matrix pattern
https://www.consultusdigital.com/professional-services-industries/marketing-consulting-firms-marketing-agency/,/professional-services-industries/marketing-consulting-firms-marketing-agency/,Professional Services,Consulting and advisory,Industry Marketing Agency Page,Marketing consulting firms,,/professional-services-industries/consulting-and-advisory/,Index,Phase 2,marketing consulting firms marketing agency,professional-services-industry-agency-sitemap.xml,https://www.cardinaldigitalmarketing.com/healthcare-specialties/mental-healthcare-providers-agency/
https://www.consultusdigital.com/professional-services-marketing-services/digital-marketing-for-marketing-consulting-firms/,/professional-services-marketing-services/digital-marketing-for-marketing-consulting-firms/,Professional Services,Consulting and advisory,Service × Industry Landing Page,Marketing consulting firms,Digital Marketing Agency,/professional-services-industries/marketing-consulting-firms-marketing-agency/,Index after content threshold,Phase 3,digital marketing agency for marketing consulting firms,professional-services-service-industry-sitemap.xml,Consultus campaign matrix pattern
https://www.consultusdigital.com/professional-services-marketing-services/paid-search-for-marketing-consulting-firms/,/professional-services-marketing-services/paid-search-for-marketing-consulting-firms/,Professional Services,Consulting and advisory,Service × Industry Landing Page,Marketing consulting firms,Paid Search and PPC,/professional-services-industries/marketing-consulting-firms-marketing-agency/,Index after content threshold,Phase 3,paid search and ppc for marketing consulting firms,professional-services-service-industry-sitemap.xml,Consultus campaign matrix pattern
https://www.consultusdigital.com/professional-services-marketing-services/seo-for-marketing-consulting-firms/,/professional-services-marketing-services/seo-for-marketing-consulting-firms/,Professional Services,Consulting and advisory,Service × Industry Landing Page,Marketing consulting firms,SEO,/professional-services-industries/marketing-consulting-firms-marketing-agency/,Index after content threshold,Phase 3,seo for marketing consulting firms,professional-services-service-industry-sitemap.xml,Consultus campaign matrix pattern
https://www.consultusdigital.com/professional-services-marketing-services/ai-search-for-marketing-consulting-firms/,/professional-services-marketing-services/ai-search-for-marketing-consulting-firms/,Professional Services,Consulting and advisory,Service × Industry Landing Page,Marketing consulting firms,"AEO, GEO and AI Search",/professional-services-industries/marketing-consulting-firms-marketing-agency/,Index after content threshold,Phase 3,"aeo, geo and ai search for marketing consulting firms",professional-services-service-industry-sitemap.xml,Consultus campaign matrix pattern
https://www.consultusdigital.com/professional-services-marketing-services/paid-social-for-marketing-consulting-firms/,/professional-services-marketing-services/paid-social-for-marketing-consulting-firms/,Professional Services,Consulting and advisory,Service × Industry Landing Page,Marketing consulting firms,Paid Social,/professional-services-industries/marketing-consulting-firms-marketing-agency/,Index after content threshold,Phase 3,paid social for marketing consulting firms,professional-services-service-industry-sitemap.xml,Consultus campaign matrix pattern
https://www.consultusdigital.com/professional-services-marketing-services/web-design-for-marketing-consulting-firms/,/professional-services-marketing-services/web-design-for-marketing-consulting-firms/,Professional Services,Consulting and advisory,Service × Industry Landing Page,Marketing consulting firms,Website Design and CRO,/professional-services-industries/marketing-consulting-firms-marketing-agency/,Index after content threshold,Phase 3,website design and cro for marketing consulting firms,professional-services-service-industry-sitemap.xml,Consultus campaign matrix pattern
https://www.consultusdigital.com/professional-services-marketing-services/crm-revops-for-marketing-consulting-firms/,/professional-services-marketing-services/crm-revops-for-marketing-consulting-firms/,Professional Services,Consulting and advisory,Service × Industry Landing Page,Marketing consulting firms,CRM and Revenue Operations,/professional-services-industries/marketing-consulting-firms-marketing-agency/,Index after content threshold,Phase 3,crm and revenue operations for marketing consulting firms,professional-services-service-industry-sitemap.xml,Consultus campaign matrix pattern
https://www.consultusdigital.com/professional-services-marketing-services/thought-leadership-for-marketing-consulting-firms/,/professional-services-marketing-services/thought-leadership-for-marketing-consulting-firms/,Professional Services,Consulting and advisory,Service × Industry Landing Page,Marketing consulting firms,Thought Leadership and Content,/professional-services-industries/marketing-consulting-firms-marketing-agency/,Index after content threshold,Phase 3,thought leadership and content for marketing consulting firms,professional-services-service-industry-sitemap.xml,Consultus campaign matrix pattern
https://www.consultusdigital.com/professional-services-marketing-services/ad-creative-for-marketing-consulting-firms/,/professional-services-marketing-services/ad-creative-for-marketing-consulting-firms/,Professional Services,Consulting and advisory,Service × Industry Landing Page,Marketing consulting firms,Ad Creative Production,/professional-services-industries/marketing-consulting-firms-marketing-agency/,Index after content threshold,Phase 3,ad creative production for marketing consulting firms,professional-services-service-industry-sitemap.xml,Consultus campaign matrix pattern
https://www.consultusdigital.com/professional-services-marketing-services/analytics-for-marketing-consulting-firms/,/professional-services-marketing-services/analytics-for-marketing-consulting-firms/,Professional Services,Consulting and advisory,Service × Industry Landing Page,Marketing consulting firms,Pipeline Analytics and Attribution,/professional-services-industries/marketing-consulting-firms-marketing-agency/,Index after content threshold,Phase 3,pipeline analytics and attribution for marketing consulting firms,professional-services-service-industry-sitemap.xml,Consultus campaign matrix pattern
https://www.consultusdigital.com/professional-services-industries/technology-consulting-firms-marketing-agency/,/professional-services-industries/technology-consulting-firms-marketing-agency/,Professional Services,Consulting and advisory,Industry Marketing Agency Page,Technology consulting firms,,/professional-services-industries/consulting-and-advisory/,Index,Phase 2,technology consulting firms marketing agency,professional-services-industry-agency-sitemap.xml,https://www.cardinaldigitalmarketing.com/healthcare-specialties/mental-healthcare-providers-agency/
https://www.consultusdigital.com/professional-services-marketing-services/digital-marketing-for-technology-consulting-firms/,/professional-services-marketing-services/digital-marketing-for-technology-consulting-firms/,Professional Services,Consulting and advisory,Service × Industry Landing Page,Technology consulting firms,Digital Marketing Agency,/professional-services-industries/technology-consulting-firms-marketing-agency/,Index after content threshold,Phase 3,digital marketing agency for technology consulting firms,professional-services-service-industry-sitemap.xml,Consultus campaign matrix pattern
https://www.consultusdigital.com/professional-services-marketing-services/paid-search-for-technology-consulting-firms/,/professional-services-marketing-services/paid-search-for-technology-consulting-firms/,Professional Services,Consulting and advisory,Service × Industry Landing Page,Technology consulting firms,Paid Search and PPC,/professional-services-industries/technology-consulting-firms-marketing-agency/,Index after content threshold,Phase 3,paid search and ppc for technology consulting firms,professional-services-service-industry-sitemap.xml,Consultus campaign matrix pattern
https://www.consultusdigital.com/professional-services-marketing-services/seo-for-technology-consulting-firms/,/professional-services-marketing-services/seo-for-technology-consulting-firms/,Professional Services,Consulting and advisory,Service × Industry Landing Page,Technology consulting firms,SEO,/professional-services-industries/technology-consulting-firms-marketing-agency/,Index after content threshold,Phase 3,seo for technology consulting firms,professional-services-service-industry-sitemap.xml,Consultus campaign matrix pattern
https://www.consultusdigital.com/professional-services-marketing-services/ai-search-for-technology-consulting-firms/,/professional-services-marketing-services/ai-search-for-technology-consulting-firms/,Professional Services,Consulting and advisory,Service × Industry Landing Page,Technology consulting firms,"AEO, GEO and AI Search",/professional-services-industries/technology-consulting-firms-marketing-agency/,Index after content threshold,Phase 3,"aeo, geo and ai search for technology consulting firms",professional-services-service-industry-sitemap.xml,Consultus campaign matrix pattern
https://www.consultusdigital.com/professional-services-marketing-services/paid-social-for-technology-consulting-firms/,/professional-services-marketing-services/paid-social-for-technology-consulting-firms/,Professional Services,Consulting and advisory,Service × Industry Landing Page,Technology consulting firms,Paid Social,/professional-services-industries/technology-consulting-firms-marketing-agency/,Index after content threshold,Phase 3,paid social for technology consulting firms,professional-services-service-industry-sitemap.xml,Consultus campaign matrix pattern
https://www.consultusdigital.com/professional-services-marketing-services/web-design-for-technology-consulting-firms/,/professional-services-marketing-services/web-design-for-technology-consulting-firms/,Professional Services,Consulting and advisory,Service × Industry Landing Page,Technology consulting firms,Website Design and CRO,/professional-services-industries/technology-consulting-firms-marketing-agency/,Index after content threshold,Phase 3,website design and cro for technology consulting firms,professional-services-service-industry-sitemap.xml,Consultus campaign matrix pattern
https://www.consultusdigital.com/professional-services-marketing-services/crm-revops-for-technology-consulting-firms/,/professional-services-marketing-services/crm-revops-for-technology-consulting-firms/,Professional Services,Consulting and advisory,Service × Industry Landing Page,Technology consulting firms,CRM and Revenue Operations,/professional-services-industries/technology-consulting-firms-marketing-agency/,Index after content threshold,Phase 3,crm and revenue operations for technology consulting firms,professional-services-service-industry-sitemap.xml,Consultus campaign matrix pattern
https://www.consultusdigital.com/professional-services-marketing-services/thought-leadership-for-technology-consulting-firms/,/professional-services-marketing-services/thought-leadership-for-technology-consulting-firms/,Professional Services,Consulting and advisory,Service × Industry Landing Page,Technology consulting firms,Thought Leadership and Content,/professional-services-industries/technology-consulting-firms-marketing-agency/,Index after content threshold,Phase 3,thought leadership and content for technology consulting firms,professional-services-service-industry-sitemap.xml,Consultus campaign matrix pattern
https://www.consultusdigital.com/professional-services-marketing-services/ad-creative-for-technology-consulting-firms/,/professional-services-marketing-services/ad-creative-for-technology-consulting-firms/,Professional Services,Consulting and advisory,Service × Industry Landing Page,Technology consulting firms,Ad Creative Production,/professional-services-industries/technology-consulting-firms-marketing-agency/,Index after content threshold,Phase 3,ad creative production for technology consulting firms,professional-services-service-industry-sitemap.xml,Consultus campaign matrix pattern
https://www.consultusdigital.com/professional-services-marketing-services/analytics-for-technology-consulting-firms/,/professional-services-marketing-services/analytics-for-technology-consulting-firms/,Professional Services,Consulting and advisory,Service × Industry Landing Page,Technology consulting firms,Pipeline Analytics and Attribution,/professional-services-industries/technology-consulting-firms-marketing-agency/,Index after content threshold,Phase 3,pipeline analytics and attribution for technology consulting firms,professional-services-service-industry-sitemap.xml,Consultus campaign matrix pattern
https://www.consultusdigital.com/professional-services-industries/cybersecurity-consulting-firms-marketing-agency/,/professional-services-industries/cybersecurity-consulting-firms-marketing-agency/,Professional Services,Consulting and advisory,Industry Marketing Agency Page,Cybersecurity consulting firms,,/professional-services-industries/consulting-and-advisory/,Index,Phase 2,cybersecurity consulting firms marketing agency,professional-services-industry-agency-sitemap.xml,https://www.cardinaldigitalmarketing.com/healthcare-specialties/mental-healthcare-providers-agency/
https://www.consultusdigital.com/professional-services-marketing-services/digital-marketing-for-cybersecurity-consulting-firms/,/professional-services-marketing-services/digital-marketing-for-cybersecurity-consulting-firms/,Professional Services,Consulting and advisory,Service × Industry Landing Page,Cybersecurity consulting firms,Digital Marketing Agency,/professional-services-industries/cybersecurity-consulting-firms-marketing-agency/,Index after content threshold,Phase 3,digital marketing agency for cybersecurity consulting firms,professional-services-service-industry-sitemap.xml,Consultus campaign matrix pattern
https://www.consultusdigital.com/professional-services-marketing-services/paid-search-for-cybersecurity-consulting-firms/,/professional-services-marketing-services/paid-search-for-cybersecurity-consulting-firms/,Professional Services,Consulting and advisory,Service × Industry Landing Page,Cybersecurity consulting firms,Paid Search and PPC,/professional-services-industries/cybersecurity-consulting-firms-marketing-agency/,Index after content threshold,Phase 3,paid search and ppc for cybersecurity consulting firms,professional-services-service-industry-sitemap.xml,Consultus campaign matrix pattern
https://www.consultusdigital.com/professional-services-marketing-services/seo-for-cybersecurity-consulting-firms/,/professional-services-marketing-services/seo-for-cybersecurity-consulting-firms/,Professional Services,Consulting and advisory,Service × Industry Landing Page,Cybersecurity consulting firms,SEO,/professional-services-industries/cybersecurity-consulting-firms-marketing-agency/,Index after content threshold,Phase 3,seo for cybersecurity consulting firms,professional-services-service-industry-sitemap.xml,Consultus campaign matrix pattern
https://www.consultusdigital.com/professional-services-marketing-services/ai-search-for-cybersecurity-consulting-firms/,/professional-services-marketing-services/ai-search-for-cybersecurity-consulting-firms/,Professional Services,Consulting and advisory,Service × Industry Landing Page,Cybersecurity consulting firms,"AEO, GEO and AI Search",/professional-services-industries/cybersecurity-consulting-firms-marketing-agency/,Index after content threshold,Phase 3,"aeo, geo and ai search for cybersecurity consulting firms",professional-services-service-industry-sitemap.xml,Consultus campaign matrix pattern
https://www.consultusdigital.com/professional-services-marketing-services/paid-social-for-cybersecurity-consulting-firms/,/professional-services-marketing-services/paid-social-for-cybersecurity-consulting-firms/,Professional Services,Consulting and advisory,Service × Industry Landing Page,Cybersecurity consulting firms,Paid Social,/professional-services-industries/cybersecurity-consulting-firms-marketing-agency/,Index after content threshold,Phase 3,paid social for cybersecurity consulting firms,professional-services-service-industry-sitemap.xml,Consultus campaign matrix pattern
https://www.consultusdigital.com/professional-services-marketing-services/web-design-for-cybersecurity-consulting-firms/,/professional-services-marketing-services/web-design-for-cybersecurity-consulting-firms/,Professional Services,Consulting and advisory,Service × Industry Landing Page,Cybersecurity consulting firms,Website Design and CRO,/professional-services-industries/cybersecurity-consulting-firms-marketing-agency/,Index after content threshold,Phase 3,website design and cro for cybersecurity consulting firms,professional-services-service-industry-sitemap.xml,Consultus campaign matrix pattern
https://www.consultusdigital.com/professional-services-marketing-services/crm-revops-for-cybersecurity-consulting-firms/,/professional-services-marketing-services/crm-revops-for-cybersecurity-consulting-firms/,Professional Services,Consulting and advisory,Service × Industry Landing Page,Cybersecurity consulting firms,CRM and Revenue Operations,/professional-services-industries/cybersecurity-consulting-firms-marketing-agency/,Index after content threshold,Phase 3,crm and revenue operations for cybersecurity consulting firms,professional-services-service-industry-sitemap.xml,Consultus campaign matrix pattern
https://www.consultusdigital.com/professional-services-marketing-services/thought-leadership-for-cybersecurity-consulting-firms/,/professional-services-marketing-services/thought-leadership-for-cybersecurity-consulting-firms/,Professional Services,Consulting and advisory,Service × Industry Landing Page,Cybersecurity consulting firms,Thought Leadership and Content,/professional-services-industries/cybersecurity-consulting-firms-marketing-agency/,Index after content threshold,Phase 3,thought leadership and content for cybersecurity consulting firms,professional-services-service-industry-sitemap.xml,Consultus campaign matrix pattern
https://www.consultusdigital.com/professional-services-marketing-services/ad-creative-for-cybersecurity-consulting-firms/,/professional-services-marketing-services/ad-creative-for-cybersecurity-consulting-firms/,Professional Services,Consulting and advisory,Service × Industry Landing Page,Cybersecurity consulting firms,Ad Creative Production,/professional-services-industries/cybersecurity-consulting-firms-marketing-agency/,Index after content threshold,Phase 3,ad creative production for cybersecurity consulting firms,professional-services-service-industry-sitemap.xml,Consultus campaign matrix pattern
https://www.consultusdigital.com/professional-services-marketing-services/analytics-for-cybersecurity-consulting-firms/,/professional-services-marketing-services/analytics-for-cybersecurity-consulting-firms/,Professional Services,Consulting and advisory,Service × Industry Landing Page,Cybersecurity consulting firms,Pipeline Analytics and Attribution,/professional-services-industries/cybersecurity-consulting-firms-marketing-agency/,Index after content threshold,Phase 3,pipeline analytics and attribution for cybersecurity consulting firms,professional-services-service-industry-sitemap.xml,Consultus campaign matrix pattern
https://www.consultusdigital.com/professional-services-industries/sustainability-consulting-firms-marketing-agency/,/professional-services-industries/sustainability-consulting-firms-marketing-agency/,Professional Services,Consulting and advisory,Industry Marketing Agency Page,Sustainability consulting firms,,/professional-services-industries/consulting-and-advisory/,Index,Phase 2,sustainability consulting firms marketing agency,professional-services-industry-agency-sitemap.xml,https://www.cardinaldigitalmarketing.com/healthcare-specialties/mental-healthcare-providers-agency/
https://www.consultusdigital.com/professional-services-marketing-services/digital-marketing-for-sustainability-consulting-firms/,/professional-services-marketing-services/digital-marketing-for-sustainability-consulting-firms/,Professional Services,Consulting and advisory,Service × Industry Landing Page,Sustainability consulting firms,Digital Marketing Agency,/professional-services-industries/sustainability-consulting-firms-marketing-agency/,Index after content threshold,Phase 3,digital marketing agency for sustainability consulting firms,professional-services-service-industry-sitemap.xml,Consultus campaign matrix pattern
https://www.consultusdigital.com/professional-services-marketing-services/paid-search-for-sustainability-consulting-firms/,/professional-services-marketing-services/paid-search-for-sustainability-consulting-firms/,Professional Services,Consulting and advisory,Service × Industry Landing Page,Sustainability consulting firms,Paid Search and PPC,/professional-services-industries/sustainability-consulting-firms-marketing-agency/,Index after content threshold,Phase 3,paid search and ppc for sustainability consulting firms,professional-services-service-industry-sitemap.xml,Consultus campaign matrix pattern
https://www.consultusdigital.com/professional-services-marketing-services/seo-for-sustainability-consulting-firms/,/professional-services-marketing-services/seo-for-sustainability-consulting-firms/,Professional Services,Consulting and advisory,Service × Industry Landing Page,Sustainability consulting firms,SEO,/professional-services-industries/sustainability-consulting-firms-marketing-agency/,Index after content threshold,Phase 3,seo for sustainability consulting firms,professional-services-service-industry-sitemap.xml,Consultus campaign matrix pattern
https://www.consultusdigital.com/professional-services-marketing-services/ai-search-for-sustainability-consulting-firms/,/professional-services-marketing-services/ai-search-for-sustainability-consulting-firms/,Professional Services,Consulting and advisory,Service × Industry Landing Page,Sustainability consulting firms,"AEO, GEO and AI Search",/professional-services-industries/sustainability-consulting-firms-marketing-agency/,Index after content threshold,Phase 3,"aeo, geo and ai search for sustainability consulting firms",professional-services-service-industry-sitemap.xml,Consultus campaign matrix pattern
https://www.consultusdigital.com/professional-services-marketing-services/paid-social-for-sustainability-consulting-firms/,/professional-services-marketing-services/paid-social-for-sustainability-consulting-firms/,Professional Services,Consulting and advisory,Service × Industry Landing Page,Sustainability consulting firms,Paid Social,/professional-services-industries/sustainability-consulting-firms-marketing-agency/,Index after content threshold,Phase 3,paid social for sustainability consulting firms,professional-services-service-industry-sitemap.xml,Consultus campaign matrix pattern
https://www.consultusdigital.com/professional-services-marketing-services/web-design-for-sustainability-consulting-firms/,/professional-services-marketing-services/web-design-for-sustainability-consulting-firms/,Professional Services,Consulting and advisory,Service × Industry Landing Page,Sustainability consulting firms,Website Design and CRO,/professional-services-industries/sustainability-consulting-firms-marketing-agency/,Index after content threshold,Phase 3,website design and cro for sustainability consulting firms,professional-services-service-industry-sitemap.xml,Consultus campaign matrix pattern
https://www.consultusdigital.com/professional-services-marketing-services/crm-revops-for-sustainability-consulting-firms/,/professional-services-marketing-services/crm-revops-for-sustainability-consulting-firms/,Professional Services,Consulting and advisory,Service × Industry Landing Page,Sustainability consulting firms,CRM and Revenue Operations,/professional-services-industries/sustainability-consulting-firms-marketing-agency/,Index after content threshold,Phase 3,crm and revenue operations for sustainability consulting firms,professional-services-service-industry-sitemap.xml,Consultus campaign matrix pattern
https://www.consultusdigital.com/professional-services-marketing-services/thought-leadership-for-sustainability-consulting-firms/,/professional-services-marketing-services/thought-leadership-for-sustainability-consulting-firms/,Professional Services,Consulting and advisory,Service × Industry Landing Page,Sustainability consulting firms,Thought Leadership and Content,/professional-services-industries/sustainability-consulting-firms-marketing-agency/,Index after content threshold,Phase 3,thought leadership and content for sustainability consulting firms,professional-services-service-industry-sitemap.xml,Consultus campaign matrix pattern
https://www.consultusdigital.com/professional-services-marketing-services/ad-creative-for-sustainability-consulting-firms/,/professional-services-marketing-services/ad-creative-for-sustainability-consulting-firms/,Professional Services,Consulting and advisory,Service × Industry Landing Page,Sustainability consulting firms,Ad Creative Production,/professional-services-industries/sustainability-consulting-firms-marketing-agency/,Index after content threshold,Phase 3,ad creative production for sustainability consulting firms,professional-services-service-industry-sitemap.xml,Consultus campaign matrix pattern
https://www.consultusdigital.com/professional-services-marketing-services/analytics-for-sustainability-consulting-firms/,/professional-services-marketing-services/analytics-for-sustainability-consulting-firms/,Professional Services,Consulting and advisory,Service × Industry Landing Page,Sustainability consulting firms,Pipeline Analytics and Attribution,/professional-services-industries/sustainability-consulting-firms-marketing-agency/,Index after content threshold,Phase 3,pipeline analytics and attribution for sustainability consulting firms,professional-services-service-industry-sitemap.xml,Consultus campaign matrix pattern
https://www.consultusdigital.com/professional-services-industries/healthcare-consulting-firms-marketing-agency/,/professional-services-industries/healthcare-consulting-firms-marketing-agency/,Professional Services,Consulting and advisory,Industry Marketing Agency Page,Healthcare consulting firms,,/professional-services-industries/consulting-and-advisory/,Index,Phase 2,healthcare consulting firms marketing agency,professional-services-industry-agency-sitemap.xml,https://www.cardinaldigitalmarketing.com/healthcare-specialties/mental-healthcare-providers-agency/
https://www.consultusdigital.com/professional-services-marketing-services/digital-marketing-for-healthcare-consulting-firms/,/professional-services-marketing-services/digital-marketing-for-healthcare-consulting-firms/,Professional Services,Consulting and advisory,Service × Industry Landing Page,Healthcare consulting firms,Digital Marketing Agency,/professional-services-industries/healthcare-consulting-firms-marketing-agency/,Index after content threshold,Phase 3,digital marketing agency for healthcare consulting firms,professional-services-service-industry-sitemap.xml,Consultus campaign matrix pattern
https://www.consultusdigital.com/professional-services-marketing-services/paid-search-for-healthcare-consulting-firms/,/professional-services-marketing-services/paid-search-for-healthcare-consulting-firms/,Professional Services,Consulting and advisory,Service × Industry Landing Page,Healthcare consulting firms,Paid Search and PPC,/professional-services-industries/healthcare-consulting-firms-marketing-agency/,Index after content threshold,Phase 3,paid search and ppc for healthcare consulting firms,professional-services-service-industry-sitemap.xml,Consultus campaign matrix pattern
https://www.consultusdigital.com/professional-services-marketing-services/seo-for-healthcare-consulting-firms/,/professional-services-marketing-services/seo-for-healthcare-consulting-firms/,Professional Services,Consulting and advisory,Service × Industry Landing Page,Healthcare consulting firms,SEO,/professional-services-industries/healthcare-consulting-firms-marketing-agency/,Index after content threshold,Phase 3,seo for healthcare consulting firms,professional-services-service-industry-sitemap.xml,Consultus campaign matrix pattern
https://www.consultusdigital.com/professional-services-marketing-services/ai-search-for-healthcare-consulting-firms/,/professional-services-marketing-services/ai-search-for-healthcare-consulting-firms/,Professional Services,Consulting and advisory,Service × Industry Landing Page,Healthcare consulting firms,"AEO, GEO and AI Search",/professional-services-industries/healthcare-consulting-firms-marketing-agency/,Index after content threshold,Phase 3,"aeo, geo and ai search for healthcare consulting firms",professional-services-service-industry-sitemap.xml,Consultus campaign matrix pattern
https://www.consultusdigital.com/professional-services-marketing-services/paid-social-for-healthcare-consulting-firms/,/professional-services-marketing-services/paid-social-for-healthcare-consulting-firms/,Professional Services,Consulting and advisory,Service × Industry Landing Page,Healthcare consulting firms,Paid Social,/professional-services-industries/healthcare-consulting-firms-marketing-agency/,Index after content threshold,Phase 3,paid social for healthcare consulting firms,professional-services-service-industry-sitemap.xml,Consultus campaign matrix pattern
https://www.consultusdigital.com/professional-services-marketing-services/web-design-for-healthcare-consulting-firms/,/professional-services-marketing-services/web-design-for-healthcare-consulting-firms/,Professional Services,Consulting and advisory,Service × Industry Landing Page,Healthcare consulting firms,Website Design and CRO,/professional-services-industries/healthcare-consulting-firms-marketing-agency/,Index after content threshold,Phase 3,website design and cro for healthcare consulting firms,professional-services-service-industry-sitemap.xml,Consultus campaign matrix pattern
https://www.consultusdigital.com/professional-services-marketing-services/crm-revops-for-healthcare-consulting-firms/,/professional-services-marketing-services/crm-revops-for-healthcare-consulting-firms/,Professional Services,Consulting and advisory,Service × Industry Landing Page,Healthcare consulting firms,CRM and Revenue Operations,/professional-services-industries/healthcare-consulting-firms-marketing-agency/,Index after content threshold,Phase 3,crm and revenue operations for healthcare consulting firms,professional-services-service-industry-sitemap.xml,Consultus campaign matrix pattern
https://www.consultusdigital.com/professional-services-marketing-services/thought-leadership-for-healthcare-consulting-firms/,/professional-services-marketing-services/thought-leadership-for-healthcare-consulting-firms/,Professional Services,Consulting and advisory,Service × Industry Landing Page,Healthcare consulting firms,Thought Leadership and Content,/professional-services-industries/healthcare-consulting-firms-marketing-agency/,Index after content threshold,Phase 3,thought leadership and content for healthcare consulting firms,professional-services-service-industry-sitemap.xml,Consultus campaign matrix pattern
https://www.consultusdigital.com/professional-services-marketing-services/ad-creative-for-healthcare-consulting-firms/,/professional-services-marketing-services/ad-creative-for-healthcare-consulting-firms/,Professional Services,Consulting and advisory,Service × Industry Landing Page,Healthcare consulting firms,Ad Creative Production,/professional-services-industries/healthcare-consulting-firms-marketing-agency/,Index after content threshold,Phase 3,ad creative production for healthcare consulting firms,professional-services-service-industry-sitemap.xml,Consultus campaign matrix pattern
https://www.consultusdigital.com/professional-services-marketing-services/analytics-for-healthcare-consulting-firms/,/professional-services-marketing-services/analytics-for-healthcare-consulting-firms/,Professional Services,Consulting and advisory,Service × Industry Landing Page,Healthcare consulting firms,Pipeline Analytics and Attribution,/professional-services-industries/healthcare-consulting-firms-marketing-agency/,Index after content threshold,Phase 3,pipeline analytics and attribution for healthcare consulting firms,professional-services-service-industry-sitemap.xml,Consultus campaign matrix pattern
https://www.consultusdigital.com/professional-services-industries/government-relations-firms-marketing-agency/,/professional-services-industries/government-relations-firms-marketing-agency/,Professional Services,Consulting and advisory,Industry Marketing Agency Page,Government relations firms,,/professional-services-industries/consulting-and-advisory/,Index,Phase 2,government relations firms marketing agency,professional-services-industry-agency-sitemap.xml,https://www.cardinaldigitalmarketing.com/healthcare-specialties/mental-healthcare-providers-agency/
https://www.consultusdigital.com/professional-services-marketing-services/digital-marketing-for-government-relations-firms/,/professional-services-marketing-services/digital-marketing-for-government-relations-firms/,Professional Services,Consulting and advisory,Service × Industry Landing Page,Government relations firms,Digital Marketing Agency,/professional-services-industries/government-relations-firms-marketing-agency/,Index after content threshold,Phase 3,digital marketing agency for government relations firms,professional-services-service-industry-sitemap.xml,Consultus campaign matrix pattern
https://www.consultusdigital.com/professional-services-marketing-services/paid-search-for-government-relations-firms/,/professional-services-marketing-services/paid-search-for-government-relations-firms/,Professional Services,Consulting and advisory,Service × Industry Landing Page,Government relations firms,Paid Search and PPC,/professional-services-industries/government-relations-firms-marketing-agency/,Index after content threshold,Phase 3,paid search and ppc for government relations firms,professional-services-service-industry-sitemap.xml,Consultus campaign matrix pattern
https://www.consultusdigital.com/professional-services-marketing-services/seo-for-government-relations-firms/,/professional-services-marketing-services/seo-for-government-relations-firms/,Professional Services,Consulting and advisory,Service × Industry Landing Page,Government relations firms,SEO,/professional-services-industries/government-relations-firms-marketing-agency/,Index after content threshold,Phase 3,seo for government relations firms,professional-services-service-industry-sitemap.xml,Consultus campaign matrix pattern
https://www.consultusdigital.com/professional-services-marketing-services/ai-search-for-government-relations-firms/,/professional-services-marketing-services/ai-search-for-government-relations-firms/,Professional Services,Consulting and advisory,Service × Industry Landing Page,Government relations firms,"AEO, GEO and AI Search",/professional-services-industries/government-relations-firms-marketing-agency/,Index after content threshold,Phase 3,"aeo, geo and ai search for government relations firms",professional-services-service-industry-sitemap.xml,Consultus campaign matrix pattern
https://www.consultusdigital.com/professional-services-marketing-services/paid-social-for-government-relations-firms/,/professional-services-marketing-services/paid-social-for-government-relations-firms/,Professional Services,Consulting and advisory,Service × Industry Landing Page,Government relations firms,Paid Social,/professional-services-industries/government-relations-firms-marketing-agency/,Index after content threshold,Phase 3,paid social for government relations firms,professional-services-service-industry-sitemap.xml,Consultus campaign matrix pattern
https://www.consultusdigital.com/professional-services-marketing-services/web-design-for-government-relations-firms/,/professional-services-marketing-services/web-design-for-government-relations-firms/,Professional Services,Consulting and advisory,Service × Industry Landing Page,Government relations firms,Website Design and CRO,/professional-services-industries/government-relations-firms-marketing-agency/,Index after content threshold,Phase 3,website design and cro for government relations firms,professional-services-service-industry-sitemap.xml,Consultus campaign matrix pattern
https://www.consultusdigital.com/professional-services-marketing-services/crm-revops-for-government-relations-firms/,/professional-services-marketing-services/crm-revops-for-government-relations-firms/,Professional Services,Consulting and advisory,Service × Industry Landing Page,Government relations firms,CRM and Revenue Operations,/professional-services-industries/government-relations-firms-marketing-agency/,Index after content threshold,Phase 3,crm and revenue operations for government relations firms,professional-services-service-industry-sitemap.xml,Consultus campaign matrix pattern
https://www.consultusdigital.com/professional-services-marketing-services/thought-leadership-for-government-relations-firms/,/professional-services-marketing-services/thought-leadership-for-government-relations-firms/,Professional Services,Consulting and advisory,Service × Industry Landing Page,Government relations firms,Thought Leadership and Content,/professional-services-industries/government-relations-firms-marketing-agency/,Index after content threshold,Phase 3,thought leadership and content for government relations firms,professional-services-service-industry-sitemap.xml,Consultus campaign matrix pattern
https://www.consultusdigital.com/professional-services-marketing-services/ad-creative-for-government-relations-firms/,/professional-services-marketing-services/ad-creative-for-government-relations-firms/,Professional Services,Consulting and advisory,Service × Industry Landing Page,Government relations firms,Ad Creative Production,/professional-services-industries/government-relations-firms-marketing-agency/,Index after content threshold,Phase 3,ad creative production for government relations firms,professional-services-service-industry-sitemap.xml,Consultus campaign matrix pattern
https://www.consultusdigital.com/professional-services-marketing-services/analytics-for-government-relations-firms/,/professional-services-marketing-services/analytics-for-government-relations-firms/,Professional Services,Consulting and advisory,Service × Industry Landing Page,Government relations firms,Pipeline Analytics and Attribution,/professional-services-industries/government-relations-firms-marketing-agency/,Index after content threshold,Phase 3,pipeline analytics and attribution for government relations firms,professional-services-service-industry-sitemap.xml,Consultus campaign matrix pattern
https://www.consultusdigital.com/professional-services-industries/economic-consulting-firms-marketing-agency/,/professional-services-industries/economic-consulting-firms-marketing-agency/,Professional Services,Consulting and advisory,Industry Marketing Agency Page,Economic consulting firms,,/professional-services-industries/consulting-and-advisory/,Index,Phase 2,economic consulting firms marketing agency,professional-services-industry-agency-sitemap.xml,https://www.cardinaldigitalmarketing.com/healthcare-specialties/mental-healthcare-providers-agency/
https://www.consultusdigital.com/professional-services-marketing-services/digital-marketing-for-economic-consulting-firms/,/professional-services-marketing-services/digital-marketing-for-economic-consulting-firms/,Professional Services,Consulting and advisory,Service × Industry Landing Page,Economic consulting firms,Digital Marketing Agency,/professional-services-industries/economic-consulting-firms-marketing-agency/,Index after content threshold,Phase 3,digital marketing agency for economic consulting firms,professional-services-service-industry-sitemap.xml,Consultus campaign matrix pattern
https://www.consultusdigital.com/professional-services-marketing-services/paid-search-for-economic-consulting-firms/,/professional-services-marketing-services/paid-search-for-economic-consulting-firms/,Professional Services,Consulting and advisory,Service × Industry Landing Page,Economic consulting firms,Paid Search and PPC,/professional-services-industries/economic-consulting-firms-marketing-agency/,Index after content threshold,Phase 3,paid search and ppc for economic consulting firms,professional-services-service-industry-sitemap.xml,Consultus campaign matrix pattern
https://www.consultusdigital.com/professional-services-marketing-services/seo-for-economic-consulting-firms/,/professional-services-marketing-services/seo-for-economic-consulting-firms/,Professional Services,Consulting and advisory,Service × Industry Landing Page,Economic consulting firms,SEO,/professional-services-industries/economic-consulting-firms-marketing-agency/,Index after content threshold,Phase 3,seo for economic consulting firms,professional-services-service-industry-sitemap.xml,Consultus campaign matrix pattern
https://www.consultusdigital.com/professional-services-marketing-services/ai-search-for-economic-consulting-firms/,/professional-services-marketing-services/ai-search-for-economic-consulting-firms/,Professional Services,Consulting and advisory,Service × Industry Landing Page,Economic consulting firms,"AEO, GEO and AI Search",/professional-services-industries/economic-consulting-firms-marketing-agency/,Index after content threshold,Phase 3,"aeo, geo and ai search for economic consulting firms",professional-services-service-industry-sitemap.xml,Consultus campaign matrix pattern
https://www.consultusdigital.com/professional-services-marketing-services/paid-social-for-economic-consulting-firms/,/professional-services-marketing-services/paid-social-for-economic-consulting-firms/,Professional Services,Consulting and advisory,Service × Industry Landing Page,Economic consulting firms,Paid Social,/professional-services-industries/economic-consulting-firms-marketing-agency/,Index after content threshold,Phase 3,paid social for economic consulting firms,professional-services-service-industry-sitemap.xml,Consultus campaign matrix pattern
https://www.consultusdigital.com/professional-services-marketing-services/web-design-for-economic-consulting-firms/,/professional-services-marketing-services/web-design-for-economic-consulting-firms/,Professional Services,Consulting and advisory,Service × Industry Landing Page,Economic consulting firms,Website Design and CRO,/professional-services-industries/economic-consulting-firms-marketing-agency/,Index after content threshold,Phase 3,website design and cro for economic consulting firms,professional-services-service-industry-sitemap.xml,Consultus campaign matrix pattern
https://www.consultusdigital.com/professional-services-marketing-services/crm-revops-for-economic-consulting-firms/,/professional-services-marketing-services/crm-revops-for-economic-consulting-firms/,Professional Services,Consulting and advisory,Service × Industry Landing Page,Economic consulting firms,CRM and Revenue Operations,/professional-services-industries/economic-consulting-firms-marketing-agency/,Index after content threshold,Phase 3,crm and revenue operations for economic consulting firms,professional-services-service-industry-sitemap.xml,Consultus campaign matrix pattern
https://www.consultusdigital.com/professional-services-marketing-services/thought-leadership-for-economic-consulting-firms/,/professional-services-marketing-services/thought-leadership-for-economic-consulting-firms/,Professional Services,Consulting and advisory,Service × Industry Landing Page,Economic consulting firms,Thought Leadership and Content,/professional-services-industries/economic-consulting-firms-marketing-agency/,Index after content threshold,Phase 3,thought leadership and content for economic consulting firms,professional-services-service-industry-sitemap.xml,Consultus campaign matrix pattern
https://www.consultusdigital.com/professional-services-marketing-services/ad-creative-for-economic-consulting-firms/,/professional-services-marketing-services/ad-creative-for-economic-consulting-firms/,Professional Services,Consulting and advisory,Service × Industry Landing Page,Economic consulting firms,Ad Creative Production,/professional-services-industries/economic-consulting-firms-marketing-agency/,Index after content threshold,Phase 3,ad creative production for economic consulting firms,professional-services-service-industry-sitemap.xml,Consultus campaign matrix pattern
https://www.consultusdigital.com/professional-services-marketing-services/analytics-for-economic-consulting-firms/,/professional-services-marketing-services/analytics-for-economic-consulting-firms/,Professional Services,Consulting and advisory,Service × Industry Landing Page,Economic consulting firms,Pipeline Analytics and Attribution,/professional-services-industries/economic-consulting-firms-marketing-agency/,Index after content threshold,Phase 3,pipeline analytics and attribution for economic consulting firms,professional-services-service-industry-sitemap.xml,Consultus campaign matrix pattern
https://www.consultusdigital.com/professional-services-industries/procurement-consulting-firms-marketing-agency/,/professional-services-industries/procurement-consulting-firms-marketing-agency/,Professional Services,Consulting and advisory,Industry Marketing Agency Page,Procurement consulting firms,,/professional-services-industries/consulting-and-advisory/,Index,Phase 2,procurement consulting firms marketing agency,professional-services-industry-agency-sitemap.xml,https://www.cardinaldigitalmarketing.com/healthcare-specialties/mental-healthcare-providers-agency/
https://www.consultusdigital.com/professional-services-marketing-services/digital-marketing-for-procurement-consulting-firms/,/professional-services-marketing-services/digital-marketing-for-procurement-consulting-firms/,Professional Services,Consulting and advisory,Service × Industry Landing Page,Procurement consulting firms,Digital Marketing Agency,/professional-services-industries/procurement-consulting-firms-marketing-agency/,Index after content threshold,Phase 3,digital marketing agency for procurement consulting firms,professional-services-service-industry-sitemap.xml,Consultus campaign matrix pattern
https://www.consultusdigital.com/professional-services-marketing-services/paid-search-for-procurement-consulting-firms/,/professional-services-marketing-services/paid-search-for-procurement-consulting-firms/,Professional Services,Consulting and advisory,Service × Industry Landing Page,Procurement consulting firms,Paid Search and PPC,/professional-services-industries/procurement-consulting-firms-marketing-agency/,Index after content threshold,Phase 3,paid search and ppc for procurement consulting firms,professional-services-service-industry-sitemap.xml,Consultus campaign matrix pattern
https://www.consultusdigital.com/professional-services-marketing-services/seo-for-procurement-consulting-firms/,/professional-services-marketing-services/seo-for-procurement-consulting-firms/,Professional Services,Consulting and advisory,Service × Industry Landing Page,Procurement consulting firms,SEO,/professional-services-industries/procurement-consulting-firms-marketing-agency/,Index after content threshold,Phase 3,seo for procurement consulting firms,professional-services-service-industry-sitemap.xml,Consultus campaign matrix pattern
https://www.consultusdigital.com/professional-services-marketing-services/ai-search-for-procurement-consulting-firms/,/professional-services-marketing-services/ai-search-for-procurement-consulting-firms/,Professional Services,Consulting and advisory,Service × Industry Landing Page,Procurement consulting firms,"AEO, GEO and AI Search",/professional-services-industries/procurement-consulting-firms-marketing-agency/,Index after content threshold,Phase 3,"aeo, geo and ai search for procurement consulting firms",professional-services-service-industry-sitemap.xml,Consultus campaign matrix pattern
https://www.consultusdigital.com/professional-services-marketing-services/paid-social-for-procurement-consulting-firms/,/professional-services-marketing-services/paid-social-for-procurement-consulting-firms/,Professional Services,Consulting and advisory,Service × Industry Landing Page,Procurement consulting firms,Paid Social,/professional-services-industries/procurement-consulting-firms-marketing-agency/,Index after content threshold,Phase 3,paid social for procurement consulting firms,professional-services-service-industry-sitemap.xml,Consultus campaign matrix pattern
https://www.consultusdigital.com/professional-services-marketing-services/web-design-for-procurement-consulting-firms/,/professional-services-marketing-services/web-design-for-procurement-consulting-firms/,Professional Services,Consulting and advisory,Service × Industry Landing Page,Procurement consulting firms,Website Design and CRO,/professional-services-industries/procurement-consulting-firms-marketing-agency/,Index after content threshold,Phase 3,website design and cro for procurement consulting firms,professional-services-service-industry-sitemap.xml,Consultus campaign matrix pattern
https://www.consultusdigital.com/professional-services-marketing-services/crm-revops-for-procurement-consulting-firms/,/professional-services-marketing-services/crm-revops-for-procurement-consulting-firms/,Professional Services,Consulting and advisory,Service × Industry Landing Page,Procurement consulting firms,CRM and Revenue Operations,/professional-services-industries/procurement-consulting-firms-marketing-agency/,Index after content threshold,Phase 3,crm and revenue operations for procurement consulting firms,professional-services-service-industry-sitemap.xml,Consultus campaign matrix pattern
https://www.consultusdigital.com/professional-services-marketing-services/thought-leadership-for-procurement-consulting-firms/,/professional-services-marketing-services/thought-leadership-for-procurement-consulting-firms/,Professional Services,Consulting and advisory,Service × Industry Landing Page,Procurement consulting firms,Thought Leadership and Content,/professional-services-industries/procurement-consulting-firms-marketing-agency/,Index after content threshold,Phase 3,thought leadership and content for procurement consulting firms,professional-services-service-industry-sitemap.xml,Consultus campaign matrix pattern
https://www.consultusdigital.com/professional-services-marketing-services/ad-creative-for-procurement-consulting-firms/,/professional-services-marketing-services/ad-creative-for-procurement-consulting-firms/,Professional Services,Consulting and advisory,Service × Industry Landing Page,Procurement consulting firms,Ad Creative Production,/professional-services-industries/procurement-consulting-firms-marketing-agency/,Index after content threshold,Phase 3,ad creative production for procurement consulting firms,professional-services-service-industry-sitemap.xml,Consultus campaign matrix pattern
https://www.consultusdigital.com/professional-services-marketing-services/analytics-for-procurement-consulting-firms/,/professional-services-marketing-services/analytics-for-procurement-consulting-firms/,Professional Services,Consulting and advisory,Service × Industry Landing Page,Procurement consulting firms,Pipeline Analytics and Attribution,/professional-services-industries/procurement-consulting-firms-marketing-agency/,Index after content threshold,Phase 3,pipeline analytics and attribution for procurement consulting firms,professional-services-service-industry-sitemap.xml,Consultus campaign matrix pattern
https://www.consultusdigital.com/professional-services-industries/business-brokerage-firms-marketing-agency/,/professional-services-industries/business-brokerage-firms-marketing-agency/,Professional Services,Consulting and advisory,Industry Marketing Agency Page,Business brokerage firms,,/professional-services-industries/consulting-and-advisory/,Index,Phase 2,business brokerage firms marketing agency,professional-services-industry-agency-sitemap.xml,https://www.cardinaldigitalmarketing.com/healthcare-specialties/mental-healthcare-providers-agency/
https://www.consultusdigital.com/professional-services-marketing-services/digital-marketing-for-business-brokerage-firms/,/professional-services-marketing-services/digital-marketing-for-business-brokerage-firms/,Professional Services,Consulting and advisory,Service × Industry Landing Page,Business brokerage firms,Digital Marketing Agency,/professional-services-industries/business-brokerage-firms-marketing-agency/,Index after content threshold,Phase 3,digital marketing agency for business brokerage firms,professional-services-service-industry-sitemap.xml,Consultus campaign matrix pattern
https://www.consultusdigital.com/professional-services-marketing-services/paid-search-for-business-brokerage-firms/,/professional-services-marketing-services/paid-search-for-business-brokerage-firms/,Professional Services,Consulting and advisory,Service × Industry Landing Page,Business brokerage firms,Paid Search and PPC,/professional-services-industries/business-brokerage-firms-marketing-agency/,Index after content threshold,Phase 3,paid search and ppc for business brokerage firms,professional-services-service-industry-sitemap.xml,Consultus campaign matrix pattern
https://www.consultusdigital.com/professional-services-marketing-services/seo-for-business-brokerage-firms/,/professional-services-marketing-services/seo-for-business-brokerage-firms/,Professional Services,Consulting and advisory,Service × Industry Landing Page,Business brokerage firms,SEO,/professional-services-industries/business-brokerage-firms-marketing-agency/,Index after content threshold,Phase 3,seo for business brokerage firms,professional-services-service-industry-sitemap.xml,Consultus campaign matrix pattern
https://www.consultusdigital.com/professional-services-marketing-services/ai-search-for-business-brokerage-firms/,/professional-services-marketing-services/ai-search-for-business-brokerage-firms/,Professional Services,Consulting and advisory,Service × Industry Landing Page,Business brokerage firms,"AEO, GEO and AI Search",/professional-services-industries/business-brokerage-firms-marketing-agency/,Index after content threshold,Phase 3,"aeo, geo and ai search for business brokerage firms",professional-services-service-industry-sitemap.xml,Consultus campaign matrix pattern
https://www.consultusdigital.com/professional-services-marketing-services/paid-social-for-business-brokerage-firms/,/professional-services-marketing-services/paid-social-for-business-brokerage-firms/,Professional Services,Consulting and advisory,Service × Industry Landing Page,Business brokerage firms,Paid Social,/professional-services-industries/business-brokerage-firms-marketing-agency/,Index after content threshold,Phase 3,paid social for business brokerage firms,professional-services-service-industry-sitemap.xml,Consultus campaign matrix pattern
https://www.consultusdigital.com/professional-services-marketing-services/web-design-for-business-brokerage-firms/,/professional-services-marketing-services/web-design-for-business-brokerage-firms/,Professional Services,Consulting and advisory,Service × Industry Landing Page,Business brokerage firms,Website Design and CRO,/professional-services-industries/business-brokerage-firms-marketing-agency/,Index after content threshold,Phase 3,website design and cro for business brokerage firms,professional-services-service-industry-sitemap.xml,Consultus campaign matrix pattern
https://www.consultusdigital.com/professional-services-marketing-services/crm-revops-for-business-brokerage-firms/,/professional-services-marketing-services/crm-revops-for-business-brokerage-firms/,Professional Services,Consulting and advisory,Service × Industry Landing Page,Business brokerage firms,CRM and Revenue Operations,/professional-services-industries/business-brokerage-firms-marketing-agency/,Index after content threshold,Phase 3,crm and revenue operations for business brokerage firms,professional-services-service-industry-sitemap.xml,Consultus campaign matrix pattern
https://www.consultusdigital.com/professional-services-marketing-services/thought-leadership-for-business-brokerage-firms/,/professional-services-marketing-services/thought-leadership-for-business-brokerage-firms/,Professional Services,Consulting and advisory,Service × Industry Landing Page,Business brokerage firms,Thought Leadership and Content,/professional-services-industries/business-brokerage-firms-marketing-agency/,Index after content threshold,Phase 3,thought leadership and content for business brokerage firms,professional-services-service-industry-sitemap.xml,Consultus campaign matrix pattern
https://www.consultusdigital.com/professional-services-marketing-services/ad-creative-for-business-brokerage-firms/,/professional-services-marketing-services/ad-creative-for-business-brokerage-firms/,Professional Services,Consulting and advisory,Service × Industry Landing Page,Business brokerage firms,Ad Creative Production,/professional-services-industries/business-brokerage-firms-marketing-agency/,Index after content threshold,Phase 3,ad creative production for business brokerage firms,professional-services-service-industry-sitemap.xml,Consultus campaign matrix pattern
https://www.consultusdigital.com/professional-services-marketing-services/analytics-for-business-brokerage-firms/,/professional-services-marketing-services/analytics-for-business-brokerage-firms/,Professional Services,Consulting and advisory,Service × Industry Landing Page,Business brokerage firms,Pipeline Analytics and Attribution,/professional-services-industries/business-brokerage-firms-marketing-agency/,Index after content threshold,Phase 3,pipeline analytics and attribution for business brokerage firms,professional-services-service-industry-sitemap.xml,Consultus campaign matrix pattern
https://www.consultusdigital.com/professional-services-industries/mergers-and-acquisitions-advisors-marketing-agency/,/professional-services-industries/mergers-and-acquisitions-advisors-marketing-agency/,Professional Services,Consulting and advisory,Industry Marketing Agency Page,Mergers and acquisitions advisors,,/professional-services-industries/consulting-and-advisory/,Index,Phase 2,mergers and acquisitions advisors marketing agency,professional-services-industry-agency-sitemap.xml,https://www.cardinaldigitalmarketing.com/healthcare-specialties/mental-healthcare-providers-agency/
https://www.consultusdigital.com/professional-services-marketing-services/digital-marketing-for-mergers-and-acquisitions-advisors/,/professional-services-marketing-services/digital-marketing-for-mergers-and-acquisitions-advisors/,Professional Services,Consulting and advisory,Service × Industry Landing Page,Mergers and acquisitions advisors,Digital Marketing Agency,/professional-services-industries/mergers-and-acquisitions-advisors-marketing-agency/,Index after content threshold,Phase 3,digital marketing agency for mergers and acquisitions advisors,professional-services-service-industry-sitemap.xml,Consultus campaign matrix pattern
https://www.consultusdigital.com/professional-services-marketing-services/paid-search-for-mergers-and-acquisitions-advisors/,/professional-services-marketing-services/paid-search-for-mergers-and-acquisitions-advisors/,Professional Services,Consulting and advisory,Service × Industry Landing Page,Mergers and acquisitions advisors,Paid Search and PPC,/professional-services-industries/mergers-and-acquisitions-advisors-marketing-agency/,Index after content threshold,Phase 3,paid search and ppc for mergers and acquisitions advisors,professional-services-service-industry-sitemap.xml,Consultus campaign matrix pattern
https://www.consultusdigital.com/professional-services-marketing-services/seo-for-mergers-and-acquisitions-advisors/,/professional-services-marketing-services/seo-for-mergers-and-acquisitions-advisors/,Professional Services,Consulting and advisory,Service × Industry Landing Page,Mergers and acquisitions advisors,SEO,/professional-services-industries/mergers-and-acquisitions-advisors-marketing-agency/,Index after content threshold,Phase 3,seo for mergers and acquisitions advisors,professional-services-service-industry-sitemap.xml,Consultus campaign matrix pattern
https://www.consultusdigital.com/professional-services-marketing-services/ai-search-for-mergers-and-acquisitions-advisors/,/professional-services-marketing-services/ai-search-for-mergers-and-acquisitions-advisors/,Professional Services,Consulting and advisory,Service × Industry Landing Page,Mergers and acquisitions advisors,"AEO, GEO and AI Search",/professional-services-industries/mergers-and-acquisitions-advisors-marketing-agency/,Index after content threshold,Phase 3,"aeo, geo and ai search for mergers and acquisitions advisors",professional-services-service-industry-sitemap.xml,Consultus campaign matrix pattern
https://www.consultusdigital.com/professional-services-marketing-services/paid-social-for-mergers-and-acquisitions-advisors/,/professional-services-marketing-services/paid-social-for-mergers-and-acquisitions-advisors/,Professional Services,Consulting and advisory,Service × Industry Landing Page,Mergers and acquisitions advisors,Paid Social,/professional-services-industries/mergers-and-acquisitions-advisors-marketing-agency/,Index after content threshold,Phase 3,paid social for mergers and acquisitions advisors,professional-services-service-industry-sitemap.xml,Consultus campaign matrix pattern
https://www.consultusdigital.com/professional-services-marketing-services/web-design-for-mergers-and-acquisitions-advisors/,/professional-services-marketing-services/web-design-for-mergers-and-acquisitions-advisors/,Professional Services,Consulting and advisory,Service × Industry Landing Page,Mergers and acquisitions advisors,Website Design and CRO,/professional-services-industries/mergers-and-acquisitions-advisors-marketing-agency/,Index after content threshold,Phase 3,website design and cro for mergers and acquisitions advisors,professional-services-service-industry-sitemap.xml,Consultus campaign matrix pattern
https://www.consultusdigital.com/professional-services-marketing-services/crm-revops-for-mergers-and-acquisitions-advisors/,/professional-services-marketing-services/crm-revops-for-mergers-and-acquisitions-advisors/,Professional Services,Consulting and advisory,Service × Industry Landing Page,Mergers and acquisitions advisors,CRM and Revenue Operations,/professional-services-industries/mergers-and-acquisitions-advisors-marketing-agency/,Index after content threshold,Phase 3,crm and revenue operations for mergers and acquisitions advisors,professional-services-service-industry-sitemap.xml,Consultus campaign matrix pattern
https://www.consultusdigital.com/professional-services-marketing-services/thought-leadership-for-mergers-and-acquisitions-advisors/,/professional-services-marketing-services/thought-leadership-for-mergers-and-acquisitions-advisors/,Professional Services,Consulting and advisory,Service × Industry Landing Page,Mergers and acquisitions advisors,Thought Leadership and Content,/professional-services-industries/mergers-and-acquisitions-advisors-marketing-agency/,Index after content threshold,Phase 3,thought leadership and content for mergers and acquisitions advisors,professional-services-service-industry-sitemap.xml,Consultus campaign matrix pattern
https://www.consultusdigital.com/professional-services-marketing-services/ad-creative-for-mergers-and-acquisitions-advisors/,/professional-services-marketing-services/ad-creative-for-mergers-and-acquisitions-advisors/,Professional Services,Consulting and advisory,Service × Industry Landing Page,Mergers and acquisitions advisors,Ad Creative Production,/professional-services-industries/mergers-and-acquisitions-advisors-marketing-agency/,Index after content threshold,Phase 3,ad creative production for mergers and acquisitions advisors,professional-services-service-industry-sitemap.xml,Consultus campaign matrix pattern
https://www.consultusdigital.com/professional-services-marketing-services/analytics-for-mergers-and-acquisitions-advisors/,/professional-services-marketing-services/analytics-for-mergers-and-acquisitions-advisors/,Professional Services,Consulting and advisory,Service × Industry Landing Page,Mergers and acquisitions advisors,Pipeline Analytics and Attribution,/professional-services-industries/mergers-and-acquisitions-advisors-marketing-agency/,Index after content threshold,Phase 3,pipeline analytics and attribution for mergers and acquisitions advisors,professional-services-service-industry-sitemap.xml,Consultus campaign matrix pattern
https://www.consultusdigital.com/professional-services-industries/technology-and-managed-services/,/professional-services-industries/technology-and-managed-services/,Professional Services,Technology and managed services,Sector Hub,Technology and managed services,,/professional-services-industries/,Index,Phase 1,technology and managed services marketing agency,professional-services-industry-agency-sitemap.xml,https://www.cardinaldigitalmarketing.com/healthcare-specialties/mental-healthcare-providers-agency/
https://www.consultusdigital.com/professional-services-industries/managed-it-service-providers-marketing-agency/,/professional-services-industries/managed-it-service-providers-marketing-agency/,Professional Services,Technology and managed services,Industry Marketing Agency Page,Managed IT service providers,,/professional-services-industries/technology-and-managed-services/,Index,Phase 2,managed it service providers marketing agency,professional-services-industry-agency-sitemap.xml,https://www.cardinaldigitalmarketing.com/healthcare-specialties/mental-healthcare-providers-agency/
https://www.consultusdigital.com/professional-services-marketing-services/digital-marketing-for-managed-it-service-providers/,/professional-services-marketing-services/digital-marketing-for-managed-it-service-providers/,Professional Services,Technology and managed services,Service × Industry Landing Page,Managed IT service providers,Digital Marketing Agency,/professional-services-industries/managed-it-service-providers-marketing-agency/,Index after content threshold,Phase 3,digital marketing agency for managed it service providers,professional-services-service-industry-sitemap.xml,Consultus campaign matrix pattern
https://www.consultusdigital.com/professional-services-marketing-services/paid-search-for-managed-it-service-providers/,/professional-services-marketing-services/paid-search-for-managed-it-service-providers/,Professional Services,Technology and managed services,Service × Industry Landing Page,Managed IT service providers,Paid Search and PPC,/professional-services-industries/managed-it-service-providers-marketing-agency/,Index after content threshold,Phase 3,paid search and ppc for managed it service providers,professional-services-service-industry-sitemap.xml,Consultus campaign matrix pattern
https://www.consultusdigital.com/professional-services-marketing-services/seo-for-managed-it-service-providers/,/professional-services-marketing-services/seo-for-managed-it-service-providers/,Professional Services,Technology and managed services,Service × Industry Landing Page,Managed IT service providers,SEO,/professional-services-industries/managed-it-service-providers-marketing-agency/,Index after content threshold,Phase 3,seo for managed it service providers,professional-services-service-industry-sitemap.xml,Consultus campaign matrix pattern
https://www.consultusdigital.com/professional-services-marketing-services/ai-search-for-managed-it-service-providers/,/professional-services-marketing-services/ai-search-for-managed-it-service-providers/,Professional Services,Technology and managed services,Service × Industry Landing Page,Managed IT service providers,"AEO, GEO and AI Search",/professional-services-industries/managed-it-service-providers-marketing-agency/,Index after content threshold,Phase 3,"aeo, geo and ai search for managed it service providers",professional-services-service-industry-sitemap.xml,Consultus campaign matrix pattern
https://www.consultusdigital.com/professional-services-marketing-services/paid-social-for-managed-it-service-providers/,/professional-services-marketing-services/paid-social-for-managed-it-service-providers/,Professional Services,Technology and managed services,Service × Industry Landing Page,Managed IT service providers,Paid Social,/professional-services-industries/managed-it-service-providers-marketing-agency/,Index after content threshold,Phase 3,paid social for managed it service providers,professional-services-service-industry-sitemap.xml,Consultus campaign matrix pattern
https://www.consultusdigital.com/professional-services-marketing-services/web-design-for-managed-it-service-providers/,/professional-services-marketing-services/web-design-for-managed-it-service-providers/,Professional Services,Technology and managed services,Service × Industry Landing Page,Managed IT service providers,Website Design and CRO,/professional-services-industries/managed-it-service-providers-marketing-agency/,Index after content threshold,Phase 3,website design and cro for managed it service providers,professional-services-service-industry-sitemap.xml,Consultus campaign matrix pattern
https://www.consultusdigital.com/professional-services-marketing-services/crm-revops-for-managed-it-service-providers/,/professional-services-marketing-services/crm-revops-for-managed-it-service-providers/,Professional Services,Technology and managed services,Service × Industry Landing Page,Managed IT service providers,CRM and Revenue Operations,/professional-services-industries/managed-it-service-providers-marketing-agency/,Index after content threshold,Phase 3,crm and revenue operations for managed it service providers,professional-services-service-industry-sitemap.xml,Consultus campaign matrix pattern
https://www.consultusdigital.com/professional-services-marketing-services/thought-leadership-for-managed-it-service-providers/,/professional-services-marketing-services/thought-leadership-for-managed-it-service-providers/,Professional Services,Technology and managed services,Service × Industry Landing Page,Managed IT service providers,Thought Leadership and Content,/professional-services-industries/managed-it-service-providers-marketing-agency/,Index after content threshold,Phase 3,thought leadership and content for managed it service providers,professional-services-service-industry-sitemap.xml,Consultus campaign matrix pattern
https://www.consultusdigital.com/professional-services-marketing-services/ad-creative-for-managed-it-service-providers/,/professional-services-marketing-services/ad-creative-for-managed-it-service-providers/,Professional Services,Technology and managed services,Service × Industry Landing Page,Managed IT service providers,Ad Creative Production,/professional-services-industries/managed-it-service-providers-marketing-agency/,Index after content threshold,Phase 3,ad creative production for managed it service providers,professional-services-service-industry-sitemap.xml,Consultus campaign matrix pattern
https://www.consultusdigital.com/professional-services-marketing-services/analytics-for-managed-it-service-providers/,/professional-services-marketing-services/analytics-for-managed-it-service-providers/,Professional Services,Technology and managed services,Service × Industry Landing Page,Managed IT service providers,Pipeline Analytics and Attribution,/professional-services-industries/managed-it-service-providers-marketing-agency/,Index after content threshold,Phase 3,pipeline analytics and attribution for managed it service providers,professional-services-service-industry-sitemap.xml,Consultus campaign matrix pattern
https://www.consultusdigital.com/professional-services-industries/cybersecurity-companies-marketing-agency/,/professional-services-industries/cybersecurity-companies-marketing-agency/,Professional Services,Technology and managed services,Industry Marketing Agency Page,Cybersecurity companies,,/professional-services-industries/technology-and-managed-services/,Index,Phase 2,cybersecurity companies marketing agency,professional-services-industry-agency-sitemap.xml,https://www.cardinaldigitalmarketing.com/healthcare-specialties/mental-healthcare-providers-agency/
https://www.consultusdigital.com/professional-services-marketing-services/digital-marketing-for-cybersecurity-companies/,/professional-services-marketing-services/digital-marketing-for-cybersecurity-companies/,Professional Services,Technology and managed services,Service × Industry Landing Page,Cybersecurity companies,Digital Marketing Agency,/professional-services-industries/cybersecurity-companies-marketing-agency/,Index after content threshold,Phase 3,digital marketing agency for cybersecurity companies,professional-services-service-industry-sitemap.xml,Consultus campaign matrix pattern
https://www.consultusdigital.com/professional-services-marketing-services/paid-search-for-cybersecurity-companies/,/professional-services-marketing-services/paid-search-for-cybersecurity-companies/,Professional Services,Technology and managed services,Service × Industry Landing Page,Cybersecurity companies,Paid Search and PPC,/professional-services-industries/cybersecurity-companies-marketing-agency/,Index after content threshold,Phase 3,paid search and ppc for cybersecurity companies,professional-services-service-industry-sitemap.xml,Consultus campaign matrix pattern
https://www.consultusdigital.com/professional-services-marketing-services/seo-for-cybersecurity-companies/,/professional-services-marketing-services/seo-for-cybersecurity-companies/,Professional Services,Technology and managed services,Service × Industry Landing Page,Cybersecurity companies,SEO,/professional-services-industries/cybersecurity-companies-marketing-agency/,Index after content threshold,Phase 3,seo for cybersecurity companies,professional-services-service-industry-sitemap.xml,Consultus campaign matrix pattern
https://www.consultusdigital.com/professional-services-marketing-services/ai-search-for-cybersecurity-companies/,/professional-services-marketing-services/ai-search-for-cybersecurity-companies/,Professional Services,Technology and managed services,Service × Industry Landing Page,Cybersecurity companies,"AEO, GEO and AI Search",/professional-services-industries/cybersecurity-companies-marketing-agency/,Index after content threshold,Phase 3,"aeo, geo and ai search for cybersecurity companies",professional-services-service-industry-sitemap.xml,Consultus campaign matrix pattern
https://www.consultusdigital.com/professional-services-marketing-services/paid-social-for-cybersecurity-companies/,/professional-services-marketing-services/paid-social-for-cybersecurity-companies/,Professional Services,Technology and managed services,Service × Industry Landing Page,Cybersecurity companies,Paid Social,/professional-services-industries/cybersecurity-companies-marketing-agency/,Index after content threshold,Phase 3,paid social for cybersecurity companies,professional-services-service-industry-sitemap.xml,Consultus campaign matrix pattern
https://www.consultusdigital.com/professional-services-marketing-services/web-design-for-cybersecurity-companies/,/professional-services-marketing-services/web-design-for-cybersecurity-companies/,Professional Services,Technology and managed services,Service × Industry Landing Page,Cybersecurity companies,Website Design and CRO,/professional-services-industries/cybersecurity-companies-marketing-agency/,Index after content threshold,Phase 3,website design and cro for cybersecurity companies,professional-services-service-industry-sitemap.xml,Consultus campaign matrix pattern
https://www.consultusdigital.com/professional-services-marketing-services/crm-revops-for-cybersecurity-companies/,/professional-services-marketing-services/crm-revops-for-cybersecurity-companies/,Professional Services,Technology and managed services,Service × Industry Landing Page,Cybersecurity companies,CRM and Revenue Operations,/professional-services-industries/cybersecurity-companies-marketing-agency/,Index after content threshold,Phase 3,crm and revenue operations for cybersecurity companies,professional-services-service-industry-sitemap.xml,Consultus campaign matrix pattern
https://www.consultusdigital.com/professional-services-marketing-services/thought-leadership-for-cybersecurity-companies/,/professional-services-marketing-services/thought-leadership-for-cybersecurity-companies/,Professional Services,Technology and managed services,Service × Industry Landing Page,Cybersecurity companies,Thought Leadership and Content,/professional-services-industries/cybersecurity-companies-marketing-agency/,Index after content threshold,Phase 3,thought leadership and content for cybersecurity companies,professional-services-service-industry-sitemap.xml,Consultus campaign matrix pattern
https://www.consultusdigital.com/professional-services-marketing-services/ad-creative-for-cybersecurity-companies/,/professional-services-marketing-services/ad-creative-for-cybersecurity-companies/,Professional Services,Technology and managed services,Service × Industry Landing Page,Cybersecurity companies,Ad Creative Production,/professional-services-industries/cybersecurity-companies-marketing-agency/,Index after content threshold,Phase 3,ad creative production for cybersecurity companies,professional-services-service-industry-sitemap.xml,Consultus campaign matrix pattern
https://www.consultusdigital.com/professional-services-marketing-services/analytics-for-cybersecurity-companies/,/professional-services-marketing-services/analytics-for-cybersecurity-companies/,Professional Services,Technology and managed services,Service × Industry Landing Page,Cybersecurity companies,Pipeline Analytics and Attribution,/professional-services-industries/cybersecurity-companies-marketing-agency/,Index after content threshold,Phase 3,pipeline analytics and attribution for cybersecurity companies,professional-services-service-industry-sitemap.xml,Consultus campaign matrix pattern
https://www.consultusdigital.com/professional-services-industries/cloud-consulting-firms-marketing-agency/,/professional-services-industries/cloud-consulting-firms-marketing-agency/,Professional Services,Technology and managed services,Industry Marketing Agency Page,Cloud consulting firms,,/professional-services-industries/technology-and-managed-services/,Index,Phase 2,cloud consulting firms marketing agency,professional-services-industry-agency-sitemap.xml,https://www.cardinaldigitalmarketing.com/healthcare-specialties/mental-healthcare-providers-agency/
https://www.consultusdigital.com/professional-services-marketing-services/digital-marketing-for-cloud-consulting-firms/,/professional-services-marketing-services/digital-marketing-for-cloud-consulting-firms/,Professional Services,Technology and managed services,Service × Industry Landing Page,Cloud consulting firms,Digital Marketing Agency,/professional-services-industries/cloud-consulting-firms-marketing-agency/,Index after content threshold,Phase 3,digital marketing agency for cloud consulting firms,professional-services-service-industry-sitemap.xml,Consultus campaign matrix pattern
https://www.consultusdigital.com/professional-services-marketing-services/paid-search-for-cloud-consulting-firms/,/professional-services-marketing-services/paid-search-for-cloud-consulting-firms/,Professional Services,Technology and managed services,Service × Industry Landing Page,Cloud consulting firms,Paid Search and PPC,/professional-services-industries/cloud-consulting-firms-marketing-agency/,Index after content threshold,Phase 3,paid search and ppc for cloud consulting firms,professional-services-service-industry-sitemap.xml,Consultus campaign matrix pattern
https://www.consultusdigital.com/professional-services-marketing-services/seo-for-cloud-consulting-firms/,/professional-services-marketing-services/seo-for-cloud-consulting-firms/,Professional Services,Technology and managed services,Service × Industry Landing Page,Cloud consulting firms,SEO,/professional-services-industries/cloud-consulting-firms-marketing-agency/,Index after content threshold,Phase 3,seo for cloud consulting firms,professional-services-service-industry-sitemap.xml,Consultus campaign matrix pattern
https://www.consultusdigital.com/professional-services-marketing-services/ai-search-for-cloud-consulting-firms/,/professional-services-marketing-services/ai-search-for-cloud-consulting-firms/,Professional Services,Technology and managed services,Service × Industry Landing Page,Cloud consulting firms,"AEO, GEO and AI Search",/professional-services-industries/cloud-consulting-firms-marketing-agency/,Index after content threshold,Phase 3,"aeo, geo and ai search for cloud consulting firms",professional-services-service-industry-sitemap.xml,Consultus campaign matrix pattern
https://www.consultusdigital.com/professional-services-marketing-services/paid-social-for-cloud-consulting-firms/,/professional-services-marketing-services/paid-social-for-cloud-consulting-firms/,Professional Services,Technology and managed services,Service × Industry Landing Page,Cloud consulting firms,Paid Social,/professional-services-industries/cloud-consulting-firms-marketing-agency/,Index after content threshold,Phase 3,paid social for cloud consulting firms,professional-services-service-industry-sitemap.xml,Consultus campaign matrix pattern
https://www.consultusdigital.com/professional-services-marketing-services/web-design-for-cloud-consulting-firms/,/professional-services-marketing-services/web-design-for-cloud-consulting-firms/,Professional Services,Technology and managed services,Service × Industry Landing Page,Cloud consulting firms,Website Design and CRO,/professional-services-industries/cloud-consulting-firms-marketing-agency/,Index after content threshold,Phase 3,website design and cro for cloud consulting firms,professional-services-service-industry-sitemap.xml,Consultus campaign matrix pattern
https://www.consultusdigital.com/professional-services-marketing-services/crm-revops-for-cloud-consulting-firms/,/professional-services-marketing-services/crm-revops-for-cloud-consulting-firms/,Professional Services,Technology and managed services,Service × Industry Landing Page,Cloud consulting firms,CRM and Revenue Operations,/professional-services-industries/cloud-consulting-firms-marketing-agency/,Index after content threshold,Phase 3,crm and revenue operations for cloud consulting firms,professional-services-service-industry-sitemap.xml,Consultus campaign matrix pattern
https://www.consultusdigital.com/professional-services-marketing-services/thought-leadership-for-cloud-consulting-firms/,/professional-services-marketing-services/thought-leadership-for-cloud-consulting-firms/,Professional Services,Technology and managed services,Service × Industry Landing Page,Cloud consulting firms,Thought Leadership and Content,/professional-services-industries/cloud-consulting-firms-marketing-agency/,Index after content threshold,Phase 3,thought leadership and content for cloud consulting firms,professional-services-service-industry-sitemap.xml,Consultus campaign matrix pattern
https://www.consultusdigital.com/professional-services-marketing-services/ad-creative-for-cloud-consulting-firms/,/professional-services-marketing-services/ad-creative-for-cloud-consulting-firms/,Professional Services,Technology and managed services,Service × Industry Landing Page,Cloud consulting firms,Ad Creative Production,/professional-services-industries/cloud-consulting-firms-marketing-agency/,Index after content threshold,Phase 3,ad creative production for cloud consulting firms,professional-services-service-industry-sitemap.xml,Consultus campaign matrix pattern
https://www.consultusdigital.com/professional-services-marketing-services/analytics-for-cloud-consulting-firms/,/professional-services-marketing-services/analytics-for-cloud-consulting-firms/,Professional Services,Technology and managed services,Service × Industry Landing Page,Cloud consulting firms,Pipeline Analytics and Attribution,/professional-services-industries/cloud-consulting-firms-marketing-agency/,Index after content threshold,Phase 3,pipeline analytics and attribution for cloud consulting firms,professional-services-service-industry-sitemap.xml,Consultus campaign matrix pattern
https://www.consultusdigital.com/professional-services-industries/software-development-companies-marketing-agency/,/professional-services-industries/software-development-companies-marketing-agency/,Professional Services,Technology and managed services,Industry Marketing Agency Page,Software development companies,,/professional-services-industries/technology-and-managed-services/,Index,Phase 2,software development companies marketing agency,professional-services-industry-agency-sitemap.xml,https://www.cardinaldigitalmarketing.com/healthcare-specialties/mental-healthcare-providers-agency/
https://www.consultusdigital.com/professional-services-marketing-services/digital-marketing-for-software-development-companies/,/professional-services-marketing-services/digital-marketing-for-software-development-companies/,Professional Services,Technology and managed services,Service × Industry Landing Page,Software development companies,Digital Marketing Agency,/professional-services-industries/software-development-companies-marketing-agency/,Index after content threshold,Phase 3,digital marketing agency for software development companies,professional-services-service-industry-sitemap.xml,Consultus campaign matrix pattern
https://www.consultusdigital.com/professional-services-marketing-services/paid-search-for-software-development-companies/,/professional-services-marketing-services/paid-search-for-software-development-companies/,Professional Services,Technology and managed services,Service × Industry Landing Page,Software development companies,Paid Search and PPC,/professional-services-industries/software-development-companies-marketing-agency/,Index after content threshold,Phase 3,paid search and ppc for software development companies,professional-services-service-industry-sitemap.xml,Consultus campaign matrix pattern
https://www.consultusdigital.com/professional-services-marketing-services/seo-for-software-development-companies/,/professional-services-marketing-services/seo-for-software-development-companies/,Professional Services,Technology and managed services,Service × Industry Landing Page,Software development companies,SEO,/professional-services-industries/software-development-companies-marketing-agency/,Index after content threshold,Phase 3,seo for software development companies,professional-services-service-industry-sitemap.xml,Consultus campaign matrix pattern
https://www.consultusdigital.com/professional-services-marketing-services/ai-search-for-software-development-companies/,/professional-services-marketing-services/ai-search-for-software-development-companies/,Professional Services,Technology and managed services,Service × Industry Landing Page,Software development companies,"AEO, GEO and AI Search",/professional-services-industries/software-development-companies-marketing-agency/,Index after content threshold,Phase 3,"aeo, geo and ai search for software development companies",professional-services-service-industry-sitemap.xml,Consultus campaign matrix pattern
https://www.consultusdigital.com/professional-services-marketing-services/paid-social-for-software-development-companies/,/professional-services-marketing-services/paid-social-for-software-development-companies/,Professional Services,Technology and managed services,Service × Industry Landing Page,Software development companies,Paid Social,/professional-services-industries/software-development-companies-marketing-agency/,Index after content threshold,Phase 3,paid social for software development companies,professional-services-service-industry-sitemap.xml,Consultus campaign matrix pattern
https://www.consultusdigital.com/professional-services-marketing-services/web-design-for-software-development-companies/,/professional-services-marketing-services/web-design-for-software-development-companies/,Professional Services,Technology and managed services,Service × Industry Landing Page,Software development companies,Website Design and CRO,/professional-services-industries/software-development-companies-marketing-agency/,Index after content threshold,Phase 3,website design and cro for software development companies,professional-services-service-industry-sitemap.xml,Consultus campaign matrix pattern
https://www.consultusdigital.com/professional-services-marketing-services/crm-revops-for-software-development-companies/,/professional-services-marketing-services/crm-revops-for-software-development-companies/,Professional Services,Technology and managed services,Service × Industry Landing Page,Software development companies,CRM and Revenue Operations,/professional-services-industries/software-development-companies-marketing-agency/,Index after content threshold,Phase 3,crm and revenue operations for software development companies,professional-services-service-industry-sitemap.xml,Consultus campaign matrix pattern
https://www.consultusdigital.com/professional-services-marketing-services/thought-leadership-for-software-development-companies/,/professional-services-marketing-services/thought-leadership-for-software-development-companies/,Professional Services,Technology and managed services,Service × Industry Landing Page,Software development companies,Thought Leadership and Content,/professional-services-industries/software-development-companies-marketing-agency/,Index after content threshold,Phase 3,thought leadership and content for software development companies,professional-services-service-industry-sitemap.xml,Consultus campaign matrix pattern
https://www.consultusdigital.com/professional-services-marketing-services/ad-creative-for-software-development-companies/,/professional-services-marketing-services/ad-creative-for-software-development-companies/,Professional Services,Technology and managed services,Service × Industry Landing Page,Software development companies,Ad Creative Production,/professional-services-industries/software-development-companies-marketing-agency/,Index after content threshold,Phase 3,ad creative production for software development companies,professional-services-service-industry-sitemap.xml,Consultus campaign matrix pattern
https://www.consultusdigital.com/professional-services-marketing-services/analytics-for-software-development-companies/,/professional-services-marketing-services/analytics-for-software-development-companies/,Professional Services,Technology and managed services,Service × Industry Landing Page,Software development companies,Pipeline Analytics and Attribution,/professional-services-industries/software-development-companies-marketing-agency/,Index after content threshold,Phase 3,pipeline analytics and attribution for software development companies,professional-services-service-industry-sitemap.xml,Consultus campaign matrix pattern
https://www.consultusdigital.com/professional-services-industries/data-and-analytics-consultancies-marketing-agency/,/professional-services-industries/data-and-analytics-consultancies-marketing-agency/,Professional Services,Technology and managed services,Industry Marketing Agency Page,Data and analytics consultancies,,/professional-services-industries/technology-and-managed-services/,Index,Phase 2,data and analytics consultancies marketing agency,professional-services-industry-agency-sitemap.xml,https://www.cardinaldigitalmarketing.com/healthcare-specialties/mental-healthcare-providers-agency/
https://www.consultusdigital.com/professional-services-marketing-services/digital-marketing-for-data-and-analytics-consultancies/,/professional-services-marketing-services/digital-marketing-for-data-and-analytics-consultancies/,Professional Services,Technology and managed services,Service × Industry Landing Page,Data and analytics consultancies,Digital Marketing Agency,/professional-services-industries/data-and-analytics-consultancies-marketing-agency/,Index after content threshold,Phase 3,digital marketing agency for data and analytics consultancies,professional-services-service-industry-sitemap.xml,Consultus campaign matrix pattern
https://www.consultusdigital.com/professional-services-marketing-services/paid-search-for-data-and-analytics-consultancies/,/professional-services-marketing-services/paid-search-for-data-and-analytics-consultancies/,Professional Services,Technology and managed services,Service × Industry Landing Page,Data and analytics consultancies,Paid Search and PPC,/professional-services-industries/data-and-analytics-consultancies-marketing-agency/,Index after content threshold,Phase 3,paid search and ppc for data and analytics consultancies,professional-services-service-industry-sitemap.xml,Consultus campaign matrix pattern
https://www.consultusdigital.com/professional-services-marketing-services/seo-for-data-and-analytics-consultancies/,/professional-services-marketing-services/seo-for-data-and-analytics-consultancies/,Professional Services,Technology and managed services,Service × Industry Landing Page,Data and analytics consultancies,SEO,/professional-services-industries/data-and-analytics-consultancies-marketing-agency/,Index after content threshold,Phase 3,seo for data and analytics consultancies,professional-services-service-industry-sitemap.xml,Consultus campaign matrix pattern
https://www.consultusdigital.com/professional-services-marketing-services/ai-search-for-data-and-analytics-consultancies/,/professional-services-marketing-services/ai-search-for-data-and-analytics-consultancies/,Professional Services,Technology and managed services,Service × Industry Landing Page,Data and analytics consultancies,"AEO, GEO and AI Search",/professional-services-industries/data-and-analytics-consultancies-marketing-agency/,Index after content threshold,Phase 3,"aeo, geo and ai search for data and analytics consultancies",professional-services-service-industry-sitemap.xml,Consultus campaign matrix pattern
https://www.consultusdigital.com/professional-services-marketing-services/paid-social-for-data-and-analytics-consultancies/,/professional-services-marketing-services/paid-social-for-data-and-analytics-consultancies/,Professional Services,Technology and managed services,Service × Industry Landing Page,Data and analytics consultancies,Paid Social,/professional-services-industries/data-and-analytics-consultancies-marketing-agency/,Index after content threshold,Phase 3,paid social for data and analytics consultancies,professional-services-service-industry-sitemap.xml,Consultus campaign matrix pattern
https://www.consultusdigital.com/professional-services-marketing-services/web-design-for-data-and-analytics-consultancies/,/professional-services-marketing-services/web-design-for-data-and-analytics-consultancies/,Professional Services,Technology and managed services,Service × Industry Landing Page,Data and analytics consultancies,Website Design and CRO,/professional-services-industries/data-and-analytics-consultancies-marketing-agency/,Index after content threshold,Phase 3,website design and cro for data and analytics consultancies,professional-services-service-industry-sitemap.xml,Consultus campaign matrix pattern
https://www.consultusdigital.com/professional-services-marketing-services/crm-revops-for-data-and-analytics-consultancies/,/professional-services-marketing-services/crm-revops-for-data-and-analytics-consultancies/,Professional Services,Technology and managed services,Service × Industry Landing Page,Data and analytics consultancies,CRM and Revenue Operations,/professional-services-industries/data-and-analytics-consultancies-marketing-agency/,Index after content threshold,Phase 3,crm and revenue operations for data and analytics consultancies,professional-services-service-industry-sitemap.xml,Consultus campaign matrix pattern
https://www.consultusdigital.com/professional-services-marketing-services/thought-leadership-for-data-and-analytics-consultancies/,/professional-services-marketing-services/thought-leadership-for-data-and-analytics-consultancies/,Professional Services,Technology and managed services,Service × Industry Landing Page,Data and analytics consultancies,Thought Leadership and Content,/professional-services-industries/data-and-analytics-consultancies-marketing-agency/,Index after content threshold,Phase 3,thought leadership and content for data and analytics consultancies,professional-services-service-industry-sitemap.xml,Consultus campaign matrix pattern
https://www.consultusdigital.com/professional-services-marketing-services/ad-creative-for-data-and-analytics-consultancies/,/professional-services-marketing-services/ad-creative-for-data-and-analytics-consultancies/,Professional Services,Technology and managed services,Service × Industry Landing Page,Data and analytics consultancies,Ad Creative Production,/professional-services-industries/data-and-analytics-consultancies-marketing-agency/,Index after content threshold,Phase 3,ad creative production for data and analytics consultancies,professional-services-service-industry-sitemap.xml,Consultus campaign matrix pattern
https://www.consultusdigital.com/professional-services-marketing-services/analytics-for-data-and-analytics-consultancies/,/professional-services-marketing-services/analytics-for-data-and-analytics-consultancies/,Professional Services,Technology and managed services,Service × Industry Landing Page,Data and analytics consultancies,Pipeline Analytics and Attribution,/professional-services-industries/data-and-analytics-consultancies-marketing-agency/,Index after content threshold,Phase 3,pipeline analytics and attribution for data and analytics consultancies,professional-services-service-industry-sitemap.xml,Consultus campaign matrix pattern
https://www.consultusdigital.com/professional-services-industries/erp-consulting-firms-marketing-agency/,/professional-services-industries/erp-consulting-firms-marketing-agency/,Professional Services,Technology and managed services,Industry Marketing Agency Page,ERP consulting firms,,/professional-services-industries/technology-and-managed-services/,Index,Phase 2,erp consulting firms marketing agency,professional-services-industry-agency-sitemap.xml,https://www.cardinaldigitalmarketing.com/healthcare-specialties/mental-healthcare-providers-agency/
https://www.consultusdigital.com/professional-services-marketing-services/digital-marketing-for-erp-consulting-firms/,/professional-services-marketing-services/digital-marketing-for-erp-consulting-firms/,Professional Services,Technology and managed services,Service × Industry Landing Page,ERP consulting firms,Digital Marketing Agency,/professional-services-industries/erp-consulting-firms-marketing-agency/,Index after content threshold,Phase 3,digital marketing agency for erp consulting firms,professional-services-service-industry-sitemap.xml,Consultus campaign matrix pattern
https://www.consultusdigital.com/professional-services-marketing-services/paid-search-for-erp-consulting-firms/,/professional-services-marketing-services/paid-search-for-erp-consulting-firms/,Professional Services,Technology and managed services,Service × Industry Landing Page,ERP consulting firms,Paid Search and PPC,/professional-services-industries/erp-consulting-firms-marketing-agency/,Index after content threshold,Phase 3,paid search and ppc for erp consulting firms,professional-services-service-industry-sitemap.xml,Consultus campaign matrix pattern
https://www.consultusdigital.com/professional-services-marketing-services/seo-for-erp-consulting-firms/,/professional-services-marketing-services/seo-for-erp-consulting-firms/,Professional Services,Technology and managed services,Service × Industry Landing Page,ERP consulting firms,SEO,/professional-services-industries/erp-consulting-firms-marketing-agency/,Index after content threshold,Phase 3,seo for erp consulting firms,professional-services-service-industry-sitemap.xml,Consultus campaign matrix pattern
https://www.consultusdigital.com/professional-services-marketing-services/ai-search-for-erp-consulting-firms/,/professional-services-marketing-services/ai-search-for-erp-consulting-firms/,Professional Services,Technology and managed services,Service × Industry Landing Page,ERP consulting firms,"AEO, GEO and AI Search",/professional-services-industries/erp-consulting-firms-marketing-agency/,Index after content threshold,Phase 3,"aeo, geo and ai search for erp consulting firms",professional-services-service-industry-sitemap.xml,Consultus campaign matrix pattern
https://www.consultusdigital.com/professional-services-marketing-services/paid-social-for-erp-consulting-firms/,/professional-services-marketing-services/paid-social-for-erp-consulting-firms/,Professional Services,Technology and managed services,Service × Industry Landing Page,ERP consulting firms,Paid Social,/professional-services-industries/erp-consulting-firms-marketing-agency/,Index after content threshold,Phase 3,paid social for erp consulting firms,professional-services-service-industry-sitemap.xml,Consultus campaign matrix pattern
https://www.consultusdigital.com/professional-services-marketing-services/web-design-for-erp-consulting-firms/,/professional-services-marketing-services/web-design-for-erp-consulting-firms/,Professional Services,Technology and managed services,Service × Industry Landing Page,ERP consulting firms,Website Design and CRO,/professional-services-industries/erp-consulting-firms-marketing-agency/,Index after content threshold,Phase 3,website design and cro for erp consulting firms,professional-services-service-industry-sitemap.xml,Consultus campaign matrix pattern
https://www.consultusdigital.com/professional-services-marketing-services/crm-revops-for-erp-consulting-firms/,/professional-services-marketing-services/crm-revops-for-erp-consulting-firms/,Professional Services,Technology and managed services,Service × Industry Landing Page,ERP consulting firms,CRM and Revenue Operations,/professional-services-industries/erp-consulting-firms-marketing-agency/,Index after content threshold,Phase 3,crm and revenue operations for erp consulting firms,professional-services-service-industry-sitemap.xml,Consultus campaign matrix pattern
https://www.consultusdigital.com/professional-services-marketing-services/thought-leadership-for-erp-consulting-firms/,/professional-services-marketing-services/thought-leadership-for-erp-consulting-firms/,Professional Services,Technology and managed services,Service × Industry Landing Page,ERP consulting firms,Thought Leadership and Content,/professional-services-industries/erp-consulting-firms-marketing-agency/,Index after content threshold,Phase 3,thought leadership and content for erp consulting firms,professional-services-service-industry-sitemap.xml,Consultus campaign matrix pattern
https://www.consultusdigital.com/professional-services-marketing-services/ad-creative-for-erp-consulting-firms/,/professional-services-marketing-services/ad-creative-for-erp-consulting-firms/,Professional Services,Technology and managed services,Service × Industry Landing Page,ERP consulting firms,Ad Creative Production,/professional-services-industries/erp-consulting-firms-marketing-agency/,Index after content threshold,Phase 3,ad creative production for erp consulting firms,professional-services-service-industry-sitemap.xml,Consultus campaign matrix pattern
https://www.consultusdigital.com/professional-services-marketing-services/analytics-for-erp-consulting-firms/,/professional-services-marketing-services/analytics-for-erp-consulting-firms/,Professional Services,Technology and managed services,Service × Industry Landing Page,ERP consulting firms,Pipeline Analytics and Attribution,/professional-services-industries/erp-consulting-firms-marketing-agency/,Index after content threshold,Phase 3,pipeline analytics and attribution for erp consulting firms,professional-services-service-industry-sitemap.xml,Consultus campaign matrix pattern
https://www.consultusdigital.com/professional-services-industries/crm-consulting-firms-marketing-agency/,/professional-services-industries/crm-consulting-firms-marketing-agency/,Professional Services,Technology and managed services,Industry Marketing Agency Page,CRM consulting firms,,/professional-services-industries/technology-and-managed-services/,Index,Phase 2,crm consulting firms marketing agency,professional-services-industry-agency-sitemap.xml,https://www.cardinaldigitalmarketing.com/healthcare-specialties/mental-healthcare-providers-agency/
https://www.consultusdigital.com/professional-services-marketing-services/digital-marketing-for-crm-consulting-firms/,/professional-services-marketing-services/digital-marketing-for-crm-consulting-firms/,Professional Services,Technology and managed services,Service × Industry Landing Page,CRM consulting firms,Digital Marketing Agency,/professional-services-industries/crm-consulting-firms-marketing-agency/,Index after content threshold,Phase 3,digital marketing agency for crm consulting firms,professional-services-service-industry-sitemap.xml,Consultus campaign matrix pattern
https://www.consultusdigital.com/professional-services-marketing-services/paid-search-for-crm-consulting-firms/,/professional-services-marketing-services/paid-search-for-crm-consulting-firms/,Professional Services,Technology and managed services,Service × Industry Landing Page,CRM consulting firms,Paid Search and PPC,/professional-services-industries/crm-consulting-firms-marketing-agency/,Index after content threshold,Phase 3,paid search and ppc for crm consulting firms,professional-services-service-industry-sitemap.xml,Consultus campaign matrix pattern
https://www.consultusdigital.com/professional-services-marketing-services/seo-for-crm-consulting-firms/,/professional-services-marketing-services/seo-for-crm-consulting-firms/,Professional Services,Technology and managed services,Service × Industry Landing Page,CRM consulting firms,SEO,/professional-services-industries/crm-consulting-firms-marketing-agency/,Index after content threshold,Phase 3,seo for crm consulting firms,professional-services-service-industry-sitemap.xml,Consultus campaign matrix pattern
https://www.consultusdigital.com/professional-services-marketing-services/ai-search-for-crm-consulting-firms/,/professional-services-marketing-services/ai-search-for-crm-consulting-firms/,Professional Services,Technology and managed services,Service × Industry Landing Page,CRM consulting firms,"AEO, GEO and AI Search",/professional-services-industries/crm-consulting-firms-marketing-agency/,Index after content threshold,Phase 3,"aeo, geo and ai search for crm consulting firms",professional-services-service-industry-sitemap.xml,Consultus campaign matrix pattern
https://www.consultusdigital.com/professional-services-marketing-services/paid-social-for-crm-consulting-firms/,/professional-services-marketing-services/paid-social-for-crm-consulting-firms/,Professional Services,Technology and managed services,Service × Industry Landing Page,CRM consulting firms,Paid Social,/professional-services-industries/crm-consulting-firms-marketing-agency/,Index after content threshold,Phase 3,paid social for crm consulting firms,professional-services-service-industry-sitemap.xml,Consultus campaign matrix pattern
https://www.consultusdigital.com/professional-services-marketing-services/web-design-for-crm-consulting-firms/,/professional-services-marketing-services/web-design-for-crm-consulting-firms/,Professional Services,Technology and managed services,Service × Industry Landing Page,CRM consulting firms,Website Design and CRO,/professional-services-industries/crm-consulting-firms-marketing-agency/,Index after content threshold,Phase 3,website design and cro for crm consulting firms,professional-services-service-industry-sitemap.xml,Consultus campaign matrix pattern
https://www.consultusdigital.com/professional-services-marketing-services/crm-revops-for-crm-consulting-firms/,/professional-services-marketing-services/crm-revops-for-crm-consulting-firms/,Professional Services,Technology and managed services,Service × Industry Landing Page,CRM consulting firms,CRM and Revenue Operations,/professional-services-industries/crm-consulting-firms-marketing-agency/,Index after content threshold,Phase 3,crm and revenue operations for crm consulting firms,professional-services-service-industry-sitemap.xml,Consultus campaign matrix pattern
https://www.consultusdigital.com/professional-services-marketing-services/thought-leadership-for-crm-consulting-firms/,/professional-services-marketing-services/thought-leadership-for-crm-consulting-firms/,Professional Services,Technology and managed services,Service × Industry Landing Page,CRM consulting firms,Thought Leadership and Content,/professional-services-industries/crm-consulting-firms-marketing-agency/,Index after content threshold,Phase 3,thought leadership and content for crm consulting firms,professional-services-service-industry-sitemap.xml,Consultus campaign matrix pattern
https://www.consultusdigital.com/professional-services-marketing-services/ad-creative-for-crm-consulting-firms/,/professional-services-marketing-services/ad-creative-for-crm-consulting-firms/,Professional Services,Technology and managed services,Service × Industry Landing Page,CRM consulting firms,Ad Creative Production,/professional-services-industries/crm-consulting-firms-marketing-agency/,Index after content threshold,Phase 3,ad creative production for crm consulting firms,professional-services-service-industry-sitemap.xml,Consultus campaign matrix pattern
https://www.consultusdigital.com/professional-services-marketing-services/analytics-for-crm-consulting-firms/,/professional-services-marketing-services/analytics-for-crm-consulting-firms/,Professional Services,Technology and managed services,Service × Industry Landing Page,CRM consulting firms,Pipeline Analytics and Attribution,/professional-services-industries/crm-consulting-firms-marketing-agency/,Index after content threshold,Phase 3,pipeline analytics and attribution for crm consulting firms,professional-services-service-industry-sitemap.xml,Consultus campaign matrix pattern
https://www.consultusdigital.com/professional-services-industries/telecommunications-companies-marketing-agency/,/professional-services-industries/telecommunications-companies-marketing-agency/,Professional Services,Technology and managed services,Industry Marketing Agency Page,Telecommunications companies,,/professional-services-industries/technology-and-managed-services/,Index,Phase 2,telecommunications companies marketing agency,professional-services-industry-agency-sitemap.xml,https://www.cardinaldigitalmarketing.com/healthcare-specialties/mental-healthcare-providers-agency/
https://www.consultusdigital.com/professional-services-marketing-services/digital-marketing-for-telecommunications-companies/,/professional-services-marketing-services/digital-marketing-for-telecommunications-companies/,Professional Services,Technology and managed services,Service × Industry Landing Page,Telecommunications companies,Digital Marketing Agency,/professional-services-industries/telecommunications-companies-marketing-agency/,Index after content threshold,Phase 3,digital marketing agency for telecommunications companies,professional-services-service-industry-sitemap.xml,Consultus campaign matrix pattern
https://www.consultusdigital.com/professional-services-marketing-services/paid-search-for-telecommunications-companies/,/professional-services-marketing-services/paid-search-for-telecommunications-companies/,Professional Services,Technology and managed services,Service × Industry Landing Page,Telecommunications companies,Paid Search and PPC,/professional-services-industries/telecommunications-companies-marketing-agency/,Index after content threshold,Phase 3,paid search and ppc for telecommunications companies,professional-services-service-industry-sitemap.xml,Consultus campaign matrix pattern
https://www.consultusdigital.com/professional-services-marketing-services/seo-for-telecommunications-companies/,/professional-services-marketing-services/seo-for-telecommunications-companies/,Professional Services,Technology and managed services,Service × Industry Landing Page,Telecommunications companies,SEO,/professional-services-industries/telecommunications-companies-marketing-agency/,Index after content threshold,Phase 3,seo for telecommunications companies,professional-services-service-industry-sitemap.xml,Consultus campaign matrix pattern
https://www.consultusdigital.com/professional-services-marketing-services/ai-search-for-telecommunications-companies/,/professional-services-marketing-services/ai-search-for-telecommunications-companies/,Professional Services,Technology and managed services,Service × Industry Landing Page,Telecommunications companies,"AEO, GEO and AI Search",/professional-services-industries/telecommunications-companies-marketing-agency/,Index after content threshold,Phase 3,"aeo, geo and ai search for telecommunications companies",professional-services-service-industry-sitemap.xml,Consultus campaign matrix pattern
https://www.consultusdigital.com/professional-services-marketing-services/paid-social-for-telecommunications-companies/,/professional-services-marketing-services/paid-social-for-telecommunications-companies/,Professional Services,Technology and managed services,Service × Industry Landing Page,Telecommunications companies,Paid Social,/professional-services-industries/telecommunications-companies-marketing-agency/,Index after content threshold,Phase 3,paid social for telecommunications companies,professional-services-service-industry-sitemap.xml,Consultus campaign matrix pattern
https://www.consultusdigital.com/professional-services-marketing-services/web-design-for-telecommunications-companies/,/professional-services-marketing-services/web-design-for-telecommunications-companies/,Professional Services,Technology and managed services,Service × Industry Landing Page,Telecommunications companies,Website Design and CRO,/professional-services-industries/telecommunications-companies-marketing-agency/,Index after content threshold,Phase 3,website design and cro for telecommunications companies,professional-services-service-industry-sitemap.xml,Consultus campaign matrix pattern
https://www.consultusdigital.com/professional-services-marketing-services/crm-revops-for-telecommunications-companies/,/professional-services-marketing-services/crm-revops-for-telecommunications-companies/,Professional Services,Technology and managed services,Service × Industry Landing Page,Telecommunications companies,CRM and Revenue Operations,/professional-services-industries/telecommunications-companies-marketing-agency/,Index after content threshold,Phase 3,crm and revenue operations for telecommunications companies,professional-services-service-industry-sitemap.xml,Consultus campaign matrix pattern
https://www.consultusdigital.com/professional-services-marketing-services/thought-leadership-for-telecommunications-companies/,/professional-services-marketing-services/thought-leadership-for-telecommunications-companies/,Professional Services,Technology and managed services,Service × Industry Landing Page,Telecommunications companies,Thought Leadership and Content,/professional-services-industries/telecommunications-companies-marketing-agency/,Index after content threshold,Phase 3,thought leadership and content for telecommunications companies,professional-services-service-industry-sitemap.xml,Consultus campaign matrix pattern
https://www.consultusdigital.com/professional-services-marketing-services/ad-creative-for-telecommunications-companies/,/professional-services-marketing-services/ad-creative-for-telecommunications-companies/,Professional Services,Technology and managed services,Service × Industry Landing Page,Telecommunications companies,Ad Creative Production,/professional-services-industries/telecommunications-companies-marketing-agency/,Index after content threshold,Phase 3,ad creative production for telecommunications companies,professional-services-service-industry-sitemap.xml,Consultus campaign matrix pattern
https://www.consultusdigital.com/professional-services-marketing-services/analytics-for-telecommunications-companies/,/professional-services-marketing-services/analytics-for-telecommunications-companies/,Professional Services,Technology and managed services,Service × Industry Landing Page,Telecommunications companies,Pipeline Analytics and Attribution,/professional-services-industries/telecommunications-companies-marketing-agency/,Index after content threshold,Phase 3,pipeline analytics and attribution for telecommunications companies,professional-services-service-industry-sitemap.xml,Consultus campaign matrix pattern
https://www.consultusdigital.com/professional-services-industries/it-asset-disposition-companies-marketing-agency/,/professional-services-industries/it-asset-disposition-companies-marketing-agency/,Professional Services,Technology and managed services,Industry Marketing Agency Page,IT asset disposition companies,,/professional-services-industries/technology-and-managed-services/,Index,Phase 2,it asset disposition companies marketing agency,professional-services-industry-agency-sitemap.xml,https://www.cardinaldigitalmarketing.com/healthcare-specialties/mental-healthcare-providers-agency/
https://www.consultusdigital.com/professional-services-marketing-services/digital-marketing-for-it-asset-disposition-companies/,/professional-services-marketing-services/digital-marketing-for-it-asset-disposition-companies/,Professional Services,Technology and managed services,Service × Industry Landing Page,IT asset disposition companies,Digital Marketing Agency,/professional-services-industries/it-asset-disposition-companies-marketing-agency/,Index after content threshold,Phase 3,digital marketing agency for it asset disposition companies,professional-services-service-industry-sitemap.xml,Consultus campaign matrix pattern
https://www.consultusdigital.com/professional-services-marketing-services/paid-search-for-it-asset-disposition-companies/,/professional-services-marketing-services/paid-search-for-it-asset-disposition-companies/,Professional Services,Technology and managed services,Service × Industry Landing Page,IT asset disposition companies,Paid Search and PPC,/professional-services-industries/it-asset-disposition-companies-marketing-agency/,Index after content threshold,Phase 3,paid search and ppc for it asset disposition companies,professional-services-service-industry-sitemap.xml,Consultus campaign matrix pattern
https://www.consultusdigital.com/professional-services-marketing-services/seo-for-it-asset-disposition-companies/,/professional-services-marketing-services/seo-for-it-asset-disposition-companies/,Professional Services,Technology and managed services,Service × Industry Landing Page,IT asset disposition companies,SEO,/professional-services-industries/it-asset-disposition-companies-marketing-agency/,Index after content threshold,Phase 3,seo for it asset disposition companies,professional-services-service-industry-sitemap.xml,Consultus campaign matrix pattern
https://www.consultusdigital.com/professional-services-marketing-services/ai-search-for-it-asset-disposition-companies/,/professional-services-marketing-services/ai-search-for-it-asset-disposition-companies/,Professional Services,Technology and managed services,Service × Industry Landing Page,IT asset disposition companies,"AEO, GEO and AI Search",/professional-services-industries/it-asset-disposition-companies-marketing-agency/,Index after content threshold,Phase 3,"aeo, geo and ai search for it asset disposition companies",professional-services-service-industry-sitemap.xml,Consultus campaign matrix pattern
https://www.consultusdigital.com/professional-services-marketing-services/paid-social-for-it-asset-disposition-companies/,/professional-services-marketing-services/paid-social-for-it-asset-disposition-companies/,Professional Services,Technology and managed services,Service × Industry Landing Page,IT asset disposition companies,Paid Social,/professional-services-industries/it-asset-disposition-companies-marketing-agency/,Index after content threshold,Phase 3,paid social for it asset disposition companies,professional-services-service-industry-sitemap.xml,Consultus campaign matrix pattern
https://www.consultusdigital.com/professional-services-marketing-services/web-design-for-it-asset-disposition-companies/,/professional-services-marketing-services/web-design-for-it-asset-disposition-companies/,Professional Services,Technology and managed services,Service × Industry Landing Page,IT asset disposition companies,Website Design and CRO,/professional-services-industries/it-asset-disposition-companies-marketing-agency/,Index after content threshold,Phase 3,website design and cro for it asset disposition companies,professional-services-service-industry-sitemap.xml,Consultus campaign matrix pattern
https://www.consultusdigital.com/professional-services-marketing-services/crm-revops-for-it-asset-disposition-companies/,/professional-services-marketing-services/crm-revops-for-it-asset-disposition-companies/,Professional Services,Technology and managed services,Service × Industry Landing Page,IT asset disposition companies,CRM and Revenue Operations,/professional-services-industries/it-asset-disposition-companies-marketing-agency/,Index after content threshold,Phase 3,crm and revenue operations for it asset disposition companies,professional-services-service-industry-sitemap.xml,Consultus campaign matrix pattern
https://www.consultusdigital.com/professional-services-marketing-services/thought-leadership-for-it-asset-disposition-companies/,/professional-services-marketing-services/thought-leadership-for-it-asset-disposition-companies/,Professional Services,Technology and managed services,Service × Industry Landing Page,IT asset disposition companies,Thought Leadership and Content,/professional-services-industries/it-asset-disposition-companies-marketing-agency/,Index after content threshold,Phase 3,thought leadership and content for it asset disposition companies,professional-services-service-industry-sitemap.xml,Consultus campaign matrix pattern
https://www.consultusdigital.com/professional-services-marketing-services/ad-creative-for-it-asset-disposition-companies/,/professional-services-marketing-services/ad-creative-for-it-asset-disposition-companies/,Professional Services,Technology and managed services,Service × Industry Landing Page,IT asset disposition companies,Ad Creative Production,/professional-services-industries/it-asset-disposition-companies-marketing-agency/,Index after content threshold,Phase 3,ad creative production for it asset disposition companies,professional-services-service-industry-sitemap.xml,Consultus campaign matrix pattern
https://www.consultusdigital.com/professional-services-marketing-services/analytics-for-it-asset-disposition-companies/,/professional-services-marketing-services/analytics-for-it-asset-disposition-companies/,Professional Services,Technology and managed services,Service × Industry Landing Page,IT asset disposition companies,Pipeline Analytics and Attribution,/professional-services-industries/it-asset-disposition-companies-marketing-agency/,Index after content threshold,Phase 3,pipeline analytics and attribution for it asset disposition companies,professional-services-service-industry-sitemap.xml,Consultus campaign matrix pattern
https://www.consultusdigital.com/professional-services-industries/digital-transformation-consultancies-marketing-agency/,/professional-services-industries/digital-transformation-consultancies-marketing-agency/,Professional Services,Technology and managed services,Industry Marketing Agency Page,Digital transformation consultancies,,/professional-services-industries/technology-and-managed-services/,Index,Phase 2,digital transformation consultancies marketing agency,professional-services-industry-agency-sitemap.xml,https://www.cardinaldigitalmarketing.com/healthcare-specialties/mental-healthcare-providers-agency/
https://www.consultusdigital.com/professional-services-marketing-services/digital-marketing-for-digital-transformation-consultancies/,/professional-services-marketing-services/digital-marketing-for-digital-transformation-consultancies/,Professional Services,Technology and managed services,Service × Industry Landing Page,Digital transformation consultancies,Digital Marketing Agency,/professional-services-industries/digital-transformation-consultancies-marketing-agency/,Index after content threshold,Phase 3,digital marketing agency for digital transformation consultancies,professional-services-service-industry-sitemap.xml,Consultus campaign matrix pattern
https://www.consultusdigital.com/professional-services-marketing-services/paid-search-for-digital-transformation-consultancies/,/professional-services-marketing-services/paid-search-for-digital-transformation-consultancies/,Professional Services,Technology and managed services,Service × Industry Landing Page,Digital transformation consultancies,Paid Search and PPC,/professional-services-industries/digital-transformation-consultancies-marketing-agency/,Index after content threshold,Phase 3,paid search and ppc for digital transformation consultancies,professional-services-service-industry-sitemap.xml,Consultus campaign matrix pattern
https://www.consultusdigital.com/professional-services-marketing-services/seo-for-digital-transformation-consultancies/,/professional-services-marketing-services/seo-for-digital-transformation-consultancies/,Professional Services,Technology and managed services,Service × Industry Landing Page,Digital transformation consultancies,SEO,/professional-services-industries/digital-transformation-consultancies-marketing-agency/,Index after content threshold,Phase 3,seo for digital transformation consultancies,professional-services-service-industry-sitemap.xml,Consultus campaign matrix pattern
https://www.consultusdigital.com/professional-services-marketing-services/ai-search-for-digital-transformation-consultancies/,/professional-services-marketing-services/ai-search-for-digital-transformation-consultancies/,Professional Services,Technology and managed services,Service × Industry Landing Page,Digital transformation consultancies,"AEO, GEO and AI Search",/professional-services-industries/digital-transformation-consultancies-marketing-agency/,Index after content threshold,Phase 3,"aeo, geo and ai search for digital transformation consultancies",professional-services-service-industry-sitemap.xml,Consultus campaign matrix pattern
https://www.consultusdigital.com/professional-services-marketing-services/paid-social-for-digital-transformation-consultancies/,/professional-services-marketing-services/paid-social-for-digital-transformation-consultancies/,Professional Services,Technology and managed services,Service × Industry Landing Page,Digital transformation consultancies,Paid Social,/professional-services-industries/digital-transformation-consultancies-marketing-agency/,Index after content threshold,Phase 3,paid social for digital transformation consultancies,professional-services-service-industry-sitemap.xml,Consultus campaign matrix pattern
https://www.consultusdigital.com/professional-services-marketing-services/web-design-for-digital-transformation-consultancies/,/professional-services-marketing-services/web-design-for-digital-transformation-consultancies/,Professional Services,Technology and managed services,Service × Industry Landing Page,Digital transformation consultancies,Website Design and CRO,/professional-services-industries/digital-transformation-consultancies-marketing-agency/,Index after content threshold,Phase 3,website design and cro for digital transformation consultancies,professional-services-service-industry-sitemap.xml,Consultus campaign matrix pattern
https://www.consultusdigital.com/professional-services-marketing-services/crm-revops-for-digital-transformation-consultancies/,/professional-services-marketing-services/crm-revops-for-digital-transformation-consultancies/,Professional Services,Technology and managed services,Service × Industry Landing Page,Digital transformation consultancies,CRM and Revenue Operations,/professional-services-industries/digital-transformation-consultancies-marketing-agency/,Index after content threshold,Phase 3,crm and revenue operations for digital transformation consultancies,professional-services-service-industry-sitemap.xml,Consultus campaign matrix pattern
https://www.consultusdigital.com/professional-services-marketing-services/thought-leadership-for-digital-transformation-consultancies/,/professional-services-marketing-services/thought-leadership-for-digital-transformation-consultancies/,Professional Services,Technology and managed services,Service × Industry Landing Page,Digital transformation consultancies,Thought Leadership and Content,/professional-services-industries/digital-transformation-consultancies-marketing-agency/,Index after content threshold,Phase 3,thought leadership and content for digital transformation consultancies,professional-services-service-industry-sitemap.xml,Consultus campaign matrix pattern
https://www.consultusdigital.com/professional-services-marketing-services/ad-creative-for-digital-transformation-consultancies/,/professional-services-marketing-services/ad-creative-for-digital-transformation-consultancies/,Professional Services,Technology and managed services,Service × Industry Landing Page,Digital transformation consultancies,Ad Creative Production,/professional-services-industries/digital-transformation-consultancies-marketing-agency/,Index after content threshold,Phase 3,ad creative production for digital transformation consultancies,professional-services-service-industry-sitemap.xml,Consultus campaign matrix pattern
https://www.consultusdigital.com/professional-services-marketing-services/analytics-for-digital-transformation-consultancies/,/professional-services-marketing-services/analytics-for-digital-transformation-consultancies/,Professional Services,Technology and managed services,Service × Industry Landing Page,Digital transformation consultancies,Pipeline Analytics and Attribution,/professional-services-industries/digital-transformation-consultancies-marketing-agency/,Index after content threshold,Phase 3,pipeline analytics and attribution for digital transformation consultancies,professional-services-service-industry-sitemap.xml,Consultus campaign matrix pattern
https://www.consultusdigital.com/professional-services-industries/ai-consulting-firms-marketing-agency/,/professional-services-industries/ai-consulting-firms-marketing-agency/,Professional Services,Technology and managed services,Industry Marketing Agency Page,AI consulting firms,,/professional-services-industries/technology-and-managed-services/,Index,Phase 2,ai consulting firms marketing agency,professional-services-industry-agency-sitemap.xml,https://www.cardinaldigitalmarketing.com/healthcare-specialties/mental-healthcare-providers-agency/
https://www.consultusdigital.com/professional-services-marketing-services/digital-marketing-for-ai-consulting-firms/,/professional-services-marketing-services/digital-marketing-for-ai-consulting-firms/,Professional Services,Technology and managed services,Service × Industry Landing Page,AI consulting firms,Digital Marketing Agency,/professional-services-industries/ai-consulting-firms-marketing-agency/,Index after content threshold,Phase 3,digital marketing agency for ai consulting firms,professional-services-service-industry-sitemap.xml,Consultus campaign matrix pattern
https://www.consultusdigital.com/professional-services-marketing-services/paid-search-for-ai-consulting-firms/,/professional-services-marketing-services/paid-search-for-ai-consulting-firms/,Professional Services,Technology and managed services,Service × Industry Landing Page,AI consulting firms,Paid Search and PPC,/professional-services-industries/ai-consulting-firms-marketing-agency/,Index after content threshold,Phase 3,paid search and ppc for ai consulting firms,professional-services-service-industry-sitemap.xml,Consultus campaign matrix pattern
https://www.consultusdigital.com/professional-services-marketing-services/seo-for-ai-consulting-firms/,/professional-services-marketing-services/seo-for-ai-consulting-firms/,Professional Services,Technology and managed services,Service × Industry Landing Page,AI consulting firms,SEO,/professional-services-industries/ai-consulting-firms-marketing-agency/,Index after content threshold,Phase 3,seo for ai consulting firms,professional-services-service-industry-sitemap.xml,Consultus campaign matrix pattern
https://www.consultusdigital.com/professional-services-marketing-services/ai-search-for-ai-consulting-firms/,/professional-services-marketing-services/ai-search-for-ai-consulting-firms/,Professional Services,Technology and managed services,Service × Industry Landing Page,AI consulting firms,"AEO, GEO and AI Search",/professional-services-industries/ai-consulting-firms-marketing-agency/,Index after content threshold,Phase 3,"aeo, geo and ai search for ai consulting firms",professional-services-service-industry-sitemap.xml,Consultus campaign matrix pattern
https://www.consultusdigital.com/professional-services-marketing-services/paid-social-for-ai-consulting-firms/,/professional-services-marketing-services/paid-social-for-ai-consulting-firms/,Professional Services,Technology and managed services,Service × Industry Landing Page,AI consulting firms,Paid Social,/professional-services-industries/ai-consulting-firms-marketing-agency/,Index after content threshold,Phase 3,paid social for ai consulting firms,professional-services-service-industry-sitemap.xml,Consultus campaign matrix pattern
https://www.consultusdigital.com/professional-services-marketing-services/web-design-for-ai-consulting-firms/,/professional-services-marketing-services/web-design-for-ai-consulting-firms/,Professional Services,Technology and managed services,Service × Industry Landing Page,AI consulting firms,Website Design and CRO,/professional-services-industries/ai-consulting-firms-marketing-agency/,Index after content threshold,Phase 3,website design and cro for ai consulting firms,professional-services-service-industry-sitemap.xml,Consultus campaign matrix pattern
https://www.consultusdigital.com/professional-services-marketing-services/crm-revops-for-ai-consulting-firms/,/professional-services-marketing-services/crm-revops-for-ai-consulting-firms/,Professional Services,Technology and managed services,Service × Industry Landing Page,AI consulting firms,CRM and Revenue Operations,/professional-services-industries/ai-consulting-firms-marketing-agency/,Index after content threshold,Phase 3,crm and revenue operations for ai consulting firms,professional-services-service-industry-sitemap.xml,Consultus campaign matrix pattern
https://www.consultusdigital.com/professional-services-marketing-services/thought-leadership-for-ai-consulting-firms/,/professional-services-marketing-services/thought-leadership-for-ai-consulting-firms/,Professional Services,Technology and managed services,Service × Industry Landing Page,AI consulting firms,Thought Leadership and Content,/professional-services-industries/ai-consulting-firms-marketing-agency/,Index after content threshold,Phase 3,thought leadership and content for ai consulting firms,professional-services-service-industry-sitemap.xml,Consultus campaign matrix pattern
https://www.consultusdigital.com/professional-services-marketing-services/ad-creative-for-ai-consulting-firms/,/professional-services-marketing-services/ad-creative-for-ai-consulting-firms/,Professional Services,Technology and managed services,Service × Industry Landing Page,AI consulting firms,Ad Creative Production,/professional-services-industries/ai-consulting-firms-marketing-agency/,Index after content threshold,Phase 3,ad creative production for ai consulting firms,professional-services-service-industry-sitemap.xml,Consultus campaign matrix pattern
https://www.consultusdigital.com/professional-services-marketing-services/analytics-for-ai-consulting-firms/,/professional-services-marketing-services/analytics-for-ai-consulting-firms/,Professional Services,Technology and managed services,Service × Industry Landing Page,AI consulting firms,Pipeline Analytics and Attribution,/professional-services-industries/ai-consulting-firms-marketing-agency/,Index after content threshold,Phase 3,pipeline analytics and attribution for ai consulting firms,professional-services-service-industry-sitemap.xml,Consultus campaign matrix pattern
https://www.consultusdigital.com/professional-services-industries/b2b-saas-companies-marketing-agency/,/professional-services-industries/b2b-saas-companies-marketing-agency/,Professional Services,Technology and managed services,Industry Marketing Agency Page,B2B SaaS companies,,/professional-services-industries/technology-and-managed-services/,Index,Phase 2,b2b saas companies marketing agency,professional-services-industry-agency-sitemap.xml,https://www.cardinaldigitalmarketing.com/healthcare-specialties/mental-healthcare-providers-agency/
https://www.consultusdigital.com/professional-services-marketing-services/digital-marketing-for-b2b-saas-companies/,/professional-services-marketing-services/digital-marketing-for-b2b-saas-companies/,Professional Services,Technology and managed services,Service × Industry Landing Page,B2B SaaS companies,Digital Marketing Agency,/professional-services-industries/b2b-saas-companies-marketing-agency/,Index after content threshold,Phase 3,digital marketing agency for b2b saas companies,professional-services-service-industry-sitemap.xml,Consultus campaign matrix pattern
https://www.consultusdigital.com/professional-services-marketing-services/paid-search-for-b2b-saas-companies/,/professional-services-marketing-services/paid-search-for-b2b-saas-companies/,Professional Services,Technology and managed services,Service × Industry Landing Page,B2B SaaS companies,Paid Search and PPC,/professional-services-industries/b2b-saas-companies-marketing-agency/,Index after content threshold,Phase 3,paid search and ppc for b2b saas companies,professional-services-service-industry-sitemap.xml,Consultus campaign matrix pattern
https://www.consultusdigital.com/professional-services-marketing-services/seo-for-b2b-saas-companies/,/professional-services-marketing-services/seo-for-b2b-saas-companies/,Professional Services,Technology and managed services,Service × Industry Landing Page,B2B SaaS companies,SEO,/professional-services-industries/b2b-saas-companies-marketing-agency/,Index after content threshold,Phase 3,seo for b2b saas companies,professional-services-service-industry-sitemap.xml,Consultus campaign matrix pattern
https://www.consultusdigital.com/professional-services-marketing-services/ai-search-for-b2b-saas-companies/,/professional-services-marketing-services/ai-search-for-b2b-saas-companies/,Professional Services,Technology and managed services,Service × Industry Landing Page,B2B SaaS companies,"AEO, GEO and AI Search",/professional-services-industries/b2b-saas-companies-marketing-agency/,Index after content threshold,Phase 3,"aeo, geo and ai search for b2b saas companies",professional-services-service-industry-sitemap.xml,Consultus campaign matrix pattern
https://www.consultusdigital.com/professional-services-marketing-services/paid-social-for-b2b-saas-companies/,/professional-services-marketing-services/paid-social-for-b2b-saas-companies/,Professional Services,Technology and managed services,Service × Industry Landing Page,B2B SaaS companies,Paid Social,/professional-services-industries/b2b-saas-companies-marketing-agency/,Index after content threshold,Phase 3,paid social for b2b saas companies,professional-services-service-industry-sitemap.xml,Consultus campaign matrix pattern
https://www.consultusdigital.com/professional-services-marketing-services/web-design-for-b2b-saas-companies/,/professional-services-marketing-services/web-design-for-b2b-saas-companies/,Professional Services,Technology and managed services,Service × Industry Landing Page,B2B SaaS companies,Website Design and CRO,/professional-services-industries/b2b-saas-companies-marketing-agency/,Index after content threshold,Phase 3,website design and cro for b2b saas companies,professional-services-service-industry-sitemap.xml,Consultus campaign matrix pattern
https://www.consultusdigital.com/professional-services-marketing-services/crm-revops-for-b2b-saas-companies/,/professional-services-marketing-services/crm-revops-for-b2b-saas-companies/,Professional Services,Technology and managed services,Service × Industry Landing Page,B2B SaaS companies,CRM and Revenue Operations,/professional-services-industries/b2b-saas-companies-marketing-agency/,Index after content threshold,Phase 3,crm and revenue operations for b2b saas companies,professional-services-service-industry-sitemap.xml,Consultus campaign matrix pattern
https://www.consultusdigital.com/professional-services-marketing-services/thought-leadership-for-b2b-saas-companies/,/professional-services-marketing-services/thought-leadership-for-b2b-saas-companies/,Professional Services,Technology and managed services,Service × Industry Landing Page,B2B SaaS companies,Thought Leadership and Content,/professional-services-industries/b2b-saas-companies-marketing-agency/,Index after content threshold,Phase 3,thought leadership and content for b2b saas companies,professional-services-service-industry-sitemap.xml,Consultus campaign matrix pattern
https://www.consultusdigital.com/professional-services-marketing-services/ad-creative-for-b2b-saas-companies/,/professional-services-marketing-services/ad-creative-for-b2b-saas-companies/,Professional Services,Technology and managed services,Service × Industry Landing Page,B2B SaaS companies,Ad Creative Production,/professional-services-industries/b2b-saas-companies-marketing-agency/,Index after content threshold,Phase 3,ad creative production for b2b saas companies,professional-services-service-industry-sitemap.xml,Consultus campaign matrix pattern
https://www.consultusdigital.com/professional-services-marketing-services/analytics-for-b2b-saas-companies/,/professional-services-marketing-services/analytics-for-b2b-saas-companies/,Professional Services,Technology and managed services,Service × Industry Landing Page,B2B SaaS companies,Pipeline Analytics and Attribution,/professional-services-industries/b2b-saas-companies-marketing-agency/,Index after content threshold,Phase 3,pipeline analytics and attribution for b2b saas companies,professional-services-service-industry-sitemap.xml,Consultus campaign matrix pattern
https://www.consultusdigital.com/professional-services-industries/real-estate-and-property/,/professional-services-industries/real-estate-and-property/,Professional Services,Real estate and property,Sector Hub,Real estate and property,,/professional-services-industries/,Index,Phase 1,real estate and property marketing agency,professional-services-industry-agency-sitemap.xml,https://www.cardinaldigitalmarketing.com/healthcare-specialties/mental-healthcare-providers-agency/
https://www.consultusdigital.com/professional-services-industries/commercial-real-estate-brokerages-marketing-agency/,/professional-services-industries/commercial-real-estate-brokerages-marketing-agency/,Professional Services,Real estate and property,Industry Marketing Agency Page,Commercial real estate brokerages,,/professional-services-industries/real-estate-and-property/,Index,Phase 2,commercial real estate brokerages marketing agency,professional-services-industry-agency-sitemap.xml,https://www.cardinaldigitalmarketing.com/healthcare-specialties/mental-healthcare-providers-agency/
https://www.consultusdigital.com/professional-services-marketing-services/digital-marketing-for-commercial-real-estate-brokerages/,/professional-services-marketing-services/digital-marketing-for-commercial-real-estate-brokerages/,Professional Services,Real estate and property,Service × Industry Landing Page,Commercial real estate brokerages,Digital Marketing Agency,/professional-services-industries/commercial-real-estate-brokerages-marketing-agency/,Index after content threshold,Phase 3,digital marketing agency for commercial real estate brokerages,professional-services-service-industry-sitemap.xml,Consultus campaign matrix pattern
https://www.consultusdigital.com/professional-services-marketing-services/paid-search-for-commercial-real-estate-brokerages/,/professional-services-marketing-services/paid-search-for-commercial-real-estate-brokerages/,Professional Services,Real estate and property,Service × Industry Landing Page,Commercial real estate brokerages,Paid Search and PPC,/professional-services-industries/commercial-real-estate-brokerages-marketing-agency/,Index after content threshold,Phase 3,paid search and ppc for commercial real estate brokerages,professional-services-service-industry-sitemap.xml,Consultus campaign matrix pattern
https://www.consultusdigital.com/professional-services-marketing-services/seo-for-commercial-real-estate-brokerages/,/professional-services-marketing-services/seo-for-commercial-real-estate-brokerages/,Professional Services,Real estate and property,Service × Industry Landing Page,Commercial real estate brokerages,SEO,/professional-services-industries/commercial-real-estate-brokerages-marketing-agency/,Index after content threshold,Phase 3,seo for commercial real estate brokerages,professional-services-service-industry-sitemap.xml,Consultus campaign matrix pattern
https://www.consultusdigital.com/professional-services-marketing-services/ai-search-for-commercial-real-estate-brokerages/,/professional-services-marketing-services/ai-search-for-commercial-real-estate-brokerages/,Professional Services,Real estate and property,Service × Industry Landing Page,Commercial real estate brokerages,"AEO, GEO and AI Search",/professional-services-industries/commercial-real-estate-brokerages-marketing-agency/,Index after content threshold,Phase 3,"aeo, geo and ai search for commercial real estate brokerages",professional-services-service-industry-sitemap.xml,Consultus campaign matrix pattern
https://www.consultusdigital.com/professional-services-marketing-services/paid-social-for-commercial-real-estate-brokerages/,/professional-services-marketing-services/paid-social-for-commercial-real-estate-brokerages/,Professional Services,Real estate and property,Service × Industry Landing Page,Commercial real estate brokerages,Paid Social,/professional-services-industries/commercial-real-estate-brokerages-marketing-agency/,Index after content threshold,Phase 3,paid social for commercial real estate brokerages,professional-services-service-industry-sitemap.xml,Consultus campaign matrix pattern
https://www.consultusdigital.com/professional-services-marketing-services/web-design-for-commercial-real-estate-brokerages/,/professional-services-marketing-services/web-design-for-commercial-real-estate-brokerages/,Professional Services,Real estate and property,Service × Industry Landing Page,Commercial real estate brokerages,Website Design and CRO,/professional-services-industries/commercial-real-estate-brokerages-marketing-agency/,Index after content threshold,Phase 3,website design and cro for commercial real estate brokerages,professional-services-service-industry-sitemap.xml,Consultus campaign matrix pattern
https://www.consultusdigital.com/professional-services-marketing-services/crm-revops-for-commercial-real-estate-brokerages/,/professional-services-marketing-services/crm-revops-for-commercial-real-estate-brokerages/,Professional Services,Real estate and property,Service × Industry Landing Page,Commercial real estate brokerages,CRM and Revenue Operations,/professional-services-industries/commercial-real-estate-brokerages-marketing-agency/,Index after content threshold,Phase 3,crm and revenue operations for commercial real estate brokerages,professional-services-service-industry-sitemap.xml,Consultus campaign matrix pattern
https://www.consultusdigital.com/professional-services-marketing-services/thought-leadership-for-commercial-real-estate-brokerages/,/professional-services-marketing-services/thought-leadership-for-commercial-real-estate-brokerages/,Professional Services,Real estate and property,Service × Industry Landing Page,Commercial real estate brokerages,Thought Leadership and Content,/professional-services-industries/commercial-real-estate-brokerages-marketing-agency/,Index after content threshold,Phase 3,thought leadership and content for commercial real estate brokerages,professional-services-service-industry-sitemap.xml,Consultus campaign matrix pattern
https://www.consultusdigital.com/professional-services-marketing-services/ad-creative-for-commercial-real-estate-brokerages/,/professional-services-marketing-services/ad-creative-for-commercial-real-estate-brokerages/,Professional Services,Real estate and property,Service × Industry Landing Page,Commercial real estate brokerages,Ad Creative Production,/professional-services-industries/commercial-real-estate-brokerages-marketing-agency/,Index after content threshold,Phase 3,ad creative production for commercial real estate brokerages,professional-services-service-industry-sitemap.xml,Consultus campaign matrix pattern
https://www.consultusdigital.com/professional-services-marketing-services/analytics-for-commercial-real-estate-brokerages/,/professional-services-marketing-services/analytics-for-commercial-real-estate-brokerages/,Professional Services,Real estate and property,Service × Industry Landing Page,Commercial real estate brokerages,Pipeline Analytics and Attribution,/professional-services-industries/commercial-real-estate-brokerages-marketing-agency/,Index after content threshold,Phase 3,pipeline analytics and attribution for commercial real estate brokerages,professional-services-service-industry-sitemap.xml,Consultus campaign matrix pattern
https://www.consultusdigital.com/professional-services-industries/residential-real-estate-brokerages-marketing-agency/,/professional-services-industries/residential-real-estate-brokerages-marketing-agency/,Professional Services,Real estate and property,Industry Marketing Agency Page,Residential real estate brokerages,,/professional-services-industries/real-estate-and-property/,Index,Phase 2,residential real estate brokerages marketing agency,professional-services-industry-agency-sitemap.xml,https://www.cardinaldigitalmarketing.com/healthcare-specialties/mental-healthcare-providers-agency/
https://www.consultusdigital.com/professional-services-marketing-services/digital-marketing-for-residential-real-estate-brokerages/,/professional-services-marketing-services/digital-marketing-for-residential-real-estate-brokerages/,Professional Services,Real estate and property,Service × Industry Landing Page,Residential real estate brokerages,Digital Marketing Agency,/professional-services-industries/residential-real-estate-brokerages-marketing-agency/,Index after content threshold,Phase 3,digital marketing agency for residential real estate brokerages,professional-services-service-industry-sitemap.xml,Consultus campaign matrix pattern
https://www.consultusdigital.com/professional-services-marketing-services/paid-search-for-residential-real-estate-brokerages/,/professional-services-marketing-services/paid-search-for-residential-real-estate-brokerages/,Professional Services,Real estate and property,Service × Industry Landing Page,Residential real estate brokerages,Paid Search and PPC,/professional-services-industries/residential-real-estate-brokerages-marketing-agency/,Index after content threshold,Phase 3,paid search and ppc for residential real estate brokerages,professional-services-service-industry-sitemap.xml,Consultus campaign matrix pattern
https://www.consultusdigital.com/professional-services-marketing-services/seo-for-residential-real-estate-brokerages/,/professional-services-marketing-services/seo-for-residential-real-estate-brokerages/,Professional Services,Real estate and property,Service × Industry Landing Page,Residential real estate brokerages,SEO,/professional-services-industries/residential-real-estate-brokerages-marketing-agency/,Index after content threshold,Phase 3,seo for residential real estate brokerages,professional-services-service-industry-sitemap.xml,Consultus campaign matrix pattern
https://www.consultusdigital.com/professional-services-marketing-services/ai-search-for-residential-real-estate-brokerages/,/professional-services-marketing-services/ai-search-for-residential-real-estate-brokerages/,Professional Services,Real estate and property,Service × Industry Landing Page,Residential real estate brokerages,"AEO, GEO and AI Search",/professional-services-industries/residential-real-estate-brokerages-marketing-agency/,Index after content threshold,Phase 3,"aeo, geo and ai search for residential real estate brokerages",professional-services-service-industry-sitemap.xml,Consultus campaign matrix pattern
https://www.consultusdigital.com/professional-services-marketing-services/paid-social-for-residential-real-estate-brokerages/,/professional-services-marketing-services/paid-social-for-residential-real-estate-brokerages/,Professional Services,Real estate and property,Service × Industry Landing Page,Residential real estate brokerages,Paid Social,/professional-services-industries/residential-real-estate-brokerages-marketing-agency/,Index after content threshold,Phase 3,paid social for residential real estate brokerages,professional-services-service-industry-sitemap.xml,Consultus campaign matrix pattern
https://www.consultusdigital.com/professional-services-marketing-services/web-design-for-residential-real-estate-brokerages/,/professional-services-marketing-services/web-design-for-residential-real-estate-brokerages/,Professional Services,Real estate and property,Service × Industry Landing Page,Residential real estate brokerages,Website Design and CRO,/professional-services-industries/residential-real-estate-brokerages-marketing-agency/,Index after content threshold,Phase 3,website design and cro for residential real estate brokerages,professional-services-service-industry-sitemap.xml,Consultus campaign matrix pattern
https://www.consultusdigital.com/professional-services-marketing-services/crm-revops-for-residential-real-estate-brokerages/,/professional-services-marketing-services/crm-revops-for-residential-real-estate-brokerages/,Professional Services,Real estate and property,Service × Industry Landing Page,Residential real estate brokerages,CRM and Revenue Operations,/professional-services-industries/residential-real-estate-brokerages-marketing-agency/,Index after content threshold,Phase 3,crm and revenue operations for residential real estate brokerages,professional-services-service-industry-sitemap.xml,Consultus campaign matrix pattern
https://www.consultusdigital.com/professional-services-marketing-services/thought-leadership-for-residential-real-estate-brokerages/,/professional-services-marketing-services/thought-leadership-for-residential-real-estate-brokerages/,Professional Services,Real estate and property,Service × Industry Landing Page,Residential real estate brokerages,Thought Leadership and Content,/professional-services-industries/residential-real-estate-brokerages-marketing-agency/,Index after content threshold,Phase 3,thought leadership and content for residential real estate brokerages,professional-services-service-industry-sitemap.xml,Consultus campaign matrix pattern
https://www.consultusdigital.com/professional-services-marketing-services/ad-creative-for-residential-real-estate-brokerages/,/professional-services-marketing-services/ad-creative-for-residential-real-estate-brokerages/,Professional Services,Real estate and property,Service × Industry Landing Page,Residential real estate brokerages,Ad Creative Production,/professional-services-industries/residential-real-estate-brokerages-marketing-agency/,Index after content threshold,Phase 3,ad creative production for residential real estate brokerages,professional-services-service-industry-sitemap.xml,Consultus campaign matrix pattern
https://www.consultusdigital.com/professional-services-marketing-services/analytics-for-residential-real-estate-brokerages/,/professional-services-marketing-services/analytics-for-residential-real-estate-brokerages/,Professional Services,Real estate and property,Service × Industry Landing Page,Residential real estate brokerages,Pipeline Analytics and Attribution,/professional-services-industries/residential-real-estate-brokerages-marketing-agency/,Index after content threshold,Phase 3,pipeline analytics and attribution for residential real estate brokerages,professional-services-service-industry-sitemap.xml,Consultus campaign matrix pattern
https://www.consultusdigital.com/professional-services-industries/property-management-companies-marketing-agency/,/professional-services-industries/property-management-companies-marketing-agency/,Professional Services,Real estate and property,Industry Marketing Agency Page,Property management companies,,/professional-services-industries/real-estate-and-property/,Index,Phase 2,property management companies marketing agency,professional-services-industry-agency-sitemap.xml,https://www.cardinaldigitalmarketing.com/healthcare-specialties/mental-healthcare-providers-agency/
https://www.consultusdigital.com/professional-services-marketing-services/digital-marketing-for-property-management-companies/,/professional-services-marketing-services/digital-marketing-for-property-management-companies/,Professional Services,Real estate and property,Service × Industry Landing Page,Property management companies,Digital Marketing Agency,/professional-services-industries/property-management-companies-marketing-agency/,Index after content threshold,Phase 3,digital marketing agency for property management companies,professional-services-service-industry-sitemap.xml,Consultus campaign matrix pattern
https://www.consultusdigital.com/professional-services-marketing-services/paid-search-for-property-management-companies/,/professional-services-marketing-services/paid-search-for-property-management-companies/,Professional Services,Real estate and property,Service × Industry Landing Page,Property management companies,Paid Search and PPC,/professional-services-industries/property-management-companies-marketing-agency/,Index after content threshold,Phase 3,paid search and ppc for property management companies,professional-services-service-industry-sitemap.xml,Consultus campaign matrix pattern
https://www.consultusdigital.com/professional-services-marketing-services/seo-for-property-management-companies/,/professional-services-marketing-services/seo-for-property-management-companies/,Professional Services,Real estate and property,Service × Industry Landing Page,Property management companies,SEO,/professional-services-industries/property-management-companies-marketing-agency/,Index after content threshold,Phase 3,seo for property management companies,professional-services-service-industry-sitemap.xml,Consultus campaign matrix pattern
https://www.consultusdigital.com/professional-services-marketing-services/ai-search-for-property-management-companies/,/professional-services-marketing-services/ai-search-for-property-management-companies/,Professional Services,Real estate and property,Service × Industry Landing Page,Property management companies,"AEO, GEO and AI Search",/professional-services-industries/property-management-companies-marketing-agency/,Index after content threshold,Phase 3,"aeo, geo and ai search for property management companies",professional-services-service-industry-sitemap.xml,Consultus campaign matrix pattern
https://www.consultusdigital.com/professional-services-marketing-services/paid-social-for-property-management-companies/,/professional-services-marketing-services/paid-social-for-property-management-companies/,Professional Services,Real estate and property,Service × Industry Landing Page,Property management companies,Paid Social,/professional-services-industries/property-management-companies-marketing-agency/,Index after content threshold,Phase 3,paid social for property management companies,professional-services-service-industry-sitemap.xml,Consultus campaign matrix pattern
https://www.consultusdigital.com/professional-services-marketing-services/web-design-for-property-management-companies/,/professional-services-marketing-services/web-design-for-property-management-companies/,Professional Services,Real estate and property,Service × Industry Landing Page,Property management companies,Website Design and CRO,/professional-services-industries/property-management-companies-marketing-agency/,Index after content threshold,Phase 3,website design and cro for property management companies,professional-services-service-industry-sitemap.xml,Consultus campaign matrix pattern
https://www.consultusdigital.com/professional-services-marketing-services/crm-revops-for-property-management-companies/,/professional-services-marketing-services/crm-revops-for-property-management-companies/,Professional Services,Real estate and property,Service × Industry Landing Page,Property management companies,CRM and Revenue Operations,/professional-services-industries/property-management-companies-marketing-agency/,Index after content threshold,Phase 3,crm and revenue operations for property management companies,professional-services-service-industry-sitemap.xml,Consultus campaign matrix pattern
https://www.consultusdigital.com/professional-services-marketing-services/thought-leadership-for-property-management-companies/,/professional-services-marketing-services/thought-leadership-for-property-management-companies/,Professional Services,Real estate and property,Service × Industry Landing Page,Property management companies,Thought Leadership and Content,/professional-services-industries/property-management-companies-marketing-agency/,Index after content threshold,Phase 3,thought leadership and content for property management companies,professional-services-service-industry-sitemap.xml,Consultus campaign matrix pattern
https://www.consultusdigital.com/professional-services-marketing-services/ad-creative-for-property-management-companies/,/professional-services-marketing-services/ad-creative-for-property-management-companies/,Professional Services,Real estate and property,Service × Industry Landing Page,Property management companies,Ad Creative Production,/professional-services-industries/property-management-companies-marketing-agency/,Index after content threshold,Phase 3,ad creative production for property management companies,professional-services-service-industry-sitemap.xml,Consultus campaign matrix pattern
https://www.consultusdigital.com/professional-services-marketing-services/analytics-for-property-management-companies/,/professional-services-marketing-services/analytics-for-property-management-companies/,Professional Services,Real estate and property,Service × Industry Landing Page,Property management companies,Pipeline Analytics and Attribution,/professional-services-industries/property-management-companies-marketing-agency/,Index after content threshold,Phase 3,pipeline analytics and attribution for property management companies,professional-services-service-industry-sitemap.xml,Consultus campaign matrix pattern
https://www.consultusdigital.com/professional-services-industries/commercial-property-management-firms-marketing-agency/,/professional-services-industries/commercial-property-management-firms-marketing-agency/,Professional Services,Real estate and property,Industry Marketing Agency Page,Commercial property management firms,,/professional-services-industries/real-estate-and-property/,Index,Phase 2,commercial property management firms marketing agency,professional-services-industry-agency-sitemap.xml,https://www.cardinaldigitalmarketing.com/healthcare-specialties/mental-healthcare-providers-agency/
https://www.consultusdigital.com/professional-services-marketing-services/digital-marketing-for-commercial-property-management-firms/,/professional-services-marketing-services/digital-marketing-for-commercial-property-management-firms/,Professional Services,Real estate and property,Service × Industry Landing Page,Commercial property management firms,Digital Marketing Agency,/professional-services-industries/commercial-property-management-firms-marketing-agency/,Index after content threshold,Phase 3,digital marketing agency for commercial property management firms,professional-services-service-industry-sitemap.xml,Consultus campaign matrix pattern
https://www.consultusdigital.com/professional-services-marketing-services/paid-search-for-commercial-property-management-firms/,/professional-services-marketing-services/paid-search-for-commercial-property-management-firms/,Professional Services,Real estate and property,Service × Industry Landing Page,Commercial property management firms,Paid Search and PPC,/professional-services-industries/commercial-property-management-firms-marketing-agency/,Index after content threshold,Phase 3,paid search and ppc for commercial property management firms,professional-services-service-industry-sitemap.xml,Consultus campaign matrix pattern
https://www.consultusdigital.com/professional-services-marketing-services/seo-for-commercial-property-management-firms/,/professional-services-marketing-services/seo-for-commercial-property-management-firms/,Professional Services,Real estate and property,Service × Industry Landing Page,Commercial property management firms,SEO,/professional-services-industries/commercial-property-management-firms-marketing-agency/,Index after content threshold,Phase 3,seo for commercial property management firms,professional-services-service-industry-sitemap.xml,Consultus campaign matrix pattern
https://www.consultusdigital.com/professional-services-marketing-services/ai-search-for-commercial-property-management-firms/,/professional-services-marketing-services/ai-search-for-commercial-property-management-firms/,Professional Services,Real estate and property,Service × Industry Landing Page,Commercial property management firms,"AEO, GEO and AI Search",/professional-services-industries/commercial-property-management-firms-marketing-agency/,Index after content threshold,Phase 3,"aeo, geo and ai search for commercial property management firms",professional-services-service-industry-sitemap.xml,Consultus campaign matrix pattern
https://www.consultusdigital.com/professional-services-marketing-services/paid-social-for-commercial-property-management-firms/,/professional-services-marketing-services/paid-social-for-commercial-property-management-firms/,Professional Services,Real estate and property,Service × Industry Landing Page,Commercial property management firms,Paid Social,/professional-services-industries/commercial-property-management-firms-marketing-agency/,Index after content threshold,Phase 3,paid social for commercial property management firms,professional-services-service-industry-sitemap.xml,Consultus campaign matrix pattern
https://www.consultusdigital.com/professional-services-marketing-services/web-design-for-commercial-property-management-firms/,/professional-services-marketing-services/web-design-for-commercial-property-management-firms/,Professional Services,Real estate and property,Service × Industry Landing Page,Commercial property management firms,Website Design and CRO,/professional-services-industries/commercial-property-management-firms-marketing-agency/,Index after content threshold,Phase 3,website design and cro for commercial property management firms,professional-services-service-industry-sitemap.xml,Consultus campaign matrix pattern
https://www.consultusdigital.com/professional-services-marketing-services/crm-revops-for-commercial-property-management-firms/,/professional-services-marketing-services/crm-revops-for-commercial-property-management-firms/,Professional Services,Real estate and property,Service × Industry Landing Page,Commercial property management firms,CRM and Revenue Operations,/professional-services-industries/commercial-property-management-firms-marketing-agency/,Index after content threshold,Phase 3,crm and revenue operations for commercial property management firms,professional-services-service-industry-sitemap.xml,Consultus campaign matrix pattern
https://www.consultusdigital.com/professional-services-marketing-services/thought-leadership-for-commercial-property-management-firms/,/professional-services-marketing-services/thought-leadership-for-commercial-property-management-firms/,Professional Services,Real estate and property,Service × Industry Landing Page,Commercial property management firms,Thought Leadership and Content,/professional-services-industries/commercial-property-management-firms-marketing-agency/,Index after content threshold,Phase 3,thought leadership and content for commercial property management firms,professional-services-service-industry-sitemap.xml,Consultus campaign matrix pattern
https://www.consultusdigital.com/professional-services-marketing-services/ad-creative-for-commercial-property-management-firms/,/professional-services-marketing-services/ad-creative-for-commercial-property-management-firms/,Professional Services,Real estate and property,Service × Industry Landing Page,Commercial property management firms,Ad Creative Production,/professional-services-industries/commercial-property-management-firms-marketing-agency/,Index after content threshold,Phase 3,ad creative production for commercial property management firms,professional-services-service-industry-sitemap.xml,Consultus campaign matrix pattern
https://www.consultusdigital.com/professional-services-marketing-services/analytics-for-commercial-property-management-firms/,/professional-services-marketing-services/analytics-for-commercial-property-management-firms/,Professional Services,Real estate and property,Service × Industry Landing Page,Commercial property management firms,Pipeline Analytics and Attribution,/professional-services-industries/commercial-property-management-firms-marketing-agency/,Index after content threshold,Phase 3,pipeline analytics and attribution for commercial property management firms,professional-services-service-industry-sitemap.xml,Consultus campaign matrix pattern
https://www.consultusdigital.com/professional-services-industries/real-estate-investment-firms-marketing-agency/,/professional-services-industries/real-estate-investment-firms-marketing-agency/,Professional Services,Real estate and property,Industry Marketing Agency Page,Real estate investment firms,,/professional-services-industries/real-estate-and-property/,Index,Phase 2,real estate investment firms marketing agency,professional-services-industry-agency-sitemap.xml,https://www.cardinaldigitalmarketing.com/healthcare-specialties/mental-healthcare-providers-agency/
https://www.consultusdigital.com/professional-services-marketing-services/digital-marketing-for-real-estate-investment-firms/,/professional-services-marketing-services/digital-marketing-for-real-estate-investment-firms/,Professional Services,Real estate and property,Service × Industry Landing Page,Real estate investment firms,Digital Marketing Agency,/professional-services-industries/real-estate-investment-firms-marketing-agency/,Index after content threshold,Phase 3,digital marketing agency for real estate investment firms,professional-services-service-industry-sitemap.xml,Consultus campaign matrix pattern
https://www.consultusdigital.com/professional-services-marketing-services/paid-search-for-real-estate-investment-firms/,/professional-services-marketing-services/paid-search-for-real-estate-investment-firms/,Professional Services,Real estate and property,Service × Industry Landing Page,Real estate investment firms,Paid Search and PPC,/professional-services-industries/real-estate-investment-firms-marketing-agency/,Index after content threshold,Phase 3,paid search and ppc for real estate investment firms,professional-services-service-industry-sitemap.xml,Consultus campaign matrix pattern
https://www.consultusdigital.com/professional-services-marketing-services/seo-for-real-estate-investment-firms/,/professional-services-marketing-services/seo-for-real-estate-investment-firms/,Professional Services,Real estate and property,Service × Industry Landing Page,Real estate investment firms,SEO,/professional-services-industries/real-estate-investment-firms-marketing-agency/,Index after content threshold,Phase 3,seo for real estate investment firms,professional-services-service-industry-sitemap.xml,Consultus campaign matrix pattern
https://www.consultusdigital.com/professional-services-marketing-services/ai-search-for-real-estate-investment-firms/,/professional-services-marketing-services/ai-search-for-real-estate-investment-firms/,Professional Services,Real estate and property,Service × Industry Landing Page,Real estate investment firms,"AEO, GEO and AI Search",/professional-services-industries/real-estate-investment-firms-marketing-agency/,Index after content threshold,Phase 3,"aeo, geo and ai search for real estate investment firms",professional-services-service-industry-sitemap.xml,Consultus campaign matrix pattern
https://www.consultusdigital.com/professional-services-marketing-services/paid-social-for-real-estate-investment-firms/,/professional-services-marketing-services/paid-social-for-real-estate-investment-firms/,Professional Services,Real estate and property,Service × Industry Landing Page,Real estate investment firms,Paid Social,/professional-services-industries/real-estate-investment-firms-marketing-agency/,Index after content threshold,Phase 3,paid social for real estate investment firms,professional-services-service-industry-sitemap.xml,Consultus campaign matrix pattern
https://www.consultusdigital.com/professional-services-marketing-services/web-design-for-real-estate-investment-firms/,/professional-services-marketing-services/web-design-for-real-estate-investment-firms/,Professional Services,Real estate and property,Service × Industry Landing Page,Real estate investment firms,Website Design and CRO,/professional-services-industries/real-estate-investment-firms-marketing-agency/,Index after content threshold,Phase 3,website design and cro for real estate investment firms,professional-services-service-industry-sitemap.xml,Consultus campaign matrix pattern
https://www.consultusdigital.com/professional-services-marketing-services/crm-revops-for-real-estate-investment-firms/,/professional-services-marketing-services/crm-revops-for-real-estate-investment-firms/,Professional Services,Real estate and property,Service × Industry Landing Page,Real estate investment firms,CRM and Revenue Operations,/professional-services-industries/real-estate-investment-firms-marketing-agency/,Index after content threshold,Phase 3,crm and revenue operations for real estate investment firms,professional-services-service-industry-sitemap.xml,Consultus campaign matrix pattern
https://www.consultusdigital.com/professional-services-marketing-services/thought-leadership-for-real-estate-investment-firms/,/professional-services-marketing-services/thought-leadership-for-real-estate-investment-firms/,Professional Services,Real estate and property,Service × Industry Landing Page,Real estate investment firms,Thought Leadership and Content,/professional-services-industries/real-estate-investment-firms-marketing-agency/,Index after content threshold,Phase 3,thought leadership and content for real estate investment firms,professional-services-service-industry-sitemap.xml,Consultus campaign matrix pattern
https://www.consultusdigital.com/professional-services-marketing-services/ad-creative-for-real-estate-investment-firms/,/professional-services-marketing-services/ad-creative-for-real-estate-investment-firms/,Professional Services,Real estate and property,Service × Industry Landing Page,Real estate investment firms,Ad Creative Production,/professional-services-industries/real-estate-investment-firms-marketing-agency/,Index after content threshold,Phase 3,ad creative production for real estate investment firms,professional-services-service-industry-sitemap.xml,Consultus campaign matrix pattern
https://www.consultusdigital.com/professional-services-marketing-services/analytics-for-real-estate-investment-firms/,/professional-services-marketing-services/analytics-for-real-estate-investment-firms/,Professional Services,Real estate and property,Service × Industry Landing Page,Real estate investment firms,Pipeline Analytics and Attribution,/professional-services-industries/real-estate-investment-firms-marketing-agency/,Index after content threshold,Phase 3,pipeline analytics and attribution for real estate investment firms,professional-services-service-industry-sitemap.xml,Consultus campaign matrix pattern
https://www.consultusdigital.com/professional-services-industries/real-estate-development-firms-marketing-agency/,/professional-services-industries/real-estate-development-firms-marketing-agency/,Professional Services,Real estate and property,Industry Marketing Agency Page,Real estate development firms,,/professional-services-industries/real-estate-and-property/,Index,Phase 2,real estate development firms marketing agency,professional-services-industry-agency-sitemap.xml,https://www.cardinaldigitalmarketing.com/healthcare-specialties/mental-healthcare-providers-agency/
https://www.consultusdigital.com/professional-services-marketing-services/digital-marketing-for-real-estate-development-firms/,/professional-services-marketing-services/digital-marketing-for-real-estate-development-firms/,Professional Services,Real estate and property,Service × Industry Landing Page,Real estate development firms,Digital Marketing Agency,/professional-services-industries/real-estate-development-firms-marketing-agency/,Index after content threshold,Phase 3,digital marketing agency for real estate development firms,professional-services-service-industry-sitemap.xml,Consultus campaign matrix pattern
https://www.consultusdigital.com/professional-services-marketing-services/paid-search-for-real-estate-development-firms/,/professional-services-marketing-services/paid-search-for-real-estate-development-firms/,Professional Services,Real estate and property,Service × Industry Landing Page,Real estate development firms,Paid Search and PPC,/professional-services-industries/real-estate-development-firms-marketing-agency/,Index after content threshold,Phase 3,paid search and ppc for real estate development firms,professional-services-service-industry-sitemap.xml,Consultus campaign matrix pattern
https://www.consultusdigital.com/professional-services-marketing-services/seo-for-real-estate-development-firms/,/professional-services-marketing-services/seo-for-real-estate-development-firms/,Professional Services,Real estate and property,Service × Industry Landing Page,Real estate development firms,SEO,/professional-services-industries/real-estate-development-firms-marketing-agency/,Index after content threshold,Phase 3,seo for real estate development firms,professional-services-service-industry-sitemap.xml,Consultus campaign matrix pattern
https://www.consultusdigital.com/professional-services-marketing-services/ai-search-for-real-estate-development-firms/,/professional-services-marketing-services/ai-search-for-real-estate-development-firms/,Professional Services,Real estate and property,Service × Industry Landing Page,Real estate development firms,"AEO, GEO and AI Search",/professional-services-industries/real-estate-development-firms-marketing-agency/,Index after content threshold,Phase 3,"aeo, geo and ai search for real estate development firms",professional-services-service-industry-sitemap.xml,Consultus campaign matrix pattern
https://www.consultusdigital.com/professional-services-marketing-services/paid-social-for-real-estate-development-firms/,/professional-services-marketing-services/paid-social-for-real-estate-development-firms/,Professional Services,Real estate and property,Service × Industry Landing Page,Real estate development firms,Paid Social,/professional-services-industries/real-estate-development-firms-marketing-agency/,Index after content threshold,Phase 3,paid social for real estate development firms,professional-services-service-industry-sitemap.xml,Consultus campaign matrix pattern
https://www.consultusdigital.com/professional-services-marketing-services/web-design-for-real-estate-development-firms/,/professional-services-marketing-services/web-design-for-real-estate-development-firms/,Professional Services,Real estate and property,Service × Industry Landing Page,Real estate development firms,Website Design and CRO,/professional-services-industries/real-estate-development-firms-marketing-agency/,Index after content threshold,Phase 3,website design and cro for real estate development firms,professional-services-service-industry-sitemap.xml,Consultus campaign matrix pattern
https://www.consultusdigital.com/professional-services-marketing-services/crm-revops-for-real-estate-development-firms/,/professional-services-marketing-services/crm-revops-for-real-estate-development-firms/,Professional Services,Real estate and property,Service × Industry Landing Page,Real estate development firms,CRM and Revenue Operations,/professional-services-industries/real-estate-development-firms-marketing-agency/,Index after content threshold,Phase 3,crm and revenue operations for real estate development firms,professional-services-service-industry-sitemap.xml,Consultus campaign matrix pattern
https://www.consultusdigital.com/professional-services-marketing-services/thought-leadership-for-real-estate-development-firms/,/professional-services-marketing-services/thought-leadership-for-real-estate-development-firms/,Professional Services,Real estate and property,Service × Industry Landing Page,Real estate development firms,Thought Leadership and Content,/professional-services-industries/real-estate-development-firms-marketing-agency/,Index after content threshold,Phase 3,thought leadership and content for real estate development firms,professional-services-service-industry-sitemap.xml,Consultus campaign matrix pattern
https://www.consultusdigital.com/professional-services-marketing-services/ad-creative-for-real-estate-development-firms/,/professional-services-marketing-services/ad-creative-for-real-estate-development-firms/,Professional Services,Real estate and property,Service × Industry Landing Page,Real estate development firms,Ad Creative Production,/professional-services-industries/real-estate-development-firms-marketing-agency/,Index after content threshold,Phase 3,ad creative production for real estate development firms,professional-services-service-industry-sitemap.xml,Consultus campaign matrix pattern
https://www.consultusdigital.com/professional-services-marketing-services/analytics-for-real-estate-development-firms/,/professional-services-marketing-services/analytics-for-real-estate-development-firms/,Professional Services,Real estate and property,Service × Industry Landing Page,Real estate development firms,Pipeline Analytics and Attribution,/professional-services-industries/real-estate-development-firms-marketing-agency/,Index after content threshold,Phase 3,pipeline analytics and attribution for real estate development firms,professional-services-service-industry-sitemap.xml,Consultus campaign matrix pattern
https://www.consultusdigital.com/professional-services-industries/architecture-firms-marketing-agency/,/professional-services-industries/architecture-firms-marketing-agency/,Professional Services,Real estate and property,Industry Marketing Agency Page,Architecture firms,,/professional-services-industries/real-estate-and-property/,Index,Phase 2,architecture firms marketing agency,professional-services-industry-agency-sitemap.xml,https://www.cardinaldigitalmarketing.com/healthcare-specialties/mental-healthcare-providers-agency/
https://www.consultusdigital.com/professional-services-marketing-services/digital-marketing-for-architecture-firms/,/professional-services-marketing-services/digital-marketing-for-architecture-firms/,Professional Services,Real estate and property,Service × Industry Landing Page,Architecture firms,Digital Marketing Agency,/professional-services-industries/architecture-firms-marketing-agency/,Index after content threshold,Phase 3,digital marketing agency for architecture firms,professional-services-service-industry-sitemap.xml,Consultus campaign matrix pattern
https://www.consultusdigital.com/professional-services-marketing-services/paid-search-for-architecture-firms/,/professional-services-marketing-services/paid-search-for-architecture-firms/,Professional Services,Real estate and property,Service × Industry Landing Page,Architecture firms,Paid Search and PPC,/professional-services-industries/architecture-firms-marketing-agency/,Index after content threshold,Phase 3,paid search and ppc for architecture firms,professional-services-service-industry-sitemap.xml,Consultus campaign matrix pattern
https://www.consultusdigital.com/professional-services-marketing-services/seo-for-architecture-firms/,/professional-services-marketing-services/seo-for-architecture-firms/,Professional Services,Real estate and property,Service × Industry Landing Page,Architecture firms,SEO,/professional-services-industries/architecture-firms-marketing-agency/,Index after content threshold,Phase 3,seo for architecture firms,professional-services-service-industry-sitemap.xml,Consultus campaign matrix pattern
https://www.consultusdigital.com/professional-services-marketing-services/ai-search-for-architecture-firms/,/professional-services-marketing-services/ai-search-for-architecture-firms/,Professional Services,Real estate and property,Service × Industry Landing Page,Architecture firms,"AEO, GEO and AI Search",/professional-services-industries/architecture-firms-marketing-agency/,Index after content threshold,Phase 3,"aeo, geo and ai search for architecture firms",professional-services-service-industry-sitemap.xml,Consultus campaign matrix pattern
https://www.consultusdigital.com/professional-services-marketing-services/paid-social-for-architecture-firms/,/professional-services-marketing-services/paid-social-for-architecture-firms/,Professional Services,Real estate and property,Service × Industry Landing Page,Architecture firms,Paid Social,/professional-services-industries/architecture-firms-marketing-agency/,Index after content threshold,Phase 3,paid social for architecture firms,professional-services-service-industry-sitemap.xml,Consultus campaign matrix pattern
https://www.consultusdigital.com/professional-services-marketing-services/web-design-for-architecture-firms/,/professional-services-marketing-services/web-design-for-architecture-firms/,Professional Services,Real estate and property,Service × Industry Landing Page,Architecture firms,Website Design and CRO,/professional-services-industries/architecture-firms-marketing-agency/,Index after content threshold,Phase 3,website design and cro for architecture firms,professional-services-service-industry-sitemap.xml,Consultus campaign matrix pattern
https://www.consultusdigital.com/professional-services-marketing-services/crm-revops-for-architecture-firms/,/professional-services-marketing-services/crm-revops-for-architecture-firms/,Professional Services,Real estate and property,Service × Industry Landing Page,Architecture firms,CRM and Revenue Operations,/professional-services-industries/architecture-firms-marketing-agency/,Index after content threshold,Phase 3,crm and revenue operations for architecture firms,professional-services-service-industry-sitemap.xml,Consultus campaign matrix pattern
https://www.consultusdigital.com/professional-services-marketing-services/thought-leadership-for-architecture-firms/,/professional-services-marketing-services/thought-leadership-for-architecture-firms/,Professional Services,Real estate and property,Service × Industry Landing Page,Architecture firms,Thought Leadership and Content,/professional-services-industries/architecture-firms-marketing-agency/,Index after content threshold,Phase 3,thought leadership and content for architecture firms,professional-services-service-industry-sitemap.xml,Consultus campaign matrix pattern
https://www.consultusdigital.com/professional-services-marketing-services/ad-creative-for-architecture-firms/,/professional-services-marketing-services/ad-creative-for-architecture-firms/,Professional Services,Real estate and property,Service × Industry Landing Page,Architecture firms,Ad Creative Production,/professional-services-industries/architecture-firms-marketing-agency/,Index after content threshold,Phase 3,ad creative production for architecture firms,professional-services-service-industry-sitemap.xml,Consultus campaign matrix pattern
https://www.consultusdigital.com/professional-services-marketing-services/analytics-for-architecture-firms/,/professional-services-marketing-services/analytics-for-architecture-firms/,Professional Services,Real estate and property,Service × Industry Landing Page,Architecture firms,Pipeline Analytics and Attribution,/professional-services-industries/architecture-firms-marketing-agency/,Index after content threshold,Phase 3,pipeline analytics and attribution for architecture firms,professional-services-service-industry-sitemap.xml,Consultus campaign matrix pattern
https://www.consultusdigital.com/professional-services-industries/engineering-firms-marketing-agency/,/professional-services-industries/engineering-firms-marketing-agency/,Professional Services,Real estate and property,Industry Marketing Agency Page,Engineering firms,,/professional-services-industries/real-estate-and-property/,Index,Phase 2,engineering firms marketing agency,professional-services-industry-agency-sitemap.xml,https://www.cardinaldigitalmarketing.com/healthcare-specialties/mental-healthcare-providers-agency/
https://www.consultusdigital.com/professional-services-marketing-services/digital-marketing-for-engineering-firms/,/professional-services-marketing-services/digital-marketing-for-engineering-firms/,Professional Services,Real estate and property,Service × Industry Landing Page,Engineering firms,Digital Marketing Agency,/professional-services-industries/engineering-firms-marketing-agency/,Index after content threshold,Phase 3,digital marketing agency for engineering firms,professional-services-service-industry-sitemap.xml,Consultus campaign matrix pattern
https://www.consultusdigital.com/professional-services-marketing-services/paid-search-for-engineering-firms/,/professional-services-marketing-services/paid-search-for-engineering-firms/,Professional Services,Real estate and property,Service × Industry Landing Page,Engineering firms,Paid Search and PPC,/professional-services-industries/engineering-firms-marketing-agency/,Index after content threshold,Phase 3,paid search and ppc for engineering firms,professional-services-service-industry-sitemap.xml,Consultus campaign matrix pattern
https://www.consultusdigital.com/professional-services-marketing-services/seo-for-engineering-firms/,/professional-services-marketing-services/seo-for-engineering-firms/,Professional Services,Real estate and property,Service × Industry Landing Page,Engineering firms,SEO,/professional-services-industries/engineering-firms-marketing-agency/,Index after content threshold,Phase 3,seo for engineering firms,professional-services-service-industry-sitemap.xml,Consultus campaign matrix pattern
https://www.consultusdigital.com/professional-services-marketing-services/ai-search-for-engineering-firms/,/professional-services-marketing-services/ai-search-for-engineering-firms/,Professional Services,Real estate and property,Service × Industry Landing Page,Engineering firms,"AEO, GEO and AI Search",/professional-services-industries/engineering-firms-marketing-agency/,Index after content threshold,Phase 3,"aeo, geo and ai search for engineering firms",professional-services-service-industry-sitemap.xml,Consultus campaign matrix pattern
https://www.consultusdigital.com/professional-services-marketing-services/paid-social-for-engineering-firms/,/professional-services-marketing-services/paid-social-for-engineering-firms/,Professional Services,Real estate and property,Service × Industry Landing Page,Engineering firms,Paid Social,/professional-services-industries/engineering-firms-marketing-agency/,Index after content threshold,Phase 3,paid social for engineering firms,professional-services-service-industry-sitemap.xml,Consultus campaign matrix pattern
https://www.consultusdigital.com/professional-services-marketing-services/web-design-for-engineering-firms/,/professional-services-marketing-services/web-design-for-engineering-firms/,Professional Services,Real estate and property,Service × Industry Landing Page,Engineering firms,Website Design and CRO,/professional-services-industries/engineering-firms-marketing-agency/,Index after content threshold,Phase 3,website design and cro for engineering firms,professional-services-service-industry-sitemap.xml,Consultus campaign matrix pattern
https://www.consultusdigital.com/professional-services-marketing-services/crm-revops-for-engineering-firms/,/professional-services-marketing-services/crm-revops-for-engineering-firms/,Professional Services,Real estate and property,Service × Industry Landing Page,Engineering firms,CRM and Revenue Operations,/professional-services-industries/engineering-firms-marketing-agency/,Index after content threshold,Phase 3,crm and revenue operations for engineering firms,professional-services-service-industry-sitemap.xml,Consultus campaign matrix pattern
https://www.consultusdigital.com/professional-services-marketing-services/thought-leadership-for-engineering-firms/,/professional-services-marketing-services/thought-leadership-for-engineering-firms/,Professional Services,Real estate and property,Service × Industry Landing Page,Engineering firms,Thought Leadership and Content,/professional-services-industries/engineering-firms-marketing-agency/,Index after content threshold,Phase 3,thought leadership and content for engineering firms,professional-services-service-industry-sitemap.xml,Consultus campaign matrix pattern
https://www.consultusdigital.com/professional-services-marketing-services/ad-creative-for-engineering-firms/,/professional-services-marketing-services/ad-creative-for-engineering-firms/,Professional Services,Real estate and property,Service × Industry Landing Page,Engineering firms,Ad Creative Production,/professional-services-industries/engineering-firms-marketing-agency/,Index after content threshold,Phase 3,ad creative production for engineering firms,professional-services-service-industry-sitemap.xml,Consultus campaign matrix pattern
https://www.consultusdigital.com/professional-services-marketing-services/analytics-for-engineering-firms/,/professional-services-marketing-services/analytics-for-engineering-firms/,Professional Services,Real estate and property,Service × Industry Landing Page,Engineering firms,Pipeline Analytics and Attribution,/professional-services-industries/engineering-firms-marketing-agency/,Index after content threshold,Phase 3,pipeline analytics and attribution for engineering firms,professional-services-service-industry-sitemap.xml,Consultus campaign matrix pattern
https://www.consultusdigital.com/professional-services-industries/surveying-firms-marketing-agency/,/professional-services-industries/surveying-firms-marketing-agency/,Professional Services,Real estate and property,Industry Marketing Agency Page,Surveying firms,,/professional-services-industries/real-estate-and-property/,Index,Phase 2,surveying firms marketing agency,professional-services-industry-agency-sitemap.xml,https://www.cardinaldigitalmarketing.com/healthcare-specialties/mental-healthcare-providers-agency/
https://www.consultusdigital.com/professional-services-marketing-services/digital-marketing-for-surveying-firms/,/professional-services-marketing-services/digital-marketing-for-surveying-firms/,Professional Services,Real estate and property,Service × Industry Landing Page,Surveying firms,Digital Marketing Agency,/professional-services-industries/surveying-firms-marketing-agency/,Index after content threshold,Phase 3,digital marketing agency for surveying firms,professional-services-service-industry-sitemap.xml,Consultus campaign matrix pattern
https://www.consultusdigital.com/professional-services-marketing-services/paid-search-for-surveying-firms/,/professional-services-marketing-services/paid-search-for-surveying-firms/,Professional Services,Real estate and property,Service × Industry Landing Page,Surveying firms,Paid Search and PPC,/professional-services-industries/surveying-firms-marketing-agency/,Index after content threshold,Phase 3,paid search and ppc for surveying firms,professional-services-service-industry-sitemap.xml,Consultus campaign matrix pattern
https://www.consultusdigital.com/professional-services-marketing-services/seo-for-surveying-firms/,/professional-services-marketing-services/seo-for-surveying-firms/,Professional Services,Real estate and property,Service × Industry Landing Page,Surveying firms,SEO,/professional-services-industries/surveying-firms-marketing-agency/,Index after content threshold,Phase 3,seo for surveying firms,professional-services-service-industry-sitemap.xml,Consultus campaign matrix pattern
https://www.consultusdigital.com/professional-services-marketing-services/ai-search-for-surveying-firms/,/professional-services-marketing-services/ai-search-for-surveying-firms/,Professional Services,Real estate and property,Service × Industry Landing Page,Surveying firms,"AEO, GEO and AI Search",/professional-services-industries/surveying-firms-marketing-agency/,Index after content threshold,Phase 3,"aeo, geo and ai search for surveying firms",professional-services-service-industry-sitemap.xml,Consultus campaign matrix pattern
https://www.consultusdigital.com/professional-services-marketing-services/paid-social-for-surveying-firms/,/professional-services-marketing-services/paid-social-for-surveying-firms/,Professional Services,Real estate and property,Service × Industry Landing Page,Surveying firms,Paid Social,/professional-services-industries/surveying-firms-marketing-agency/,Index after content threshold,Phase 3,paid social for surveying firms,professional-services-service-industry-sitemap.xml,Consultus campaign matrix pattern
https://www.consultusdigital.com/professional-services-marketing-services/web-design-for-surveying-firms/,/professional-services-marketing-services/web-design-for-surveying-firms/,Professional Services,Real estate and property,Service × Industry Landing Page,Surveying firms,Website Design and CRO,/professional-services-industries/surveying-firms-marketing-agency/,Index after content threshold,Phase 3,website design and cro for surveying firms,professional-services-service-industry-sitemap.xml,Consultus campaign matrix pattern
https://www.consultusdigital.com/professional-services-marketing-services/crm-revops-for-surveying-firms/,/professional-services-marketing-services/crm-revops-for-surveying-firms/,Professional Services,Real estate and property,Service × Industry Landing Page,Surveying firms,CRM and Revenue Operations,/professional-services-industries/surveying-firms-marketing-agency/,Index after content threshold,Phase 3,crm and revenue operations for surveying firms,professional-services-service-industry-sitemap.xml,Consultus campaign matrix pattern
https://www.consultusdigital.com/professional-services-marketing-services/thought-leadership-for-surveying-firms/,/professional-services-marketing-services/thought-leadership-for-surveying-firms/,Professional Services,Real estate and property,Service × Industry Landing Page,Surveying firms,Thought Leadership and Content,/professional-services-industries/surveying-firms-marketing-agency/,Index after content threshold,Phase 3,thought leadership and content for surveying firms,professional-services-service-industry-sitemap.xml,Consultus campaign matrix pattern
https://www.consultusdigital.com/professional-services-marketing-services/ad-creative-for-surveying-firms/,/professional-services-marketing-services/ad-creative-for-surveying-firms/,Professional Services,Real estate and property,Service × Industry Landing Page,Surveying firms,Ad Creative Production,/professional-services-industries/surveying-firms-marketing-agency/,Index after content threshold,Phase 3,ad creative production for surveying firms,professional-services-service-industry-sitemap.xml,Consultus campaign matrix pattern
https://www.consultusdigital.com/professional-services-marketing-services/analytics-for-surveying-firms/,/professional-services-marketing-services/analytics-for-surveying-firms/,Professional Services,Real estate and property,Service × Industry Landing Page,Surveying firms,Pipeline Analytics and Attribution,/professional-services-industries/surveying-firms-marketing-agency/,Index after content threshold,Phase 3,pipeline analytics and attribution for surveying firms,professional-services-service-industry-sitemap.xml,Consultus campaign matrix pattern
https://www.consultusdigital.com/professional-services-industries/appraisal-firms-marketing-agency/,/professional-services-industries/appraisal-firms-marketing-agency/,Professional Services,Real estate and property,Industry Marketing Agency Page,Appraisal firms,,/professional-services-industries/real-estate-and-property/,Index,Phase 2,appraisal firms marketing agency,professional-services-industry-agency-sitemap.xml,https://www.cardinaldigitalmarketing.com/healthcare-specialties/mental-healthcare-providers-agency/
https://www.consultusdigital.com/professional-services-marketing-services/digital-marketing-for-appraisal-firms/,/professional-services-marketing-services/digital-marketing-for-appraisal-firms/,Professional Services,Real estate and property,Service × Industry Landing Page,Appraisal firms,Digital Marketing Agency,/professional-services-industries/appraisal-firms-marketing-agency/,Index after content threshold,Phase 3,digital marketing agency for appraisal firms,professional-services-service-industry-sitemap.xml,Consultus campaign matrix pattern
https://www.consultusdigital.com/professional-services-marketing-services/paid-search-for-appraisal-firms/,/professional-services-marketing-services/paid-search-for-appraisal-firms/,Professional Services,Real estate and property,Service × Industry Landing Page,Appraisal firms,Paid Search and PPC,/professional-services-industries/appraisal-firms-marketing-agency/,Index after content threshold,Phase 3,paid search and ppc for appraisal firms,professional-services-service-industry-sitemap.xml,Consultus campaign matrix pattern
https://www.consultusdigital.com/professional-services-marketing-services/seo-for-appraisal-firms/,/professional-services-marketing-services/seo-for-appraisal-firms/,Professional Services,Real estate and property,Service × Industry Landing Page,Appraisal firms,SEO,/professional-services-industries/appraisal-firms-marketing-agency/,Index after content threshold,Phase 3,seo for appraisal firms,professional-services-service-industry-sitemap.xml,Consultus campaign matrix pattern
https://www.consultusdigital.com/professional-services-marketing-services/ai-search-for-appraisal-firms/,/professional-services-marketing-services/ai-search-for-appraisal-firms/,Professional Services,Real estate and property,Service × Industry Landing Page,Appraisal firms,"AEO, GEO and AI Search",/professional-services-industries/appraisal-firms-marketing-agency/,Index after content threshold,Phase 3,"aeo, geo and ai search for appraisal firms",professional-services-service-industry-sitemap.xml,Consultus campaign matrix pattern
https://www.consultusdigital.com/professional-services-marketing-services/paid-social-for-appraisal-firms/,/professional-services-marketing-services/paid-social-for-appraisal-firms/,Professional Services,Real estate and property,Service × Industry Landing Page,Appraisal firms,Paid Social,/professional-services-industries/appraisal-firms-marketing-agency/,Index after content threshold,Phase 3,paid social for appraisal firms,professional-services-service-industry-sitemap.xml,Consultus campaign matrix pattern
https://www.consultusdigital.com/professional-services-marketing-services/web-design-for-appraisal-firms/,/professional-services-marketing-services/web-design-for-appraisal-firms/,Professional Services,Real estate and property,Service × Industry Landing Page,Appraisal firms,Website Design and CRO,/professional-services-industries/appraisal-firms-marketing-agency/,Index after content threshold,Phase 3,website design and cro for appraisal firms,professional-services-service-industry-sitemap.xml,Consultus campaign matrix pattern
https://www.consultusdigital.com/professional-services-marketing-services/crm-revops-for-appraisal-firms/,/professional-services-marketing-services/crm-revops-for-appraisal-firms/,Professional Services,Real estate and property,Service × Industry Landing Page,Appraisal firms,CRM and Revenue Operations,/professional-services-industries/appraisal-firms-marketing-agency/,Index after content threshold,Phase 3,crm and revenue operations for appraisal firms,professional-services-service-industry-sitemap.xml,Consultus campaign matrix pattern
https://www.consultusdigital.com/professional-services-marketing-services/thought-leadership-for-appraisal-firms/,/professional-services-marketing-services/thought-leadership-for-appraisal-firms/,Professional Services,Real estate and property,Service × Industry Landing Page,Appraisal firms,Thought Leadership and Content,/professional-services-industries/appraisal-firms-marketing-agency/,Index after content threshold,Phase 3,thought leadership and content for appraisal firms,professional-services-service-industry-sitemap.xml,Consultus campaign matrix pattern
https://www.consultusdigital.com/professional-services-marketing-services/ad-creative-for-appraisal-firms/,/professional-services-marketing-services/ad-creative-for-appraisal-firms/,Professional Services,Real estate and property,Service × Industry Landing Page,Appraisal firms,Ad Creative Production,/professional-services-industries/appraisal-firms-marketing-agency/,Index after content threshold,Phase 3,ad creative production for appraisal firms,professional-services-service-industry-sitemap.xml,Consultus campaign matrix pattern
https://www.consultusdigital.com/professional-services-marketing-services/analytics-for-appraisal-firms/,/professional-services-marketing-services/analytics-for-appraisal-firms/,Professional Services,Real estate and property,Service × Industry Landing Page,Appraisal firms,Pipeline Analytics and Attribution,/professional-services-industries/appraisal-firms-marketing-agency/,Index after content threshold,Phase 3,pipeline analytics and attribution for appraisal firms,professional-services-service-industry-sitemap.xml,Consultus campaign matrix pattern
https://www.consultusdigital.com/professional-services-industries/mortgage-appraisal-companies-marketing-agency/,/professional-services-industries/mortgage-appraisal-companies-marketing-agency/,Professional Services,Real estate and property,Industry Marketing Agency Page,Mortgage appraisal companies,,/professional-services-industries/real-estate-and-property/,Index,Phase 2,mortgage appraisal companies marketing agency,professional-services-industry-agency-sitemap.xml,https://www.cardinaldigitalmarketing.com/healthcare-specialties/mental-healthcare-providers-agency/
https://www.consultusdigital.com/professional-services-marketing-services/digital-marketing-for-mortgage-appraisal-companies/,/professional-services-marketing-services/digital-marketing-for-mortgage-appraisal-companies/,Professional Services,Real estate and property,Service × Industry Landing Page,Mortgage appraisal companies,Digital Marketing Agency,/professional-services-industries/mortgage-appraisal-companies-marketing-agency/,Index after content threshold,Phase 3,digital marketing agency for mortgage appraisal companies,professional-services-service-industry-sitemap.xml,Consultus campaign matrix pattern
https://www.consultusdigital.com/professional-services-marketing-services/paid-search-for-mortgage-appraisal-companies/,/professional-services-marketing-services/paid-search-for-mortgage-appraisal-companies/,Professional Services,Real estate and property,Service × Industry Landing Page,Mortgage appraisal companies,Paid Search and PPC,/professional-services-industries/mortgage-appraisal-companies-marketing-agency/,Index after content threshold,Phase 3,paid search and ppc for mortgage appraisal companies,professional-services-service-industry-sitemap.xml,Consultus campaign matrix pattern
https://www.consultusdigital.com/professional-services-marketing-services/seo-for-mortgage-appraisal-companies/,/professional-services-marketing-services/seo-for-mortgage-appraisal-companies/,Professional Services,Real estate and property,Service × Industry Landing Page,Mortgage appraisal companies,SEO,/professional-services-industries/mortgage-appraisal-companies-marketing-agency/,Index after content threshold,Phase 3,seo for mortgage appraisal companies,professional-services-service-industry-sitemap.xml,Consultus campaign matrix pattern
https://www.consultusdigital.com/professional-services-marketing-services/ai-search-for-mortgage-appraisal-companies/,/professional-services-marketing-services/ai-search-for-mortgage-appraisal-companies/,Professional Services,Real estate and property,Service × Industry Landing Page,Mortgage appraisal companies,"AEO, GEO and AI Search",/professional-services-industries/mortgage-appraisal-companies-marketing-agency/,Index after content threshold,Phase 3,"aeo, geo and ai search for mortgage appraisal companies",professional-services-service-industry-sitemap.xml,Consultus campaign matrix pattern
https://www.consultusdigital.com/professional-services-marketing-services/paid-social-for-mortgage-appraisal-companies/,/professional-services-marketing-services/paid-social-for-mortgage-appraisal-companies/,Professional Services,Real estate and property,Service × Industry Landing Page,Mortgage appraisal companies,Paid Social,/professional-services-industries/mortgage-appraisal-companies-marketing-agency/,Index after content threshold,Phase 3,paid social for mortgage appraisal companies,professional-services-service-industry-sitemap.xml,Consultus campaign matrix pattern
https://www.consultusdigital.com/professional-services-marketing-services/web-design-for-mortgage-appraisal-companies/,/professional-services-marketing-services/web-design-for-mortgage-appraisal-companies/,Professional Services,Real estate and property,Service × Industry Landing Page,Mortgage appraisal companies,Website Design and CRO,/professional-services-industries/mortgage-appraisal-companies-marketing-agency/,Index after content threshold,Phase 3,website design and cro for mortgage appraisal companies,professional-services-service-industry-sitemap.xml,Consultus campaign matrix pattern
https://www.consultusdigital.com/professional-services-marketing-services/crm-revops-for-mortgage-appraisal-companies/,/professional-services-marketing-services/crm-revops-for-mortgage-appraisal-companies/,Professional Services,Real estate and property,Service × Industry Landing Page,Mortgage appraisal companies,CRM and Revenue Operations,/professional-services-industries/mortgage-appraisal-companies-marketing-agency/,Index after content threshold,Phase 3,crm and revenue operations for mortgage appraisal companies,professional-services-service-industry-sitemap.xml,Consultus campaign matrix pattern
https://www.consultusdigital.com/professional-services-marketing-services/thought-leadership-for-mortgage-appraisal-companies/,/professional-services-marketing-services/thought-leadership-for-mortgage-appraisal-companies/,Professional Services,Real estate and property,Service × Industry Landing Page,Mortgage appraisal companies,Thought Leadership and Content,/professional-services-industries/mortgage-appraisal-companies-marketing-agency/,Index after content threshold,Phase 3,thought leadership and content for mortgage appraisal companies,professional-services-service-industry-sitemap.xml,Consultus campaign matrix pattern
https://www.consultusdigital.com/professional-services-marketing-services/ad-creative-for-mortgage-appraisal-companies/,/professional-services-marketing-services/ad-creative-for-mortgage-appraisal-companies/,Professional Services,Real estate and property,Service × Industry Landing Page,Mortgage appraisal companies,Ad Creative Production,/professional-services-industries/mortgage-appraisal-companies-marketing-agency/,Index after content threshold,Phase 3,ad creative production for mortgage appraisal companies,professional-services-service-industry-sitemap.xml,Consultus campaign matrix pattern
https://www.consultusdigital.com/professional-services-marketing-services/analytics-for-mortgage-appraisal-companies/,/professional-services-marketing-services/analytics-for-mortgage-appraisal-companies/,Professional Services,Real estate and property,Service × Industry Landing Page,Mortgage appraisal companies,Pipeline Analytics and Attribution,/professional-services-industries/mortgage-appraisal-companies-marketing-agency/,Index after content threshold,Phase 3,pipeline analytics and attribution for mortgage appraisal companies,professional-services-service-industry-sitemap.xml,Consultus campaign matrix pattern
https://www.consultusdigital.com/professional-services-industries/recruitment-and-people-services/,/professional-services-industries/recruitment-and-people-services/,Professional Services,Recruitment and people services,Sector Hub,Recruitment and people services,,/professional-services-industries/,Index,Phase 1,recruitment and people services marketing agency,professional-services-industry-agency-sitemap.xml,https://www.cardinaldigitalmarketing.com/healthcare-specialties/mental-healthcare-providers-agency/
https://www.consultusdigital.com/professional-services-industries/recruitment-agencies-marketing-agency/,/professional-services-industries/recruitment-agencies-marketing-agency/,Professional Services,Recruitment and people services,Industry Marketing Agency Page,Recruitment agencies,,/professional-services-industries/recruitment-and-people-services/,Index,Phase 2,recruitment agencies marketing agency,professional-services-industry-agency-sitemap.xml,https://www.cardinaldigitalmarketing.com/healthcare-specialties/mental-healthcare-providers-agency/
https://www.consultusdigital.com/professional-services-marketing-services/digital-marketing-for-recruitment-agencies/,/professional-services-marketing-services/digital-marketing-for-recruitment-agencies/,Professional Services,Recruitment and people services,Service × Industry Landing Page,Recruitment agencies,Digital Marketing Agency,/professional-services-industries/recruitment-agencies-marketing-agency/,Index after content threshold,Phase 3,digital marketing agency for recruitment agencies,professional-services-service-industry-sitemap.xml,Consultus campaign matrix pattern
https://www.consultusdigital.com/professional-services-marketing-services/paid-search-for-recruitment-agencies/,/professional-services-marketing-services/paid-search-for-recruitment-agencies/,Professional Services,Recruitment and people services,Service × Industry Landing Page,Recruitment agencies,Paid Search and PPC,/professional-services-industries/recruitment-agencies-marketing-agency/,Index after content threshold,Phase 3,paid search and ppc for recruitment agencies,professional-services-service-industry-sitemap.xml,Consultus campaign matrix pattern
https://www.consultusdigital.com/professional-services-marketing-services/seo-for-recruitment-agencies/,/professional-services-marketing-services/seo-for-recruitment-agencies/,Professional Services,Recruitment and people services,Service × Industry Landing Page,Recruitment agencies,SEO,/professional-services-industries/recruitment-agencies-marketing-agency/,Index after content threshold,Phase 3,seo for recruitment agencies,professional-services-service-industry-sitemap.xml,Consultus campaign matrix pattern
https://www.consultusdigital.com/professional-services-marketing-services/ai-search-for-recruitment-agencies/,/professional-services-marketing-services/ai-search-for-recruitment-agencies/,Professional Services,Recruitment and people services,Service × Industry Landing Page,Recruitment agencies,"AEO, GEO and AI Search",/professional-services-industries/recruitment-agencies-marketing-agency/,Index after content threshold,Phase 3,"aeo, geo and ai search for recruitment agencies",professional-services-service-industry-sitemap.xml,Consultus campaign matrix pattern
https://www.consultusdigital.com/professional-services-marketing-services/paid-social-for-recruitment-agencies/,/professional-services-marketing-services/paid-social-for-recruitment-agencies/,Professional Services,Recruitment and people services,Service × Industry Landing Page,Recruitment agencies,Paid Social,/professional-services-industries/recruitment-agencies-marketing-agency/,Index after content threshold,Phase 3,paid social for recruitment agencies,professional-services-service-industry-sitemap.xml,Consultus campaign matrix pattern
https://www.consultusdigital.com/professional-services-marketing-services/web-design-for-recruitment-agencies/,/professional-services-marketing-services/web-design-for-recruitment-agencies/,Professional Services,Recruitment and people services,Service × Industry Landing Page,Recruitment agencies,Website Design and CRO,/professional-services-industries/recruitment-agencies-marketing-agency/,Index after content threshold,Phase 3,website design and cro for recruitment agencies,professional-services-service-industry-sitemap.xml,Consultus campaign matrix pattern
https://www.consultusdigital.com/professional-services-marketing-services/crm-revops-for-recruitment-agencies/,/professional-services-marketing-services/crm-revops-for-recruitment-agencies/,Professional Services,Recruitment and people services,Service × Industry Landing Page,Recruitment agencies,CRM and Revenue Operations,/professional-services-industries/recruitment-agencies-marketing-agency/,Index after content threshold,Phase 3,crm and revenue operations for recruitment agencies,professional-services-service-industry-sitemap.xml,Consultus campaign matrix pattern
https://www.consultusdigital.com/professional-services-marketing-services/thought-leadership-for-recruitment-agencies/,/professional-services-marketing-services/thought-leadership-for-recruitment-agencies/,Professional Services,Recruitment and people services,Service × Industry Landing Page,Recruitment agencies,Thought Leadership and Content,/professional-services-industries/recruitment-agencies-marketing-agency/,Index after content threshold,Phase 3,thought leadership and content for recruitment agencies,professional-services-service-industry-sitemap.xml,Consultus campaign matrix pattern
https://www.consultusdigital.com/professional-services-marketing-services/ad-creative-for-recruitment-agencies/,/professional-services-marketing-services/ad-creative-for-recruitment-agencies/,Professional Services,Recruitment and people services,Service × Industry Landing Page,Recruitment agencies,Ad Creative Production,/professional-services-industries/recruitment-agencies-marketing-agency/,Index after content threshold,Phase 3,ad creative production for recruitment agencies,professional-services-service-industry-sitemap.xml,Consultus campaign matrix pattern
https://www.consultusdigital.com/professional-services-marketing-services/analytics-for-recruitment-agencies/,/professional-services-marketing-services/analytics-for-recruitment-agencies/,Professional Services,Recruitment and people services,Service × Industry Landing Page,Recruitment agencies,Pipeline Analytics and Attribution,/professional-services-industries/recruitment-agencies-marketing-agency/,Index after content threshold,Phase 3,pipeline analytics and attribution for recruitment agencies,professional-services-service-industry-sitemap.xml,Consultus campaign matrix pattern
https://www.consultusdigital.com/professional-services-industries/executive-search-firms-marketing-agency/,/professional-services-industries/executive-search-firms-marketing-agency/,Professional Services,Recruitment and people services,Industry Marketing Agency Page,Executive search firms,,/professional-services-industries/recruitment-and-people-services/,Index,Phase 2,executive search firms marketing agency,professional-services-industry-agency-sitemap.xml,https://www.cardinaldigitalmarketing.com/healthcare-specialties/mental-healthcare-providers-agency/
https://www.consultusdigital.com/professional-services-marketing-services/digital-marketing-for-executive-search-firms/,/professional-services-marketing-services/digital-marketing-for-executive-search-firms/,Professional Services,Recruitment and people services,Service × Industry Landing Page,Executive search firms,Digital Marketing Agency,/professional-services-industries/executive-search-firms-marketing-agency/,Index after content threshold,Phase 3,digital marketing agency for executive search firms,professional-services-service-industry-sitemap.xml,Consultus campaign matrix pattern
https://www.consultusdigital.com/professional-services-marketing-services/paid-search-for-executive-search-firms/,/professional-services-marketing-services/paid-search-for-executive-search-firms/,Professional Services,Recruitment and people services,Service × Industry Landing Page,Executive search firms,Paid Search and PPC,/professional-services-industries/executive-search-firms-marketing-agency/,Index after content threshold,Phase 3,paid search and ppc for executive search firms,professional-services-service-industry-sitemap.xml,Consultus campaign matrix pattern
https://www.consultusdigital.com/professional-services-marketing-services/seo-for-executive-search-firms/,/professional-services-marketing-services/seo-for-executive-search-firms/,Professional Services,Recruitment and people services,Service × Industry Landing Page,Executive search firms,SEO,/professional-services-industries/executive-search-firms-marketing-agency/,Index after content threshold,Phase 3,seo for executive search firms,professional-services-service-industry-sitemap.xml,Consultus campaign matrix pattern
https://www.consultusdigital.com/professional-services-marketing-services/ai-search-for-executive-search-firms/,/professional-services-marketing-services/ai-search-for-executive-search-firms/,Professional Services,Recruitment and people services,Service × Industry Landing Page,Executive search firms,"AEO, GEO and AI Search",/professional-services-industries/executive-search-firms-marketing-agency/,Index after content threshold,Phase 3,"aeo, geo and ai search for executive search firms",professional-services-service-industry-sitemap.xml,Consultus campaign matrix pattern
https://www.consultusdigital.com/professional-services-marketing-services/paid-social-for-executive-search-firms/,/professional-services-marketing-services/paid-social-for-executive-search-firms/,Professional Services,Recruitment and people services,Service × Industry Landing Page,Executive search firms,Paid Social,/professional-services-industries/executive-search-firms-marketing-agency/,Index after content threshold,Phase 3,paid social for executive search firms,professional-services-service-industry-sitemap.xml,Consultus campaign matrix pattern
https://www.consultusdigital.com/professional-services-marketing-services/web-design-for-executive-search-firms/,/professional-services-marketing-services/web-design-for-executive-search-firms/,Professional Services,Recruitment and people services,Service × Industry Landing Page,Executive search firms,Website Design and CRO,/professional-services-industries/executive-search-firms-marketing-agency/,Index after content threshold,Phase 3,website design and cro for executive search firms,professional-services-service-industry-sitemap.xml,Consultus campaign matrix pattern
https://www.consultusdigital.com/professional-services-marketing-services/crm-revops-for-executive-search-firms/,/professional-services-marketing-services/crm-revops-for-executive-search-firms/,Professional Services,Recruitment and people services,Service × Industry Landing Page,Executive search firms,CRM and Revenue Operations,/professional-services-industries/executive-search-firms-marketing-agency/,Index after content threshold,Phase 3,crm and revenue operations for executive search firms,professional-services-service-industry-sitemap.xml,Consultus campaign matrix pattern
https://www.consultusdigital.com/professional-services-marketing-services/thought-leadership-for-executive-search-firms/,/professional-services-marketing-services/thought-leadership-for-executive-search-firms/,Professional Services,Recruitment and people services,Service × Industry Landing Page,Executive search firms,Thought Leadership and Content,/professional-services-industries/executive-search-firms-marketing-agency/,Index after content threshold,Phase 3,thought leadership and content for executive search firms,professional-services-service-industry-sitemap.xml,Consultus campaign matrix pattern
https://www.consultusdigital.com/professional-services-marketing-services/ad-creative-for-executive-search-firms/,/professional-services-marketing-services/ad-creative-for-executive-search-firms/,Professional Services,Recruitment and people services,Service × Industry Landing Page,Executive search firms,Ad Creative Production,/professional-services-industries/executive-search-firms-marketing-agency/,Index after content threshold,Phase 3,ad creative production for executive search firms,professional-services-service-industry-sitemap.xml,Consultus campaign matrix pattern
https://www.consultusdigital.com/professional-services-marketing-services/analytics-for-executive-search-firms/,/professional-services-marketing-services/analytics-for-executive-search-firms/,Professional Services,Recruitment and people services,Service × Industry Landing Page,Executive search firms,Pipeline Analytics and Attribution,/professional-services-industries/executive-search-firms-marketing-agency/,Index after content threshold,Phase 3,pipeline analytics and attribution for executive search firms,professional-services-service-industry-sitemap.xml,Consultus campaign matrix pattern
https://www.consultusdigital.com/professional-services-industries/staffing-agencies-marketing-agency/,/professional-services-industries/staffing-agencies-marketing-agency/,Professional Services,Recruitment and people services,Industry Marketing Agency Page,Staffing agencies,,/professional-services-industries/recruitment-and-people-services/,Index,Phase 2,staffing agencies marketing agency,professional-services-industry-agency-sitemap.xml,https://www.cardinaldigitalmarketing.com/healthcare-specialties/mental-healthcare-providers-agency/
https://www.consultusdigital.com/professional-services-marketing-services/digital-marketing-for-staffing-agencies/,/professional-services-marketing-services/digital-marketing-for-staffing-agencies/,Professional Services,Recruitment and people services,Service × Industry Landing Page,Staffing agencies,Digital Marketing Agency,/professional-services-industries/staffing-agencies-marketing-agency/,Index after content threshold,Phase 3,digital marketing agency for staffing agencies,professional-services-service-industry-sitemap.xml,Consultus campaign matrix pattern
https://www.consultusdigital.com/professional-services-marketing-services/paid-search-for-staffing-agencies/,/professional-services-marketing-services/paid-search-for-staffing-agencies/,Professional Services,Recruitment and people services,Service × Industry Landing Page,Staffing agencies,Paid Search and PPC,/professional-services-industries/staffing-agencies-marketing-agency/,Index after content threshold,Phase 3,paid search and ppc for staffing agencies,professional-services-service-industry-sitemap.xml,Consultus campaign matrix pattern
https://www.consultusdigital.com/professional-services-marketing-services/seo-for-staffing-agencies/,/professional-services-marketing-services/seo-for-staffing-agencies/,Professional Services,Recruitment and people services,Service × Industry Landing Page,Staffing agencies,SEO,/professional-services-industries/staffing-agencies-marketing-agency/,Index after content threshold,Phase 3,seo for staffing agencies,professional-services-service-industry-sitemap.xml,Consultus campaign matrix pattern
https://www.consultusdigital.com/professional-services-marketing-services/ai-search-for-staffing-agencies/,/professional-services-marketing-services/ai-search-for-staffing-agencies/,Professional Services,Recruitment and people services,Service × Industry Landing Page,Staffing agencies,"AEO, GEO and AI Search",/professional-services-industries/staffing-agencies-marketing-agency/,Index after content threshold,Phase 3,"aeo, geo and ai search for staffing agencies",professional-services-service-industry-sitemap.xml,Consultus campaign matrix pattern
https://www.consultusdigital.com/professional-services-marketing-services/paid-social-for-staffing-agencies/,/professional-services-marketing-services/paid-social-for-staffing-agencies/,Professional Services,Recruitment and people services,Service × Industry Landing Page,Staffing agencies,Paid Social,/professional-services-industries/staffing-agencies-marketing-agency/,Index after content threshold,Phase 3,paid social for staffing agencies,professional-services-service-industry-sitemap.xml,Consultus campaign matrix pattern
https://www.consultusdigital.com/professional-services-marketing-services/web-design-for-staffing-agencies/,/professional-services-marketing-services/web-design-for-staffing-agencies/,Professional Services,Recruitment and people services,Service × Industry Landing Page,Staffing agencies,Website Design and CRO,/professional-services-industries/staffing-agencies-marketing-agency/,Index after content threshold,Phase 3,website design and cro for staffing agencies,professional-services-service-industry-sitemap.xml,Consultus campaign matrix pattern
https://www.consultusdigital.com/professional-services-marketing-services/crm-revops-for-staffing-agencies/,/professional-services-marketing-services/crm-revops-for-staffing-agencies/,Professional Services,Recruitment and people services,Service × Industry Landing Page,Staffing agencies,CRM and Revenue Operations,/professional-services-industries/staffing-agencies-marketing-agency/,Index after content threshold,Phase 3,crm and revenue operations for staffing agencies,professional-services-service-industry-sitemap.xml,Consultus campaign matrix pattern
https://www.consultusdigital.com/professional-services-marketing-services/thought-leadership-for-staffing-agencies/,/professional-services-marketing-services/thought-leadership-for-staffing-agencies/,Professional Services,Recruitment and people services,Service × Industry Landing Page,Staffing agencies,Thought Leadership and Content,/professional-services-industries/staffing-agencies-marketing-agency/,Index after content threshold,Phase 3,thought leadership and content for staffing agencies,professional-services-service-industry-sitemap.xml,Consultus campaign matrix pattern
https://www.consultusdigital.com/professional-services-marketing-services/ad-creative-for-staffing-agencies/,/professional-services-marketing-services/ad-creative-for-staffing-agencies/,Professional Services,Recruitment and people services,Service × Industry Landing Page,Staffing agencies,Ad Creative Production,/professional-services-industries/staffing-agencies-marketing-agency/,Index after content threshold,Phase 3,ad creative production for staffing agencies,professional-services-service-industry-sitemap.xml,Consultus campaign matrix pattern
https://www.consultusdigital.com/professional-services-marketing-services/analytics-for-staffing-agencies/,/professional-services-marketing-services/analytics-for-staffing-agencies/,Professional Services,Recruitment and people services,Service × Industry Landing Page,Staffing agencies,Pipeline Analytics and Attribution,/professional-services-industries/staffing-agencies-marketing-agency/,Index after content threshold,Phase 3,pipeline analytics and attribution for staffing agencies,professional-services-service-industry-sitemap.xml,Consultus campaign matrix pattern
https://www.consultusdigital.com/professional-services-industries/healthcare-staffing-firms-marketing-agency/,/professional-services-industries/healthcare-staffing-firms-marketing-agency/,Professional Services,Recruitment and people services,Industry Marketing Agency Page,Healthcare staffing firms,,/professional-services-industries/recruitment-and-people-services/,Index,Phase 2,healthcare staffing firms marketing agency,professional-services-industry-agency-sitemap.xml,https://www.cardinaldigitalmarketing.com/healthcare-specialties/mental-healthcare-providers-agency/
https://www.consultusdigital.com/professional-services-marketing-services/digital-marketing-for-healthcare-staffing-firms/,/professional-services-marketing-services/digital-marketing-for-healthcare-staffing-firms/,Professional Services,Recruitment and people services,Service × Industry Landing Page,Healthcare staffing firms,Digital Marketing Agency,/professional-services-industries/healthcare-staffing-firms-marketing-agency/,Index after content threshold,Phase 3,digital marketing agency for healthcare staffing firms,professional-services-service-industry-sitemap.xml,Consultus campaign matrix pattern
https://www.consultusdigital.com/professional-services-marketing-services/paid-search-for-healthcare-staffing-firms/,/professional-services-marketing-services/paid-search-for-healthcare-staffing-firms/,Professional Services,Recruitment and people services,Service × Industry Landing Page,Healthcare staffing firms,Paid Search and PPC,/professional-services-industries/healthcare-staffing-firms-marketing-agency/,Index after content threshold,Phase 3,paid search and ppc for healthcare staffing firms,professional-services-service-industry-sitemap.xml,Consultus campaign matrix pattern
https://www.consultusdigital.com/professional-services-marketing-services/seo-for-healthcare-staffing-firms/,/professional-services-marketing-services/seo-for-healthcare-staffing-firms/,Professional Services,Recruitment and people services,Service × Industry Landing Page,Healthcare staffing firms,SEO,/professional-services-industries/healthcare-staffing-firms-marketing-agency/,Index after content threshold,Phase 3,seo for healthcare staffing firms,professional-services-service-industry-sitemap.xml,Consultus campaign matrix pattern
https://www.consultusdigital.com/professional-services-marketing-services/ai-search-for-healthcare-staffing-firms/,/professional-services-marketing-services/ai-search-for-healthcare-staffing-firms/,Professional Services,Recruitment and people services,Service × Industry Landing Page,Healthcare staffing firms,"AEO, GEO and AI Search",/professional-services-industries/healthcare-staffing-firms-marketing-agency/,Index after content threshold,Phase 3,"aeo, geo and ai search for healthcare staffing firms",professional-services-service-industry-sitemap.xml,Consultus campaign matrix pattern
https://www.consultusdigital.com/professional-services-marketing-services/paid-social-for-healthcare-staffing-firms/,/professional-services-marketing-services/paid-social-for-healthcare-staffing-firms/,Professional Services,Recruitment and people services,Service × Industry Landing Page,Healthcare staffing firms,Paid Social,/professional-services-industries/healthcare-staffing-firms-marketing-agency/,Index after content threshold,Phase 3,paid social for healthcare staffing firms,professional-services-service-industry-sitemap.xml,Consultus campaign matrix pattern
https://www.consultusdigital.com/professional-services-marketing-services/web-design-for-healthcare-staffing-firms/,/professional-services-marketing-services/web-design-for-healthcare-staffing-firms/,Professional Services,Recruitment and people services,Service × Industry Landing Page,Healthcare staffing firms,Website Design and CRO,/professional-services-industries/healthcare-staffing-firms-marketing-agency/,Index after content threshold,Phase 3,website design and cro for healthcare staffing firms,professional-services-service-industry-sitemap.xml,Consultus campaign matrix pattern
https://www.consultusdigital.com/professional-services-marketing-services/crm-revops-for-healthcare-staffing-firms/,/professional-services-marketing-services/crm-revops-for-healthcare-staffing-firms/,Professional Services,Recruitment and people services,Service × Industry Landing Page,Healthcare staffing firms,CRM and Revenue Operations,/professional-services-industries/healthcare-staffing-firms-marketing-agency/,Index after content threshold,Phase 3,crm and revenue operations for healthcare staffing firms,professional-services-service-industry-sitemap.xml,Consultus campaign matrix pattern
https://www.consultusdigital.com/professional-services-marketing-services/thought-leadership-for-healthcare-staffing-firms/,/professional-services-marketing-services/thought-leadership-for-healthcare-staffing-firms/,Professional Services,Recruitment and people services,Service × Industry Landing Page,Healthcare staffing firms,Thought Leadership and Content,/professional-services-industries/healthcare-staffing-firms-marketing-agency/,Index after content threshold,Phase 3,thought leadership and content for healthcare staffing firms,professional-services-service-industry-sitemap.xml,Consultus campaign matrix pattern
https://www.consultusdigital.com/professional-services-marketing-services/ad-creative-for-healthcare-staffing-firms/,/professional-services-marketing-services/ad-creative-for-healthcare-staffing-firms/,Professional Services,Recruitment and people services,Service × Industry Landing Page,Healthcare staffing firms,Ad Creative Production,/professional-services-industries/healthcare-staffing-firms-marketing-agency/,Index after content threshold,Phase 3,ad creative production for healthcare staffing firms,professional-services-service-industry-sitemap.xml,Consultus campaign matrix pattern
https://www.consultusdigital.com/professional-services-marketing-services/analytics-for-healthcare-staffing-firms/,/professional-services-marketing-services/analytics-for-healthcare-staffing-firms/,Professional Services,Recruitment and people services,Service × Industry Landing Page,Healthcare staffing firms,Pipeline Analytics and Attribution,/professional-services-industries/healthcare-staffing-firms-marketing-agency/,Index after content threshold,Phase 3,pipeline analytics and attribution for healthcare staffing firms,professional-services-service-industry-sitemap.xml,Consultus campaign matrix pattern
https://www.consultusdigital.com/professional-services-industries/technology-staffing-firms-marketing-agency/,/professional-services-industries/technology-staffing-firms-marketing-agency/,Professional Services,Recruitment and people services,Industry Marketing Agency Page,Technology staffing firms,,/professional-services-industries/recruitment-and-people-services/,Index,Phase 2,technology staffing firms marketing agency,professional-services-industry-agency-sitemap.xml,https://www.cardinaldigitalmarketing.com/healthcare-specialties/mental-healthcare-providers-agency/
https://www.consultusdigital.com/professional-services-marketing-services/digital-marketing-for-technology-staffing-firms/,/professional-services-marketing-services/digital-marketing-for-technology-staffing-firms/,Professional Services,Recruitment and people services,Service × Industry Landing Page,Technology staffing firms,Digital Marketing Agency,/professional-services-industries/technology-staffing-firms-marketing-agency/,Index after content threshold,Phase 3,digital marketing agency for technology staffing firms,professional-services-service-industry-sitemap.xml,Consultus campaign matrix pattern
https://www.consultusdigital.com/professional-services-marketing-services/paid-search-for-technology-staffing-firms/,/professional-services-marketing-services/paid-search-for-technology-staffing-firms/,Professional Services,Recruitment and people services,Service × Industry Landing Page,Technology staffing firms,Paid Search and PPC,/professional-services-industries/technology-staffing-firms-marketing-agency/,Index after content threshold,Phase 3,paid search and ppc for technology staffing firms,professional-services-service-industry-sitemap.xml,Consultus campaign matrix pattern
https://www.consultusdigital.com/professional-services-marketing-services/seo-for-technology-staffing-firms/,/professional-services-marketing-services/seo-for-technology-staffing-firms/,Professional Services,Recruitment and people services,Service × Industry Landing Page,Technology staffing firms,SEO,/professional-services-industries/technology-staffing-firms-marketing-agency/,Index after content threshold,Phase 3,seo for technology staffing firms,professional-services-service-industry-sitemap.xml,Consultus campaign matrix pattern
https://www.consultusdigital.com/professional-services-marketing-services/ai-search-for-technology-staffing-firms/,/professional-services-marketing-services/ai-search-for-technology-staffing-firms/,Professional Services,Recruitment and people services,Service × Industry Landing Page,Technology staffing firms,"AEO, GEO and AI Search",/professional-services-industries/technology-staffing-firms-marketing-agency/,Index after content threshold,Phase 3,"aeo, geo and ai search for technology staffing firms",professional-services-service-industry-sitemap.xml,Consultus campaign matrix pattern
https://www.consultusdigital.com/professional-services-marketing-services/paid-social-for-technology-staffing-firms/,/professional-services-marketing-services/paid-social-for-technology-staffing-firms/,Professional Services,Recruitment and people services,Service × Industry Landing Page,Technology staffing firms,Paid Social,/professional-services-industries/technology-staffing-firms-marketing-agency/,Index after content threshold,Phase 3,paid social for technology staffing firms,professional-services-service-industry-sitemap.xml,Consultus campaign matrix pattern
https://www.consultusdigital.com/professional-services-marketing-services/web-design-for-technology-staffing-firms/,/professional-services-marketing-services/web-design-for-technology-staffing-firms/,Professional Services,Recruitment and people services,Service × Industry Landing Page,Technology staffing firms,Website Design and CRO,/professional-services-industries/technology-staffing-firms-marketing-agency/,Index after content threshold,Phase 3,website design and cro for technology staffing firms,professional-services-service-industry-sitemap.xml,Consultus campaign matrix pattern
https://www.consultusdigital.com/professional-services-marketing-services/crm-revops-for-technology-staffing-firms/,/professional-services-marketing-services/crm-revops-for-technology-staffing-firms/,Professional Services,Recruitment and people services,Service × Industry Landing Page,Technology staffing firms,CRM and Revenue Operations,/professional-services-industries/technology-staffing-firms-marketing-agency/,Index after content threshold,Phase 3,crm and revenue operations for technology staffing firms,professional-services-service-industry-sitemap.xml,Consultus campaign matrix pattern
https://www.consultusdigital.com/professional-services-marketing-services/thought-leadership-for-technology-staffing-firms/,/professional-services-marketing-services/thought-leadership-for-technology-staffing-firms/,Professional Services,Recruitment and people services,Service × Industry Landing Page,Technology staffing firms,Thought Leadership and Content,/professional-services-industries/technology-staffing-firms-marketing-agency/,Index after content threshold,Phase 3,thought leadership and content for technology staffing firms,professional-services-service-industry-sitemap.xml,Consultus campaign matrix pattern
https://www.consultusdigital.com/professional-services-marketing-services/ad-creative-for-technology-staffing-firms/,/professional-services-marketing-services/ad-creative-for-technology-staffing-firms/,Professional Services,Recruitment and people services,Service × Industry Landing Page,Technology staffing firms,Ad Creative Production,/professional-services-industries/technology-staffing-firms-marketing-agency/,Index after content threshold,Phase 3,ad creative production for technology staffing firms,professional-services-service-industry-sitemap.xml,Consultus campaign matrix pattern
https://www.consultusdigital.com/professional-services-marketing-services/analytics-for-technology-staffing-firms/,/professional-services-marketing-services/analytics-for-technology-staffing-firms/,Professional Services,Recruitment and people services,Service × Industry Landing Page,Technology staffing firms,Pipeline Analytics and Attribution,/professional-services-industries/technology-staffing-firms-marketing-agency/,Index after content threshold,Phase 3,pipeline analytics and attribution for technology staffing firms,professional-services-service-industry-sitemap.xml,Consultus campaign matrix pattern
https://www.consultusdigital.com/professional-services-industries/professional-employer-organizations-marketing-agency/,/professional-services-industries/professional-employer-organizations-marketing-agency/,Professional Services,Recruitment and people services,Industry Marketing Agency Page,Professional employer organizations,,/professional-services-industries/recruitment-and-people-services/,Index,Phase 2,professional employer organizations marketing agency,professional-services-industry-agency-sitemap.xml,https://www.cardinaldigitalmarketing.com/healthcare-specialties/mental-healthcare-providers-agency/
https://www.consultusdigital.com/professional-services-marketing-services/digital-marketing-for-professional-employer-organizations/,/professional-services-marketing-services/digital-marketing-for-professional-employer-organizations/,Professional Services,Recruitment and people services,Service × Industry Landing Page,Professional employer organizations,Digital Marketing Agency,/professional-services-industries/professional-employer-organizations-marketing-agency/,Index after content threshold,Phase 3,digital marketing agency for professional employer organizations,professional-services-service-industry-sitemap.xml,Consultus campaign matrix pattern
https://www.consultusdigital.com/professional-services-marketing-services/paid-search-for-professional-employer-organizations/,/professional-services-marketing-services/paid-search-for-professional-employer-organizations/,Professional Services,Recruitment and people services,Service × Industry Landing Page,Professional employer organizations,Paid Search and PPC,/professional-services-industries/professional-employer-organizations-marketing-agency/,Index after content threshold,Phase 3,paid search and ppc for professional employer organizations,professional-services-service-industry-sitemap.xml,Consultus campaign matrix pattern
https://www.consultusdigital.com/professional-services-marketing-services/seo-for-professional-employer-organizations/,/professional-services-marketing-services/seo-for-professional-employer-organizations/,Professional Services,Recruitment and people services,Service × Industry Landing Page,Professional employer organizations,SEO,/professional-services-industries/professional-employer-organizations-marketing-agency/,Index after content threshold,Phase 3,seo for professional employer organizations,professional-services-service-industry-sitemap.xml,Consultus campaign matrix pattern
https://www.consultusdigital.com/professional-services-marketing-services/ai-search-for-professional-employer-organizations/,/professional-services-marketing-services/ai-search-for-professional-employer-organizations/,Professional Services,Recruitment and people services,Service × Industry Landing Page,Professional employer organizations,"AEO, GEO and AI Search",/professional-services-industries/professional-employer-organizations-marketing-agency/,Index after content threshold,Phase 3,"aeo, geo and ai search for professional employer organizations",professional-services-service-industry-sitemap.xml,Consultus campaign matrix pattern
https://www.consultusdigital.com/professional-services-marketing-services/paid-social-for-professional-employer-organizations/,/professional-services-marketing-services/paid-social-for-professional-employer-organizations/,Professional Services,Recruitment and people services,Service × Industry Landing Page,Professional employer organizations,Paid Social,/professional-services-industries/professional-employer-organizations-marketing-agency/,Index after content threshold,Phase 3,paid social for professional employer organizations,professional-services-service-industry-sitemap.xml,Consultus campaign matrix pattern
https://www.consultusdigital.com/professional-services-marketing-services/web-design-for-professional-employer-organizations/,/professional-services-marketing-services/web-design-for-professional-employer-organizations/,Professional Services,Recruitment and people services,Service × Industry Landing Page,Professional employer organizations,Website Design and CRO,/professional-services-industries/professional-employer-organizations-marketing-agency/,Index after content threshold,Phase 3,website design and cro for professional employer organizations,professional-services-service-industry-sitemap.xml,Consultus campaign matrix pattern
https://www.consultusdigital.com/professional-services-marketing-services/crm-revops-for-professional-employer-organizations/,/professional-services-marketing-services/crm-revops-for-professional-employer-organizations/,Professional Services,Recruitment and people services,Service × Industry Landing Page,Professional employer organizations,CRM and Revenue Operations,/professional-services-industries/professional-employer-organizations-marketing-agency/,Index after content threshold,Phase 3,crm and revenue operations for professional employer organizations,professional-services-service-industry-sitemap.xml,Consultus campaign matrix pattern
https://www.consultusdigital.com/professional-services-marketing-services/thought-leadership-for-professional-employer-organizations/,/professional-services-marketing-services/thought-leadership-for-professional-employer-organizations/,Professional Services,Recruitment and people services,Service × Industry Landing Page,Professional employer organizations,Thought Leadership and Content,/professional-services-industries/professional-employer-organizations-marketing-agency/,Index after content threshold,Phase 3,thought leadership and content for professional employer organizations,professional-services-service-industry-sitemap.xml,Consultus campaign matrix pattern
https://www.consultusdigital.com/professional-services-marketing-services/ad-creative-for-professional-employer-organizations/,/professional-services-marketing-services/ad-creative-for-professional-employer-organizations/,Professional Services,Recruitment and people services,Service × Industry Landing Page,Professional employer organizations,Ad Creative Production,/professional-services-industries/professional-employer-organizations-marketing-agency/,Index after content threshold,Phase 3,ad creative production for professional employer organizations,professional-services-service-industry-sitemap.xml,Consultus campaign matrix pattern
https://www.consultusdigital.com/professional-services-marketing-services/analytics-for-professional-employer-organizations/,/professional-services-marketing-services/analytics-for-professional-employer-organizations/,Professional Services,Recruitment and people services,Service × Industry Landing Page,Professional employer organizations,Pipeline Analytics and Attribution,/professional-services-industries/professional-employer-organizations-marketing-agency/,Index after content threshold,Phase 3,pipeline analytics and attribution for professional employer organizations,professional-services-service-industry-sitemap.xml,Consultus campaign matrix pattern
https://www.consultusdigital.com/professional-services-industries/employer-of-record-companies-marketing-agency/,/professional-services-industries/employer-of-record-companies-marketing-agency/,Professional Services,Recruitment and people services,Industry Marketing Agency Page,Employer of record companies,,/professional-services-industries/recruitment-and-people-services/,Index,Phase 2,employer of record companies marketing agency,professional-services-industry-agency-sitemap.xml,https://www.cardinaldigitalmarketing.com/healthcare-specialties/mental-healthcare-providers-agency/
https://www.consultusdigital.com/professional-services-marketing-services/digital-marketing-for-employer-of-record-companies/,/professional-services-marketing-services/digital-marketing-for-employer-of-record-companies/,Professional Services,Recruitment and people services,Service × Industry Landing Page,Employer of record companies,Digital Marketing Agency,/professional-services-industries/employer-of-record-companies-marketing-agency/,Index after content threshold,Phase 3,digital marketing agency for employer of record companies,professional-services-service-industry-sitemap.xml,Consultus campaign matrix pattern
https://www.consultusdigital.com/professional-services-marketing-services/paid-search-for-employer-of-record-companies/,/professional-services-marketing-services/paid-search-for-employer-of-record-companies/,Professional Services,Recruitment and people services,Service × Industry Landing Page,Employer of record companies,Paid Search and PPC,/professional-services-industries/employer-of-record-companies-marketing-agency/,Index after content threshold,Phase 3,paid search and ppc for employer of record companies,professional-services-service-industry-sitemap.xml,Consultus campaign matrix pattern
https://www.consultusdigital.com/professional-services-marketing-services/seo-for-employer-of-record-companies/,/professional-services-marketing-services/seo-for-employer-of-record-companies/,Professional Services,Recruitment and people services,Service × Industry Landing Page,Employer of record companies,SEO,/professional-services-industries/employer-of-record-companies-marketing-agency/,Index after content threshold,Phase 3,seo for employer of record companies,professional-services-service-industry-sitemap.xml,Consultus campaign matrix pattern
https://www.consultusdigital.com/professional-services-marketing-services/ai-search-for-employer-of-record-companies/,/professional-services-marketing-services/ai-search-for-employer-of-record-companies/,Professional Services,Recruitment and people services,Service × Industry Landing Page,Employer of record companies,"AEO, GEO and AI Search",/professional-services-industries/employer-of-record-companies-marketing-agency/,Index after content threshold,Phase 3,"aeo, geo and ai search for employer of record companies",professional-services-service-industry-sitemap.xml,Consultus campaign matrix pattern
https://www.consultusdigital.com/professional-services-marketing-services/paid-social-for-employer-of-record-companies/,/professional-services-marketing-services/paid-social-for-employer-of-record-companies/,Professional Services,Recruitment and people services,Service × Industry Landing Page,Employer of record companies,Paid Social,/professional-services-industries/employer-of-record-companies-marketing-agency/,Index after content threshold,Phase 3,paid social for employer of record companies,professional-services-service-industry-sitemap.xml,Consultus campaign matrix pattern
https://www.consultusdigital.com/professional-services-marketing-services/web-design-for-employer-of-record-companies/,/professional-services-marketing-services/web-design-for-employer-of-record-companies/,Professional Services,Recruitment and people services,Service × Industry Landing Page,Employer of record companies,Website Design and CRO,/professional-services-industries/employer-of-record-companies-marketing-agency/,Index after content threshold,Phase 3,website design and cro for employer of record companies,professional-services-service-industry-sitemap.xml,Consultus campaign matrix pattern
https://www.consultusdigital.com/professional-services-marketing-services/crm-revops-for-employer-of-record-companies/,/professional-services-marketing-services/crm-revops-for-employer-of-record-companies/,Professional Services,Recruitment and people services,Service × Industry Landing Page,Employer of record companies,CRM and Revenue Operations,/professional-services-industries/employer-of-record-companies-marketing-agency/,Index after content threshold,Phase 3,crm and revenue operations for employer of record companies,professional-services-service-industry-sitemap.xml,Consultus campaign matrix pattern
https://www.consultusdigital.com/professional-services-marketing-services/thought-leadership-for-employer-of-record-companies/,/professional-services-marketing-services/thought-leadership-for-employer-of-record-companies/,Professional Services,Recruitment and people services,Service × Industry Landing Page,Employer of record companies,Thought Leadership and Content,/professional-services-industries/employer-of-record-companies-marketing-agency/,Index after content threshold,Phase 3,thought leadership and content for employer of record companies,professional-services-service-industry-sitemap.xml,Consultus campaign matrix pattern
https://www.consultusdigital.com/professional-services-marketing-services/ad-creative-for-employer-of-record-companies/,/professional-services-marketing-services/ad-creative-for-employer-of-record-companies/,Professional Services,Recruitment and people services,Service × Industry Landing Page,Employer of record companies,Ad Creative Production,/professional-services-industries/employer-of-record-companies-marketing-agency/,Index after content threshold,Phase 3,ad creative production for employer of record companies,professional-services-service-industry-sitemap.xml,Consultus campaign matrix pattern
https://www.consultusdigital.com/professional-services-marketing-services/analytics-for-employer-of-record-companies/,/professional-services-marketing-services/analytics-for-employer-of-record-companies/,Professional Services,Recruitment and people services,Service × Industry Landing Page,Employer of record companies,Pipeline Analytics and Attribution,/professional-services-industries/employer-of-record-companies-marketing-agency/,Index after content threshold,Phase 3,pipeline analytics and attribution for employer of record companies,professional-services-service-industry-sitemap.xml,Consultus campaign matrix pattern
https://www.consultusdigital.com/professional-services-industries/training-companies-marketing-agency/,/professional-services-industries/training-companies-marketing-agency/,Professional Services,Recruitment and people services,Industry Marketing Agency Page,Training companies,,/professional-services-industries/recruitment-and-people-services/,Index,Phase 2,training companies marketing agency,professional-services-industry-agency-sitemap.xml,https://www.cardinaldigitalmarketing.com/healthcare-specialties/mental-healthcare-providers-agency/
https://www.consultusdigital.com/professional-services-marketing-services/digital-marketing-for-training-companies/,/professional-services-marketing-services/digital-marketing-for-training-companies/,Professional Services,Recruitment and people services,Service × Industry Landing Page,Training companies,Digital Marketing Agency,/professional-services-industries/training-companies-marketing-agency/,Index after content threshold,Phase 3,digital marketing agency for training companies,professional-services-service-industry-sitemap.xml,Consultus campaign matrix pattern
https://www.consultusdigital.com/professional-services-marketing-services/paid-search-for-training-companies/,/professional-services-marketing-services/paid-search-for-training-companies/,Professional Services,Recruitment and people services,Service × Industry Landing Page,Training companies,Paid Search and PPC,/professional-services-industries/training-companies-marketing-agency/,Index after content threshold,Phase 3,paid search and ppc for training companies,professional-services-service-industry-sitemap.xml,Consultus campaign matrix pattern
https://www.consultusdigital.com/professional-services-marketing-services/seo-for-training-companies/,/professional-services-marketing-services/seo-for-training-companies/,Professional Services,Recruitment and people services,Service × Industry Landing Page,Training companies,SEO,/professional-services-industries/training-companies-marketing-agency/,Index after content threshold,Phase 3,seo for training companies,professional-services-service-industry-sitemap.xml,Consultus campaign matrix pattern
https://www.consultusdigital.com/professional-services-marketing-services/ai-search-for-training-companies/,/professional-services-marketing-services/ai-search-for-training-companies/,Professional Services,Recruitment and people services,Service × Industry Landing Page,Training companies,"AEO, GEO and AI Search",/professional-services-industries/training-companies-marketing-agency/,Index after content threshold,Phase 3,"aeo, geo and ai search for training companies",professional-services-service-industry-sitemap.xml,Consultus campaign matrix pattern
https://www.consultusdigital.com/professional-services-marketing-services/paid-social-for-training-companies/,/professional-services-marketing-services/paid-social-for-training-companies/,Professional Services,Recruitment and people services,Service × Industry Landing Page,Training companies,Paid Social,/professional-services-industries/training-companies-marketing-agency/,Index after content threshold,Phase 3,paid social for training companies,professional-services-service-industry-sitemap.xml,Consultus campaign matrix pattern
https://www.consultusdigital.com/professional-services-marketing-services/web-design-for-training-companies/,/professional-services-marketing-services/web-design-for-training-companies/,Professional Services,Recruitment and people services,Service × Industry Landing Page,Training companies,Website Design and CRO,/professional-services-industries/training-companies-marketing-agency/,Index after content threshold,Phase 3,website design and cro for training companies,professional-services-service-industry-sitemap.xml,Consultus campaign matrix pattern
https://www.consultusdigital.com/professional-services-marketing-services/crm-revops-for-training-companies/,/professional-services-marketing-services/crm-revops-for-training-companies/,Professional Services,Recruitment and people services,Service × Industry Landing Page,Training companies,CRM and Revenue Operations,/professional-services-industries/training-companies-marketing-agency/,Index after content threshold,Phase 3,crm and revenue operations for training companies,professional-services-service-industry-sitemap.xml,Consultus campaign matrix pattern
https://www.consultusdigital.com/professional-services-marketing-services/thought-leadership-for-training-companies/,/professional-services-marketing-services/thought-leadership-for-training-companies/,Professional Services,Recruitment and people services,Service × Industry Landing Page,Training companies,Thought Leadership and Content,/professional-services-industries/training-companies-marketing-agency/,Index after content threshold,Phase 3,thought leadership and content for training companies,professional-services-service-industry-sitemap.xml,Consultus campaign matrix pattern
https://www.consultusdigital.com/professional-services-marketing-services/ad-creative-for-training-companies/,/professional-services-marketing-services/ad-creative-for-training-companies/,Professional Services,Recruitment and people services,Service × Industry Landing Page,Training companies,Ad Creative Production,/professional-services-industries/training-companies-marketing-agency/,Index after content threshold,Phase 3,ad creative production for training companies,professional-services-service-industry-sitemap.xml,Consultus campaign matrix pattern
https://www.consultusdigital.com/professional-services-marketing-services/analytics-for-training-companies/,/professional-services-marketing-services/analytics-for-training-companies/,Professional Services,Recruitment and people services,Service × Industry Landing Page,Training companies,Pipeline Analytics and Attribution,/professional-services-industries/training-companies-marketing-agency/,Index after content threshold,Phase 3,pipeline analytics and attribution for training companies,professional-services-service-industry-sitemap.xml,Consultus campaign matrix pattern
https://www.consultusdigital.com/professional-services-industries/leadership-development-firms-marketing-agency/,/professional-services-industries/leadership-development-firms-marketing-agency/,Professional Services,Recruitment and people services,Industry Marketing Agency Page,Leadership development firms,,/professional-services-industries/recruitment-and-people-services/,Index,Phase 2,leadership development firms marketing agency,professional-services-industry-agency-sitemap.xml,https://www.cardinaldigitalmarketing.com/healthcare-specialties/mental-healthcare-providers-agency/
https://www.consultusdigital.com/professional-services-marketing-services/digital-marketing-for-leadership-development-firms/,/professional-services-marketing-services/digital-marketing-for-leadership-development-firms/,Professional Services,Recruitment and people services,Service × Industry Landing Page,Leadership development firms,Digital Marketing Agency,/professional-services-industries/leadership-development-firms-marketing-agency/,Index after content threshold,Phase 3,digital marketing agency for leadership development firms,professional-services-service-industry-sitemap.xml,Consultus campaign matrix pattern
https://www.consultusdigital.com/professional-services-marketing-services/paid-search-for-leadership-development-firms/,/professional-services-marketing-services/paid-search-for-leadership-development-firms/,Professional Services,Recruitment and people services,Service × Industry Landing Page,Leadership development firms,Paid Search and PPC,/professional-services-industries/leadership-development-firms-marketing-agency/,Index after content threshold,Phase 3,paid search and ppc for leadership development firms,professional-services-service-industry-sitemap.xml,Consultus campaign matrix pattern
https://www.consultusdigital.com/professional-services-marketing-services/seo-for-leadership-development-firms/,/professional-services-marketing-services/seo-for-leadership-development-firms/,Professional Services,Recruitment and people services,Service × Industry Landing Page,Leadership development firms,SEO,/professional-services-industries/leadership-development-firms-marketing-agency/,Index after content threshold,Phase 3,seo for leadership development firms,professional-services-service-industry-sitemap.xml,Consultus campaign matrix pattern
https://www.consultusdigital.com/professional-services-marketing-services/ai-search-for-leadership-development-firms/,/professional-services-marketing-services/ai-search-for-leadership-development-firms/,Professional Services,Recruitment and people services,Service × Industry Landing Page,Leadership development firms,"AEO, GEO and AI Search",/professional-services-industries/leadership-development-firms-marketing-agency/,Index after content threshold,Phase 3,"aeo, geo and ai search for leadership development firms",professional-services-service-industry-sitemap.xml,Consultus campaign matrix pattern
https://www.consultusdigital.com/professional-services-marketing-services/paid-social-for-leadership-development-firms/,/professional-services-marketing-services/paid-social-for-leadership-development-firms/,Professional Services,Recruitment and people services,Service × Industry Landing Page,Leadership development firms,Paid Social,/professional-services-industries/leadership-development-firms-marketing-agency/,Index after content threshold,Phase 3,paid social for leadership development firms,professional-services-service-industry-sitemap.xml,Consultus campaign matrix pattern
https://www.consultusdigital.com/professional-services-marketing-services/web-design-for-leadership-development-firms/,/professional-services-marketing-services/web-design-for-leadership-development-firms/,Professional Services,Recruitment and people services,Service × Industry Landing Page,Leadership development firms,Website Design and CRO,/professional-services-industries/leadership-development-firms-marketing-agency/,Index after content threshold,Phase 3,website design and cro for leadership development firms,professional-services-service-industry-sitemap.xml,Consultus campaign matrix pattern
https://www.consultusdigital.com/professional-services-marketing-services/crm-revops-for-leadership-development-firms/,/professional-services-marketing-services/crm-revops-for-leadership-development-firms/,Professional Services,Recruitment and people services,Service × Industry Landing Page,Leadership development firms,CRM and Revenue Operations,/professional-services-industries/leadership-development-firms-marketing-agency/,Index after content threshold,Phase 3,crm and revenue operations for leadership development firms,professional-services-service-industry-sitemap.xml,Consultus campaign matrix pattern
https://www.consultusdigital.com/professional-services-marketing-services/thought-leadership-for-leadership-development-firms/,/professional-services-marketing-services/thought-leadership-for-leadership-development-firms/,Professional Services,Recruitment and people services,Service × Industry Landing Page,Leadership development firms,Thought Leadership and Content,/professional-services-industries/leadership-development-firms-marketing-agency/,Index after content threshold,Phase 3,thought leadership and content for leadership development firms,professional-services-service-industry-sitemap.xml,Consultus campaign matrix pattern
https://www.consultusdigital.com/professional-services-marketing-services/ad-creative-for-leadership-development-firms/,/professional-services-marketing-services/ad-creative-for-leadership-development-firms/,Professional Services,Recruitment and people services,Service × Industry Landing Page,Leadership development firms,Ad Creative Production,/professional-services-industries/leadership-development-firms-marketing-agency/,Index after content threshold,Phase 3,ad creative production for leadership development firms,professional-services-service-industry-sitemap.xml,Consultus campaign matrix pattern
https://www.consultusdigital.com/professional-services-marketing-services/analytics-for-leadership-development-firms/,/professional-services-marketing-services/analytics-for-leadership-development-firms/,Professional Services,Recruitment and people services,Service × Industry Landing Page,Leadership development firms,Pipeline Analytics and Attribution,/professional-services-industries/leadership-development-firms-marketing-agency/,Index after content threshold,Phase 3,pipeline analytics and attribution for leadership development firms,professional-services-service-industry-sitemap.xml,Consultus campaign matrix pattern
https://www.consultusdigital.com/professional-services-industries/professional-and-regulated-services/,/professional-services-industries/professional-and-regulated-services/,Professional Services,Professional and regulated services,Sector Hub,Professional and regulated services,,/professional-services-industries/,Index,Phase 1,professional and regulated services marketing agency,professional-services-industry-agency-sitemap.xml,https://www.cardinaldigitalmarketing.com/healthcare-specialties/mental-healthcare-providers-agency/
https://www.consultusdigital.com/professional-services-industries/engineering-consultancies-marketing-agency/,/professional-services-industries/engineering-consultancies-marketing-agency/,Professional Services,Professional and regulated services,Industry Marketing Agency Page,Engineering consultancies,,/professional-services-industries/professional-and-regulated-services/,Index,Phase 2,engineering consultancies marketing agency,professional-services-industry-agency-sitemap.xml,https://www.cardinaldigitalmarketing.com/healthcare-specialties/mental-healthcare-providers-agency/
https://www.consultusdigital.com/professional-services-marketing-services/digital-marketing-for-engineering-consultancies/,/professional-services-marketing-services/digital-marketing-for-engineering-consultancies/,Professional Services,Professional and regulated services,Service × Industry Landing Page,Engineering consultancies,Digital Marketing Agency,/professional-services-industries/engineering-consultancies-marketing-agency/,Index after content threshold,Phase 3,digital marketing agency for engineering consultancies,professional-services-service-industry-sitemap.xml,Consultus campaign matrix pattern
https://www.consultusdigital.com/professional-services-marketing-services/paid-search-for-engineering-consultancies/,/professional-services-marketing-services/paid-search-for-engineering-consultancies/,Professional Services,Professional and regulated services,Service × Industry Landing Page,Engineering consultancies,Paid Search and PPC,/professional-services-industries/engineering-consultancies-marketing-agency/,Index after content threshold,Phase 3,paid search and ppc for engineering consultancies,professional-services-service-industry-sitemap.xml,Consultus campaign matrix pattern
https://www.consultusdigital.com/professional-services-marketing-services/seo-for-engineering-consultancies/,/professional-services-marketing-services/seo-for-engineering-consultancies/,Professional Services,Professional and regulated services,Service × Industry Landing Page,Engineering consultancies,SEO,/professional-services-industries/engineering-consultancies-marketing-agency/,Index after content threshold,Phase 3,seo for engineering consultancies,professional-services-service-industry-sitemap.xml,Consultus campaign matrix pattern
https://www.consultusdigital.com/professional-services-marketing-services/ai-search-for-engineering-consultancies/,/professional-services-marketing-services/ai-search-for-engineering-consultancies/,Professional Services,Professional and regulated services,Service × Industry Landing Page,Engineering consultancies,"AEO, GEO and AI Search",/professional-services-industries/engineering-consultancies-marketing-agency/,Index after content threshold,Phase 3,"aeo, geo and ai search for engineering consultancies",professional-services-service-industry-sitemap.xml,Consultus campaign matrix pattern
https://www.consultusdigital.com/professional-services-marketing-services/paid-social-for-engineering-consultancies/,/professional-services-marketing-services/paid-social-for-engineering-consultancies/,Professional Services,Professional and regulated services,Service × Industry Landing Page,Engineering consultancies,Paid Social,/professional-services-industries/engineering-consultancies-marketing-agency/,Index after content threshold,Phase 3,paid social for engineering consultancies,professional-services-service-industry-sitemap.xml,Consultus campaign matrix pattern
https://www.consultusdigital.com/professional-services-marketing-services/web-design-for-engineering-consultancies/,/professional-services-marketing-services/web-design-for-engineering-consultancies/,Professional Services,Professional and regulated services,Service × Industry Landing Page,Engineering consultancies,Website Design and CRO,/professional-services-industries/engineering-consultancies-marketing-agency/,Index after content threshold,Phase 3,website design and cro for engineering consultancies,professional-services-service-industry-sitemap.xml,Consultus campaign matrix pattern
https://www.consultusdigital.com/professional-services-marketing-services/crm-revops-for-engineering-consultancies/,/professional-services-marketing-services/crm-revops-for-engineering-consultancies/,Professional Services,Professional and regulated services,Service × Industry Landing Page,Engineering consultancies,CRM and Revenue Operations,/professional-services-industries/engineering-consultancies-marketing-agency/,Index after content threshold,Phase 3,crm and revenue operations for engineering consultancies,professional-services-service-industry-sitemap.xml,Consultus campaign matrix pattern
https://www.consultusdigital.com/professional-services-marketing-services/thought-leadership-for-engineering-consultancies/,/professional-services-marketing-services/thought-leadership-for-engineering-consultancies/,Professional Services,Professional and regulated services,Service × Industry Landing Page,Engineering consultancies,Thought Leadership and Content,/professional-services-industries/engineering-consultancies-marketing-agency/,Index after content threshold,Phase 3,thought leadership and content for engineering consultancies,professional-services-service-industry-sitemap.xml,Consultus campaign matrix pattern
https://www.consultusdigital.com/professional-services-marketing-services/ad-creative-for-engineering-consultancies/,/professional-services-marketing-services/ad-creative-for-engineering-consultancies/,Professional Services,Professional and regulated services,Service × Industry Landing Page,Engineering consultancies,Ad Creative Production,/professional-services-industries/engineering-consultancies-marketing-agency/,Index after content threshold,Phase 3,ad creative production for engineering consultancies,professional-services-service-industry-sitemap.xml,Consultus campaign matrix pattern
https://www.consultusdigital.com/professional-services-marketing-services/analytics-for-engineering-consultancies/,/professional-services-marketing-services/analytics-for-engineering-consultancies/,Professional Services,Professional and regulated services,Service × Industry Landing Page,Engineering consultancies,Pipeline Analytics and Attribution,/professional-services-industries/engineering-consultancies-marketing-agency/,Index after content threshold,Phase 3,pipeline analytics and attribution for engineering consultancies,professional-services-service-industry-sitemap.xml,Consultus campaign matrix pattern
https://www.consultusdigital.com/professional-services-industries/architecture-firms-marketing-agency/,/professional-services-industries/architecture-firms-marketing-agency/,Professional Services,Professional and regulated services,Industry Marketing Agency Page,Architecture firms,,/professional-services-industries/professional-and-regulated-services/,Index,Phase 2,architecture firms marketing agency,professional-services-industry-agency-sitemap.xml,https://www.cardinaldigitalmarketing.com/healthcare-specialties/mental-healthcare-providers-agency/
https://www.consultusdigital.com/professional-services-marketing-services/digital-marketing-for-architecture-firms/,/professional-services-marketing-services/digital-marketing-for-architecture-firms/,Professional Services,Professional and regulated services,Service × Industry Landing Page,Architecture firms,Digital Marketing Agency,/professional-services-industries/architecture-firms-marketing-agency/,Index after content threshold,Phase 3,digital marketing agency for architecture firms,professional-services-service-industry-sitemap.xml,Consultus campaign matrix pattern
https://www.consultusdigital.com/professional-services-marketing-services/paid-search-for-architecture-firms/,/professional-services-marketing-services/paid-search-for-architecture-firms/,Professional Services,Professional and regulated services,Service × Industry Landing Page,Architecture firms,Paid Search and PPC,/professional-services-industries/architecture-firms-marketing-agency/,Index after content threshold,Phase 3,paid search and ppc for architecture firms,professional-services-service-industry-sitemap.xml,Consultus campaign matrix pattern
https://www.consultusdigital.com/professional-services-marketing-services/seo-for-architecture-firms/,/professional-services-marketing-services/seo-for-architecture-firms/,Professional Services,Professional and regulated services,Service × Industry Landing Page,Architecture firms,SEO,/professional-services-industries/architecture-firms-marketing-agency/,Index after content threshold,Phase 3,seo for architecture firms,professional-services-service-industry-sitemap.xml,Consultus campaign matrix pattern
https://www.consultusdigital.com/professional-services-marketing-services/ai-search-for-architecture-firms/,/professional-services-marketing-services/ai-search-for-architecture-firms/,Professional Services,Professional and regulated services,Service × Industry Landing Page,Architecture firms,"AEO, GEO and AI Search",/professional-services-industries/architecture-firms-marketing-agency/,Index after content threshold,Phase 3,"aeo, geo and ai search for architecture firms",professional-services-service-industry-sitemap.xml,Consultus campaign matrix pattern
https://www.consultusdigital.com/professional-services-marketing-services/paid-social-for-architecture-firms/,/professional-services-marketing-services/paid-social-for-architecture-firms/,Professional Services,Professional and regulated services,Service × Industry Landing Page,Architecture firms,Paid Social,/professional-services-industries/architecture-firms-marketing-agency/,Index after content threshold,Phase 3,paid social for architecture firms,professional-services-service-industry-sitemap.xml,Consultus campaign matrix pattern
https://www.consultusdigital.com/professional-services-marketing-services/web-design-for-architecture-firms/,/professional-services-marketing-services/web-design-for-architecture-firms/,Professional Services,Professional and regulated services,Service × Industry Landing Page,Architecture firms,Website Design and CRO,/professional-services-industries/architecture-firms-marketing-agency/,Index after content threshold,Phase 3,website design and cro for architecture firms,professional-services-service-industry-sitemap.xml,Consultus campaign matrix pattern
https://www.consultusdigital.com/professional-services-marketing-services/crm-revops-for-architecture-firms/,/professional-services-marketing-services/crm-revops-for-architecture-firms/,Professional Services,Professional and regulated services,Service × Industry Landing Page,Architecture firms,CRM and Revenue Operations,/professional-services-industries/architecture-firms-marketing-agency/,Index after content threshold,Phase 3,crm and revenue operations for architecture firms,professional-services-service-industry-sitemap.xml,Consultus campaign matrix pattern
https://www.consultusdigital.com/professional-services-marketing-services/thought-leadership-for-architecture-firms/,/professional-services-marketing-services/thought-leadership-for-architecture-firms/,Professional Services,Professional and regulated services,Service × Industry Landing Page,Architecture firms,Thought Leadership and Content,/professional-services-industries/architecture-firms-marketing-agency/,Index after content threshold,Phase 3,thought leadership and content for architecture firms,professional-services-service-industry-sitemap.xml,Consultus campaign matrix pattern
https://www.consultusdigital.com/professional-services-marketing-services/ad-creative-for-architecture-firms/,/professional-services-marketing-services/ad-creative-for-architecture-firms/,Professional Services,Professional and regulated services,Service × Industry Landing Page,Architecture firms,Ad Creative Production,/professional-services-industries/architecture-firms-marketing-agency/,Index after content threshold,Phase 3,ad creative production for architecture firms,professional-services-service-industry-sitemap.xml,Consultus campaign matrix pattern
https://www.consultusdigital.com/professional-services-marketing-services/analytics-for-architecture-firms/,/professional-services-marketing-services/analytics-for-architecture-firms/,Professional Services,Professional and regulated services,Service × Industry Landing Page,Architecture firms,Pipeline Analytics and Attribution,/professional-services-industries/architecture-firms-marketing-agency/,Index after content threshold,Phase 3,pipeline analytics and attribution for architecture firms,professional-services-service-industry-sitemap.xml,Consultus campaign matrix pattern
https://www.consultusdigital.com/professional-services-industries/environmental-consultancies-marketing-agency/,/professional-services-industries/environmental-consultancies-marketing-agency/,Professional Services,Professional and regulated services,Industry Marketing Agency Page,Environmental consultancies,,/professional-services-industries/professional-and-regulated-services/,Index,Phase 2,environmental consultancies marketing agency,professional-services-industry-agency-sitemap.xml,https://www.cardinaldigitalmarketing.com/healthcare-specialties/mental-healthcare-providers-agency/
https://www.consultusdigital.com/professional-services-marketing-services/digital-marketing-for-environmental-consultancies/,/professional-services-marketing-services/digital-marketing-for-environmental-consultancies/,Professional Services,Professional and regulated services,Service × Industry Landing Page,Environmental consultancies,Digital Marketing Agency,/professional-services-industries/environmental-consultancies-marketing-agency/,Index after content threshold,Phase 3,digital marketing agency for environmental consultancies,professional-services-service-industry-sitemap.xml,Consultus campaign matrix pattern
https://www.consultusdigital.com/professional-services-marketing-services/paid-search-for-environmental-consultancies/,/professional-services-marketing-services/paid-search-for-environmental-consultancies/,Professional Services,Professional and regulated services,Service × Industry Landing Page,Environmental consultancies,Paid Search and PPC,/professional-services-industries/environmental-consultancies-marketing-agency/,Index after content threshold,Phase 3,paid search and ppc for environmental consultancies,professional-services-service-industry-sitemap.xml,Consultus campaign matrix pattern
https://www.consultusdigital.com/professional-services-marketing-services/seo-for-environmental-consultancies/,/professional-services-marketing-services/seo-for-environmental-consultancies/,Professional Services,Professional and regulated services,Service × Industry Landing Page,Environmental consultancies,SEO,/professional-services-industries/environmental-consultancies-marketing-agency/,Index after content threshold,Phase 3,seo for environmental consultancies,professional-services-service-industry-sitemap.xml,Consultus campaign matrix pattern
https://www.consultusdigital.com/professional-services-marketing-services/ai-search-for-environmental-consultancies/,/professional-services-marketing-services/ai-search-for-environmental-consultancies/,Professional Services,Professional and regulated services,Service × Industry Landing Page,Environmental consultancies,"AEO, GEO and AI Search",/professional-services-industries/environmental-consultancies-marketing-agency/,Index after content threshold,Phase 3,"aeo, geo and ai search for environmental consultancies",professional-services-service-industry-sitemap.xml,Consultus campaign matrix pattern
https://www.consultusdigital.com/professional-services-marketing-services/paid-social-for-environmental-consultancies/,/professional-services-marketing-services/paid-social-for-environmental-consultancies/,Professional Services,Professional and regulated services,Service × Industry Landing Page,Environmental consultancies,Paid Social,/professional-services-industries/environmental-consultancies-marketing-agency/,Index after content threshold,Phase 3,paid social for environmental consultancies,professional-services-service-industry-sitemap.xml,Consultus campaign matrix pattern
https://www.consultusdigital.com/professional-services-marketing-services/web-design-for-environmental-consultancies/,/professional-services-marketing-services/web-design-for-environmental-consultancies/,Professional Services,Professional and regulated services,Service × Industry Landing Page,Environmental consultancies,Website Design and CRO,/professional-services-industries/environmental-consultancies-marketing-agency/,Index after content threshold,Phase 3,website design and cro for environmental consultancies,professional-services-service-industry-sitemap.xml,Consultus campaign matrix pattern
https://www.consultusdigital.com/professional-services-marketing-services/crm-revops-for-environmental-consultancies/,/professional-services-marketing-services/crm-revops-for-environmental-consultancies/,Professional Services,Professional and regulated services,Service × Industry Landing Page,Environmental consultancies,CRM and Revenue Operations,/professional-services-industries/environmental-consultancies-marketing-agency/,Index after content threshold,Phase 3,crm and revenue operations for environmental consultancies,professional-services-service-industry-sitemap.xml,Consultus campaign matrix pattern
https://www.consultusdigital.com/professional-services-marketing-services/thought-leadership-for-environmental-consultancies/,/professional-services-marketing-services/thought-leadership-for-environmental-consultancies/,Professional Services,Professional and regulated services,Service × Industry Landing Page,Environmental consultancies,Thought Leadership and Content,/professional-services-industries/environmental-consultancies-marketing-agency/,Index after content threshold,Phase 3,thought leadership and content for environmental consultancies,professional-services-service-industry-sitemap.xml,Consultus campaign matrix pattern
https://www.consultusdigital.com/professional-services-marketing-services/ad-creative-for-environmental-consultancies/,/professional-services-marketing-services/ad-creative-for-environmental-consultancies/,Professional Services,Professional and regulated services,Service × Industry Landing Page,Environmental consultancies,Ad Creative Production,/professional-services-industries/environmental-consultancies-marketing-agency/,Index after content threshold,Phase 3,ad creative production for environmental consultancies,professional-services-service-industry-sitemap.xml,Consultus campaign matrix pattern
https://www.consultusdigital.com/professional-services-marketing-services/analytics-for-environmental-consultancies/,/professional-services-marketing-services/analytics-for-environmental-consultancies/,Professional Services,Professional and regulated services,Service × Industry Landing Page,Environmental consultancies,Pipeline Analytics and Attribution,/professional-services-industries/environmental-consultancies-marketing-agency/,Index after content threshold,Phase 3,pipeline analytics and attribution for environmental consultancies,professional-services-service-industry-sitemap.xml,Consultus campaign matrix pattern
https://www.consultusdigital.com/professional-services-industries/scientific-consulting-firms-marketing-agency/,/professional-services-industries/scientific-consulting-firms-marketing-agency/,Professional Services,Professional and regulated services,Industry Marketing Agency Page,Scientific consulting firms,,/professional-services-industries/professional-and-regulated-services/,Index,Phase 2,scientific consulting firms marketing agency,professional-services-industry-agency-sitemap.xml,https://www.cardinaldigitalmarketing.com/healthcare-specialties/mental-healthcare-providers-agency/
https://www.consultusdigital.com/professional-services-marketing-services/digital-marketing-for-scientific-consulting-firms/,/professional-services-marketing-services/digital-marketing-for-scientific-consulting-firms/,Professional Services,Professional and regulated services,Service × Industry Landing Page,Scientific consulting firms,Digital Marketing Agency,/professional-services-industries/scientific-consulting-firms-marketing-agency/,Index after content threshold,Phase 3,digital marketing agency for scientific consulting firms,professional-services-service-industry-sitemap.xml,Consultus campaign matrix pattern
https://www.consultusdigital.com/professional-services-marketing-services/paid-search-for-scientific-consulting-firms/,/professional-services-marketing-services/paid-search-for-scientific-consulting-firms/,Professional Services,Professional and regulated services,Service × Industry Landing Page,Scientific consulting firms,Paid Search and PPC,/professional-services-industries/scientific-consulting-firms-marketing-agency/,Index after content threshold,Phase 3,paid search and ppc for scientific consulting firms,professional-services-service-industry-sitemap.xml,Consultus campaign matrix pattern
https://www.consultusdigital.com/professional-services-marketing-services/seo-for-scientific-consulting-firms/,/professional-services-marketing-services/seo-for-scientific-consulting-firms/,Professional Services,Professional and regulated services,Service × Industry Landing Page,Scientific consulting firms,SEO,/professional-services-industries/scientific-consulting-firms-marketing-agency/,Index after content threshold,Phase 3,seo for scientific consulting firms,professional-services-service-industry-sitemap.xml,Consultus campaign matrix pattern
https://www.consultusdigital.com/professional-services-marketing-services/ai-search-for-scientific-consulting-firms/,/professional-services-marketing-services/ai-search-for-scientific-consulting-firms/,Professional Services,Professional and regulated services,Service × Industry Landing Page,Scientific consulting firms,"AEO, GEO and AI Search",/professional-services-industries/scientific-consulting-firms-marketing-agency/,Index after content threshold,Phase 3,"aeo, geo and ai search for scientific consulting firms",professional-services-service-industry-sitemap.xml,Consultus campaign matrix pattern
https://www.consultusdigital.com/professional-services-marketing-services/paid-social-for-scientific-consulting-firms/,/professional-services-marketing-services/paid-social-for-scientific-consulting-firms/,Professional Services,Professional and regulated services,Service × Industry Landing Page,Scientific consulting firms,Paid Social,/professional-services-industries/scientific-consulting-firms-marketing-agency/,Index after content threshold,Phase 3,paid social for scientific consulting firms,professional-services-service-industry-sitemap.xml,Consultus campaign matrix pattern
https://www.consultusdigital.com/professional-services-marketing-services/web-design-for-scientific-consulting-firms/,/professional-services-marketing-services/web-design-for-scientific-consulting-firms/,Professional Services,Professional and regulated services,Service × Industry Landing Page,Scientific consulting firms,Website Design and CRO,/professional-services-industries/scientific-consulting-firms-marketing-agency/,Index after content threshold,Phase 3,website design and cro for scientific consulting firms,professional-services-service-industry-sitemap.xml,Consultus campaign matrix pattern
https://www.consultusdigital.com/professional-services-marketing-services/crm-revops-for-scientific-consulting-firms/,/professional-services-marketing-services/crm-revops-for-scientific-consulting-firms/,Professional Services,Professional and regulated services,Service × Industry Landing Page,Scientific consulting firms,CRM and Revenue Operations,/professional-services-industries/scientific-consulting-firms-marketing-agency/,Index after content threshold,Phase 3,crm and revenue operations for scientific consulting firms,professional-services-service-industry-sitemap.xml,Consultus campaign matrix pattern
https://www.consultusdigital.com/professional-services-marketing-services/thought-leadership-for-scientific-consulting-firms/,/professional-services-marketing-services/thought-leadership-for-scientific-consulting-firms/,Professional Services,Professional and regulated services,Service × Industry Landing Page,Scientific consulting firms,Thought Leadership and Content,/professional-services-industries/scientific-consulting-firms-marketing-agency/,Index after content threshold,Phase 3,thought leadership and content for scientific consulting firms,professional-services-service-industry-sitemap.xml,Consultus campaign matrix pattern
https://www.consultusdigital.com/professional-services-marketing-services/ad-creative-for-scientific-consulting-firms/,/professional-services-marketing-services/ad-creative-for-scientific-consulting-firms/,Professional Services,Professional and regulated services,Service × Industry Landing Page,Scientific consulting firms,Ad Creative Production,/professional-services-industries/scientific-consulting-firms-marketing-agency/,Index after content threshold,Phase 3,ad creative production for scientific consulting firms,professional-services-service-industry-sitemap.xml,Consultus campaign matrix pattern
https://www.consultusdigital.com/professional-services-marketing-services/analytics-for-scientific-consulting-firms/,/professional-services-marketing-services/analytics-for-scientific-consulting-firms/,Professional Services,Professional and regulated services,Service × Industry Landing Page,Scientific consulting firms,Pipeline Analytics and Attribution,/professional-services-industries/scientific-consulting-firms-marketing-agency/,Index after content threshold,Phase 3,pipeline analytics and attribution for scientific consulting firms,professional-services-service-industry-sitemap.xml,Consultus campaign matrix pattern
https://www.consultusdigital.com/professional-services-industries/compliance-consulting-firms-marketing-agency/,/professional-services-industries/compliance-consulting-firms-marketing-agency/,Professional Services,Professional and regulated services,Industry Marketing Agency Page,Compliance consulting firms,,/professional-services-industries/professional-and-regulated-services/,Index,Phase 2,compliance consulting firms marketing agency,professional-services-industry-agency-sitemap.xml,https://www.cardinaldigitalmarketing.com/healthcare-specialties/mental-healthcare-providers-agency/
https://www.consultusdigital.com/professional-services-marketing-services/digital-marketing-for-compliance-consulting-firms/,/professional-services-marketing-services/digital-marketing-for-compliance-consulting-firms/,Professional Services,Professional and regulated services,Service × Industry Landing Page,Compliance consulting firms,Digital Marketing Agency,/professional-services-industries/compliance-consulting-firms-marketing-agency/,Index after content threshold,Phase 3,digital marketing agency for compliance consulting firms,professional-services-service-industry-sitemap.xml,Consultus campaign matrix pattern
https://www.consultusdigital.com/professional-services-marketing-services/paid-search-for-compliance-consulting-firms/,/professional-services-marketing-services/paid-search-for-compliance-consulting-firms/,Professional Services,Professional and regulated services,Service × Industry Landing Page,Compliance consulting firms,Paid Search and PPC,/professional-services-industries/compliance-consulting-firms-marketing-agency/,Index after content threshold,Phase 3,paid search and ppc for compliance consulting firms,professional-services-service-industry-sitemap.xml,Consultus campaign matrix pattern
https://www.consultusdigital.com/professional-services-marketing-services/seo-for-compliance-consulting-firms/,/professional-services-marketing-services/seo-for-compliance-consulting-firms/,Professional Services,Professional and regulated services,Service × Industry Landing Page,Compliance consulting firms,SEO,/professional-services-industries/compliance-consulting-firms-marketing-agency/,Index after content threshold,Phase 3,seo for compliance consulting firms,professional-services-service-industry-sitemap.xml,Consultus campaign matrix pattern
https://www.consultusdigital.com/professional-services-marketing-services/ai-search-for-compliance-consulting-firms/,/professional-services-marketing-services/ai-search-for-compliance-consulting-firms/,Professional Services,Professional and regulated services,Service × Industry Landing Page,Compliance consulting firms,"AEO, GEO and AI Search",/professional-services-industries/compliance-consulting-firms-marketing-agency/,Index after content threshold,Phase 3,"aeo, geo and ai search for compliance consulting firms",professional-services-service-industry-sitemap.xml,Consultus campaign matrix pattern
https://www.consultusdigital.com/professional-services-marketing-services/paid-social-for-compliance-consulting-firms/,/professional-services-marketing-services/paid-social-for-compliance-consulting-firms/,Professional Services,Professional and regulated services,Service × Industry Landing Page,Compliance consulting firms,Paid Social,/professional-services-industries/compliance-consulting-firms-marketing-agency/,Index after content threshold,Phase 3,paid social for compliance consulting firms,professional-services-service-industry-sitemap.xml,Consultus campaign matrix pattern
https://www.consultusdigital.com/professional-services-marketing-services/web-design-for-compliance-consulting-firms/,/professional-services-marketing-services/web-design-for-compliance-consulting-firms/,Professional Services,Professional and regulated services,Service × Industry Landing Page,Compliance consulting firms,Website Design and CRO,/professional-services-industries/compliance-consulting-firms-marketing-agency/,Index after content threshold,Phase 3,website design and cro for compliance consulting firms,professional-services-service-industry-sitemap.xml,Consultus campaign matrix pattern
https://www.consultusdigital.com/professional-services-marketing-services/crm-revops-for-compliance-consulting-firms/,/professional-services-marketing-services/crm-revops-for-compliance-consulting-firms/,Professional Services,Professional and regulated services,Service × Industry Landing Page,Compliance consulting firms,CRM and Revenue Operations,/professional-services-industries/compliance-consulting-firms-marketing-agency/,Index after content threshold,Phase 3,crm and revenue operations for compliance consulting firms,professional-services-service-industry-sitemap.xml,Consultus campaign matrix pattern
https://www.consultusdigital.com/professional-services-marketing-services/thought-leadership-for-compliance-consulting-firms/,/professional-services-marketing-services/thought-leadership-for-compliance-consulting-firms/,Professional Services,Professional and regulated services,Service × Industry Landing Page,Compliance consulting firms,Thought Leadership and Content,/professional-services-industries/compliance-consulting-firms-marketing-agency/,Index after content threshold,Phase 3,thought leadership and content for compliance consulting firms,professional-services-service-industry-sitemap.xml,Consultus campaign matrix pattern
https://www.consultusdigital.com/professional-services-marketing-services/ad-creative-for-compliance-consulting-firms/,/professional-services-marketing-services/ad-creative-for-compliance-consulting-firms/,Professional Services,Professional and regulated services,Service × Industry Landing Page,Compliance consulting firms,Ad Creative Production,/professional-services-industries/compliance-consulting-firms-marketing-agency/,Index after content threshold,Phase 3,ad creative production for compliance consulting firms,professional-services-service-industry-sitemap.xml,Consultus campaign matrix pattern
https://www.consultusdigital.com/professional-services-marketing-services/analytics-for-compliance-consulting-firms/,/professional-services-marketing-services/analytics-for-compliance-consulting-firms/,Professional Services,Professional and regulated services,Service × Industry Landing Page,Compliance consulting firms,Pipeline Analytics and Attribution,/professional-services-industries/compliance-consulting-firms-marketing-agency/,Index after content threshold,Phase 3,pipeline analytics and attribution for compliance consulting firms,professional-services-service-industry-sitemap.xml,Consultus campaign matrix pattern
https://www.consultusdigital.com/professional-services-industries/quality-assurance-consultancies-marketing-agency/,/professional-services-industries/quality-assurance-consultancies-marketing-agency/,Professional Services,Professional and regulated services,Industry Marketing Agency Page,Quality assurance consultancies,,/professional-services-industries/professional-and-regulated-services/,Index,Phase 2,quality assurance consultancies marketing agency,professional-services-industry-agency-sitemap.xml,https://www.cardinaldigitalmarketing.com/healthcare-specialties/mental-healthcare-providers-agency/
https://www.consultusdigital.com/professional-services-marketing-services/digital-marketing-for-quality-assurance-consultancies/,/professional-services-marketing-services/digital-marketing-for-quality-assurance-consultancies/,Professional Services,Professional and regulated services,Service × Industry Landing Page,Quality assurance consultancies,Digital Marketing Agency,/professional-services-industries/quality-assurance-consultancies-marketing-agency/,Index after content threshold,Phase 3,digital marketing agency for quality assurance consultancies,professional-services-service-industry-sitemap.xml,Consultus campaign matrix pattern
https://www.consultusdigital.com/professional-services-marketing-services/paid-search-for-quality-assurance-consultancies/,/professional-services-marketing-services/paid-search-for-quality-assurance-consultancies/,Professional Services,Professional and regulated services,Service × Industry Landing Page,Quality assurance consultancies,Paid Search and PPC,/professional-services-industries/quality-assurance-consultancies-marketing-agency/,Index after content threshold,Phase 3,paid search and ppc for quality assurance consultancies,professional-services-service-industry-sitemap.xml,Consultus campaign matrix pattern
https://www.consultusdigital.com/professional-services-marketing-services/seo-for-quality-assurance-consultancies/,/professional-services-marketing-services/seo-for-quality-assurance-consultancies/,Professional Services,Professional and regulated services,Service × Industry Landing Page,Quality assurance consultancies,SEO,/professional-services-industries/quality-assurance-consultancies-marketing-agency/,Index after content threshold,Phase 3,seo for quality assurance consultancies,professional-services-service-industry-sitemap.xml,Consultus campaign matrix pattern
https://www.consultusdigital.com/professional-services-marketing-services/ai-search-for-quality-assurance-consultancies/,/professional-services-marketing-services/ai-search-for-quality-assurance-consultancies/,Professional Services,Professional and regulated services,Service × Industry Landing Page,Quality assurance consultancies,"AEO, GEO and AI Search",/professional-services-industries/quality-assurance-consultancies-marketing-agency/,Index after content threshold,Phase 3,"aeo, geo and ai search for quality assurance consultancies",professional-services-service-industry-sitemap.xml,Consultus campaign matrix pattern
https://www.consultusdigital.com/professional-services-marketing-services/paid-social-for-quality-assurance-consultancies/,/professional-services-marketing-services/paid-social-for-quality-assurance-consultancies/,Professional Services,Professional and regulated services,Service × Industry Landing Page,Quality assurance consultancies,Paid Social,/professional-services-industries/quality-assurance-consultancies-marketing-agency/,Index after content threshold,Phase 3,paid social for quality assurance consultancies,professional-services-service-industry-sitemap.xml,Consultus campaign matrix pattern
https://www.consultusdigital.com/professional-services-marketing-services/web-design-for-quality-assurance-consultancies/,/professional-services-marketing-services/web-design-for-quality-assurance-consultancies/,Professional Services,Professional and regulated services,Service × Industry Landing Page,Quality assurance consultancies,Website Design and CRO,/professional-services-industries/quality-assurance-consultancies-marketing-agency/,Index after content threshold,Phase 3,website design and cro for quality assurance consultancies,professional-services-service-industry-sitemap.xml,Consultus campaign matrix pattern
https://www.consultusdigital.com/professional-services-marketing-services/crm-revops-for-quality-assurance-consultancies/,/professional-services-marketing-services/crm-revops-for-quality-assurance-consultancies/,Professional Services,Professional and regulated services,Service × Industry Landing Page,Quality assurance consultancies,CRM and Revenue Operations,/professional-services-industries/quality-assurance-consultancies-marketing-agency/,Index after content threshold,Phase 3,crm and revenue operations for quality assurance consultancies,professional-services-service-industry-sitemap.xml,Consultus campaign matrix pattern
https://www.consultusdigital.com/professional-services-marketing-services/thought-leadership-for-quality-assurance-consultancies/,/professional-services-marketing-services/thought-leadership-for-quality-assurance-consultancies/,Professional Services,Professional and regulated services,Service × Industry Landing Page,Quality assurance consultancies,Thought Leadership and Content,/professional-services-industries/quality-assurance-consultancies-marketing-agency/,Index after content threshold,Phase 3,thought leadership and content for quality assurance consultancies,professional-services-service-industry-sitemap.xml,Consultus campaign matrix pattern
https://www.consultusdigital.com/professional-services-marketing-services/ad-creative-for-quality-assurance-consultancies/,/professional-services-marketing-services/ad-creative-for-quality-assurance-consultancies/,Professional Services,Professional and regulated services,Service × Industry Landing Page,Quality assurance consultancies,Ad Creative Production,/professional-services-industries/quality-assurance-consultancies-marketing-agency/,Index after content threshold,Phase 3,ad creative production for quality assurance consultancies,professional-services-service-industry-sitemap.xml,Consultus campaign matrix pattern
https://www.consultusdigital.com/professional-services-marketing-services/analytics-for-quality-assurance-consultancies/,/professional-services-marketing-services/analytics-for-quality-assurance-consultancies/,Professional Services,Professional and regulated services,Service × Industry Landing Page,Quality assurance consultancies,Pipeline Analytics and Attribution,/professional-services-industries/quality-assurance-consultancies-marketing-agency/,Index after content threshold,Phase 3,pipeline analytics and attribution for quality assurance consultancies,professional-services-service-industry-sitemap.xml,Consultus campaign matrix pattern
https://www.consultusdigital.com/professional-services-industries/translation-companies-marketing-agency/,/professional-services-industries/translation-companies-marketing-agency/,Professional Services,Professional and regulated services,Industry Marketing Agency Page,Translation companies,,/professional-services-industries/professional-and-regulated-services/,Index,Phase 2,translation companies marketing agency,professional-services-industry-agency-sitemap.xml,https://www.cardinaldigitalmarketing.com/healthcare-specialties/mental-healthcare-providers-agency/
https://www.consultusdigital.com/professional-services-marketing-services/digital-marketing-for-translation-companies/,/professional-services-marketing-services/digital-marketing-for-translation-companies/,Professional Services,Professional and regulated services,Service × Industry Landing Page,Translation companies,Digital Marketing Agency,/professional-services-industries/translation-companies-marketing-agency/,Index after content threshold,Phase 3,digital marketing agency for translation companies,professional-services-service-industry-sitemap.xml,Consultus campaign matrix pattern
https://www.consultusdigital.com/professional-services-marketing-services/paid-search-for-translation-companies/,/professional-services-marketing-services/paid-search-for-translation-companies/,Professional Services,Professional and regulated services,Service × Industry Landing Page,Translation companies,Paid Search and PPC,/professional-services-industries/translation-companies-marketing-agency/,Index after content threshold,Phase 3,paid search and ppc for translation companies,professional-services-service-industry-sitemap.xml,Consultus campaign matrix pattern
https://www.consultusdigital.com/professional-services-marketing-services/seo-for-translation-companies/,/professional-services-marketing-services/seo-for-translation-companies/,Professional Services,Professional and regulated services,Service × Industry Landing Page,Translation companies,SEO,/professional-services-industries/translation-companies-marketing-agency/,Index after content threshold,Phase 3,seo for translation companies,professional-services-service-industry-sitemap.xml,Consultus campaign matrix pattern
https://www.consultusdigital.com/professional-services-marketing-services/ai-search-for-translation-companies/,/professional-services-marketing-services/ai-search-for-translation-companies/,Professional Services,Professional and regulated services,Service × Industry Landing Page,Translation companies,"AEO, GEO and AI Search",/professional-services-industries/translation-companies-marketing-agency/,Index after content threshold,Phase 3,"aeo, geo and ai search for translation companies",professional-services-service-industry-sitemap.xml,Consultus campaign matrix pattern
https://www.consultusdigital.com/professional-services-marketing-services/paid-social-for-translation-companies/,/professional-services-marketing-services/paid-social-for-translation-companies/,Professional Services,Professional and regulated services,Service × Industry Landing Page,Translation companies,Paid Social,/professional-services-industries/translation-companies-marketing-agency/,Index after content threshold,Phase 3,paid social for translation companies,professional-services-service-industry-sitemap.xml,Consultus campaign matrix pattern
https://www.consultusdigital.com/professional-services-marketing-services/web-design-for-translation-companies/,/professional-services-marketing-services/web-design-for-translation-companies/,Professional Services,Professional and regulated services,Service × Industry Landing Page,Translation companies,Website Design and CRO,/professional-services-industries/translation-companies-marketing-agency/,Index after content threshold,Phase 3,website design and cro for translation companies,professional-services-service-industry-sitemap.xml,Consultus campaign matrix pattern
https://www.consultusdigital.com/professional-services-marketing-services/crm-revops-for-translation-companies/,/professional-services-marketing-services/crm-revops-for-translation-companies/,Professional Services,Professional and regulated services,Service × Industry Landing Page,Translation companies,CRM and Revenue Operations,/professional-services-industries/translation-companies-marketing-agency/,Index after content threshold,Phase 3,crm and revenue operations for translation companies,professional-services-service-industry-sitemap.xml,Consultus campaign matrix pattern
https://www.consultusdigital.com/professional-services-marketing-services/thought-leadership-for-translation-companies/,/professional-services-marketing-services/thought-leadership-for-translation-companies/,Professional Services,Professional and regulated services,Service × Industry Landing Page,Translation companies,Thought Leadership and Content,/professional-services-industries/translation-companies-marketing-agency/,Index after content threshold,Phase 3,thought leadership and content for translation companies,professional-services-service-industry-sitemap.xml,Consultus campaign matrix pattern
https://www.consultusdigital.com/professional-services-marketing-services/ad-creative-for-translation-companies/,/professional-services-marketing-services/ad-creative-for-translation-companies/,Professional Services,Professional and regulated services,Service × Industry Landing Page,Translation companies,Ad Creative Production,/professional-services-industries/translation-companies-marketing-agency/,Index after content threshold,Phase 3,ad creative production for translation companies,professional-services-service-industry-sitemap.xml,Consultus campaign matrix pattern
https://www.consultusdigital.com/professional-services-marketing-services/analytics-for-translation-companies/,/professional-services-marketing-services/analytics-for-translation-companies/,Professional Services,Professional and regulated services,Service × Industry Landing Page,Translation companies,Pipeline Analytics and Attribution,/professional-services-industries/translation-companies-marketing-agency/,Index after content threshold,Phase 3,pipeline analytics and attribution for translation companies,professional-services-service-industry-sitemap.xml,Consultus campaign matrix pattern
https://www.consultusdigital.com/professional-services-industries/corporate-investigation-firms-marketing-agency/,/professional-services-industries/corporate-investigation-firms-marketing-agency/,Professional Services,Professional and regulated services,Industry Marketing Agency Page,Corporate investigation firms,,/professional-services-industries/professional-and-regulated-services/,Index,Phase 2,corporate investigation firms marketing agency,professional-services-industry-agency-sitemap.xml,https://www.cardinaldigitalmarketing.com/healthcare-specialties/mental-healthcare-providers-agency/
https://www.consultusdigital.com/professional-services-marketing-services/digital-marketing-for-corporate-investigation-firms/,/professional-services-marketing-services/digital-marketing-for-corporate-investigation-firms/,Professional Services,Professional and regulated services,Service × Industry Landing Page,Corporate investigation firms,Digital Marketing Agency,/professional-services-industries/corporate-investigation-firms-marketing-agency/,Index after content threshold,Phase 3,digital marketing agency for corporate investigation firms,professional-services-service-industry-sitemap.xml,Consultus campaign matrix pattern
https://www.consultusdigital.com/professional-services-marketing-services/paid-search-for-corporate-investigation-firms/,/professional-services-marketing-services/paid-search-for-corporate-investigation-firms/,Professional Services,Professional and regulated services,Service × Industry Landing Page,Corporate investigation firms,Paid Search and PPC,/professional-services-industries/corporate-investigation-firms-marketing-agency/,Index after content threshold,Phase 3,paid search and ppc for corporate investigation firms,professional-services-service-industry-sitemap.xml,Consultus campaign matrix pattern
https://www.consultusdigital.com/professional-services-marketing-services/seo-for-corporate-investigation-firms/,/professional-services-marketing-services/seo-for-corporate-investigation-firms/,Professional Services,Professional and regulated services,Service × Industry Landing Page,Corporate investigation firms,SEO,/professional-services-industries/corporate-investigation-firms-marketing-agency/,Index after content threshold,Phase 3,seo for corporate investigation firms,professional-services-service-industry-sitemap.xml,Consultus campaign matrix pattern
https://www.consultusdigital.com/professional-services-marketing-services/ai-search-for-corporate-investigation-firms/,/professional-services-marketing-services/ai-search-for-corporate-investigation-firms/,Professional Services,Professional and regulated services,Service × Industry Landing Page,Corporate investigation firms,"AEO, GEO and AI Search",/professional-services-industries/corporate-investigation-firms-marketing-agency/,Index after content threshold,Phase 3,"aeo, geo and ai search for corporate investigation firms",professional-services-service-industry-sitemap.xml,Consultus campaign matrix pattern
https://www.consultusdigital.com/professional-services-marketing-services/paid-social-for-corporate-investigation-firms/,/professional-services-marketing-services/paid-social-for-corporate-investigation-firms/,Professional Services,Professional and regulated services,Service × Industry Landing Page,Corporate investigation firms,Paid Social,/professional-services-industries/corporate-investigation-firms-marketing-agency/,Index after content threshold,Phase 3,paid social for corporate investigation firms,professional-services-service-industry-sitemap.xml,Consultus campaign matrix pattern
https://www.consultusdigital.com/professional-services-marketing-services/web-design-for-corporate-investigation-firms/,/professional-services-marketing-services/web-design-for-corporate-investigation-firms/,Professional Services,Professional and regulated services,Service × Industry Landing Page,Corporate investigation firms,Website Design and CRO,/professional-services-industries/corporate-investigation-firms-marketing-agency/,Index after content threshold,Phase 3,website design and cro for corporate investigation firms,professional-services-service-industry-sitemap.xml,Consultus campaign matrix pattern
https://www.consultusdigital.com/professional-services-marketing-services/crm-revops-for-corporate-investigation-firms/,/professional-services-marketing-services/crm-revops-for-corporate-investigation-firms/,Professional Services,Professional and regulated services,Service × Industry Landing Page,Corporate investigation firms,CRM and Revenue Operations,/professional-services-industries/corporate-investigation-firms-marketing-agency/,Index after content threshold,Phase 3,crm and revenue operations for corporate investigation firms,professional-services-service-industry-sitemap.xml,Consultus campaign matrix pattern
https://www.consultusdigital.com/professional-services-marketing-services/thought-leadership-for-corporate-investigation-firms/,/professional-services-marketing-services/thought-leadership-for-corporate-investigation-firms/,Professional Services,Professional and regulated services,Service × Industry Landing Page,Corporate investigation firms,Thought Leadership and Content,/professional-services-industries/corporate-investigation-firms-marketing-agency/,Index after content threshold,Phase 3,thought leadership and content for corporate investigation firms,professional-services-service-industry-sitemap.xml,Consultus campaign matrix pattern
https://www.consultusdigital.com/professional-services-marketing-services/ad-creative-for-corporate-investigation-firms/,/professional-services-marketing-services/ad-creative-for-corporate-investigation-firms/,Professional Services,Professional and regulated services,Service × Industry Landing Page,Corporate investigation firms,Ad Creative Production,/professional-services-industries/corporate-investigation-firms-marketing-agency/,Index after content threshold,Phase 3,ad creative production for corporate investigation firms,professional-services-service-industry-sitemap.xml,Consultus campaign matrix pattern
https://www.consultusdigital.com/professional-services-marketing-services/analytics-for-corporate-investigation-firms/,/professional-services-marketing-services/analytics-for-corporate-investigation-firms/,Professional Services,Professional and regulated services,Service × Industry Landing Page,Corporate investigation firms,Pipeline Analytics and Attribution,/professional-services-industries/corporate-investigation-firms-marketing-agency/,Index after content threshold,Phase 3,pipeline analytics and attribution for corporate investigation firms,professional-services-service-industry-sitemap.xml,Consultus campaign matrix pattern
https://www.consultusdigital.com/professional-services-industries/security-consulting-firms-marketing-agency/,/professional-services-industries/security-consulting-firms-marketing-agency/,Professional Services,Professional and regulated services,Industry Marketing Agency Page,Security consulting firms,,/professional-services-industries/professional-and-regulated-services/,Index,Phase 2,security consulting firms marketing agency,professional-services-industry-agency-sitemap.xml,https://www.cardinaldigitalmarketing.com/healthcare-specialties/mental-healthcare-providers-agency/
https://www.consultusdigital.com/professional-services-marketing-services/digital-marketing-for-security-consulting-firms/,/professional-services-marketing-services/digital-marketing-for-security-consulting-firms/,Professional Services,Professional and regulated services,Service × Industry Landing Page,Security consulting firms,Digital Marketing Agency,/professional-services-industries/security-consulting-firms-marketing-agency/,Index after content threshold,Phase 3,digital marketing agency for security consulting firms,professional-services-service-industry-sitemap.xml,Consultus campaign matrix pattern
https://www.consultusdigital.com/professional-services-marketing-services/paid-search-for-security-consulting-firms/,/professional-services-marketing-services/paid-search-for-security-consulting-firms/,Professional Services,Professional and regulated services,Service × Industry Landing Page,Security consulting firms,Paid Search and PPC,/professional-services-industries/security-consulting-firms-marketing-agency/,Index after content threshold,Phase 3,paid search and ppc for security consulting firms,professional-services-service-industry-sitemap.xml,Consultus campaign matrix pattern
https://www.consultusdigital.com/professional-services-marketing-services/seo-for-security-consulting-firms/,/professional-services-marketing-services/seo-for-security-consulting-firms/,Professional Services,Professional and regulated services,Service × Industry Landing Page,Security consulting firms,SEO,/professional-services-industries/security-consulting-firms-marketing-agency/,Index after content threshold,Phase 3,seo for security consulting firms,professional-services-service-industry-sitemap.xml,Consultus campaign matrix pattern
https://www.consultusdigital.com/professional-services-marketing-services/ai-search-for-security-consulting-firms/,/professional-services-marketing-services/ai-search-for-security-consulting-firms/,Professional Services,Professional and regulated services,Service × Industry Landing Page,Security consulting firms,"AEO, GEO and AI Search",/professional-services-industries/security-consulting-firms-marketing-agency/,Index after content threshold,Phase 3,"aeo, geo and ai search for security consulting firms",professional-services-service-industry-sitemap.xml,Consultus campaign matrix pattern
https://www.consultusdigital.com/professional-services-marketing-services/paid-social-for-security-consulting-firms/,/professional-services-marketing-services/paid-social-for-security-consulting-firms/,Professional Services,Professional and regulated services,Service × Industry Landing Page,Security consulting firms,Paid Social,/professional-services-industries/security-consulting-firms-marketing-agency/,Index after content threshold,Phase 3,paid social for security consulting firms,professional-services-service-industry-sitemap.xml,Consultus campaign matrix pattern
https://www.consultusdigital.com/professional-services-marketing-services/web-design-for-security-consulting-firms/,/professional-services-marketing-services/web-design-for-security-consulting-firms/,Professional Services,Professional and regulated services,Service × Industry Landing Page,Security consulting firms,Website Design and CRO,/professional-services-industries/security-consulting-firms-marketing-agency/,Index after content threshold,Phase 3,website design and cro for security consulting firms,professional-services-service-industry-sitemap.xml,Consultus campaign matrix pattern
https://www.consultusdigital.com/professional-services-marketing-services/crm-revops-for-security-consulting-firms/,/professional-services-marketing-services/crm-revops-for-security-consulting-firms/,Professional Services,Professional and regulated services,Service × Industry Landing Page,Security consulting firms,CRM and Revenue Operations,/professional-services-industries/security-consulting-firms-marketing-agency/,Index after content threshold,Phase 3,crm and revenue operations for security consulting firms,professional-services-service-industry-sitemap.xml,Consultus campaign matrix pattern
https://www.consultusdigital.com/professional-services-marketing-services/thought-leadership-for-security-consulting-firms/,/professional-services-marketing-services/thought-leadership-for-security-consulting-firms/,Professional Services,Professional and regulated services,Service × Industry Landing Page,Security consulting firms,Thought Leadership and Content,/professional-services-industries/security-consulting-firms-marketing-agency/,Index after content threshold,Phase 3,thought leadership and content for security consulting firms,professional-services-service-industry-sitemap.xml,Consultus campaign matrix pattern
https://www.consultusdigital.com/professional-services-marketing-services/ad-creative-for-security-consulting-firms/,/professional-services-marketing-services/ad-creative-for-security-consulting-firms/,Professional Services,Professional and regulated services,Service × Industry Landing Page,Security consulting firms,Ad Creative Production,/professional-services-industries/security-consulting-firms-marketing-agency/,Index after content threshold,Phase 3,ad creative production for security consulting firms,professional-services-service-industry-sitemap.xml,Consultus campaign matrix pattern
https://www.consultusdigital.com/professional-services-marketing-services/analytics-for-security-consulting-firms/,/professional-services-marketing-services/analytics-for-security-consulting-firms/,Professional Services,Professional and regulated services,Service × Industry Landing Page,Security consulting firms,Pipeline Analytics and Attribution,/professional-services-industries/security-consulting-firms-marketing-agency/,Index after content threshold,Phase 3,pipeline analytics and attribution for security consulting firms,professional-services-service-industry-sitemap.xml,Consultus campaign matrix pattern
https://www.consultusdigital.com/professional-services-industries/government-contractors-marketing-agency/,/professional-services-industries/government-contractors-marketing-agency/,Professional Services,Professional and regulated services,Industry Marketing Agency Page,Government contractors,,/professional-services-industries/professional-and-regulated-services/,Index,Phase 2,government contractors marketing agency,professional-services-industry-agency-sitemap.xml,https://www.cardinaldigitalmarketing.com/healthcare-specialties/mental-healthcare-providers-agency/
https://www.consultusdigital.com/professional-services-marketing-services/digital-marketing-for-government-contractors/,/professional-services-marketing-services/digital-marketing-for-government-contractors/,Professional Services,Professional and regulated services,Service × Industry Landing Page,Government contractors,Digital Marketing Agency,/professional-services-industries/government-contractors-marketing-agency/,Index after content threshold,Phase 3,digital marketing agency for government contractors,professional-services-service-industry-sitemap.xml,Consultus campaign matrix pattern
https://www.consultusdigital.com/professional-services-marketing-services/paid-search-for-government-contractors/,/professional-services-marketing-services/paid-search-for-government-contractors/,Professional Services,Professional and regulated services,Service × Industry Landing Page,Government contractors,Paid Search and PPC,/professional-services-industries/government-contractors-marketing-agency/,Index after content threshold,Phase 3,paid search and ppc for government contractors,professional-services-service-industry-sitemap.xml,Consultus campaign matrix pattern
https://www.consultusdigital.com/professional-services-marketing-services/seo-for-government-contractors/,/professional-services-marketing-services/seo-for-government-contractors/,Professional Services,Professional and regulated services,Service × Industry Landing Page,Government contractors,SEO,/professional-services-industries/government-contractors-marketing-agency/,Index after content threshold,Phase 3,seo for government contractors,professional-services-service-industry-sitemap.xml,Consultus campaign matrix pattern
https://www.consultusdigital.com/professional-services-marketing-services/ai-search-for-government-contractors/,/professional-services-marketing-services/ai-search-for-government-contractors/,Professional Services,Professional and regulated services,Service × Industry Landing Page,Government contractors,"AEO, GEO and AI Search",/professional-services-industries/government-contractors-marketing-agency/,Index after content threshold,Phase 3,"aeo, geo and ai search for government contractors",professional-services-service-industry-sitemap.xml,Consultus campaign matrix pattern
https://www.consultusdigital.com/professional-services-marketing-services/paid-social-for-government-contractors/,/professional-services-marketing-services/paid-social-for-government-contractors/,Professional Services,Professional and regulated services,Service × Industry Landing Page,Government contractors,Paid Social,/professional-services-industries/government-contractors-marketing-agency/,Index after content threshold,Phase 3,paid social for government contractors,professional-services-service-industry-sitemap.xml,Consultus campaign matrix pattern
https://www.consultusdigital.com/professional-services-marketing-services/web-design-for-government-contractors/,/professional-services-marketing-services/web-design-for-government-contractors/,Professional Services,Professional and regulated services,Service × Industry Landing Page,Government contractors,Website Design and CRO,/professional-services-industries/government-contractors-marketing-agency/,Index after content threshold,Phase 3,website design and cro for government contractors,professional-services-service-industry-sitemap.xml,Consultus campaign matrix pattern
https://www.consultusdigital.com/professional-services-marketing-services/crm-revops-for-government-contractors/,/professional-services-marketing-services/crm-revops-for-government-contractors/,Professional Services,Professional and regulated services,Service × Industry Landing Page,Government contractors,CRM and Revenue Operations,/professional-services-industries/government-contractors-marketing-agency/,Index after content threshold,Phase 3,crm and revenue operations for government contractors,professional-services-service-industry-sitemap.xml,Consultus campaign matrix pattern
https://www.consultusdigital.com/professional-services-marketing-services/thought-leadership-for-government-contractors/,/professional-services-marketing-services/thought-leadership-for-government-contractors/,Professional Services,Professional and regulated services,Service × Industry Landing Page,Government contractors,Thought Leadership and Content,/professional-services-industries/government-contractors-marketing-agency/,Index after content threshold,Phase 3,thought leadership and content for government contractors,professional-services-service-industry-sitemap.xml,Consultus campaign matrix pattern
https://www.consultusdigital.com/professional-services-marketing-services/ad-creative-for-government-contractors/,/professional-services-marketing-services/ad-creative-for-government-contractors/,Professional Services,Professional and regulated services,Service × Industry Landing Page,Government contractors,Ad Creative Production,/professional-services-industries/government-contractors-marketing-agency/,Index after content threshold,Phase 3,ad creative production for government contractors,professional-services-service-industry-sitemap.xml,Consultus campaign matrix pattern
https://www.consultusdigital.com/professional-services-marketing-services/analytics-for-government-contractors/,/professional-services-marketing-services/analytics-for-government-contractors/,Professional Services,Professional and regulated services,Service × Industry Landing Page,Government contractors,Pipeline Analytics and Attribution,/professional-services-industries/government-contractors-marketing-agency/,Index after content threshold,Phase 3,pipeline analytics and attribution for government contractors,professional-services-service-industry-sitemap.xml,Consultus campaign matrix pattern
https://www.consultusdigital.com/professional-services-industries/association-management-companies-marketing-agency/,/professional-services-industries/association-management-companies-marketing-agency/,Professional Services,Professional and regulated services,Industry Marketing Agency Page,Association management companies,,/professional-services-industries/professional-and-regulated-services/,Index,Phase 2,association management companies marketing agency,professional-services-industry-agency-sitemap.xml,https://www.cardinaldigitalmarketing.com/healthcare-specialties/mental-healthcare-providers-agency/
https://www.consultusdigital.com/professional-services-marketing-services/digital-marketing-for-association-management-companies/,/professional-services-marketing-services/digital-marketing-for-association-management-companies/,Professional Services,Professional and regulated services,Service × Industry Landing Page,Association management companies,Digital Marketing Agency,/professional-services-industries/association-management-companies-marketing-agency/,Index after content threshold,Phase 3,digital marketing agency for association management companies,professional-services-service-industry-sitemap.xml,Consultus campaign matrix pattern
https://www.consultusdigital.com/professional-services-marketing-services/paid-search-for-association-management-companies/,/professional-services-marketing-services/paid-search-for-association-management-companies/,Professional Services,Professional and regulated services,Service × Industry Landing Page,Association management companies,Paid Search and PPC,/professional-services-industries/association-management-companies-marketing-agency/,Index after content threshold,Phase 3,paid search and ppc for association management companies,professional-services-service-industry-sitemap.xml,Consultus campaign matrix pattern
https://www.consultusdigital.com/professional-services-marketing-services/seo-for-association-management-companies/,/professional-services-marketing-services/seo-for-association-management-companies/,Professional Services,Professional and regulated services,Service × Industry Landing Page,Association management companies,SEO,/professional-services-industries/association-management-companies-marketing-agency/,Index after content threshold,Phase 3,seo for association management companies,professional-services-service-industry-sitemap.xml,Consultus campaign matrix pattern
https://www.consultusdigital.com/professional-services-marketing-services/ai-search-for-association-management-companies/,/professional-services-marketing-services/ai-search-for-association-management-companies/,Professional Services,Professional and regulated services,Service × Industry Landing Page,Association management companies,"AEO, GEO and AI Search",/professional-services-industries/association-management-companies-marketing-agency/,Index after content threshold,Phase 3,"aeo, geo and ai search for association management companies",professional-services-service-industry-sitemap.xml,Consultus campaign matrix pattern
https://www.consultusdigital.com/professional-services-marketing-services/paid-social-for-association-management-companies/,/professional-services-marketing-services/paid-social-for-association-management-companies/,Professional Services,Professional and regulated services,Service × Industry Landing Page,Association management companies,Paid Social,/professional-services-industries/association-management-companies-marketing-agency/,Index after content threshold,Phase 3,paid social for association management companies,professional-services-service-industry-sitemap.xml,Consultus campaign matrix pattern
https://www.consultusdigital.com/professional-services-marketing-services/web-design-for-association-management-companies/,/professional-services-marketing-services/web-design-for-association-management-companies/,Professional Services,Professional and regulated services,Service × Industry Landing Page,Association management companies,Website Design and CRO,/professional-services-industries/association-management-companies-marketing-agency/,Index after content threshold,Phase 3,website design and cro for association management companies,professional-services-service-industry-sitemap.xml,Consultus campaign matrix pattern
https://www.consultusdigital.com/professional-services-marketing-services/crm-revops-for-association-management-companies/,/professional-services-marketing-services/crm-revops-for-association-management-companies/,Professional Services,Professional and regulated services,Service × Industry Landing Page,Association management companies,CRM and Revenue Operations,/professional-services-industries/association-management-companies-marketing-agency/,Index after content threshold,Phase 3,crm and revenue operations for association management companies,professional-services-service-industry-sitemap.xml,Consultus campaign matrix pattern
https://www.consultusdigital.com/professional-services-marketing-services/thought-leadership-for-association-management-companies/,/professional-services-marketing-services/thought-leadership-for-association-management-companies/,Professional Services,Professional and regulated services,Service × Industry Landing Page,Association management companies,Thought Leadership and Content,/professional-services-industries/association-management-companies-marketing-agency/,Index after content threshold,Phase 3,thought leadership and content for association management companies,professional-services-service-industry-sitemap.xml,Consultus campaign matrix pattern
https://www.consultusdigital.com/professional-services-marketing-services/ad-creative-for-association-management-companies/,/professional-services-marketing-services/ad-creative-for-association-management-companies/,Professional Services,Professional and regulated services,Service × Industry Landing Page,Association management companies,Ad Creative Production,/professional-services-industries/association-management-companies-marketing-agency/,Index after content threshold,Phase 3,ad creative production for association management companies,professional-services-service-industry-sitemap.xml,Consultus campaign matrix pattern
https://www.consultusdigital.com/professional-services-marketing-services/analytics-for-association-management-companies/,/professional-services-marketing-services/analytics-for-association-management-companies/,Professional Services,Professional and regulated services,Service × Industry Landing Page,Association management companies,Pipeline Analytics and Attribution,/professional-services-industries/association-management-companies-marketing-agency/,Index after content threshold,Phase 3,pipeline analytics and attribution for association management companies,professional-services-service-industry-sitemap.xml,Consultus campaign matrix pattern
https://www.consultusdigital.com/professional-services-industries/multi-location-and-network-models/,/professional-services-industries/multi-location-and-network-models/,Professional Services,Multi-location and network models,Sector Hub,Multi-location and network models,,/professional-services-industries/,Index,Phase 1,multi-location and network models marketing agency,professional-services-industry-agency-sitemap.xml,https://www.cardinaldigitalmarketing.com/healthcare-specialties/mental-healthcare-providers-agency/
https://www.consultusdigital.com/professional-services-industries/multi-office-professional-firms-marketing-agency/,/professional-services-industries/multi-office-professional-firms-marketing-agency/,Professional Services,Multi-location and network models,Industry Marketing Agency Page,Multi-office professional firms,,/professional-services-industries/multi-location-and-network-models/,Index,Phase 2,multi-office professional firms marketing agency,professional-services-industry-agency-sitemap.xml,https://www.cardinaldigitalmarketing.com/healthcare-specialties/mental-healthcare-providers-agency/
https://www.consultusdigital.com/professional-services-marketing-services/digital-marketing-for-multi-office-professional-firms/,/professional-services-marketing-services/digital-marketing-for-multi-office-professional-firms/,Professional Services,Multi-location and network models,Service × Industry Landing Page,Multi-office professional firms,Digital Marketing Agency,/professional-services-industries/multi-office-professional-firms-marketing-agency/,Index after content threshold,Phase 3,digital marketing agency for multi-office professional firms,professional-services-service-industry-sitemap.xml,Consultus campaign matrix pattern
https://www.consultusdigital.com/professional-services-marketing-services/paid-search-for-multi-office-professional-firms/,/professional-services-marketing-services/paid-search-for-multi-office-professional-firms/,Professional Services,Multi-location and network models,Service × Industry Landing Page,Multi-office professional firms,Paid Search and PPC,/professional-services-industries/multi-office-professional-firms-marketing-agency/,Index after content threshold,Phase 3,paid search and ppc for multi-office professional firms,professional-services-service-industry-sitemap.xml,Consultus campaign matrix pattern
https://www.consultusdigital.com/professional-services-marketing-services/seo-for-multi-office-professional-firms/,/professional-services-marketing-services/seo-for-multi-office-professional-firms/,Professional Services,Multi-location and network models,Service × Industry Landing Page,Multi-office professional firms,SEO,/professional-services-industries/multi-office-professional-firms-marketing-agency/,Index after content threshold,Phase 3,seo for multi-office professional firms,professional-services-service-industry-sitemap.xml,Consultus campaign matrix pattern
https://www.consultusdigital.com/professional-services-marketing-services/ai-search-for-multi-office-professional-firms/,/professional-services-marketing-services/ai-search-for-multi-office-professional-firms/,Professional Services,Multi-location and network models,Service × Industry Landing Page,Multi-office professional firms,"AEO, GEO and AI Search",/professional-services-industries/multi-office-professional-firms-marketing-agency/,Index after content threshold,Phase 3,"aeo, geo and ai search for multi-office professional firms",professional-services-service-industry-sitemap.xml,Consultus campaign matrix pattern
https://www.consultusdigital.com/professional-services-marketing-services/paid-social-for-multi-office-professional-firms/,/professional-services-marketing-services/paid-social-for-multi-office-professional-firms/,Professional Services,Multi-location and network models,Service × Industry Landing Page,Multi-office professional firms,Paid Social,/professional-services-industries/multi-office-professional-firms-marketing-agency/,Index after content threshold,Phase 3,paid social for multi-office professional firms,professional-services-service-industry-sitemap.xml,Consultus campaign matrix pattern
https://www.consultusdigital.com/professional-services-marketing-services/web-design-for-multi-office-professional-firms/,/professional-services-marketing-services/web-design-for-multi-office-professional-firms/,Professional Services,Multi-location and network models,Service × Industry Landing Page,Multi-office professional firms,Website Design and CRO,/professional-services-industries/multi-office-professional-firms-marketing-agency/,Index after content threshold,Phase 3,website design and cro for multi-office professional firms,professional-services-service-industry-sitemap.xml,Consultus campaign matrix pattern
https://www.consultusdigital.com/professional-services-marketing-services/crm-revops-for-multi-office-professional-firms/,/professional-services-marketing-services/crm-revops-for-multi-office-professional-firms/,Professional Services,Multi-location and network models,Service × Industry Landing Page,Multi-office professional firms,CRM and Revenue Operations,/professional-services-industries/multi-office-professional-firms-marketing-agency/,Index after content threshold,Phase 3,crm and revenue operations for multi-office professional firms,professional-services-service-industry-sitemap.xml,Consultus campaign matrix pattern
https://www.consultusdigital.com/professional-services-marketing-services/thought-leadership-for-multi-office-professional-firms/,/professional-services-marketing-services/thought-leadership-for-multi-office-professional-firms/,Professional Services,Multi-location and network models,Service × Industry Landing Page,Multi-office professional firms,Thought Leadership and Content,/professional-services-industries/multi-office-professional-firms-marketing-agency/,Index after content threshold,Phase 3,thought leadership and content for multi-office professional firms,professional-services-service-industry-sitemap.xml,Consultus campaign matrix pattern
https://www.consultusdigital.com/professional-services-marketing-services/ad-creative-for-multi-office-professional-firms/,/professional-services-marketing-services/ad-creative-for-multi-office-professional-firms/,Professional Services,Multi-location and network models,Service × Industry Landing Page,Multi-office professional firms,Ad Creative Production,/professional-services-industries/multi-office-professional-firms-marketing-agency/,Index after content threshold,Phase 3,ad creative production for multi-office professional firms,professional-services-service-industry-sitemap.xml,Consultus campaign matrix pattern
https://www.consultusdigital.com/professional-services-marketing-services/analytics-for-multi-office-professional-firms/,/professional-services-marketing-services/analytics-for-multi-office-professional-firms/,Professional Services,Multi-location and network models,Service × Industry Landing Page,Multi-office professional firms,Pipeline Analytics and Attribution,/professional-services-industries/multi-office-professional-firms-marketing-agency/,Index after content threshold,Phase 3,pipeline analytics and attribution for multi-office professional firms,professional-services-service-industry-sitemap.xml,Consultus campaign matrix pattern
https://www.consultusdigital.com/professional-services-industries/professional-service-franchises-marketing-agency/,/professional-services-industries/professional-service-franchises-marketing-agency/,Professional Services,Multi-location and network models,Industry Marketing Agency Page,Professional service franchises,,/professional-services-industries/multi-location-and-network-models/,Index,Phase 2,professional service franchises marketing agency,professional-services-industry-agency-sitemap.xml,https://www.cardinaldigitalmarketing.com/healthcare-specialties/mental-healthcare-providers-agency/
https://www.consultusdigital.com/professional-services-marketing-services/digital-marketing-for-professional-service-franchises/,/professional-services-marketing-services/digital-marketing-for-professional-service-franchises/,Professional Services,Multi-location and network models,Service × Industry Landing Page,Professional service franchises,Digital Marketing Agency,/professional-services-industries/professional-service-franchises-marketing-agency/,Index after content threshold,Phase 3,digital marketing agency for professional service franchises,professional-services-service-industry-sitemap.xml,Consultus campaign matrix pattern
https://www.consultusdigital.com/professional-services-marketing-services/paid-search-for-professional-service-franchises/,/professional-services-marketing-services/paid-search-for-professional-service-franchises/,Professional Services,Multi-location and network models,Service × Industry Landing Page,Professional service franchises,Paid Search and PPC,/professional-services-industries/professional-service-franchises-marketing-agency/,Index after content threshold,Phase 3,paid search and ppc for professional service franchises,professional-services-service-industry-sitemap.xml,Consultus campaign matrix pattern
https://www.consultusdigital.com/professional-services-marketing-services/seo-for-professional-service-franchises/,/professional-services-marketing-services/seo-for-professional-service-franchises/,Professional Services,Multi-location and network models,Service × Industry Landing Page,Professional service franchises,SEO,/professional-services-industries/professional-service-franchises-marketing-agency/,Index after content threshold,Phase 3,seo for professional service franchises,professional-services-service-industry-sitemap.xml,Consultus campaign matrix pattern
https://www.consultusdigital.com/professional-services-marketing-services/ai-search-for-professional-service-franchises/,/professional-services-marketing-services/ai-search-for-professional-service-franchises/,Professional Services,Multi-location and network models,Service × Industry Landing Page,Professional service franchises,"AEO, GEO and AI Search",/professional-services-industries/professional-service-franchises-marketing-agency/,Index after content threshold,Phase 3,"aeo, geo and ai search for professional service franchises",professional-services-service-industry-sitemap.xml,Consultus campaign matrix pattern
https://www.consultusdigital.com/professional-services-marketing-services/paid-social-for-professional-service-franchises/,/professional-services-marketing-services/paid-social-for-professional-service-franchises/,Professional Services,Multi-location and network models,Service × Industry Landing Page,Professional service franchises,Paid Social,/professional-services-industries/professional-service-franchises-marketing-agency/,Index after content threshold,Phase 3,paid social for professional service franchises,professional-services-service-industry-sitemap.xml,Consultus campaign matrix pattern
https://www.consultusdigital.com/professional-services-marketing-services/web-design-for-professional-service-franchises/,/professional-services-marketing-services/web-design-for-professional-service-franchises/,Professional Services,Multi-location and network models,Service × Industry Landing Page,Professional service franchises,Website Design and CRO,/professional-services-industries/professional-service-franchises-marketing-agency/,Index after content threshold,Phase 3,website design and cro for professional service franchises,professional-services-service-industry-sitemap.xml,Consultus campaign matrix pattern
https://www.consultusdigital.com/professional-services-marketing-services/crm-revops-for-professional-service-franchises/,/professional-services-marketing-services/crm-revops-for-professional-service-franchises/,Professional Services,Multi-location and network models,Service × Industry Landing Page,Professional service franchises,CRM and Revenue Operations,/professional-services-industries/professional-service-franchises-marketing-agency/,Index after content threshold,Phase 3,crm and revenue operations for professional service franchises,professional-services-service-industry-sitemap.xml,Consultus campaign matrix pattern
https://www.consultusdigital.com/professional-services-marketing-services/thought-leadership-for-professional-service-franchises/,/professional-services-marketing-services/thought-leadership-for-professional-service-franchises/,Professional Services,Multi-location and network models,Service × Industry Landing Page,Professional service franchises,Thought Leadership and Content,/professional-services-industries/professional-service-franchises-marketing-agency/,Index after content threshold,Phase 3,thought leadership and content for professional service franchises,professional-services-service-industry-sitemap.xml,Consultus campaign matrix pattern
https://www.consultusdigital.com/professional-services-marketing-services/ad-creative-for-professional-service-franchises/,/professional-services-marketing-services/ad-creative-for-professional-service-franchises/,Professional Services,Multi-location and network models,Service × Industry Landing Page,Professional service franchises,Ad Creative Production,/professional-services-industries/professional-service-franchises-marketing-agency/,Index after content threshold,Phase 3,ad creative production for professional service franchises,professional-services-service-industry-sitemap.xml,Consultus campaign matrix pattern
https://www.consultusdigital.com/professional-services-marketing-services/analytics-for-professional-service-franchises/,/professional-services-marketing-services/analytics-for-professional-service-franchises/,Professional Services,Multi-location and network models,Service × Industry Landing Page,Professional service franchises,Pipeline Analytics and Attribution,/professional-services-industries/professional-service-franchises-marketing-agency/,Index after content threshold,Phase 3,pipeline analytics and attribution for professional service franchises,professional-services-service-industry-sitemap.xml,Consultus campaign matrix pattern
https://www.consultusdigital.com/professional-services-industries/advisor-networks-marketing-agency/,/professional-services-industries/advisor-networks-marketing-agency/,Professional Services,Multi-location and network models,Industry Marketing Agency Page,Advisor networks,,/professional-services-industries/multi-location-and-network-models/,Index,Phase 2,advisor networks marketing agency,professional-services-industry-agency-sitemap.xml,https://www.cardinaldigitalmarketing.com/healthcare-specialties/mental-healthcare-providers-agency/
https://www.consultusdigital.com/professional-services-marketing-services/digital-marketing-for-advisor-networks/,/professional-services-marketing-services/digital-marketing-for-advisor-networks/,Professional Services,Multi-location and network models,Service × Industry Landing Page,Advisor networks,Digital Marketing Agency,/professional-services-industries/advisor-networks-marketing-agency/,Index after content threshold,Phase 3,digital marketing agency for advisor networks,professional-services-service-industry-sitemap.xml,Consultus campaign matrix pattern
https://www.consultusdigital.com/professional-services-marketing-services/paid-search-for-advisor-networks/,/professional-services-marketing-services/paid-search-for-advisor-networks/,Professional Services,Multi-location and network models,Service × Industry Landing Page,Advisor networks,Paid Search and PPC,/professional-services-industries/advisor-networks-marketing-agency/,Index after content threshold,Phase 3,paid search and ppc for advisor networks,professional-services-service-industry-sitemap.xml,Consultus campaign matrix pattern
https://www.consultusdigital.com/professional-services-marketing-services/seo-for-advisor-networks/,/professional-services-marketing-services/seo-for-advisor-networks/,Professional Services,Multi-location and network models,Service × Industry Landing Page,Advisor networks,SEO,/professional-services-industries/advisor-networks-marketing-agency/,Index after content threshold,Phase 3,seo for advisor networks,professional-services-service-industry-sitemap.xml,Consultus campaign matrix pattern
https://www.consultusdigital.com/professional-services-marketing-services/ai-search-for-advisor-networks/,/professional-services-marketing-services/ai-search-for-advisor-networks/,Professional Services,Multi-location and network models,Service × Industry Landing Page,Advisor networks,"AEO, GEO and AI Search",/professional-services-industries/advisor-networks-marketing-agency/,Index after content threshold,Phase 3,"aeo, geo and ai search for advisor networks",professional-services-service-industry-sitemap.xml,Consultus campaign matrix pattern
https://www.consultusdigital.com/professional-services-marketing-services/paid-social-for-advisor-networks/,/professional-services-marketing-services/paid-social-for-advisor-networks/,Professional Services,Multi-location and network models,Service × Industry Landing Page,Advisor networks,Paid Social,/professional-services-industries/advisor-networks-marketing-agency/,Index after content threshold,Phase 3,paid social for advisor networks,professional-services-service-industry-sitemap.xml,Consultus campaign matrix pattern
https://www.consultusdigital.com/professional-services-marketing-services/web-design-for-advisor-networks/,/professional-services-marketing-services/web-design-for-advisor-networks/,Professional Services,Multi-location and network models,Service × Industry Landing Page,Advisor networks,Website Design and CRO,/professional-services-industries/advisor-networks-marketing-agency/,Index after content threshold,Phase 3,website design and cro for advisor networks,professional-services-service-industry-sitemap.xml,Consultus campaign matrix pattern
https://www.consultusdigital.com/professional-services-marketing-services/crm-revops-for-advisor-networks/,/professional-services-marketing-services/crm-revops-for-advisor-networks/,Professional Services,Multi-location and network models,Service × Industry Landing Page,Advisor networks,CRM and Revenue Operations,/professional-services-industries/advisor-networks-marketing-agency/,Index after content threshold,Phase 3,crm and revenue operations for advisor networks,professional-services-service-industry-sitemap.xml,Consultus campaign matrix pattern
https://www.consultusdigital.com/professional-services-marketing-services/thought-leadership-for-advisor-networks/,/professional-services-marketing-services/thought-leadership-for-advisor-networks/,Professional Services,Multi-location and network models,Service × Industry Landing Page,Advisor networks,Thought Leadership and Content,/professional-services-industries/advisor-networks-marketing-agency/,Index after content threshold,Phase 3,thought leadership and content for advisor networks,professional-services-service-industry-sitemap.xml,Consultus campaign matrix pattern
https://www.consultusdigital.com/professional-services-marketing-services/ad-creative-for-advisor-networks/,/professional-services-marketing-services/ad-creative-for-advisor-networks/,Professional Services,Multi-location and network models,Service × Industry Landing Page,Advisor networks,Ad Creative Production,/professional-services-industries/advisor-networks-marketing-agency/,Index after content threshold,Phase 3,ad creative production for advisor networks,professional-services-service-industry-sitemap.xml,Consultus campaign matrix pattern
https://www.consultusdigital.com/professional-services-marketing-services/analytics-for-advisor-networks/,/professional-services-marketing-services/analytics-for-advisor-networks/,Professional Services,Multi-location and network models,Service × Industry Landing Page,Advisor networks,Pipeline Analytics and Attribution,/professional-services-industries/advisor-networks-marketing-agency/,Index after content threshold,Phase 3,pipeline analytics and attribution for advisor networks,professional-services-service-industry-sitemap.xml,Consultus campaign matrix pattern
https://www.consultusdigital.com/professional-services-industries/broker-networks-marketing-agency/,/professional-services-industries/broker-networks-marketing-agency/,Professional Services,Multi-location and network models,Industry Marketing Agency Page,Broker networks,,/professional-services-industries/multi-location-and-network-models/,Index,Phase 2,broker networks marketing agency,professional-services-industry-agency-sitemap.xml,https://www.cardinaldigitalmarketing.com/healthcare-specialties/mental-healthcare-providers-agency/
https://www.consultusdigital.com/professional-services-marketing-services/digital-marketing-for-broker-networks/,/professional-services-marketing-services/digital-marketing-for-broker-networks/,Professional Services,Multi-location and network models,Service × Industry Landing Page,Broker networks,Digital Marketing Agency,/professional-services-industries/broker-networks-marketing-agency/,Index after content threshold,Phase 3,digital marketing agency for broker networks,professional-services-service-industry-sitemap.xml,Consultus campaign matrix pattern
https://www.consultusdigital.com/professional-services-marketing-services/paid-search-for-broker-networks/,/professional-services-marketing-services/paid-search-for-broker-networks/,Professional Services,Multi-location and network models,Service × Industry Landing Page,Broker networks,Paid Search and PPC,/professional-services-industries/broker-networks-marketing-agency/,Index after content threshold,Phase 3,paid search and ppc for broker networks,professional-services-service-industry-sitemap.xml,Consultus campaign matrix pattern
https://www.consultusdigital.com/professional-services-marketing-services/seo-for-broker-networks/,/professional-services-marketing-services/seo-for-broker-networks/,Professional Services,Multi-location and network models,Service × Industry Landing Page,Broker networks,SEO,/professional-services-industries/broker-networks-marketing-agency/,Index after content threshold,Phase 3,seo for broker networks,professional-services-service-industry-sitemap.xml,Consultus campaign matrix pattern
https://www.consultusdigital.com/professional-services-marketing-services/ai-search-for-broker-networks/,/professional-services-marketing-services/ai-search-for-broker-networks/,Professional Services,Multi-location and network models,Service × Industry Landing Page,Broker networks,"AEO, GEO and AI Search",/professional-services-industries/broker-networks-marketing-agency/,Index after content threshold,Phase 3,"aeo, geo and ai search for broker networks",professional-services-service-industry-sitemap.xml,Consultus campaign matrix pattern
https://www.consultusdigital.com/professional-services-marketing-services/paid-social-for-broker-networks/,/professional-services-marketing-services/paid-social-for-broker-networks/,Professional Services,Multi-location and network models,Service × Industry Landing Page,Broker networks,Paid Social,/professional-services-industries/broker-networks-marketing-agency/,Index after content threshold,Phase 3,paid social for broker networks,professional-services-service-industry-sitemap.xml,Consultus campaign matrix pattern
https://www.consultusdigital.com/professional-services-marketing-services/web-design-for-broker-networks/,/professional-services-marketing-services/web-design-for-broker-networks/,Professional Services,Multi-location and network models,Service × Industry Landing Page,Broker networks,Website Design and CRO,/professional-services-industries/broker-networks-marketing-agency/,Index after content threshold,Phase 3,website design and cro for broker networks,professional-services-service-industry-sitemap.xml,Consultus campaign matrix pattern
https://www.consultusdigital.com/professional-services-marketing-services/crm-revops-for-broker-networks/,/professional-services-marketing-services/crm-revops-for-broker-networks/,Professional Services,Multi-location and network models,Service × Industry Landing Page,Broker networks,CRM and Revenue Operations,/professional-services-industries/broker-networks-marketing-agency/,Index after content threshold,Phase 3,crm and revenue operations for broker networks,professional-services-service-industry-sitemap.xml,Consultus campaign matrix pattern
https://www.consultusdigital.com/professional-services-marketing-services/thought-leadership-for-broker-networks/,/professional-services-marketing-services/thought-leadership-for-broker-networks/,Professional Services,Multi-location and network models,Service × Industry Landing Page,Broker networks,Thought Leadership and Content,/professional-services-industries/broker-networks-marketing-agency/,Index after content threshold,Phase 3,thought leadership and content for broker networks,professional-services-service-industry-sitemap.xml,Consultus campaign matrix pattern
https://www.consultusdigital.com/professional-services-marketing-services/ad-creative-for-broker-networks/,/professional-services-marketing-services/ad-creative-for-broker-networks/,Professional Services,Multi-location and network models,Service × Industry Landing Page,Broker networks,Ad Creative Production,/professional-services-industries/broker-networks-marketing-agency/,Index after content threshold,Phase 3,ad creative production for broker networks,professional-services-service-industry-sitemap.xml,Consultus campaign matrix pattern
https://www.consultusdigital.com/professional-services-marketing-services/analytics-for-broker-networks/,/professional-services-marketing-services/analytics-for-broker-networks/,Professional Services,Multi-location and network models,Service × Industry Landing Page,Broker networks,Pipeline Analytics and Attribution,/professional-services-industries/broker-networks-marketing-agency/,Index after content threshold,Phase 3,pipeline analytics and attribution for broker networks,professional-services-service-industry-sitemap.xml,Consultus campaign matrix pattern
https://www.consultusdigital.com/professional-services-industries/partner-led-firms-marketing-agency/,/professional-services-industries/partner-led-firms-marketing-agency/,Professional Services,Multi-location and network models,Industry Marketing Agency Page,Partner-led firms,,/professional-services-industries/multi-location-and-network-models/,Index,Phase 2,partner-led firms marketing agency,professional-services-industry-agency-sitemap.xml,https://www.cardinaldigitalmarketing.com/healthcare-specialties/mental-healthcare-providers-agency/
https://www.consultusdigital.com/professional-services-marketing-services/digital-marketing-for-partner-led-firms/,/professional-services-marketing-services/digital-marketing-for-partner-led-firms/,Professional Services,Multi-location and network models,Service × Industry Landing Page,Partner-led firms,Digital Marketing Agency,/professional-services-industries/partner-led-firms-marketing-agency/,Index after content threshold,Phase 3,digital marketing agency for partner-led firms,professional-services-service-industry-sitemap.xml,Consultus campaign matrix pattern
https://www.consultusdigital.com/professional-services-marketing-services/paid-search-for-partner-led-firms/,/professional-services-marketing-services/paid-search-for-partner-led-firms/,Professional Services,Multi-location and network models,Service × Industry Landing Page,Partner-led firms,Paid Search and PPC,/professional-services-industries/partner-led-firms-marketing-agency/,Index after content threshold,Phase 3,paid search and ppc for partner-led firms,professional-services-service-industry-sitemap.xml,Consultus campaign matrix pattern
https://www.consultusdigital.com/professional-services-marketing-services/seo-for-partner-led-firms/,/professional-services-marketing-services/seo-for-partner-led-firms/,Professional Services,Multi-location and network models,Service × Industry Landing Page,Partner-led firms,SEO,/professional-services-industries/partner-led-firms-marketing-agency/,Index after content threshold,Phase 3,seo for partner-led firms,professional-services-service-industry-sitemap.xml,Consultus campaign matrix pattern
https://www.consultusdigital.com/professional-services-marketing-services/ai-search-for-partner-led-firms/,/professional-services-marketing-services/ai-search-for-partner-led-firms/,Professional Services,Multi-location and network models,Service × Industry Landing Page,Partner-led firms,"AEO, GEO and AI Search",/professional-services-industries/partner-led-firms-marketing-agency/,Index after content threshold,Phase 3,"aeo, geo and ai search for partner-led firms",professional-services-service-industry-sitemap.xml,Consultus campaign matrix pattern
https://www.consultusdigital.com/professional-services-marketing-services/paid-social-for-partner-led-firms/,/professional-services-marketing-services/paid-social-for-partner-led-firms/,Professional Services,Multi-location and network models,Service × Industry Landing Page,Partner-led firms,Paid Social,/professional-services-industries/partner-led-firms-marketing-agency/,Index after content threshold,Phase 3,paid social for partner-led firms,professional-services-service-industry-sitemap.xml,Consultus campaign matrix pattern
https://www.consultusdigital.com/professional-services-marketing-services/web-design-for-partner-led-firms/,/professional-services-marketing-services/web-design-for-partner-led-firms/,Professional Services,Multi-location and network models,Service × Industry Landing Page,Partner-led firms,Website Design and CRO,/professional-services-industries/partner-led-firms-marketing-agency/,Index after content threshold,Phase 3,website design and cro for partner-led firms,professional-services-service-industry-sitemap.xml,Consultus campaign matrix pattern
https://www.consultusdigital.com/professional-services-marketing-services/crm-revops-for-partner-led-firms/,/professional-services-marketing-services/crm-revops-for-partner-led-firms/,Professional Services,Multi-location and network models,Service × Industry Landing Page,Partner-led firms,CRM and Revenue Operations,/professional-services-industries/partner-led-firms-marketing-agency/,Index after content threshold,Phase 3,crm and revenue operations for partner-led firms,professional-services-service-industry-sitemap.xml,Consultus campaign matrix pattern
https://www.consultusdigital.com/professional-services-marketing-services/thought-leadership-for-partner-led-firms/,/professional-services-marketing-services/thought-leadership-for-partner-led-firms/,Professional Services,Multi-location and network models,Service × Industry Landing Page,Partner-led firms,Thought Leadership and Content,/professional-services-industries/partner-led-firms-marketing-agency/,Index after content threshold,Phase 3,thought leadership and content for partner-led firms,professional-services-service-industry-sitemap.xml,Consultus campaign matrix pattern
https://www.consultusdigital.com/professional-services-marketing-services/ad-creative-for-partner-led-firms/,/professional-services-marketing-services/ad-creative-for-partner-led-firms/,Professional Services,Multi-location and network models,Service × Industry Landing Page,Partner-led firms,Ad Creative Production,/professional-services-industries/partner-led-firms-marketing-agency/,Index after content threshold,Phase 3,ad creative production for partner-led firms,professional-services-service-industry-sitemap.xml,Consultus campaign matrix pattern
https://www.consultusdigital.com/professional-services-marketing-services/analytics-for-partner-led-firms/,/professional-services-marketing-services/analytics-for-partner-led-firms/,Professional Services,Multi-location and network models,Service × Industry Landing Page,Partner-led firms,Pipeline Analytics and Attribution,/professional-services-industries/partner-led-firms-marketing-agency/,Index after content threshold,Phase 3,pipeline analytics and attribution for partner-led firms,professional-services-service-industry-sitemap.xml,Consultus campaign matrix pattern
https://www.consultusdigital.com/professional-services-industries/private-equity-backed-professional-services-marketing-agency/,/professional-services-industries/private-equity-backed-professional-services-marketing-agency/,Professional Services,Multi-location and network models,Industry Marketing Agency Page,Private equity-backed professional services,,/professional-services-industries/multi-location-and-network-models/,Index,Phase 2,private equity-backed professional services marketing agency,professional-services-industry-agency-sitemap.xml,https://www.cardinaldigitalmarketing.com/healthcare-specialties/mental-healthcare-providers-agency/
https://www.consultusdigital.com/professional-services-marketing-services/digital-marketing-for-private-equity-backed-professional-services/,/professional-services-marketing-services/digital-marketing-for-private-equity-backed-professional-services/,Professional Services,Multi-location and network models,Service × Industry Landing Page,Private equity-backed professional services,Digital Marketing Agency,/professional-services-industries/private-equity-backed-professional-services-marketing-agency/,Index after content threshold,Phase 3,digital marketing agency for private equity-backed professional services,professional-services-service-industry-sitemap.xml,Consultus campaign matrix pattern
https://www.consultusdigital.com/professional-services-marketing-services/paid-search-for-private-equity-backed-professional-services/,/professional-services-marketing-services/paid-search-for-private-equity-backed-professional-services/,Professional Services,Multi-location and network models,Service × Industry Landing Page,Private equity-backed professional services,Paid Search and PPC,/professional-services-industries/private-equity-backed-professional-services-marketing-agency/,Index after content threshold,Phase 3,paid search and ppc for private equity-backed professional services,professional-services-service-industry-sitemap.xml,Consultus campaign matrix pattern
https://www.consultusdigital.com/professional-services-marketing-services/seo-for-private-equity-backed-professional-services/,/professional-services-marketing-services/seo-for-private-equity-backed-professional-services/,Professional Services,Multi-location and network models,Service × Industry Landing Page,Private equity-backed professional services,SEO,/professional-services-industries/private-equity-backed-professional-services-marketing-agency/,Index after content threshold,Phase 3,seo for private equity-backed professional services,professional-services-service-industry-sitemap.xml,Consultus campaign matrix pattern
https://www.consultusdigital.com/professional-services-marketing-services/ai-search-for-private-equity-backed-professional-services/,/professional-services-marketing-services/ai-search-for-private-equity-backed-professional-services/,Professional Services,Multi-location and network models,Service × Industry Landing Page,Private equity-backed professional services,"AEO, GEO and AI Search",/professional-services-industries/private-equity-backed-professional-services-marketing-agency/,Index after content threshold,Phase 3,"aeo, geo and ai search for private equity-backed professional services",professional-services-service-industry-sitemap.xml,Consultus campaign matrix pattern
https://www.consultusdigital.com/professional-services-marketing-services/paid-social-for-private-equity-backed-professional-services/,/professional-services-marketing-services/paid-social-for-private-equity-backed-professional-services/,Professional Services,Multi-location and network models,Service × Industry Landing Page,Private equity-backed professional services,Paid Social,/professional-services-industries/private-equity-backed-professional-services-marketing-agency/,Index after content threshold,Phase 3,paid social for private equity-backed professional services,professional-services-service-industry-sitemap.xml,Consultus campaign matrix pattern
https://www.consultusdigital.com/professional-services-marketing-services/web-design-for-private-equity-backed-professional-services/,/professional-services-marketing-services/web-design-for-private-equity-backed-professional-services/,Professional Services,Multi-location and network models,Service × Industry Landing Page,Private equity-backed professional services,Website Design and CRO,/professional-services-industries/private-equity-backed-professional-services-marketing-agency/,Index after content threshold,Phase 3,website design and cro for private equity-backed professional services,professional-services-service-industry-sitemap.xml,Consultus campaign matrix pattern
https://www.consultusdigital.com/professional-services-marketing-services/crm-revops-for-private-equity-backed-professional-services/,/professional-services-marketing-services/crm-revops-for-private-equity-backed-professional-services/,Professional Services,Multi-location and network models,Service × Industry Landing Page,Private equity-backed professional services,CRM and Revenue Operations,/professional-services-industries/private-equity-backed-professional-services-marketing-agency/,Index after content threshold,Phase 3,crm and revenue operations for private equity-backed professional services,professional-services-service-industry-sitemap.xml,Consultus campaign matrix pattern
https://www.consultusdigital.com/professional-services-marketing-services/thought-leadership-for-private-equity-backed-professional-services/,/professional-services-marketing-services/thought-leadership-for-private-equity-backed-professional-services/,Professional Services,Multi-location and network models,Service × Industry Landing Page,Private equity-backed professional services,Thought Leadership and Content,/professional-services-industries/private-equity-backed-professional-services-marketing-agency/,Index after content threshold,Phase 3,thought leadership and content for private equity-backed professional services,professional-services-service-industry-sitemap.xml,Consultus campaign matrix pattern
https://www.consultusdigital.com/professional-services-marketing-services/ad-creative-for-private-equity-backed-professional-services/,/professional-services-marketing-services/ad-creative-for-private-equity-backed-professional-services/,Professional Services,Multi-location and network models,Service × Industry Landing Page,Private equity-backed professional services,Ad Creative Production,/professional-services-industries/private-equity-backed-professional-services-marketing-agency/,Index after content threshold,Phase 3,ad creative production for private equity-backed professional services,professional-services-service-industry-sitemap.xml,Consultus campaign matrix pattern
https://www.consultusdigital.com/professional-services-marketing-services/analytics-for-private-equity-backed-professional-services/,/professional-services-marketing-services/analytics-for-private-equity-backed-professional-services/,Professional Services,Multi-location and network models,Service × Industry Landing Page,Private equity-backed professional services,Pipeline Analytics and Attribution,/professional-services-industries/private-equity-backed-professional-services-marketing-agency/,Index after content threshold,Phase 3,pipeline analytics and attribution for private equity-backed professional services,professional-services-service-industry-sitemap.xml,Consultus campaign matrix pattern
https://www.consultusdigital.com/professional-services-industries/national-professional-service-platforms-marketing-agency/,/professional-services-industries/national-professional-service-platforms-marketing-agency/,Professional Services,Multi-location and network models,Industry Marketing Agency Page,National professional service platforms,,/professional-services-industries/multi-location-and-network-models/,Index,Phase 2,national professional service platforms marketing agency,professional-services-industry-agency-sitemap.xml,https://www.cardinaldigitalmarketing.com/healthcare-specialties/mental-healthcare-providers-agency/
https://www.consultusdigital.com/professional-services-marketing-services/digital-marketing-for-national-professional-service-platforms/,/professional-services-marketing-services/digital-marketing-for-national-professional-service-platforms/,Professional Services,Multi-location and network models,Service × Industry Landing Page,National professional service platforms,Digital Marketing Agency,/professional-services-industries/national-professional-service-platforms-marketing-agency/,Index after content threshold,Phase 3,digital marketing agency for national professional service platforms,professional-services-service-industry-sitemap.xml,Consultus campaign matrix pattern
https://www.consultusdigital.com/professional-services-marketing-services/paid-search-for-national-professional-service-platforms/,/professional-services-marketing-services/paid-search-for-national-professional-service-platforms/,Professional Services,Multi-location and network models,Service × Industry Landing Page,National professional service platforms,Paid Search and PPC,/professional-services-industries/national-professional-service-platforms-marketing-agency/,Index after content threshold,Phase 3,paid search and ppc for national professional service platforms,professional-services-service-industry-sitemap.xml,Consultus campaign matrix pattern
https://www.consultusdigital.com/professional-services-marketing-services/seo-for-national-professional-service-platforms/,/professional-services-marketing-services/seo-for-national-professional-service-platforms/,Professional Services,Multi-location and network models,Service × Industry Landing Page,National professional service platforms,SEO,/professional-services-industries/national-professional-service-platforms-marketing-agency/,Index after content threshold,Phase 3,seo for national professional service platforms,professional-services-service-industry-sitemap.xml,Consultus campaign matrix pattern
https://www.consultusdigital.com/professional-services-marketing-services/ai-search-for-national-professional-service-platforms/,/professional-services-marketing-services/ai-search-for-national-professional-service-platforms/,Professional Services,Multi-location and network models,Service × Industry Landing Page,National professional service platforms,"AEO, GEO and AI Search",/professional-services-industries/national-professional-service-platforms-marketing-agency/,Index after content threshold,Phase 3,"aeo, geo and ai search for national professional service platforms",professional-services-service-industry-sitemap.xml,Consultus campaign matrix pattern
https://www.consultusdigital.com/professional-services-marketing-services/paid-social-for-national-professional-service-platforms/,/professional-services-marketing-services/paid-social-for-national-professional-service-platforms/,Professional Services,Multi-location and network models,Service × Industry Landing Page,National professional service platforms,Paid Social,/professional-services-industries/national-professional-service-platforms-marketing-agency/,Index after content threshold,Phase 3,paid social for national professional service platforms,professional-services-service-industry-sitemap.xml,Consultus campaign matrix pattern
https://www.consultusdigital.com/professional-services-marketing-services/web-design-for-national-professional-service-platforms/,/professional-services-marketing-services/web-design-for-national-professional-service-platforms/,Professional Services,Multi-location and network models,Service × Industry Landing Page,National professional service platforms,Website Design and CRO,/professional-services-industries/national-professional-service-platforms-marketing-agency/,Index after content threshold,Phase 3,website design and cro for national professional service platforms,professional-services-service-industry-sitemap.xml,Consultus campaign matrix pattern
https://www.consultusdigital.com/professional-services-marketing-services/crm-revops-for-national-professional-service-platforms/,/professional-services-marketing-services/crm-revops-for-national-professional-service-platforms/,Professional Services,Multi-location and network models,Service × Industry Landing Page,National professional service platforms,CRM and Revenue Operations,/professional-services-industries/national-professional-service-platforms-marketing-agency/,Index after content threshold,Phase 3,crm and revenue operations for national professional service platforms,professional-services-service-industry-sitemap.xml,Consultus campaign matrix pattern
https://www.consultusdigital.com/professional-services-marketing-services/thought-leadership-for-national-professional-service-platforms/,/professional-services-marketing-services/thought-leadership-for-national-professional-service-platforms/,Professional Services,Multi-location and network models,Service × Industry Landing Page,National professional service platforms,Thought Leadership and Content,/professional-services-industries/national-professional-service-platforms-marketing-agency/,Index after content threshold,Phase 3,thought leadership and content for national professional service platforms,professional-services-service-industry-sitemap.xml,Consultus campaign matrix pattern
https://www.consultusdigital.com/professional-services-marketing-services/ad-creative-for-national-professional-service-platforms/,/professional-services-marketing-services/ad-creative-for-national-professional-service-platforms/,Professional Services,Multi-location and network models,Service × Industry Landing Page,National professional service platforms,Ad Creative Production,/professional-services-industries/national-professional-service-platforms-marketing-agency/,Index after content threshold,Phase 3,ad creative production for national professional service platforms,professional-services-service-industry-sitemap.xml,Consultus campaign matrix pattern
https://www.consultusdigital.com/professional-services-marketing-services/analytics-for-national-professional-service-platforms/,/professional-services-marketing-services/analytics-for-national-professional-service-platforms/,Professional Services,Multi-location and network models,Service × Industry Landing Page,National professional service platforms,Pipeline Analytics and Attribution,/professional-services-industries/national-professional-service-platforms-marketing-agency/,Index after content threshold,Phase 3,pipeline analytics and attribution for national professional service platforms,professional-services-service-industry-sitemap.xml,Consultus campaign matrix pattern
https://www.consultusdigital.com/professional-services-industries/regional-professional-service-groups-marketing-agency/,/professional-services-industries/regional-professional-service-groups-marketing-agency/,Professional Services,Multi-location and network models,Industry Marketing Agency Page,Regional professional service groups,,/professional-services-industries/multi-location-and-network-models/,Index,Phase 2,regional professional service groups marketing agency,professional-services-industry-agency-sitemap.xml,https://www.cardinaldigitalmarketing.com/healthcare-specialties/mental-healthcare-providers-agency/
https://www.consultusdigital.com/professional-services-marketing-services/digital-marketing-for-regional-professional-service-groups/,/professional-services-marketing-services/digital-marketing-for-regional-professional-service-groups/,Professional Services,Multi-location and network models,Service × Industry Landing Page,Regional professional service groups,Digital Marketing Agency,/professional-services-industries/regional-professional-service-groups-marketing-agency/,Index after content threshold,Phase 3,digital marketing agency for regional professional service groups,professional-services-service-industry-sitemap.xml,Consultus campaign matrix pattern
https://www.consultusdigital.com/professional-services-marketing-services/paid-search-for-regional-professional-service-groups/,/professional-services-marketing-services/paid-search-for-regional-professional-service-groups/,Professional Services,Multi-location and network models,Service × Industry Landing Page,Regional professional service groups,Paid Search and PPC,/professional-services-industries/regional-professional-service-groups-marketing-agency/,Index after content threshold,Phase 3,paid search and ppc for regional professional service groups,professional-services-service-industry-sitemap.xml,Consultus campaign matrix pattern
https://www.consultusdigital.com/professional-services-marketing-services/seo-for-regional-professional-service-groups/,/professional-services-marketing-services/seo-for-regional-professional-service-groups/,Professional Services,Multi-location and network models,Service × Industry Landing Page,Regional professional service groups,SEO,/professional-services-industries/regional-professional-service-groups-marketing-agency/,Index after content threshold,Phase 3,seo for regional professional service groups,professional-services-service-industry-sitemap.xml,Consultus campaign matrix pattern
https://www.consultusdigital.com/professional-services-marketing-services/ai-search-for-regional-professional-service-groups/,/professional-services-marketing-services/ai-search-for-regional-professional-service-groups/,Professional Services,Multi-location and network models,Service × Industry Landing Page,Regional professional service groups,"AEO, GEO and AI Search",/professional-services-industries/regional-professional-service-groups-marketing-agency/,Index after content threshold,Phase 3,"aeo, geo and ai search for regional professional service groups",professional-services-service-industry-sitemap.xml,Consultus campaign matrix pattern
https://www.consultusdigital.com/professional-services-marketing-services/paid-social-for-regional-professional-service-groups/,/professional-services-marketing-services/paid-social-for-regional-professional-service-groups/,Professional Services,Multi-location and network models,Service × Industry Landing Page,Regional professional service groups,Paid Social,/professional-services-industries/regional-professional-service-groups-marketing-agency/,Index after content threshold,Phase 3,paid social for regional professional service groups,professional-services-service-industry-sitemap.xml,Consultus campaign matrix pattern
https://www.consultusdigital.com/professional-services-marketing-services/web-design-for-regional-professional-service-groups/,/professional-services-marketing-services/web-design-for-regional-professional-service-groups/,Professional Services,Multi-location and network models,Service × Industry Landing Page,Regional professional service groups,Website Design and CRO,/professional-services-industries/regional-professional-service-groups-marketing-agency/,Index after content threshold,Phase 3,website design and cro for regional professional service groups,professional-services-service-industry-sitemap.xml,Consultus campaign matrix pattern
https://www.consultusdigital.com/professional-services-marketing-services/crm-revops-for-regional-professional-service-groups/,/professional-services-marketing-services/crm-revops-for-regional-professional-service-groups/,Professional Services,Multi-location and network models,Service × Industry Landing Page,Regional professional service groups,CRM and Revenue Operations,/professional-services-industries/regional-professional-service-groups-marketing-agency/,Index after content threshold,Phase 3,crm and revenue operations for regional professional service groups,professional-services-service-industry-sitemap.xml,Consultus campaign matrix pattern
https://www.consultusdigital.com/professional-services-marketing-services/thought-leadership-for-regional-professional-service-groups/,/professional-services-marketing-services/thought-leadership-for-regional-professional-service-groups/,Professional Services,Multi-location and network models,Service × Industry Landing Page,Regional professional service groups,Thought Leadership and Content,/professional-services-industries/regional-professional-service-groups-marketing-agency/,Index after content threshold,Phase 3,thought leadership and content for regional professional service groups,professional-services-service-industry-sitemap.xml,Consultus campaign matrix pattern
https://www.consultusdigital.com/professional-services-marketing-services/ad-creative-for-regional-professional-service-groups/,/professional-services-marketing-services/ad-creative-for-regional-professional-service-groups/,Professional Services,Multi-location and network models,Service × Industry Landing Page,Regional professional service groups,Ad Creative Production,/professional-services-industries/regional-professional-service-groups-marketing-agency/,Index after content threshold,Phase 3,ad creative production for regional professional service groups,professional-services-service-industry-sitemap.xml,Consultus campaign matrix pattern
https://www.consultusdigital.com/professional-services-marketing-services/analytics-for-regional-professional-service-groups/,/professional-services-marketing-services/analytics-for-regional-professional-service-groups/,Professional Services,Multi-location and network models,Service × Industry Landing Page,Regional professional service groups,Pipeline Analytics and Attribution,/professional-services-industries/regional-professional-service-groups-marketing-agency/,Index after content threshold,Phase 3,pipeline analytics and attribution for regional professional service groups,professional-services-service-industry-sitemap.xml,Consultus campaign matrix pattern
