URL,Path,Division,Group / Sector,Page Type,Industry / Entity,Service / Solution,Parent Hub,Indexation,Launch Phase,Primary Intent,XML Sitemap,Reference / Source
https://www.consultusdigital.com/trades-marketing-agency/,/trades-marketing-agency/,Trades,,Division Marketing Agency Hub,Trades,,/divisions/,Index,Phase 1,trades marketing agency,trades-division-sitemap.xml,https://www.cardinaldigitalmarketing.com/healthcare-specialties/mental-healthcare-providers-agency/
https://www.consultusdigital.com/trades-industries/,/trades-industries/,Trades,,Industry Directory,Trades industries,,/trades-marketing-agency/,Index,Phase 1,trades marketing agency industries,trades-industry-agency-sitemap.xml,https://www.cardinaldigitalmarketing.com/healthcare-specialties/mental-healthcare-providers-agency/
https://www.consultusdigital.com/trades-marketing-services/,/trades-marketing-services/,Trades,,Division Service Hub,Trades marketing services,,/trades-marketing-agency/,Index,Phase 1,trades marketing services,trades-service-industry-sitemap.xml,Consultus architecture
https://www.consultusdigital.com/trades-marketing-agency/solutions/,/trades-marketing-agency/solutions/,Trades,,Division Solution Hub,Trades solutions,,/trades-marketing-agency/,Index,Phase 1,trades solutions,trades-solutions-sitemap.xml,Consultus architecture
https://www.consultusdigital.com/trades-marketing-agency/case-studies/,/trades-marketing-agency/case-studies/,Trades,,Division Case Study Hub,Trades case studies,,/trades-marketing-agency/,Index,Phase 1,trades case studies,case-study-sitemap.xml,Consultus architecture
https://www.consultusdigital.com/trades-marketing-agency/insights/,/trades-marketing-agency/insights/,Trades,,Division Insight Hub,Trades insights,,/trades-marketing-agency/,Index,Phase 1,trades insights,post-sitemap.xml,Consultus architecture
https://www.consultusdigital.com/trades-marketing-agency/lead-strategist/,/trades-marketing-agency/lead-strategist/,Trades,,Division Lead Strategist,Trades lead strategist,,/trades-marketing-agency/,Index,Phase 1,trades lead strategist,expert-sitemap.xml,Consultus architecture
https://www.consultusdigital.com/trades-marketing-agency/growth-assessment/,/trades-marketing-agency/growth-assessment/,Trades,,Division Assessment,Trades growth assessment,,/trades-marketing-agency/,Index,Phase 1,trades growth assessment,resource-sitemap.xml,Consultus architecture
https://www.consultusdigital.com/trades-marketing-agency/solutions/lead-generation/,/trades-marketing-agency/solutions/lead-generation/,Trades,,Division Solution,Lead generation,Lead generation,/trades-marketing-agency/solutions/,Index,Phase 1,trades lead generation,trades-solutions-sitemap.xml,Consultus architecture
https://www.consultusdigital.com/trades-marketing-agency/solutions/estimate-conversion/,/trades-marketing-agency/solutions/estimate-conversion/,Trades,,Division Solution,Estimate conversion,Estimate conversion,/trades-marketing-agency/solutions/,Index,Phase 1,trades estimate conversion,trades-solutions-sitemap.xml,Consultus architecture
https://www.consultusdigital.com/trades-marketing-agency/solutions/call-conversion/,/trades-marketing-agency/solutions/call-conversion/,Trades,,Division Solution,Call conversion,Call conversion,/trades-marketing-agency/solutions/,Index,Phase 1,trades call conversion,trades-solutions-sitemap.xml,Consultus architecture
https://www.consultusdigital.com/trades-marketing-agency/solutions/seasonal-demand-generation/,/trades-marketing-agency/solutions/seasonal-demand-generation/,Trades,,Division Solution,Seasonal demand generation,Seasonal demand generation,/trades-marketing-agency/solutions/,Index,Phase 1,trades seasonal demand generation,trades-solutions-sitemap.xml,Consultus architecture
https://www.consultusdigital.com/trades-marketing-agency/solutions/geographic-expansion/,/trades-marketing-agency/solutions/geographic-expansion/,Trades,,Division Solution,Geographic expansion,Geographic expansion,/trades-marketing-agency/solutions/,Index,Phase 1,trades geographic expansion,trades-solutions-sitemap.xml,Consultus architecture
https://www.consultusdigital.com/trades-marketing-agency/solutions/franchise-growth/,/trades-marketing-agency/solutions/franchise-growth/,Trades,,Division Solution,Franchise growth,Franchise growth,/trades-marketing-agency/solutions/,Index,Phase 1,trades franchise growth,trades-solutions-sitemap.xml,Consultus architecture
https://www.consultusdigital.com/trades-marketing-agency/solutions/technician-recruitment/,/trades-marketing-agency/solutions/technician-recruitment/,Trades,,Division Solution,Technician recruitment,Technician recruitment,/trades-marketing-agency/solutions/,Index,Phase 1,trades technician recruitment,trades-solutions-sitemap.xml,Consultus architecture
https://www.consultusdigital.com/trades-marketing-agency/solutions/reputation-growth/,/trades-marketing-agency/solutions/reputation-growth/,Trades,,Division Solution,Reputation growth,Reputation growth,/trades-marketing-agency/solutions/,Index,Phase 1,trades reputation growth,trades-solutions-sitemap.xml,Consultus architecture
https://www.consultusdigital.com/trades-marketing-agency/solutions/multi-location-growth/,/trades-marketing-agency/solutions/multi-location-growth/,Trades,,Division Solution,Multi-location growth,Multi-location growth,/trades-marketing-agency/solutions/,Index,Phase 1,trades multi-location growth,trades-solutions-sitemap.xml,Consultus architecture
https://www.consultusdigital.com/trades-marketing-agency/solutions/sales-enablement/,/trades-marketing-agency/solutions/sales-enablement/,Trades,,Division Solution,Sales enablement,Sales enablement,/trades-marketing-agency/solutions/,Index,Phase 1,trades sales enablement,trades-solutions-sitemap.xml,Consultus architecture
https://www.consultusdigital.com/trades-industries/mechanical-and-building-systems/,/trades-industries/mechanical-and-building-systems/,Trades,Mechanical and building systems,Sector Hub,Mechanical and building systems,,/trades-industries/,Index,Phase 1,mechanical and building systems marketing agency,trades-industry-agency-sitemap.xml,https://www.cardinaldigitalmarketing.com/healthcare-specialties/mental-healthcare-providers-agency/
https://www.consultusdigital.com/trades-industries/hvac-contractors-marketing-agency/,/trades-industries/hvac-contractors-marketing-agency/,Trades,Mechanical and building systems,Industry Marketing Agency Page,HVAC contractors,,/trades-industries/mechanical-and-building-systems/,Index,Phase 2,hvac contractors marketing agency,trades-industry-agency-sitemap.xml,https://www.cardinaldigitalmarketing.com/healthcare-specialties/mental-healthcare-providers-agency/
https://www.consultusdigital.com/trades-marketing-services/digital-marketing-for-hvac-contractors/,/trades-marketing-services/digital-marketing-for-hvac-contractors/,Trades,Mechanical and building systems,Service × Industry Landing Page,HVAC contractors,Digital Marketing Agency,/trades-industries/hvac-contractors-marketing-agency/,Index after content threshold,Phase 3,digital marketing agency for hvac contractors,trades-service-industry-sitemap.xml,Consultus campaign matrix pattern
https://www.consultusdigital.com/trades-marketing-services/google-ads-for-hvac-contractors/,/trades-marketing-services/google-ads-for-hvac-contractors/,Trades,Mechanical and building systems,Service × Industry Landing Page,HVAC contractors,Google Ads and PPC,/trades-industries/hvac-contractors-marketing-agency/,Index after content threshold,Phase 3,google ads and ppc for hvac contractors,trades-service-industry-sitemap.xml,Consultus campaign matrix pattern
https://www.consultusdigital.com/trades-marketing-services/local-seo-for-hvac-contractors/,/trades-marketing-services/local-seo-for-hvac-contractors/,Trades,Mechanical and building systems,Service × Industry Landing Page,HVAC contractors,Local SEO,/trades-industries/hvac-contractors-marketing-agency/,Index after content threshold,Phase 3,local seo for hvac contractors,trades-service-industry-sitemap.xml,Consultus campaign matrix pattern
https://www.consultusdigital.com/trades-marketing-services/ai-search-for-hvac-contractors/,/trades-marketing-services/ai-search-for-hvac-contractors/,Trades,Mechanical and building systems,Service × Industry Landing Page,HVAC contractors,"AEO, GEO and AI Search",/trades-industries/hvac-contractors-marketing-agency/,Index after content threshold,Phase 3,"aeo, geo and ai search for hvac contractors",trades-service-industry-sitemap.xml,Consultus campaign matrix pattern
https://www.consultusdigital.com/trades-marketing-services/paid-social-for-hvac-contractors/,/trades-marketing-services/paid-social-for-hvac-contractors/,Trades,Mechanical and building systems,Service × Industry Landing Page,HVAC contractors,Paid Social,/trades-industries/hvac-contractors-marketing-agency/,Index after content threshold,Phase 3,paid social for hvac contractors,trades-service-industry-sitemap.xml,Consultus campaign matrix pattern
https://www.consultusdigital.com/trades-marketing-services/web-design-for-hvac-contractors/,/trades-marketing-services/web-design-for-hvac-contractors/,Trades,Mechanical and building systems,Service × Industry Landing Page,HVAC contractors,Website Design and CRO,/trades-industries/hvac-contractors-marketing-agency/,Index after content threshold,Phase 3,website design and cro for hvac contractors,trades-service-industry-sitemap.xml,Consultus campaign matrix pattern
https://www.consultusdigital.com/trades-marketing-services/crm-revops-for-hvac-contractors/,/trades-marketing-services/crm-revops-for-hvac-contractors/,Trades,Mechanical and building systems,Service × Industry Landing Page,HVAC contractors,CRM and Revenue Operations,/trades-industries/hvac-contractors-marketing-agency/,Index after content threshold,Phase 3,crm and revenue operations for hvac contractors,trades-service-industry-sitemap.xml,Consultus campaign matrix pattern
https://www.consultusdigital.com/trades-marketing-services/content-marketing-for-hvac-contractors/,/trades-marketing-services/content-marketing-for-hvac-contractors/,Trades,Mechanical and building systems,Service × Industry Landing Page,HVAC contractors,Content Marketing,/trades-industries/hvac-contractors-marketing-agency/,Index after content threshold,Phase 3,content marketing for hvac contractors,trades-service-industry-sitemap.xml,Consultus campaign matrix pattern
https://www.consultusdigital.com/trades-marketing-services/ad-creative-for-hvac-contractors/,/trades-marketing-services/ad-creative-for-hvac-contractors/,Trades,Mechanical and building systems,Service × Industry Landing Page,HVAC contractors,Ad Creative Production,/trades-industries/hvac-contractors-marketing-agency/,Index after content threshold,Phase 3,ad creative production for hvac contractors,trades-service-industry-sitemap.xml,Consultus campaign matrix pattern
https://www.consultusdigital.com/trades-marketing-services/call-tracking-for-hvac-contractors/,/trades-marketing-services/call-tracking-for-hvac-contractors/,Trades,Mechanical and building systems,Service × Industry Landing Page,HVAC contractors,Call Tracking and Attribution,/trades-industries/hvac-contractors-marketing-agency/,Index after content threshold,Phase 3,call tracking and attribution for hvac contractors,trades-service-industry-sitemap.xml,Consultus campaign matrix pattern
https://www.consultusdigital.com/trades-industries/commercial-hvac-contractors-marketing-agency/,/trades-industries/commercial-hvac-contractors-marketing-agency/,Trades,Mechanical and building systems,Industry Marketing Agency Page,Commercial HVAC contractors,,/trades-industries/mechanical-and-building-systems/,Index,Phase 2,commercial hvac contractors marketing agency,trades-industry-agency-sitemap.xml,https://www.cardinaldigitalmarketing.com/healthcare-specialties/mental-healthcare-providers-agency/
https://www.consultusdigital.com/trades-marketing-services/digital-marketing-for-commercial-hvac-contractors/,/trades-marketing-services/digital-marketing-for-commercial-hvac-contractors/,Trades,Mechanical and building systems,Service × Industry Landing Page,Commercial HVAC contractors,Digital Marketing Agency,/trades-industries/commercial-hvac-contractors-marketing-agency/,Index after content threshold,Phase 3,digital marketing agency for commercial hvac contractors,trades-service-industry-sitemap.xml,Consultus campaign matrix pattern
https://www.consultusdigital.com/trades-marketing-services/google-ads-for-commercial-hvac-contractors/,/trades-marketing-services/google-ads-for-commercial-hvac-contractors/,Trades,Mechanical and building systems,Service × Industry Landing Page,Commercial HVAC contractors,Google Ads and PPC,/trades-industries/commercial-hvac-contractors-marketing-agency/,Index after content threshold,Phase 3,google ads and ppc for commercial hvac contractors,trades-service-industry-sitemap.xml,Consultus campaign matrix pattern
https://www.consultusdigital.com/trades-marketing-services/local-seo-for-commercial-hvac-contractors/,/trades-marketing-services/local-seo-for-commercial-hvac-contractors/,Trades,Mechanical and building systems,Service × Industry Landing Page,Commercial HVAC contractors,Local SEO,/trades-industries/commercial-hvac-contractors-marketing-agency/,Index after content threshold,Phase 3,local seo for commercial hvac contractors,trades-service-industry-sitemap.xml,Consultus campaign matrix pattern
https://www.consultusdigital.com/trades-marketing-services/ai-search-for-commercial-hvac-contractors/,/trades-marketing-services/ai-search-for-commercial-hvac-contractors/,Trades,Mechanical and building systems,Service × Industry Landing Page,Commercial HVAC contractors,"AEO, GEO and AI Search",/trades-industries/commercial-hvac-contractors-marketing-agency/,Index after content threshold,Phase 3,"aeo, geo and ai search for commercial hvac contractors",trades-service-industry-sitemap.xml,Consultus campaign matrix pattern
https://www.consultusdigital.com/trades-marketing-services/paid-social-for-commercial-hvac-contractors/,/trades-marketing-services/paid-social-for-commercial-hvac-contractors/,Trades,Mechanical and building systems,Service × Industry Landing Page,Commercial HVAC contractors,Paid Social,/trades-industries/commercial-hvac-contractors-marketing-agency/,Index after content threshold,Phase 3,paid social for commercial hvac contractors,trades-service-industry-sitemap.xml,Consultus campaign matrix pattern
https://www.consultusdigital.com/trades-marketing-services/web-design-for-commercial-hvac-contractors/,/trades-marketing-services/web-design-for-commercial-hvac-contractors/,Trades,Mechanical and building systems,Service × Industry Landing Page,Commercial HVAC contractors,Website Design and CRO,/trades-industries/commercial-hvac-contractors-marketing-agency/,Index after content threshold,Phase 3,website design and cro for commercial hvac contractors,trades-service-industry-sitemap.xml,Consultus campaign matrix pattern
https://www.consultusdigital.com/trades-marketing-services/crm-revops-for-commercial-hvac-contractors/,/trades-marketing-services/crm-revops-for-commercial-hvac-contractors/,Trades,Mechanical and building systems,Service × Industry Landing Page,Commercial HVAC contractors,CRM and Revenue Operations,/trades-industries/commercial-hvac-contractors-marketing-agency/,Index after content threshold,Phase 3,crm and revenue operations for commercial hvac contractors,trades-service-industry-sitemap.xml,Consultus campaign matrix pattern
https://www.consultusdigital.com/trades-marketing-services/content-marketing-for-commercial-hvac-contractors/,/trades-marketing-services/content-marketing-for-commercial-hvac-contractors/,Trades,Mechanical and building systems,Service × Industry Landing Page,Commercial HVAC contractors,Content Marketing,/trades-industries/commercial-hvac-contractors-marketing-agency/,Index after content threshold,Phase 3,content marketing for commercial hvac contractors,trades-service-industry-sitemap.xml,Consultus campaign matrix pattern
https://www.consultusdigital.com/trades-marketing-services/ad-creative-for-commercial-hvac-contractors/,/trades-marketing-services/ad-creative-for-commercial-hvac-contractors/,Trades,Mechanical and building systems,Service × Industry Landing Page,Commercial HVAC contractors,Ad Creative Production,/trades-industries/commercial-hvac-contractors-marketing-agency/,Index after content threshold,Phase 3,ad creative production for commercial hvac contractors,trades-service-industry-sitemap.xml,Consultus campaign matrix pattern
https://www.consultusdigital.com/trades-marketing-services/call-tracking-for-commercial-hvac-contractors/,/trades-marketing-services/call-tracking-for-commercial-hvac-contractors/,Trades,Mechanical and building systems,Service × Industry Landing Page,Commercial HVAC contractors,Call Tracking and Attribution,/trades-industries/commercial-hvac-contractors-marketing-agency/,Index after content threshold,Phase 3,call tracking and attribution for commercial hvac contractors,trades-service-industry-sitemap.xml,Consultus campaign matrix pattern
https://www.consultusdigital.com/trades-industries/residential-hvac-contractors-marketing-agency/,/trades-industries/residential-hvac-contractors-marketing-agency/,Trades,Mechanical and building systems,Industry Marketing Agency Page,Residential HVAC contractors,,/trades-industries/mechanical-and-building-systems/,Index,Phase 2,residential hvac contractors marketing agency,trades-industry-agency-sitemap.xml,https://www.cardinaldigitalmarketing.com/healthcare-specialties/mental-healthcare-providers-agency/
https://www.consultusdigital.com/trades-marketing-services/digital-marketing-for-residential-hvac-contractors/,/trades-marketing-services/digital-marketing-for-residential-hvac-contractors/,Trades,Mechanical and building systems,Service × Industry Landing Page,Residential HVAC contractors,Digital Marketing Agency,/trades-industries/residential-hvac-contractors-marketing-agency/,Index after content threshold,Phase 3,digital marketing agency for residential hvac contractors,trades-service-industry-sitemap.xml,Consultus campaign matrix pattern
https://www.consultusdigital.com/trades-marketing-services/google-ads-for-residential-hvac-contractors/,/trades-marketing-services/google-ads-for-residential-hvac-contractors/,Trades,Mechanical and building systems,Service × Industry Landing Page,Residential HVAC contractors,Google Ads and PPC,/trades-industries/residential-hvac-contractors-marketing-agency/,Index after content threshold,Phase 3,google ads and ppc for residential hvac contractors,trades-service-industry-sitemap.xml,Consultus campaign matrix pattern
https://www.consultusdigital.com/trades-marketing-services/local-seo-for-residential-hvac-contractors/,/trades-marketing-services/local-seo-for-residential-hvac-contractors/,Trades,Mechanical and building systems,Service × Industry Landing Page,Residential HVAC contractors,Local SEO,/trades-industries/residential-hvac-contractors-marketing-agency/,Index after content threshold,Phase 3,local seo for residential hvac contractors,trades-service-industry-sitemap.xml,Consultus campaign matrix pattern
https://www.consultusdigital.com/trades-marketing-services/ai-search-for-residential-hvac-contractors/,/trades-marketing-services/ai-search-for-residential-hvac-contractors/,Trades,Mechanical and building systems,Service × Industry Landing Page,Residential HVAC contractors,"AEO, GEO and AI Search",/trades-industries/residential-hvac-contractors-marketing-agency/,Index after content threshold,Phase 3,"aeo, geo and ai search for residential hvac contractors",trades-service-industry-sitemap.xml,Consultus campaign matrix pattern
https://www.consultusdigital.com/trades-marketing-services/paid-social-for-residential-hvac-contractors/,/trades-marketing-services/paid-social-for-residential-hvac-contractors/,Trades,Mechanical and building systems,Service × Industry Landing Page,Residential HVAC contractors,Paid Social,/trades-industries/residential-hvac-contractors-marketing-agency/,Index after content threshold,Phase 3,paid social for residential hvac contractors,trades-service-industry-sitemap.xml,Consultus campaign matrix pattern
https://www.consultusdigital.com/trades-marketing-services/web-design-for-residential-hvac-contractors/,/trades-marketing-services/web-design-for-residential-hvac-contractors/,Trades,Mechanical and building systems,Service × Industry Landing Page,Residential HVAC contractors,Website Design and CRO,/trades-industries/residential-hvac-contractors-marketing-agency/,Index after content threshold,Phase 3,website design and cro for residential hvac contractors,trades-service-industry-sitemap.xml,Consultus campaign matrix pattern
https://www.consultusdigital.com/trades-marketing-services/crm-revops-for-residential-hvac-contractors/,/trades-marketing-services/crm-revops-for-residential-hvac-contractors/,Trades,Mechanical and building systems,Service × Industry Landing Page,Residential HVAC contractors,CRM and Revenue Operations,/trades-industries/residential-hvac-contractors-marketing-agency/,Index after content threshold,Phase 3,crm and revenue operations for residential hvac contractors,trades-service-industry-sitemap.xml,Consultus campaign matrix pattern
https://www.consultusdigital.com/trades-marketing-services/content-marketing-for-residential-hvac-contractors/,/trades-marketing-services/content-marketing-for-residential-hvac-contractors/,Trades,Mechanical and building systems,Service × Industry Landing Page,Residential HVAC contractors,Content Marketing,/trades-industries/residential-hvac-contractors-marketing-agency/,Index after content threshold,Phase 3,content marketing for residential hvac contractors,trades-service-industry-sitemap.xml,Consultus campaign matrix pattern
https://www.consultusdigital.com/trades-marketing-services/ad-creative-for-residential-hvac-contractors/,/trades-marketing-services/ad-creative-for-residential-hvac-contractors/,Trades,Mechanical and building systems,Service × Industry Landing Page,Residential HVAC contractors,Ad Creative Production,/trades-industries/residential-hvac-contractors-marketing-agency/,Index after content threshold,Phase 3,ad creative production for residential hvac contractors,trades-service-industry-sitemap.xml,Consultus campaign matrix pattern
https://www.consultusdigital.com/trades-marketing-services/call-tracking-for-residential-hvac-contractors/,/trades-marketing-services/call-tracking-for-residential-hvac-contractors/,Trades,Mechanical and building systems,Service × Industry Landing Page,Residential HVAC contractors,Call Tracking and Attribution,/trades-industries/residential-hvac-contractors-marketing-agency/,Index after content threshold,Phase 3,call tracking and attribution for residential hvac contractors,trades-service-industry-sitemap.xml,Consultus campaign matrix pattern
https://www.consultusdigital.com/trades-industries/air-conditioning-contractors-marketing-agency/,/trades-industries/air-conditioning-contractors-marketing-agency/,Trades,Mechanical and building systems,Industry Marketing Agency Page,Air conditioning contractors,,/trades-industries/mechanical-and-building-systems/,Index,Phase 2,air conditioning contractors marketing agency,trades-industry-agency-sitemap.xml,https://www.cardinaldigitalmarketing.com/healthcare-specialties/mental-healthcare-providers-agency/
https://www.consultusdigital.com/trades-marketing-services/digital-marketing-for-air-conditioning-contractors/,/trades-marketing-services/digital-marketing-for-air-conditioning-contractors/,Trades,Mechanical and building systems,Service × Industry Landing Page,Air conditioning contractors,Digital Marketing Agency,/trades-industries/air-conditioning-contractors-marketing-agency/,Index after content threshold,Phase 3,digital marketing agency for air conditioning contractors,trades-service-industry-sitemap.xml,Consultus campaign matrix pattern
https://www.consultusdigital.com/trades-marketing-services/google-ads-for-air-conditioning-contractors/,/trades-marketing-services/google-ads-for-air-conditioning-contractors/,Trades,Mechanical and building systems,Service × Industry Landing Page,Air conditioning contractors,Google Ads and PPC,/trades-industries/air-conditioning-contractors-marketing-agency/,Index after content threshold,Phase 3,google ads and ppc for air conditioning contractors,trades-service-industry-sitemap.xml,Consultus campaign matrix pattern
https://www.consultusdigital.com/trades-marketing-services/local-seo-for-air-conditioning-contractors/,/trades-marketing-services/local-seo-for-air-conditioning-contractors/,Trades,Mechanical and building systems,Service × Industry Landing Page,Air conditioning contractors,Local SEO,/trades-industries/air-conditioning-contractors-marketing-agency/,Index after content threshold,Phase 3,local seo for air conditioning contractors,trades-service-industry-sitemap.xml,Consultus campaign matrix pattern
https://www.consultusdigital.com/trades-marketing-services/ai-search-for-air-conditioning-contractors/,/trades-marketing-services/ai-search-for-air-conditioning-contractors/,Trades,Mechanical and building systems,Service × Industry Landing Page,Air conditioning contractors,"AEO, GEO and AI Search",/trades-industries/air-conditioning-contractors-marketing-agency/,Index after content threshold,Phase 3,"aeo, geo and ai search for air conditioning contractors",trades-service-industry-sitemap.xml,Consultus campaign matrix pattern
https://www.consultusdigital.com/trades-marketing-services/paid-social-for-air-conditioning-contractors/,/trades-marketing-services/paid-social-for-air-conditioning-contractors/,Trades,Mechanical and building systems,Service × Industry Landing Page,Air conditioning contractors,Paid Social,/trades-industries/air-conditioning-contractors-marketing-agency/,Index after content threshold,Phase 3,paid social for air conditioning contractors,trades-service-industry-sitemap.xml,Consultus campaign matrix pattern
https://www.consultusdigital.com/trades-marketing-services/web-design-for-air-conditioning-contractors/,/trades-marketing-services/web-design-for-air-conditioning-contractors/,Trades,Mechanical and building systems,Service × Industry Landing Page,Air conditioning contractors,Website Design and CRO,/trades-industries/air-conditioning-contractors-marketing-agency/,Index after content threshold,Phase 3,website design and cro for air conditioning contractors,trades-service-industry-sitemap.xml,Consultus campaign matrix pattern
https://www.consultusdigital.com/trades-marketing-services/crm-revops-for-air-conditioning-contractors/,/trades-marketing-services/crm-revops-for-air-conditioning-contractors/,Trades,Mechanical and building systems,Service × Industry Landing Page,Air conditioning contractors,CRM and Revenue Operations,/trades-industries/air-conditioning-contractors-marketing-agency/,Index after content threshold,Phase 3,crm and revenue operations for air conditioning contractors,trades-service-industry-sitemap.xml,Consultus campaign matrix pattern
https://www.consultusdigital.com/trades-marketing-services/content-marketing-for-air-conditioning-contractors/,/trades-marketing-services/content-marketing-for-air-conditioning-contractors/,Trades,Mechanical and building systems,Service × Industry Landing Page,Air conditioning contractors,Content Marketing,/trades-industries/air-conditioning-contractors-marketing-agency/,Index after content threshold,Phase 3,content marketing for air conditioning contractors,trades-service-industry-sitemap.xml,Consultus campaign matrix pattern
https://www.consultusdigital.com/trades-marketing-services/ad-creative-for-air-conditioning-contractors/,/trades-marketing-services/ad-creative-for-air-conditioning-contractors/,Trades,Mechanical and building systems,Service × Industry Landing Page,Air conditioning contractors,Ad Creative Production,/trades-industries/air-conditioning-contractors-marketing-agency/,Index after content threshold,Phase 3,ad creative production for air conditioning contractors,trades-service-industry-sitemap.xml,Consultus campaign matrix pattern
https://www.consultusdigital.com/trades-marketing-services/call-tracking-for-air-conditioning-contractors/,/trades-marketing-services/call-tracking-for-air-conditioning-contractors/,Trades,Mechanical and building systems,Service × Industry Landing Page,Air conditioning contractors,Call Tracking and Attribution,/trades-industries/air-conditioning-contractors-marketing-agency/,Index after content threshold,Phase 3,call tracking and attribution for air conditioning contractors,trades-service-industry-sitemap.xml,Consultus campaign matrix pattern
https://www.consultusdigital.com/trades-industries/heating-contractors-marketing-agency/,/trades-industries/heating-contractors-marketing-agency/,Trades,Mechanical and building systems,Industry Marketing Agency Page,Heating contractors,,/trades-industries/mechanical-and-building-systems/,Index,Phase 2,heating contractors marketing agency,trades-industry-agency-sitemap.xml,https://www.cardinaldigitalmarketing.com/healthcare-specialties/mental-healthcare-providers-agency/
https://www.consultusdigital.com/trades-marketing-services/digital-marketing-for-heating-contractors/,/trades-marketing-services/digital-marketing-for-heating-contractors/,Trades,Mechanical and building systems,Service × Industry Landing Page,Heating contractors,Digital Marketing Agency,/trades-industries/heating-contractors-marketing-agency/,Index after content threshold,Phase 3,digital marketing agency for heating contractors,trades-service-industry-sitemap.xml,Consultus campaign matrix pattern
https://www.consultusdigital.com/trades-marketing-services/google-ads-for-heating-contractors/,/trades-marketing-services/google-ads-for-heating-contractors/,Trades,Mechanical and building systems,Service × Industry Landing Page,Heating contractors,Google Ads and PPC,/trades-industries/heating-contractors-marketing-agency/,Index after content threshold,Phase 3,google ads and ppc for heating contractors,trades-service-industry-sitemap.xml,Consultus campaign matrix pattern
https://www.consultusdigital.com/trades-marketing-services/local-seo-for-heating-contractors/,/trades-marketing-services/local-seo-for-heating-contractors/,Trades,Mechanical and building systems,Service × Industry Landing Page,Heating contractors,Local SEO,/trades-industries/heating-contractors-marketing-agency/,Index after content threshold,Phase 3,local seo for heating contractors,trades-service-industry-sitemap.xml,Consultus campaign matrix pattern
https://www.consultusdigital.com/trades-marketing-services/ai-search-for-heating-contractors/,/trades-marketing-services/ai-search-for-heating-contractors/,Trades,Mechanical and building systems,Service × Industry Landing Page,Heating contractors,"AEO, GEO and AI Search",/trades-industries/heating-contractors-marketing-agency/,Index after content threshold,Phase 3,"aeo, geo and ai search for heating contractors",trades-service-industry-sitemap.xml,Consultus campaign matrix pattern
https://www.consultusdigital.com/trades-marketing-services/paid-social-for-heating-contractors/,/trades-marketing-services/paid-social-for-heating-contractors/,Trades,Mechanical and building systems,Service × Industry Landing Page,Heating contractors,Paid Social,/trades-industries/heating-contractors-marketing-agency/,Index after content threshold,Phase 3,paid social for heating contractors,trades-service-industry-sitemap.xml,Consultus campaign matrix pattern
https://www.consultusdigital.com/trades-marketing-services/web-design-for-heating-contractors/,/trades-marketing-services/web-design-for-heating-contractors/,Trades,Mechanical and building systems,Service × Industry Landing Page,Heating contractors,Website Design and CRO,/trades-industries/heating-contractors-marketing-agency/,Index after content threshold,Phase 3,website design and cro for heating contractors,trades-service-industry-sitemap.xml,Consultus campaign matrix pattern
https://www.consultusdigital.com/trades-marketing-services/crm-revops-for-heating-contractors/,/trades-marketing-services/crm-revops-for-heating-contractors/,Trades,Mechanical and building systems,Service × Industry Landing Page,Heating contractors,CRM and Revenue Operations,/trades-industries/heating-contractors-marketing-agency/,Index after content threshold,Phase 3,crm and revenue operations for heating contractors,trades-service-industry-sitemap.xml,Consultus campaign matrix pattern
https://www.consultusdigital.com/trades-marketing-services/content-marketing-for-heating-contractors/,/trades-marketing-services/content-marketing-for-heating-contractors/,Trades,Mechanical and building systems,Service × Industry Landing Page,Heating contractors,Content Marketing,/trades-industries/heating-contractors-marketing-agency/,Index after content threshold,Phase 3,content marketing for heating contractors,trades-service-industry-sitemap.xml,Consultus campaign matrix pattern
https://www.consultusdigital.com/trades-marketing-services/ad-creative-for-heating-contractors/,/trades-marketing-services/ad-creative-for-heating-contractors/,Trades,Mechanical and building systems,Service × Industry Landing Page,Heating contractors,Ad Creative Production,/trades-industries/heating-contractors-marketing-agency/,Index after content threshold,Phase 3,ad creative production for heating contractors,trades-service-industry-sitemap.xml,Consultus campaign matrix pattern
https://www.consultusdigital.com/trades-marketing-services/call-tracking-for-heating-contractors/,/trades-marketing-services/call-tracking-for-heating-contractors/,Trades,Mechanical and building systems,Service × Industry Landing Page,Heating contractors,Call Tracking and Attribution,/trades-industries/heating-contractors-marketing-agency/,Index after content threshold,Phase 3,call tracking and attribution for heating contractors,trades-service-industry-sitemap.xml,Consultus campaign matrix pattern
https://www.consultusdigital.com/trades-industries/boiler-contractors-marketing-agency/,/trades-industries/boiler-contractors-marketing-agency/,Trades,Mechanical and building systems,Industry Marketing Agency Page,Boiler contractors,,/trades-industries/mechanical-and-building-systems/,Index,Phase 2,boiler contractors marketing agency,trades-industry-agency-sitemap.xml,https://www.cardinaldigitalmarketing.com/healthcare-specialties/mental-healthcare-providers-agency/
https://www.consultusdigital.com/trades-marketing-services/digital-marketing-for-boiler-contractors/,/trades-marketing-services/digital-marketing-for-boiler-contractors/,Trades,Mechanical and building systems,Service × Industry Landing Page,Boiler contractors,Digital Marketing Agency,/trades-industries/boiler-contractors-marketing-agency/,Index after content threshold,Phase 3,digital marketing agency for boiler contractors,trades-service-industry-sitemap.xml,Consultus campaign matrix pattern
https://www.consultusdigital.com/trades-marketing-services/google-ads-for-boiler-contractors/,/trades-marketing-services/google-ads-for-boiler-contractors/,Trades,Mechanical and building systems,Service × Industry Landing Page,Boiler contractors,Google Ads and PPC,/trades-industries/boiler-contractors-marketing-agency/,Index after content threshold,Phase 3,google ads and ppc for boiler contractors,trades-service-industry-sitemap.xml,Consultus campaign matrix pattern
https://www.consultusdigital.com/trades-marketing-services/local-seo-for-boiler-contractors/,/trades-marketing-services/local-seo-for-boiler-contractors/,Trades,Mechanical and building systems,Service × Industry Landing Page,Boiler contractors,Local SEO,/trades-industries/boiler-contractors-marketing-agency/,Index after content threshold,Phase 3,local seo for boiler contractors,trades-service-industry-sitemap.xml,Consultus campaign matrix pattern
https://www.consultusdigital.com/trades-marketing-services/ai-search-for-boiler-contractors/,/trades-marketing-services/ai-search-for-boiler-contractors/,Trades,Mechanical and building systems,Service × Industry Landing Page,Boiler contractors,"AEO, GEO and AI Search",/trades-industries/boiler-contractors-marketing-agency/,Index after content threshold,Phase 3,"aeo, geo and ai search for boiler contractors",trades-service-industry-sitemap.xml,Consultus campaign matrix pattern
https://www.consultusdigital.com/trades-marketing-services/paid-social-for-boiler-contractors/,/trades-marketing-services/paid-social-for-boiler-contractors/,Trades,Mechanical and building systems,Service × Industry Landing Page,Boiler contractors,Paid Social,/trades-industries/boiler-contractors-marketing-agency/,Index after content threshold,Phase 3,paid social for boiler contractors,trades-service-industry-sitemap.xml,Consultus campaign matrix pattern
https://www.consultusdigital.com/trades-marketing-services/web-design-for-boiler-contractors/,/trades-marketing-services/web-design-for-boiler-contractors/,Trades,Mechanical and building systems,Service × Industry Landing Page,Boiler contractors,Website Design and CRO,/trades-industries/boiler-contractors-marketing-agency/,Index after content threshold,Phase 3,website design and cro for boiler contractors,trades-service-industry-sitemap.xml,Consultus campaign matrix pattern
https://www.consultusdigital.com/trades-marketing-services/crm-revops-for-boiler-contractors/,/trades-marketing-services/crm-revops-for-boiler-contractors/,Trades,Mechanical and building systems,Service × Industry Landing Page,Boiler contractors,CRM and Revenue Operations,/trades-industries/boiler-contractors-marketing-agency/,Index after content threshold,Phase 3,crm and revenue operations for boiler contractors,trades-service-industry-sitemap.xml,Consultus campaign matrix pattern
https://www.consultusdigital.com/trades-marketing-services/content-marketing-for-boiler-contractors/,/trades-marketing-services/content-marketing-for-boiler-contractors/,Trades,Mechanical and building systems,Service × Industry Landing Page,Boiler contractors,Content Marketing,/trades-industries/boiler-contractors-marketing-agency/,Index after content threshold,Phase 3,content marketing for boiler contractors,trades-service-industry-sitemap.xml,Consultus campaign matrix pattern
https://www.consultusdigital.com/trades-marketing-services/ad-creative-for-boiler-contractors/,/trades-marketing-services/ad-creative-for-boiler-contractors/,Trades,Mechanical and building systems,Service × Industry Landing Page,Boiler contractors,Ad Creative Production,/trades-industries/boiler-contractors-marketing-agency/,Index after content threshold,Phase 3,ad creative production for boiler contractors,trades-service-industry-sitemap.xml,Consultus campaign matrix pattern
https://www.consultusdigital.com/trades-marketing-services/call-tracking-for-boiler-contractors/,/trades-marketing-services/call-tracking-for-boiler-contractors/,Trades,Mechanical and building systems,Service × Industry Landing Page,Boiler contractors,Call Tracking and Attribution,/trades-industries/boiler-contractors-marketing-agency/,Index after content threshold,Phase 3,call tracking and attribution for boiler contractors,trades-service-industry-sitemap.xml,Consultus campaign matrix pattern
https://www.consultusdigital.com/trades-industries/furnace-contractors-marketing-agency/,/trades-industries/furnace-contractors-marketing-agency/,Trades,Mechanical and building systems,Industry Marketing Agency Page,Furnace contractors,,/trades-industries/mechanical-and-building-systems/,Index,Phase 2,furnace contractors marketing agency,trades-industry-agency-sitemap.xml,https://www.cardinaldigitalmarketing.com/healthcare-specialties/mental-healthcare-providers-agency/
https://www.consultusdigital.com/trades-marketing-services/digital-marketing-for-furnace-contractors/,/trades-marketing-services/digital-marketing-for-furnace-contractors/,Trades,Mechanical and building systems,Service × Industry Landing Page,Furnace contractors,Digital Marketing Agency,/trades-industries/furnace-contractors-marketing-agency/,Index after content threshold,Phase 3,digital marketing agency for furnace contractors,trades-service-industry-sitemap.xml,Consultus campaign matrix pattern
https://www.consultusdigital.com/trades-marketing-services/google-ads-for-furnace-contractors/,/trades-marketing-services/google-ads-for-furnace-contractors/,Trades,Mechanical and building systems,Service × Industry Landing Page,Furnace contractors,Google Ads and PPC,/trades-industries/furnace-contractors-marketing-agency/,Index after content threshold,Phase 3,google ads and ppc for furnace contractors,trades-service-industry-sitemap.xml,Consultus campaign matrix pattern
https://www.consultusdigital.com/trades-marketing-services/local-seo-for-furnace-contractors/,/trades-marketing-services/local-seo-for-furnace-contractors/,Trades,Mechanical and building systems,Service × Industry Landing Page,Furnace contractors,Local SEO,/trades-industries/furnace-contractors-marketing-agency/,Index after content threshold,Phase 3,local seo for furnace contractors,trades-service-industry-sitemap.xml,Consultus campaign matrix pattern
https://www.consultusdigital.com/trades-marketing-services/ai-search-for-furnace-contractors/,/trades-marketing-services/ai-search-for-furnace-contractors/,Trades,Mechanical and building systems,Service × Industry Landing Page,Furnace contractors,"AEO, GEO and AI Search",/trades-industries/furnace-contractors-marketing-agency/,Index after content threshold,Phase 3,"aeo, geo and ai search for furnace contractors",trades-service-industry-sitemap.xml,Consultus campaign matrix pattern
https://www.consultusdigital.com/trades-marketing-services/paid-social-for-furnace-contractors/,/trades-marketing-services/paid-social-for-furnace-contractors/,Trades,Mechanical and building systems,Service × Industry Landing Page,Furnace contractors,Paid Social,/trades-industries/furnace-contractors-marketing-agency/,Index after content threshold,Phase 3,paid social for furnace contractors,trades-service-industry-sitemap.xml,Consultus campaign matrix pattern
https://www.consultusdigital.com/trades-marketing-services/web-design-for-furnace-contractors/,/trades-marketing-services/web-design-for-furnace-contractors/,Trades,Mechanical and building systems,Service × Industry Landing Page,Furnace contractors,Website Design and CRO,/trades-industries/furnace-contractors-marketing-agency/,Index after content threshold,Phase 3,website design and cro for furnace contractors,trades-service-industry-sitemap.xml,Consultus campaign matrix pattern
https://www.consultusdigital.com/trades-marketing-services/crm-revops-for-furnace-contractors/,/trades-marketing-services/crm-revops-for-furnace-contractors/,Trades,Mechanical and building systems,Service × Industry Landing Page,Furnace contractors,CRM and Revenue Operations,/trades-industries/furnace-contractors-marketing-agency/,Index after content threshold,Phase 3,crm and revenue operations for furnace contractors,trades-service-industry-sitemap.xml,Consultus campaign matrix pattern
https://www.consultusdigital.com/trades-marketing-services/content-marketing-for-furnace-contractors/,/trades-marketing-services/content-marketing-for-furnace-contractors/,Trades,Mechanical and building systems,Service × Industry Landing Page,Furnace contractors,Content Marketing,/trades-industries/furnace-contractors-marketing-agency/,Index after content threshold,Phase 3,content marketing for furnace contractors,trades-service-industry-sitemap.xml,Consultus campaign matrix pattern
https://www.consultusdigital.com/trades-marketing-services/ad-creative-for-furnace-contractors/,/trades-marketing-services/ad-creative-for-furnace-contractors/,Trades,Mechanical and building systems,Service × Industry Landing Page,Furnace contractors,Ad Creative Production,/trades-industries/furnace-contractors-marketing-agency/,Index after content threshold,Phase 3,ad creative production for furnace contractors,trades-service-industry-sitemap.xml,Consultus campaign matrix pattern
https://www.consultusdigital.com/trades-marketing-services/call-tracking-for-furnace-contractors/,/trades-marketing-services/call-tracking-for-furnace-contractors/,Trades,Mechanical and building systems,Service × Industry Landing Page,Furnace contractors,Call Tracking and Attribution,/trades-industries/furnace-contractors-marketing-agency/,Index after content threshold,Phase 3,call tracking and attribution for furnace contractors,trades-service-industry-sitemap.xml,Consultus campaign matrix pattern
https://www.consultusdigital.com/trades-industries/heat-pump-contractors-marketing-agency/,/trades-industries/heat-pump-contractors-marketing-agency/,Trades,Mechanical and building systems,Industry Marketing Agency Page,Heat pump contractors,,/trades-industries/mechanical-and-building-systems/,Index,Phase 2,heat pump contractors marketing agency,trades-industry-agency-sitemap.xml,https://www.cardinaldigitalmarketing.com/healthcare-specialties/mental-healthcare-providers-agency/
https://www.consultusdigital.com/trades-marketing-services/digital-marketing-for-heat-pump-contractors/,/trades-marketing-services/digital-marketing-for-heat-pump-contractors/,Trades,Mechanical and building systems,Service × Industry Landing Page,Heat pump contractors,Digital Marketing Agency,/trades-industries/heat-pump-contractors-marketing-agency/,Index after content threshold,Phase 3,digital marketing agency for heat pump contractors,trades-service-industry-sitemap.xml,Consultus campaign matrix pattern
https://www.consultusdigital.com/trades-marketing-services/google-ads-for-heat-pump-contractors/,/trades-marketing-services/google-ads-for-heat-pump-contractors/,Trades,Mechanical and building systems,Service × Industry Landing Page,Heat pump contractors,Google Ads and PPC,/trades-industries/heat-pump-contractors-marketing-agency/,Index after content threshold,Phase 3,google ads and ppc for heat pump contractors,trades-service-industry-sitemap.xml,Consultus campaign matrix pattern
https://www.consultusdigital.com/trades-marketing-services/local-seo-for-heat-pump-contractors/,/trades-marketing-services/local-seo-for-heat-pump-contractors/,Trades,Mechanical and building systems,Service × Industry Landing Page,Heat pump contractors,Local SEO,/trades-industries/heat-pump-contractors-marketing-agency/,Index after content threshold,Phase 3,local seo for heat pump contractors,trades-service-industry-sitemap.xml,Consultus campaign matrix pattern
https://www.consultusdigital.com/trades-marketing-services/ai-search-for-heat-pump-contractors/,/trades-marketing-services/ai-search-for-heat-pump-contractors/,Trades,Mechanical and building systems,Service × Industry Landing Page,Heat pump contractors,"AEO, GEO and AI Search",/trades-industries/heat-pump-contractors-marketing-agency/,Index after content threshold,Phase 3,"aeo, geo and ai search for heat pump contractors",trades-service-industry-sitemap.xml,Consultus campaign matrix pattern
https://www.consultusdigital.com/trades-marketing-services/paid-social-for-heat-pump-contractors/,/trades-marketing-services/paid-social-for-heat-pump-contractors/,Trades,Mechanical and building systems,Service × Industry Landing Page,Heat pump contractors,Paid Social,/trades-industries/heat-pump-contractors-marketing-agency/,Index after content threshold,Phase 3,paid social for heat pump contractors,trades-service-industry-sitemap.xml,Consultus campaign matrix pattern
https://www.consultusdigital.com/trades-marketing-services/web-design-for-heat-pump-contractors/,/trades-marketing-services/web-design-for-heat-pump-contractors/,Trades,Mechanical and building systems,Service × Industry Landing Page,Heat pump contractors,Website Design and CRO,/trades-industries/heat-pump-contractors-marketing-agency/,Index after content threshold,Phase 3,website design and cro for heat pump contractors,trades-service-industry-sitemap.xml,Consultus campaign matrix pattern
https://www.consultusdigital.com/trades-marketing-services/crm-revops-for-heat-pump-contractors/,/trades-marketing-services/crm-revops-for-heat-pump-contractors/,Trades,Mechanical and building systems,Service × Industry Landing Page,Heat pump contractors,CRM and Revenue Operations,/trades-industries/heat-pump-contractors-marketing-agency/,Index after content threshold,Phase 3,crm and revenue operations for heat pump contractors,trades-service-industry-sitemap.xml,Consultus campaign matrix pattern
https://www.consultusdigital.com/trades-marketing-services/content-marketing-for-heat-pump-contractors/,/trades-marketing-services/content-marketing-for-heat-pump-contractors/,Trades,Mechanical and building systems,Service × Industry Landing Page,Heat pump contractors,Content Marketing,/trades-industries/heat-pump-contractors-marketing-agency/,Index after content threshold,Phase 3,content marketing for heat pump contractors,trades-service-industry-sitemap.xml,Consultus campaign matrix pattern
https://www.consultusdigital.com/trades-marketing-services/ad-creative-for-heat-pump-contractors/,/trades-marketing-services/ad-creative-for-heat-pump-contractors/,Trades,Mechanical and building systems,Service × Industry Landing Page,Heat pump contractors,Ad Creative Production,/trades-industries/heat-pump-contractors-marketing-agency/,Index after content threshold,Phase 3,ad creative production for heat pump contractors,trades-service-industry-sitemap.xml,Consultus campaign matrix pattern
https://www.consultusdigital.com/trades-marketing-services/call-tracking-for-heat-pump-contractors/,/trades-marketing-services/call-tracking-for-heat-pump-contractors/,Trades,Mechanical and building systems,Service × Industry Landing Page,Heat pump contractors,Call Tracking and Attribution,/trades-industries/heat-pump-contractors-marketing-agency/,Index after content threshold,Phase 3,call tracking and attribution for heat pump contractors,trades-service-industry-sitemap.xml,Consultus campaign matrix pattern
https://www.consultusdigital.com/trades-industries/geothermal-contractors-marketing-agency/,/trades-industries/geothermal-contractors-marketing-agency/,Trades,Mechanical and building systems,Industry Marketing Agency Page,Geothermal contractors,,/trades-industries/mechanical-and-building-systems/,Index,Phase 2,geothermal contractors marketing agency,trades-industry-agency-sitemap.xml,https://www.cardinaldigitalmarketing.com/healthcare-specialties/mental-healthcare-providers-agency/
https://www.consultusdigital.com/trades-marketing-services/digital-marketing-for-geothermal-contractors/,/trades-marketing-services/digital-marketing-for-geothermal-contractors/,Trades,Mechanical and building systems,Service × Industry Landing Page,Geothermal contractors,Digital Marketing Agency,/trades-industries/geothermal-contractors-marketing-agency/,Index after content threshold,Phase 3,digital marketing agency for geothermal contractors,trades-service-industry-sitemap.xml,Consultus campaign matrix pattern
https://www.consultusdigital.com/trades-marketing-services/google-ads-for-geothermal-contractors/,/trades-marketing-services/google-ads-for-geothermal-contractors/,Trades,Mechanical and building systems,Service × Industry Landing Page,Geothermal contractors,Google Ads and PPC,/trades-industries/geothermal-contractors-marketing-agency/,Index after content threshold,Phase 3,google ads and ppc for geothermal contractors,trades-service-industry-sitemap.xml,Consultus campaign matrix pattern
https://www.consultusdigital.com/trades-marketing-services/local-seo-for-geothermal-contractors/,/trades-marketing-services/local-seo-for-geothermal-contractors/,Trades,Mechanical and building systems,Service × Industry Landing Page,Geothermal contractors,Local SEO,/trades-industries/geothermal-contractors-marketing-agency/,Index after content threshold,Phase 3,local seo for geothermal contractors,trades-service-industry-sitemap.xml,Consultus campaign matrix pattern
https://www.consultusdigital.com/trades-marketing-services/ai-search-for-geothermal-contractors/,/trades-marketing-services/ai-search-for-geothermal-contractors/,Trades,Mechanical and building systems,Service × Industry Landing Page,Geothermal contractors,"AEO, GEO and AI Search",/trades-industries/geothermal-contractors-marketing-agency/,Index after content threshold,Phase 3,"aeo, geo and ai search for geothermal contractors",trades-service-industry-sitemap.xml,Consultus campaign matrix pattern
https://www.consultusdigital.com/trades-marketing-services/paid-social-for-geothermal-contractors/,/trades-marketing-services/paid-social-for-geothermal-contractors/,Trades,Mechanical and building systems,Service × Industry Landing Page,Geothermal contractors,Paid Social,/trades-industries/geothermal-contractors-marketing-agency/,Index after content threshold,Phase 3,paid social for geothermal contractors,trades-service-industry-sitemap.xml,Consultus campaign matrix pattern
https://www.consultusdigital.com/trades-marketing-services/web-design-for-geothermal-contractors/,/trades-marketing-services/web-design-for-geothermal-contractors/,Trades,Mechanical and building systems,Service × Industry Landing Page,Geothermal contractors,Website Design and CRO,/trades-industries/geothermal-contractors-marketing-agency/,Index after content threshold,Phase 3,website design and cro for geothermal contractors,trades-service-industry-sitemap.xml,Consultus campaign matrix pattern
https://www.consultusdigital.com/trades-marketing-services/crm-revops-for-geothermal-contractors/,/trades-marketing-services/crm-revops-for-geothermal-contractors/,Trades,Mechanical and building systems,Service × Industry Landing Page,Geothermal contractors,CRM and Revenue Operations,/trades-industries/geothermal-contractors-marketing-agency/,Index after content threshold,Phase 3,crm and revenue operations for geothermal contractors,trades-service-industry-sitemap.xml,Consultus campaign matrix pattern
https://www.consultusdigital.com/trades-marketing-services/content-marketing-for-geothermal-contractors/,/trades-marketing-services/content-marketing-for-geothermal-contractors/,Trades,Mechanical and building systems,Service × Industry Landing Page,Geothermal contractors,Content Marketing,/trades-industries/geothermal-contractors-marketing-agency/,Index after content threshold,Phase 3,content marketing for geothermal contractors,trades-service-industry-sitemap.xml,Consultus campaign matrix pattern
https://www.consultusdigital.com/trades-marketing-services/ad-creative-for-geothermal-contractors/,/trades-marketing-services/ad-creative-for-geothermal-contractors/,Trades,Mechanical and building systems,Service × Industry Landing Page,Geothermal contractors,Ad Creative Production,/trades-industries/geothermal-contractors-marketing-agency/,Index after content threshold,Phase 3,ad creative production for geothermal contractors,trades-service-industry-sitemap.xml,Consultus campaign matrix pattern
https://www.consultusdigital.com/trades-marketing-services/call-tracking-for-geothermal-contractors/,/trades-marketing-services/call-tracking-for-geothermal-contractors/,Trades,Mechanical and building systems,Service × Industry Landing Page,Geothermal contractors,Call Tracking and Attribution,/trades-industries/geothermal-contractors-marketing-agency/,Index after content threshold,Phase 3,call tracking and attribution for geothermal contractors,trades-service-industry-sitemap.xml,Consultus campaign matrix pattern
https://www.consultusdigital.com/trades-industries/refrigeration-contractors-marketing-agency/,/trades-industries/refrigeration-contractors-marketing-agency/,Trades,Mechanical and building systems,Industry Marketing Agency Page,Refrigeration contractors,,/trades-industries/mechanical-and-building-systems/,Index,Phase 2,refrigeration contractors marketing agency,trades-industry-agency-sitemap.xml,https://www.cardinaldigitalmarketing.com/healthcare-specialties/mental-healthcare-providers-agency/
https://www.consultusdigital.com/trades-marketing-services/digital-marketing-for-refrigeration-contractors/,/trades-marketing-services/digital-marketing-for-refrigeration-contractors/,Trades,Mechanical and building systems,Service × Industry Landing Page,Refrigeration contractors,Digital Marketing Agency,/trades-industries/refrigeration-contractors-marketing-agency/,Index after content threshold,Phase 3,digital marketing agency for refrigeration contractors,trades-service-industry-sitemap.xml,Consultus campaign matrix pattern
https://www.consultusdigital.com/trades-marketing-services/google-ads-for-refrigeration-contractors/,/trades-marketing-services/google-ads-for-refrigeration-contractors/,Trades,Mechanical and building systems,Service × Industry Landing Page,Refrigeration contractors,Google Ads and PPC,/trades-industries/refrigeration-contractors-marketing-agency/,Index after content threshold,Phase 3,google ads and ppc for refrigeration contractors,trades-service-industry-sitemap.xml,Consultus campaign matrix pattern
https://www.consultusdigital.com/trades-marketing-services/local-seo-for-refrigeration-contractors/,/trades-marketing-services/local-seo-for-refrigeration-contractors/,Trades,Mechanical and building systems,Service × Industry Landing Page,Refrigeration contractors,Local SEO,/trades-industries/refrigeration-contractors-marketing-agency/,Index after content threshold,Phase 3,local seo for refrigeration contractors,trades-service-industry-sitemap.xml,Consultus campaign matrix pattern
https://www.consultusdigital.com/trades-marketing-services/ai-search-for-refrigeration-contractors/,/trades-marketing-services/ai-search-for-refrigeration-contractors/,Trades,Mechanical and building systems,Service × Industry Landing Page,Refrigeration contractors,"AEO, GEO and AI Search",/trades-industries/refrigeration-contractors-marketing-agency/,Index after content threshold,Phase 3,"aeo, geo and ai search for refrigeration contractors",trades-service-industry-sitemap.xml,Consultus campaign matrix pattern
https://www.consultusdigital.com/trades-marketing-services/paid-social-for-refrigeration-contractors/,/trades-marketing-services/paid-social-for-refrigeration-contractors/,Trades,Mechanical and building systems,Service × Industry Landing Page,Refrigeration contractors,Paid Social,/trades-industries/refrigeration-contractors-marketing-agency/,Index after content threshold,Phase 3,paid social for refrigeration contractors,trades-service-industry-sitemap.xml,Consultus campaign matrix pattern
https://www.consultusdigital.com/trades-marketing-services/web-design-for-refrigeration-contractors/,/trades-marketing-services/web-design-for-refrigeration-contractors/,Trades,Mechanical and building systems,Service × Industry Landing Page,Refrigeration contractors,Website Design and CRO,/trades-industries/refrigeration-contractors-marketing-agency/,Index after content threshold,Phase 3,website design and cro for refrigeration contractors,trades-service-industry-sitemap.xml,Consultus campaign matrix pattern
https://www.consultusdigital.com/trades-marketing-services/crm-revops-for-refrigeration-contractors/,/trades-marketing-services/crm-revops-for-refrigeration-contractors/,Trades,Mechanical and building systems,Service × Industry Landing Page,Refrigeration contractors,CRM and Revenue Operations,/trades-industries/refrigeration-contractors-marketing-agency/,Index after content threshold,Phase 3,crm and revenue operations for refrigeration contractors,trades-service-industry-sitemap.xml,Consultus campaign matrix pattern
https://www.consultusdigital.com/trades-marketing-services/content-marketing-for-refrigeration-contractors/,/trades-marketing-services/content-marketing-for-refrigeration-contractors/,Trades,Mechanical and building systems,Service × Industry Landing Page,Refrigeration contractors,Content Marketing,/trades-industries/refrigeration-contractors-marketing-agency/,Index after content threshold,Phase 3,content marketing for refrigeration contractors,trades-service-industry-sitemap.xml,Consultus campaign matrix pattern
https://www.consultusdigital.com/trades-marketing-services/ad-creative-for-refrigeration-contractors/,/trades-marketing-services/ad-creative-for-refrigeration-contractors/,Trades,Mechanical and building systems,Service × Industry Landing Page,Refrigeration contractors,Ad Creative Production,/trades-industries/refrigeration-contractors-marketing-agency/,Index after content threshold,Phase 3,ad creative production for refrigeration contractors,trades-service-industry-sitemap.xml,Consultus campaign matrix pattern
https://www.consultusdigital.com/trades-marketing-services/call-tracking-for-refrigeration-contractors/,/trades-marketing-services/call-tracking-for-refrigeration-contractors/,Trades,Mechanical and building systems,Service × Industry Landing Page,Refrigeration contractors,Call Tracking and Attribution,/trades-industries/refrigeration-contractors-marketing-agency/,Index after content threshold,Phase 3,call tracking and attribution for refrigeration contractors,trades-service-industry-sitemap.xml,Consultus campaign matrix pattern
https://www.consultusdigital.com/trades-industries/mechanical-contractors-marketing-agency/,/trades-industries/mechanical-contractors-marketing-agency/,Trades,Mechanical and building systems,Industry Marketing Agency Page,Mechanical contractors,,/trades-industries/mechanical-and-building-systems/,Index,Phase 2,mechanical contractors marketing agency,trades-industry-agency-sitemap.xml,https://www.cardinaldigitalmarketing.com/healthcare-specialties/mental-healthcare-providers-agency/
https://www.consultusdigital.com/trades-marketing-services/digital-marketing-for-mechanical-contractors/,/trades-marketing-services/digital-marketing-for-mechanical-contractors/,Trades,Mechanical and building systems,Service × Industry Landing Page,Mechanical contractors,Digital Marketing Agency,/trades-industries/mechanical-contractors-marketing-agency/,Index after content threshold,Phase 3,digital marketing agency for mechanical contractors,trades-service-industry-sitemap.xml,Consultus campaign matrix pattern
https://www.consultusdigital.com/trades-marketing-services/google-ads-for-mechanical-contractors/,/trades-marketing-services/google-ads-for-mechanical-contractors/,Trades,Mechanical and building systems,Service × Industry Landing Page,Mechanical contractors,Google Ads and PPC,/trades-industries/mechanical-contractors-marketing-agency/,Index after content threshold,Phase 3,google ads and ppc for mechanical contractors,trades-service-industry-sitemap.xml,Consultus campaign matrix pattern
https://www.consultusdigital.com/trades-marketing-services/local-seo-for-mechanical-contractors/,/trades-marketing-services/local-seo-for-mechanical-contractors/,Trades,Mechanical and building systems,Service × Industry Landing Page,Mechanical contractors,Local SEO,/trades-industries/mechanical-contractors-marketing-agency/,Index after content threshold,Phase 3,local seo for mechanical contractors,trades-service-industry-sitemap.xml,Consultus campaign matrix pattern
https://www.consultusdigital.com/trades-marketing-services/ai-search-for-mechanical-contractors/,/trades-marketing-services/ai-search-for-mechanical-contractors/,Trades,Mechanical and building systems,Service × Industry Landing Page,Mechanical contractors,"AEO, GEO and AI Search",/trades-industries/mechanical-contractors-marketing-agency/,Index after content threshold,Phase 3,"aeo, geo and ai search for mechanical contractors",trades-service-industry-sitemap.xml,Consultus campaign matrix pattern
https://www.consultusdigital.com/trades-marketing-services/paid-social-for-mechanical-contractors/,/trades-marketing-services/paid-social-for-mechanical-contractors/,Trades,Mechanical and building systems,Service × Industry Landing Page,Mechanical contractors,Paid Social,/trades-industries/mechanical-contractors-marketing-agency/,Index after content threshold,Phase 3,paid social for mechanical contractors,trades-service-industry-sitemap.xml,Consultus campaign matrix pattern
https://www.consultusdigital.com/trades-marketing-services/web-design-for-mechanical-contractors/,/trades-marketing-services/web-design-for-mechanical-contractors/,Trades,Mechanical and building systems,Service × Industry Landing Page,Mechanical contractors,Website Design and CRO,/trades-industries/mechanical-contractors-marketing-agency/,Index after content threshold,Phase 3,website design and cro for mechanical contractors,trades-service-industry-sitemap.xml,Consultus campaign matrix pattern
https://www.consultusdigital.com/trades-marketing-services/crm-revops-for-mechanical-contractors/,/trades-marketing-services/crm-revops-for-mechanical-contractors/,Trades,Mechanical and building systems,Service × Industry Landing Page,Mechanical contractors,CRM and Revenue Operations,/trades-industries/mechanical-contractors-marketing-agency/,Index after content threshold,Phase 3,crm and revenue operations for mechanical contractors,trades-service-industry-sitemap.xml,Consultus campaign matrix pattern
https://www.consultusdigital.com/trades-marketing-services/content-marketing-for-mechanical-contractors/,/trades-marketing-services/content-marketing-for-mechanical-contractors/,Trades,Mechanical and building systems,Service × Industry Landing Page,Mechanical contractors,Content Marketing,/trades-industries/mechanical-contractors-marketing-agency/,Index after content threshold,Phase 3,content marketing for mechanical contractors,trades-service-industry-sitemap.xml,Consultus campaign matrix pattern
https://www.consultusdigital.com/trades-marketing-services/ad-creative-for-mechanical-contractors/,/trades-marketing-services/ad-creative-for-mechanical-contractors/,Trades,Mechanical and building systems,Service × Industry Landing Page,Mechanical contractors,Ad Creative Production,/trades-industries/mechanical-contractors-marketing-agency/,Index after content threshold,Phase 3,ad creative production for mechanical contractors,trades-service-industry-sitemap.xml,Consultus campaign matrix pattern
https://www.consultusdigital.com/trades-marketing-services/call-tracking-for-mechanical-contractors/,/trades-marketing-services/call-tracking-for-mechanical-contractors/,Trades,Mechanical and building systems,Service × Industry Landing Page,Mechanical contractors,Call Tracking and Attribution,/trades-industries/mechanical-contractors-marketing-agency/,Index after content threshold,Phase 3,call tracking and attribution for mechanical contractors,trades-service-industry-sitemap.xml,Consultus campaign matrix pattern
https://www.consultusdigital.com/trades-industries/building-automation-contractors-marketing-agency/,/trades-industries/building-automation-contractors-marketing-agency/,Trades,Mechanical and building systems,Industry Marketing Agency Page,Building automation contractors,,/trades-industries/mechanical-and-building-systems/,Index,Phase 2,building automation contractors marketing agency,trades-industry-agency-sitemap.xml,https://www.cardinaldigitalmarketing.com/healthcare-specialties/mental-healthcare-providers-agency/
https://www.consultusdigital.com/trades-marketing-services/digital-marketing-for-building-automation-contractors/,/trades-marketing-services/digital-marketing-for-building-automation-contractors/,Trades,Mechanical and building systems,Service × Industry Landing Page,Building automation contractors,Digital Marketing Agency,/trades-industries/building-automation-contractors-marketing-agency/,Index after content threshold,Phase 3,digital marketing agency for building automation contractors,trades-service-industry-sitemap.xml,Consultus campaign matrix pattern
https://www.consultusdigital.com/trades-marketing-services/google-ads-for-building-automation-contractors/,/trades-marketing-services/google-ads-for-building-automation-contractors/,Trades,Mechanical and building systems,Service × Industry Landing Page,Building automation contractors,Google Ads and PPC,/trades-industries/building-automation-contractors-marketing-agency/,Index after content threshold,Phase 3,google ads and ppc for building automation contractors,trades-service-industry-sitemap.xml,Consultus campaign matrix pattern
https://www.consultusdigital.com/trades-marketing-services/local-seo-for-building-automation-contractors/,/trades-marketing-services/local-seo-for-building-automation-contractors/,Trades,Mechanical and building systems,Service × Industry Landing Page,Building automation contractors,Local SEO,/trades-industries/building-automation-contractors-marketing-agency/,Index after content threshold,Phase 3,local seo for building automation contractors,trades-service-industry-sitemap.xml,Consultus campaign matrix pattern
https://www.consultusdigital.com/trades-marketing-services/ai-search-for-building-automation-contractors/,/trades-marketing-services/ai-search-for-building-automation-contractors/,Trades,Mechanical and building systems,Service × Industry Landing Page,Building automation contractors,"AEO, GEO and AI Search",/trades-industries/building-automation-contractors-marketing-agency/,Index after content threshold,Phase 3,"aeo, geo and ai search for building automation contractors",trades-service-industry-sitemap.xml,Consultus campaign matrix pattern
https://www.consultusdigital.com/trades-marketing-services/paid-social-for-building-automation-contractors/,/trades-marketing-services/paid-social-for-building-automation-contractors/,Trades,Mechanical and building systems,Service × Industry Landing Page,Building automation contractors,Paid Social,/trades-industries/building-automation-contractors-marketing-agency/,Index after content threshold,Phase 3,paid social for building automation contractors,trades-service-industry-sitemap.xml,Consultus campaign matrix pattern
https://www.consultusdigital.com/trades-marketing-services/web-design-for-building-automation-contractors/,/trades-marketing-services/web-design-for-building-automation-contractors/,Trades,Mechanical and building systems,Service × Industry Landing Page,Building automation contractors,Website Design and CRO,/trades-industries/building-automation-contractors-marketing-agency/,Index after content threshold,Phase 3,website design and cro for building automation contractors,trades-service-industry-sitemap.xml,Consultus campaign matrix pattern
https://www.consultusdigital.com/trades-marketing-services/crm-revops-for-building-automation-contractors/,/trades-marketing-services/crm-revops-for-building-automation-contractors/,Trades,Mechanical and building systems,Service × Industry Landing Page,Building automation contractors,CRM and Revenue Operations,/trades-industries/building-automation-contractors-marketing-agency/,Index after content threshold,Phase 3,crm and revenue operations for building automation contractors,trades-service-industry-sitemap.xml,Consultus campaign matrix pattern
https://www.consultusdigital.com/trades-marketing-services/content-marketing-for-building-automation-contractors/,/trades-marketing-services/content-marketing-for-building-automation-contractors/,Trades,Mechanical and building systems,Service × Industry Landing Page,Building automation contractors,Content Marketing,/trades-industries/building-automation-contractors-marketing-agency/,Index after content threshold,Phase 3,content marketing for building automation contractors,trades-service-industry-sitemap.xml,Consultus campaign matrix pattern
https://www.consultusdigital.com/trades-marketing-services/ad-creative-for-building-automation-contractors/,/trades-marketing-services/ad-creative-for-building-automation-contractors/,Trades,Mechanical and building systems,Service × Industry Landing Page,Building automation contractors,Ad Creative Production,/trades-industries/building-automation-contractors-marketing-agency/,Index after content threshold,Phase 3,ad creative production for building automation contractors,trades-service-industry-sitemap.xml,Consultus campaign matrix pattern
https://www.consultusdigital.com/trades-marketing-services/call-tracking-for-building-automation-contractors/,/trades-marketing-services/call-tracking-for-building-automation-contractors/,Trades,Mechanical and building systems,Service × Industry Landing Page,Building automation contractors,Call Tracking and Attribution,/trades-industries/building-automation-contractors-marketing-agency/,Index after content threshold,Phase 3,call tracking and attribution for building automation contractors,trades-service-industry-sitemap.xml,Consultus campaign matrix pattern
https://www.consultusdigital.com/trades-industries/controls-contractors-marketing-agency/,/trades-industries/controls-contractors-marketing-agency/,Trades,Mechanical and building systems,Industry Marketing Agency Page,Controls contractors,,/trades-industries/mechanical-and-building-systems/,Index,Phase 2,controls contractors marketing agency,trades-industry-agency-sitemap.xml,https://www.cardinaldigitalmarketing.com/healthcare-specialties/mental-healthcare-providers-agency/
https://www.consultusdigital.com/trades-marketing-services/digital-marketing-for-controls-contractors/,/trades-marketing-services/digital-marketing-for-controls-contractors/,Trades,Mechanical and building systems,Service × Industry Landing Page,Controls contractors,Digital Marketing Agency,/trades-industries/controls-contractors-marketing-agency/,Index after content threshold,Phase 3,digital marketing agency for controls contractors,trades-service-industry-sitemap.xml,Consultus campaign matrix pattern
https://www.consultusdigital.com/trades-marketing-services/google-ads-for-controls-contractors/,/trades-marketing-services/google-ads-for-controls-contractors/,Trades,Mechanical and building systems,Service × Industry Landing Page,Controls contractors,Google Ads and PPC,/trades-industries/controls-contractors-marketing-agency/,Index after content threshold,Phase 3,google ads and ppc for controls contractors,trades-service-industry-sitemap.xml,Consultus campaign matrix pattern
https://www.consultusdigital.com/trades-marketing-services/local-seo-for-controls-contractors/,/trades-marketing-services/local-seo-for-controls-contractors/,Trades,Mechanical and building systems,Service × Industry Landing Page,Controls contractors,Local SEO,/trades-industries/controls-contractors-marketing-agency/,Index after content threshold,Phase 3,local seo for controls contractors,trades-service-industry-sitemap.xml,Consultus campaign matrix pattern
https://www.consultusdigital.com/trades-marketing-services/ai-search-for-controls-contractors/,/trades-marketing-services/ai-search-for-controls-contractors/,Trades,Mechanical and building systems,Service × Industry Landing Page,Controls contractors,"AEO, GEO and AI Search",/trades-industries/controls-contractors-marketing-agency/,Index after content threshold,Phase 3,"aeo, geo and ai search for controls contractors",trades-service-industry-sitemap.xml,Consultus campaign matrix pattern
https://www.consultusdigital.com/trades-marketing-services/paid-social-for-controls-contractors/,/trades-marketing-services/paid-social-for-controls-contractors/,Trades,Mechanical and building systems,Service × Industry Landing Page,Controls contractors,Paid Social,/trades-industries/controls-contractors-marketing-agency/,Index after content threshold,Phase 3,paid social for controls contractors,trades-service-industry-sitemap.xml,Consultus campaign matrix pattern
https://www.consultusdigital.com/trades-marketing-services/web-design-for-controls-contractors/,/trades-marketing-services/web-design-for-controls-contractors/,Trades,Mechanical and building systems,Service × Industry Landing Page,Controls contractors,Website Design and CRO,/trades-industries/controls-contractors-marketing-agency/,Index after content threshold,Phase 3,website design and cro for controls contractors,trades-service-industry-sitemap.xml,Consultus campaign matrix pattern
https://www.consultusdigital.com/trades-marketing-services/crm-revops-for-controls-contractors/,/trades-marketing-services/crm-revops-for-controls-contractors/,Trades,Mechanical and building systems,Service × Industry Landing Page,Controls contractors,CRM and Revenue Operations,/trades-industries/controls-contractors-marketing-agency/,Index after content threshold,Phase 3,crm and revenue operations for controls contractors,trades-service-industry-sitemap.xml,Consultus campaign matrix pattern
https://www.consultusdigital.com/trades-marketing-services/content-marketing-for-controls-contractors/,/trades-marketing-services/content-marketing-for-controls-contractors/,Trades,Mechanical and building systems,Service × Industry Landing Page,Controls contractors,Content Marketing,/trades-industries/controls-contractors-marketing-agency/,Index after content threshold,Phase 3,content marketing for controls contractors,trades-service-industry-sitemap.xml,Consultus campaign matrix pattern
https://www.consultusdigital.com/trades-marketing-services/ad-creative-for-controls-contractors/,/trades-marketing-services/ad-creative-for-controls-contractors/,Trades,Mechanical and building systems,Service × Industry Landing Page,Controls contractors,Ad Creative Production,/trades-industries/controls-contractors-marketing-agency/,Index after content threshold,Phase 3,ad creative production for controls contractors,trades-service-industry-sitemap.xml,Consultus campaign matrix pattern
https://www.consultusdigital.com/trades-marketing-services/call-tracking-for-controls-contractors/,/trades-marketing-services/call-tracking-for-controls-contractors/,Trades,Mechanical and building systems,Service × Industry Landing Page,Controls contractors,Call Tracking and Attribution,/trades-industries/controls-contractors-marketing-agency/,Index after content threshold,Phase 3,call tracking and attribution for controls contractors,trades-service-industry-sitemap.xml,Consultus campaign matrix pattern
https://www.consultusdigital.com/trades-industries/fire-protection-contractors-marketing-agency/,/trades-industries/fire-protection-contractors-marketing-agency/,Trades,Mechanical and building systems,Industry Marketing Agency Page,Fire protection contractors,,/trades-industries/mechanical-and-building-systems/,Index,Phase 2,fire protection contractors marketing agency,trades-industry-agency-sitemap.xml,https://www.cardinaldigitalmarketing.com/healthcare-specialties/mental-healthcare-providers-agency/
https://www.consultusdigital.com/trades-marketing-services/digital-marketing-for-fire-protection-contractors/,/trades-marketing-services/digital-marketing-for-fire-protection-contractors/,Trades,Mechanical and building systems,Service × Industry Landing Page,Fire protection contractors,Digital Marketing Agency,/trades-industries/fire-protection-contractors-marketing-agency/,Index after content threshold,Phase 3,digital marketing agency for fire protection contractors,trades-service-industry-sitemap.xml,Consultus campaign matrix pattern
https://www.consultusdigital.com/trades-marketing-services/google-ads-for-fire-protection-contractors/,/trades-marketing-services/google-ads-for-fire-protection-contractors/,Trades,Mechanical and building systems,Service × Industry Landing Page,Fire protection contractors,Google Ads and PPC,/trades-industries/fire-protection-contractors-marketing-agency/,Index after content threshold,Phase 3,google ads and ppc for fire protection contractors,trades-service-industry-sitemap.xml,Consultus campaign matrix pattern
https://www.consultusdigital.com/trades-marketing-services/local-seo-for-fire-protection-contractors/,/trades-marketing-services/local-seo-for-fire-protection-contractors/,Trades,Mechanical and building systems,Service × Industry Landing Page,Fire protection contractors,Local SEO,/trades-industries/fire-protection-contractors-marketing-agency/,Index after content threshold,Phase 3,local seo for fire protection contractors,trades-service-industry-sitemap.xml,Consultus campaign matrix pattern
https://www.consultusdigital.com/trades-marketing-services/ai-search-for-fire-protection-contractors/,/trades-marketing-services/ai-search-for-fire-protection-contractors/,Trades,Mechanical and building systems,Service × Industry Landing Page,Fire protection contractors,"AEO, GEO and AI Search",/trades-industries/fire-protection-contractors-marketing-agency/,Index after content threshold,Phase 3,"aeo, geo and ai search for fire protection contractors",trades-service-industry-sitemap.xml,Consultus campaign matrix pattern
https://www.consultusdigital.com/trades-marketing-services/paid-social-for-fire-protection-contractors/,/trades-marketing-services/paid-social-for-fire-protection-contractors/,Trades,Mechanical and building systems,Service × Industry Landing Page,Fire protection contractors,Paid Social,/trades-industries/fire-protection-contractors-marketing-agency/,Index after content threshold,Phase 3,paid social for fire protection contractors,trades-service-industry-sitemap.xml,Consultus campaign matrix pattern
https://www.consultusdigital.com/trades-marketing-services/web-design-for-fire-protection-contractors/,/trades-marketing-services/web-design-for-fire-protection-contractors/,Trades,Mechanical and building systems,Service × Industry Landing Page,Fire protection contractors,Website Design and CRO,/trades-industries/fire-protection-contractors-marketing-agency/,Index after content threshold,Phase 3,website design and cro for fire protection contractors,trades-service-industry-sitemap.xml,Consultus campaign matrix pattern
https://www.consultusdigital.com/trades-marketing-services/crm-revops-for-fire-protection-contractors/,/trades-marketing-services/crm-revops-for-fire-protection-contractors/,Trades,Mechanical and building systems,Service × Industry Landing Page,Fire protection contractors,CRM and Revenue Operations,/trades-industries/fire-protection-contractors-marketing-agency/,Index after content threshold,Phase 3,crm and revenue operations for fire protection contractors,trades-service-industry-sitemap.xml,Consultus campaign matrix pattern
https://www.consultusdigital.com/trades-marketing-services/content-marketing-for-fire-protection-contractors/,/trades-marketing-services/content-marketing-for-fire-protection-contractors/,Trades,Mechanical and building systems,Service × Industry Landing Page,Fire protection contractors,Content Marketing,/trades-industries/fire-protection-contractors-marketing-agency/,Index after content threshold,Phase 3,content marketing for fire protection contractors,trades-service-industry-sitemap.xml,Consultus campaign matrix pattern
https://www.consultusdigital.com/trades-marketing-services/ad-creative-for-fire-protection-contractors/,/trades-marketing-services/ad-creative-for-fire-protection-contractors/,Trades,Mechanical and building systems,Service × Industry Landing Page,Fire protection contractors,Ad Creative Production,/trades-industries/fire-protection-contractors-marketing-agency/,Index after content threshold,Phase 3,ad creative production for fire protection contractors,trades-service-industry-sitemap.xml,Consultus campaign matrix pattern
https://www.consultusdigital.com/trades-marketing-services/call-tracking-for-fire-protection-contractors/,/trades-marketing-services/call-tracking-for-fire-protection-contractors/,Trades,Mechanical and building systems,Service × Industry Landing Page,Fire protection contractors,Call Tracking and Attribution,/trades-industries/fire-protection-contractors-marketing-agency/,Index after content threshold,Phase 3,call tracking and attribution for fire protection contractors,trades-service-industry-sitemap.xml,Consultus campaign matrix pattern
https://www.consultusdigital.com/trades-industries/sprinkler-contractors-marketing-agency/,/trades-industries/sprinkler-contractors-marketing-agency/,Trades,Mechanical and building systems,Industry Marketing Agency Page,Sprinkler contractors,,/trades-industries/mechanical-and-building-systems/,Index,Phase 2,sprinkler contractors marketing agency,trades-industry-agency-sitemap.xml,https://www.cardinaldigitalmarketing.com/healthcare-specialties/mental-healthcare-providers-agency/
https://www.consultusdigital.com/trades-marketing-services/digital-marketing-for-sprinkler-contractors/,/trades-marketing-services/digital-marketing-for-sprinkler-contractors/,Trades,Mechanical and building systems,Service × Industry Landing Page,Sprinkler contractors,Digital Marketing Agency,/trades-industries/sprinkler-contractors-marketing-agency/,Index after content threshold,Phase 3,digital marketing agency for sprinkler contractors,trades-service-industry-sitemap.xml,Consultus campaign matrix pattern
https://www.consultusdigital.com/trades-marketing-services/google-ads-for-sprinkler-contractors/,/trades-marketing-services/google-ads-for-sprinkler-contractors/,Trades,Mechanical and building systems,Service × Industry Landing Page,Sprinkler contractors,Google Ads and PPC,/trades-industries/sprinkler-contractors-marketing-agency/,Index after content threshold,Phase 3,google ads and ppc for sprinkler contractors,trades-service-industry-sitemap.xml,Consultus campaign matrix pattern
https://www.consultusdigital.com/trades-marketing-services/local-seo-for-sprinkler-contractors/,/trades-marketing-services/local-seo-for-sprinkler-contractors/,Trades,Mechanical and building systems,Service × Industry Landing Page,Sprinkler contractors,Local SEO,/trades-industries/sprinkler-contractors-marketing-agency/,Index after content threshold,Phase 3,local seo for sprinkler contractors,trades-service-industry-sitemap.xml,Consultus campaign matrix pattern
https://www.consultusdigital.com/trades-marketing-services/ai-search-for-sprinkler-contractors/,/trades-marketing-services/ai-search-for-sprinkler-contractors/,Trades,Mechanical and building systems,Service × Industry Landing Page,Sprinkler contractors,"AEO, GEO and AI Search",/trades-industries/sprinkler-contractors-marketing-agency/,Index after content threshold,Phase 3,"aeo, geo and ai search for sprinkler contractors",trades-service-industry-sitemap.xml,Consultus campaign matrix pattern
https://www.consultusdigital.com/trades-marketing-services/paid-social-for-sprinkler-contractors/,/trades-marketing-services/paid-social-for-sprinkler-contractors/,Trades,Mechanical and building systems,Service × Industry Landing Page,Sprinkler contractors,Paid Social,/trades-industries/sprinkler-contractors-marketing-agency/,Index after content threshold,Phase 3,paid social for sprinkler contractors,trades-service-industry-sitemap.xml,Consultus campaign matrix pattern
https://www.consultusdigital.com/trades-marketing-services/web-design-for-sprinkler-contractors/,/trades-marketing-services/web-design-for-sprinkler-contractors/,Trades,Mechanical and building systems,Service × Industry Landing Page,Sprinkler contractors,Website Design and CRO,/trades-industries/sprinkler-contractors-marketing-agency/,Index after content threshold,Phase 3,website design and cro for sprinkler contractors,trades-service-industry-sitemap.xml,Consultus campaign matrix pattern
https://www.consultusdigital.com/trades-marketing-services/crm-revops-for-sprinkler-contractors/,/trades-marketing-services/crm-revops-for-sprinkler-contractors/,Trades,Mechanical and building systems,Service × Industry Landing Page,Sprinkler contractors,CRM and Revenue Operations,/trades-industries/sprinkler-contractors-marketing-agency/,Index after content threshold,Phase 3,crm and revenue operations for sprinkler contractors,trades-service-industry-sitemap.xml,Consultus campaign matrix pattern
https://www.consultusdigital.com/trades-marketing-services/content-marketing-for-sprinkler-contractors/,/trades-marketing-services/content-marketing-for-sprinkler-contractors/,Trades,Mechanical and building systems,Service × Industry Landing Page,Sprinkler contractors,Content Marketing,/trades-industries/sprinkler-contractors-marketing-agency/,Index after content threshold,Phase 3,content marketing for sprinkler contractors,trades-service-industry-sitemap.xml,Consultus campaign matrix pattern
https://www.consultusdigital.com/trades-marketing-services/ad-creative-for-sprinkler-contractors/,/trades-marketing-services/ad-creative-for-sprinkler-contractors/,Trades,Mechanical and building systems,Service × Industry Landing Page,Sprinkler contractors,Ad Creative Production,/trades-industries/sprinkler-contractors-marketing-agency/,Index after content threshold,Phase 3,ad creative production for sprinkler contractors,trades-service-industry-sitemap.xml,Consultus campaign matrix pattern
https://www.consultusdigital.com/trades-marketing-services/call-tracking-for-sprinkler-contractors/,/trades-marketing-services/call-tracking-for-sprinkler-contractors/,Trades,Mechanical and building systems,Service × Industry Landing Page,Sprinkler contractors,Call Tracking and Attribution,/trades-industries/sprinkler-contractors-marketing-agency/,Index after content threshold,Phase 3,call tracking and attribution for sprinkler contractors,trades-service-industry-sitemap.xml,Consultus campaign matrix pattern
https://www.consultusdigital.com/trades-industries/elevator-contractors-marketing-agency/,/trades-industries/elevator-contractors-marketing-agency/,Trades,Mechanical and building systems,Industry Marketing Agency Page,Elevator contractors,,/trades-industries/mechanical-and-building-systems/,Index,Phase 2,elevator contractors marketing agency,trades-industry-agency-sitemap.xml,https://www.cardinaldigitalmarketing.com/healthcare-specialties/mental-healthcare-providers-agency/
https://www.consultusdigital.com/trades-marketing-services/digital-marketing-for-elevator-contractors/,/trades-marketing-services/digital-marketing-for-elevator-contractors/,Trades,Mechanical and building systems,Service × Industry Landing Page,Elevator contractors,Digital Marketing Agency,/trades-industries/elevator-contractors-marketing-agency/,Index after content threshold,Phase 3,digital marketing agency for elevator contractors,trades-service-industry-sitemap.xml,Consultus campaign matrix pattern
https://www.consultusdigital.com/trades-marketing-services/google-ads-for-elevator-contractors/,/trades-marketing-services/google-ads-for-elevator-contractors/,Trades,Mechanical and building systems,Service × Industry Landing Page,Elevator contractors,Google Ads and PPC,/trades-industries/elevator-contractors-marketing-agency/,Index after content threshold,Phase 3,google ads and ppc for elevator contractors,trades-service-industry-sitemap.xml,Consultus campaign matrix pattern
https://www.consultusdigital.com/trades-marketing-services/local-seo-for-elevator-contractors/,/trades-marketing-services/local-seo-for-elevator-contractors/,Trades,Mechanical and building systems,Service × Industry Landing Page,Elevator contractors,Local SEO,/trades-industries/elevator-contractors-marketing-agency/,Index after content threshold,Phase 3,local seo for elevator contractors,trades-service-industry-sitemap.xml,Consultus campaign matrix pattern
https://www.consultusdigital.com/trades-marketing-services/ai-search-for-elevator-contractors/,/trades-marketing-services/ai-search-for-elevator-contractors/,Trades,Mechanical and building systems,Service × Industry Landing Page,Elevator contractors,"AEO, GEO and AI Search",/trades-industries/elevator-contractors-marketing-agency/,Index after content threshold,Phase 3,"aeo, geo and ai search for elevator contractors",trades-service-industry-sitemap.xml,Consultus campaign matrix pattern
https://www.consultusdigital.com/trades-marketing-services/paid-social-for-elevator-contractors/,/trades-marketing-services/paid-social-for-elevator-contractors/,Trades,Mechanical and building systems,Service × Industry Landing Page,Elevator contractors,Paid Social,/trades-industries/elevator-contractors-marketing-agency/,Index after content threshold,Phase 3,paid social for elevator contractors,trades-service-industry-sitemap.xml,Consultus campaign matrix pattern
https://www.consultusdigital.com/trades-marketing-services/web-design-for-elevator-contractors/,/trades-marketing-services/web-design-for-elevator-contractors/,Trades,Mechanical and building systems,Service × Industry Landing Page,Elevator contractors,Website Design and CRO,/trades-industries/elevator-contractors-marketing-agency/,Index after content threshold,Phase 3,website design and cro for elevator contractors,trades-service-industry-sitemap.xml,Consultus campaign matrix pattern
https://www.consultusdigital.com/trades-marketing-services/crm-revops-for-elevator-contractors/,/trades-marketing-services/crm-revops-for-elevator-contractors/,Trades,Mechanical and building systems,Service × Industry Landing Page,Elevator contractors,CRM and Revenue Operations,/trades-industries/elevator-contractors-marketing-agency/,Index after content threshold,Phase 3,crm and revenue operations for elevator contractors,trades-service-industry-sitemap.xml,Consultus campaign matrix pattern
https://www.consultusdigital.com/trades-marketing-services/content-marketing-for-elevator-contractors/,/trades-marketing-services/content-marketing-for-elevator-contractors/,Trades,Mechanical and building systems,Service × Industry Landing Page,Elevator contractors,Content Marketing,/trades-industries/elevator-contractors-marketing-agency/,Index after content threshold,Phase 3,content marketing for elevator contractors,trades-service-industry-sitemap.xml,Consultus campaign matrix pattern
https://www.consultusdigital.com/trades-marketing-services/ad-creative-for-elevator-contractors/,/trades-marketing-services/ad-creative-for-elevator-contractors/,Trades,Mechanical and building systems,Service × Industry Landing Page,Elevator contractors,Ad Creative Production,/trades-industries/elevator-contractors-marketing-agency/,Index after content threshold,Phase 3,ad creative production for elevator contractors,trades-service-industry-sitemap.xml,Consultus campaign matrix pattern
https://www.consultusdigital.com/trades-marketing-services/call-tracking-for-elevator-contractors/,/trades-marketing-services/call-tracking-for-elevator-contractors/,Trades,Mechanical and building systems,Service × Industry Landing Page,Elevator contractors,Call Tracking and Attribution,/trades-industries/elevator-contractors-marketing-agency/,Index after content threshold,Phase 3,call tracking and attribution for elevator contractors,trades-service-industry-sitemap.xml,Consultus campaign matrix pattern
https://www.consultusdigital.com/trades-industries/generator-contractors-marketing-agency/,/trades-industries/generator-contractors-marketing-agency/,Trades,Mechanical and building systems,Industry Marketing Agency Page,Generator contractors,,/trades-industries/mechanical-and-building-systems/,Index,Phase 2,generator contractors marketing agency,trades-industry-agency-sitemap.xml,https://www.cardinaldigitalmarketing.com/healthcare-specialties/mental-healthcare-providers-agency/
https://www.consultusdigital.com/trades-marketing-services/digital-marketing-for-generator-contractors/,/trades-marketing-services/digital-marketing-for-generator-contractors/,Trades,Mechanical and building systems,Service × Industry Landing Page,Generator contractors,Digital Marketing Agency,/trades-industries/generator-contractors-marketing-agency/,Index after content threshold,Phase 3,digital marketing agency for generator contractors,trades-service-industry-sitemap.xml,Consultus campaign matrix pattern
https://www.consultusdigital.com/trades-marketing-services/google-ads-for-generator-contractors/,/trades-marketing-services/google-ads-for-generator-contractors/,Trades,Mechanical and building systems,Service × Industry Landing Page,Generator contractors,Google Ads and PPC,/trades-industries/generator-contractors-marketing-agency/,Index after content threshold,Phase 3,google ads and ppc for generator contractors,trades-service-industry-sitemap.xml,Consultus campaign matrix pattern
https://www.consultusdigital.com/trades-marketing-services/local-seo-for-generator-contractors/,/trades-marketing-services/local-seo-for-generator-contractors/,Trades,Mechanical and building systems,Service × Industry Landing Page,Generator contractors,Local SEO,/trades-industries/generator-contractors-marketing-agency/,Index after content threshold,Phase 3,local seo for generator contractors,trades-service-industry-sitemap.xml,Consultus campaign matrix pattern
https://www.consultusdigital.com/trades-marketing-services/ai-search-for-generator-contractors/,/trades-marketing-services/ai-search-for-generator-contractors/,Trades,Mechanical and building systems,Service × Industry Landing Page,Generator contractors,"AEO, GEO and AI Search",/trades-industries/generator-contractors-marketing-agency/,Index after content threshold,Phase 3,"aeo, geo and ai search for generator contractors",trades-service-industry-sitemap.xml,Consultus campaign matrix pattern
https://www.consultusdigital.com/trades-marketing-services/paid-social-for-generator-contractors/,/trades-marketing-services/paid-social-for-generator-contractors/,Trades,Mechanical and building systems,Service × Industry Landing Page,Generator contractors,Paid Social,/trades-industries/generator-contractors-marketing-agency/,Index after content threshold,Phase 3,paid social for generator contractors,trades-service-industry-sitemap.xml,Consultus campaign matrix pattern
https://www.consultusdigital.com/trades-marketing-services/web-design-for-generator-contractors/,/trades-marketing-services/web-design-for-generator-contractors/,Trades,Mechanical and building systems,Service × Industry Landing Page,Generator contractors,Website Design and CRO,/trades-industries/generator-contractors-marketing-agency/,Index after content threshold,Phase 3,website design and cro for generator contractors,trades-service-industry-sitemap.xml,Consultus campaign matrix pattern
https://www.consultusdigital.com/trades-marketing-services/crm-revops-for-generator-contractors/,/trades-marketing-services/crm-revops-for-generator-contractors/,Trades,Mechanical and building systems,Service × Industry Landing Page,Generator contractors,CRM and Revenue Operations,/trades-industries/generator-contractors-marketing-agency/,Index after content threshold,Phase 3,crm and revenue operations for generator contractors,trades-service-industry-sitemap.xml,Consultus campaign matrix pattern
https://www.consultusdigital.com/trades-marketing-services/content-marketing-for-generator-contractors/,/trades-marketing-services/content-marketing-for-generator-contractors/,Trades,Mechanical and building systems,Service × Industry Landing Page,Generator contractors,Content Marketing,/trades-industries/generator-contractors-marketing-agency/,Index after content threshold,Phase 3,content marketing for generator contractors,trades-service-industry-sitemap.xml,Consultus campaign matrix pattern
https://www.consultusdigital.com/trades-marketing-services/ad-creative-for-generator-contractors/,/trades-marketing-services/ad-creative-for-generator-contractors/,Trades,Mechanical and building systems,Service × Industry Landing Page,Generator contractors,Ad Creative Production,/trades-industries/generator-contractors-marketing-agency/,Index after content threshold,Phase 3,ad creative production for generator contractors,trades-service-industry-sitemap.xml,Consultus campaign matrix pattern
https://www.consultusdigital.com/trades-marketing-services/call-tracking-for-generator-contractors/,/trades-marketing-services/call-tracking-for-generator-contractors/,Trades,Mechanical and building systems,Service × Industry Landing Page,Generator contractors,Call Tracking and Attribution,/trades-industries/generator-contractors-marketing-agency/,Index after content threshold,Phase 3,call tracking and attribution for generator contractors,trades-service-industry-sitemap.xml,Consultus campaign matrix pattern
https://www.consultusdigital.com/trades-industries/plumbing-and-water/,/trades-industries/plumbing-and-water/,Trades,Plumbing and water,Sector Hub,Plumbing and water,,/trades-industries/,Index,Phase 1,plumbing and water marketing agency,trades-industry-agency-sitemap.xml,https://www.cardinaldigitalmarketing.com/healthcare-specialties/mental-healthcare-providers-agency/
https://www.consultusdigital.com/trades-industries/plumbing-contractors-marketing-agency/,/trades-industries/plumbing-contractors-marketing-agency/,Trades,Plumbing and water,Industry Marketing Agency Page,Plumbing contractors,,/trades-industries/plumbing-and-water/,Index,Phase 2,plumbing contractors marketing agency,trades-industry-agency-sitemap.xml,https://www.cardinaldigitalmarketing.com/healthcare-specialties/mental-healthcare-providers-agency/
https://www.consultusdigital.com/trades-marketing-services/digital-marketing-for-plumbing-contractors/,/trades-marketing-services/digital-marketing-for-plumbing-contractors/,Trades,Plumbing and water,Service × Industry Landing Page,Plumbing contractors,Digital Marketing Agency,/trades-industries/plumbing-contractors-marketing-agency/,Index after content threshold,Phase 3,digital marketing agency for plumbing contractors,trades-service-industry-sitemap.xml,Consultus campaign matrix pattern
https://www.consultusdigital.com/trades-marketing-services/google-ads-for-plumbing-contractors/,/trades-marketing-services/google-ads-for-plumbing-contractors/,Trades,Plumbing and water,Service × Industry Landing Page,Plumbing contractors,Google Ads and PPC,/trades-industries/plumbing-contractors-marketing-agency/,Index after content threshold,Phase 3,google ads and ppc for plumbing contractors,trades-service-industry-sitemap.xml,Consultus campaign matrix pattern
https://www.consultusdigital.com/trades-marketing-services/local-seo-for-plumbing-contractors/,/trades-marketing-services/local-seo-for-plumbing-contractors/,Trades,Plumbing and water,Service × Industry Landing Page,Plumbing contractors,Local SEO,/trades-industries/plumbing-contractors-marketing-agency/,Index after content threshold,Phase 3,local seo for plumbing contractors,trades-service-industry-sitemap.xml,Consultus campaign matrix pattern
https://www.consultusdigital.com/trades-marketing-services/ai-search-for-plumbing-contractors/,/trades-marketing-services/ai-search-for-plumbing-contractors/,Trades,Plumbing and water,Service × Industry Landing Page,Plumbing contractors,"AEO, GEO and AI Search",/trades-industries/plumbing-contractors-marketing-agency/,Index after content threshold,Phase 3,"aeo, geo and ai search for plumbing contractors",trades-service-industry-sitemap.xml,Consultus campaign matrix pattern
https://www.consultusdigital.com/trades-marketing-services/paid-social-for-plumbing-contractors/,/trades-marketing-services/paid-social-for-plumbing-contractors/,Trades,Plumbing and water,Service × Industry Landing Page,Plumbing contractors,Paid Social,/trades-industries/plumbing-contractors-marketing-agency/,Index after content threshold,Phase 3,paid social for plumbing contractors,trades-service-industry-sitemap.xml,Consultus campaign matrix pattern
https://www.consultusdigital.com/trades-marketing-services/web-design-for-plumbing-contractors/,/trades-marketing-services/web-design-for-plumbing-contractors/,Trades,Plumbing and water,Service × Industry Landing Page,Plumbing contractors,Website Design and CRO,/trades-industries/plumbing-contractors-marketing-agency/,Index after content threshold,Phase 3,website design and cro for plumbing contractors,trades-service-industry-sitemap.xml,Consultus campaign matrix pattern
https://www.consultusdigital.com/trades-marketing-services/crm-revops-for-plumbing-contractors/,/trades-marketing-services/crm-revops-for-plumbing-contractors/,Trades,Plumbing and water,Service × Industry Landing Page,Plumbing contractors,CRM and Revenue Operations,/trades-industries/plumbing-contractors-marketing-agency/,Index after content threshold,Phase 3,crm and revenue operations for plumbing contractors,trades-service-industry-sitemap.xml,Consultus campaign matrix pattern
https://www.consultusdigital.com/trades-marketing-services/content-marketing-for-plumbing-contractors/,/trades-marketing-services/content-marketing-for-plumbing-contractors/,Trades,Plumbing and water,Service × Industry Landing Page,Plumbing contractors,Content Marketing,/trades-industries/plumbing-contractors-marketing-agency/,Index after content threshold,Phase 3,content marketing for plumbing contractors,trades-service-industry-sitemap.xml,Consultus campaign matrix pattern
https://www.consultusdigital.com/trades-marketing-services/ad-creative-for-plumbing-contractors/,/trades-marketing-services/ad-creative-for-plumbing-contractors/,Trades,Plumbing and water,Service × Industry Landing Page,Plumbing contractors,Ad Creative Production,/trades-industries/plumbing-contractors-marketing-agency/,Index after content threshold,Phase 3,ad creative production for plumbing contractors,trades-service-industry-sitemap.xml,Consultus campaign matrix pattern
https://www.consultusdigital.com/trades-marketing-services/call-tracking-for-plumbing-contractors/,/trades-marketing-services/call-tracking-for-plumbing-contractors/,Trades,Plumbing and water,Service × Industry Landing Page,Plumbing contractors,Call Tracking and Attribution,/trades-industries/plumbing-contractors-marketing-agency/,Index after content threshold,Phase 3,call tracking and attribution for plumbing contractors,trades-service-industry-sitemap.xml,Consultus campaign matrix pattern
https://www.consultusdigital.com/trades-industries/commercial-plumbers-marketing-agency/,/trades-industries/commercial-plumbers-marketing-agency/,Trades,Plumbing and water,Industry Marketing Agency Page,Commercial plumbers,,/trades-industries/plumbing-and-water/,Index,Phase 2,commercial plumbers marketing agency,trades-industry-agency-sitemap.xml,https://www.cardinaldigitalmarketing.com/healthcare-specialties/mental-healthcare-providers-agency/
https://www.consultusdigital.com/trades-marketing-services/digital-marketing-for-commercial-plumbers/,/trades-marketing-services/digital-marketing-for-commercial-plumbers/,Trades,Plumbing and water,Service × Industry Landing Page,Commercial plumbers,Digital Marketing Agency,/trades-industries/commercial-plumbers-marketing-agency/,Index after content threshold,Phase 3,digital marketing agency for commercial plumbers,trades-service-industry-sitemap.xml,Consultus campaign matrix pattern
https://www.consultusdigital.com/trades-marketing-services/google-ads-for-commercial-plumbers/,/trades-marketing-services/google-ads-for-commercial-plumbers/,Trades,Plumbing and water,Service × Industry Landing Page,Commercial plumbers,Google Ads and PPC,/trades-industries/commercial-plumbers-marketing-agency/,Index after content threshold,Phase 3,google ads and ppc for commercial plumbers,trades-service-industry-sitemap.xml,Consultus campaign matrix pattern
https://www.consultusdigital.com/trades-marketing-services/local-seo-for-commercial-plumbers/,/trades-marketing-services/local-seo-for-commercial-plumbers/,Trades,Plumbing and water,Service × Industry Landing Page,Commercial plumbers,Local SEO,/trades-industries/commercial-plumbers-marketing-agency/,Index after content threshold,Phase 3,local seo for commercial plumbers,trades-service-industry-sitemap.xml,Consultus campaign matrix pattern
https://www.consultusdigital.com/trades-marketing-services/ai-search-for-commercial-plumbers/,/trades-marketing-services/ai-search-for-commercial-plumbers/,Trades,Plumbing and water,Service × Industry Landing Page,Commercial plumbers,"AEO, GEO and AI Search",/trades-industries/commercial-plumbers-marketing-agency/,Index after content threshold,Phase 3,"aeo, geo and ai search for commercial plumbers",trades-service-industry-sitemap.xml,Consultus campaign matrix pattern
https://www.consultusdigital.com/trades-marketing-services/paid-social-for-commercial-plumbers/,/trades-marketing-services/paid-social-for-commercial-plumbers/,Trades,Plumbing and water,Service × Industry Landing Page,Commercial plumbers,Paid Social,/trades-industries/commercial-plumbers-marketing-agency/,Index after content threshold,Phase 3,paid social for commercial plumbers,trades-service-industry-sitemap.xml,Consultus campaign matrix pattern
https://www.consultusdigital.com/trades-marketing-services/web-design-for-commercial-plumbers/,/trades-marketing-services/web-design-for-commercial-plumbers/,Trades,Plumbing and water,Service × Industry Landing Page,Commercial plumbers,Website Design and CRO,/trades-industries/commercial-plumbers-marketing-agency/,Index after content threshold,Phase 3,website design and cro for commercial plumbers,trades-service-industry-sitemap.xml,Consultus campaign matrix pattern
https://www.consultusdigital.com/trades-marketing-services/crm-revops-for-commercial-plumbers/,/trades-marketing-services/crm-revops-for-commercial-plumbers/,Trades,Plumbing and water,Service × Industry Landing Page,Commercial plumbers,CRM and Revenue Operations,/trades-industries/commercial-plumbers-marketing-agency/,Index after content threshold,Phase 3,crm and revenue operations for commercial plumbers,trades-service-industry-sitemap.xml,Consultus campaign matrix pattern
https://www.consultusdigital.com/trades-marketing-services/content-marketing-for-commercial-plumbers/,/trades-marketing-services/content-marketing-for-commercial-plumbers/,Trades,Plumbing and water,Service × Industry Landing Page,Commercial plumbers,Content Marketing,/trades-industries/commercial-plumbers-marketing-agency/,Index after content threshold,Phase 3,content marketing for commercial plumbers,trades-service-industry-sitemap.xml,Consultus campaign matrix pattern
https://www.consultusdigital.com/trades-marketing-services/ad-creative-for-commercial-plumbers/,/trades-marketing-services/ad-creative-for-commercial-plumbers/,Trades,Plumbing and water,Service × Industry Landing Page,Commercial plumbers,Ad Creative Production,/trades-industries/commercial-plumbers-marketing-agency/,Index after content threshold,Phase 3,ad creative production for commercial plumbers,trades-service-industry-sitemap.xml,Consultus campaign matrix pattern
https://www.consultusdigital.com/trades-marketing-services/call-tracking-for-commercial-plumbers/,/trades-marketing-services/call-tracking-for-commercial-plumbers/,Trades,Plumbing and water,Service × Industry Landing Page,Commercial plumbers,Call Tracking and Attribution,/trades-industries/commercial-plumbers-marketing-agency/,Index after content threshold,Phase 3,call tracking and attribution for commercial plumbers,trades-service-industry-sitemap.xml,Consultus campaign matrix pattern
https://www.consultusdigital.com/trades-industries/residential-plumbers-marketing-agency/,/trades-industries/residential-plumbers-marketing-agency/,Trades,Plumbing and water,Industry Marketing Agency Page,Residential plumbers,,/trades-industries/plumbing-and-water/,Index,Phase 2,residential plumbers marketing agency,trades-industry-agency-sitemap.xml,https://www.cardinaldigitalmarketing.com/healthcare-specialties/mental-healthcare-providers-agency/
https://www.consultusdigital.com/trades-marketing-services/digital-marketing-for-residential-plumbers/,/trades-marketing-services/digital-marketing-for-residential-plumbers/,Trades,Plumbing and water,Service × Industry Landing Page,Residential plumbers,Digital Marketing Agency,/trades-industries/residential-plumbers-marketing-agency/,Index after content threshold,Phase 3,digital marketing agency for residential plumbers,trades-service-industry-sitemap.xml,Consultus campaign matrix pattern
https://www.consultusdigital.com/trades-marketing-services/google-ads-for-residential-plumbers/,/trades-marketing-services/google-ads-for-residential-plumbers/,Trades,Plumbing and water,Service × Industry Landing Page,Residential plumbers,Google Ads and PPC,/trades-industries/residential-plumbers-marketing-agency/,Index after content threshold,Phase 3,google ads and ppc for residential plumbers,trades-service-industry-sitemap.xml,Consultus campaign matrix pattern
https://www.consultusdigital.com/trades-marketing-services/local-seo-for-residential-plumbers/,/trades-marketing-services/local-seo-for-residential-plumbers/,Trades,Plumbing and water,Service × Industry Landing Page,Residential plumbers,Local SEO,/trades-industries/residential-plumbers-marketing-agency/,Index after content threshold,Phase 3,local seo for residential plumbers,trades-service-industry-sitemap.xml,Consultus campaign matrix pattern
https://www.consultusdigital.com/trades-marketing-services/ai-search-for-residential-plumbers/,/trades-marketing-services/ai-search-for-residential-plumbers/,Trades,Plumbing and water,Service × Industry Landing Page,Residential plumbers,"AEO, GEO and AI Search",/trades-industries/residential-plumbers-marketing-agency/,Index after content threshold,Phase 3,"aeo, geo and ai search for residential plumbers",trades-service-industry-sitemap.xml,Consultus campaign matrix pattern
https://www.consultusdigital.com/trades-marketing-services/paid-social-for-residential-plumbers/,/trades-marketing-services/paid-social-for-residential-plumbers/,Trades,Plumbing and water,Service × Industry Landing Page,Residential plumbers,Paid Social,/trades-industries/residential-plumbers-marketing-agency/,Index after content threshold,Phase 3,paid social for residential plumbers,trades-service-industry-sitemap.xml,Consultus campaign matrix pattern
https://www.consultusdigital.com/trades-marketing-services/web-design-for-residential-plumbers/,/trades-marketing-services/web-design-for-residential-plumbers/,Trades,Plumbing and water,Service × Industry Landing Page,Residential plumbers,Website Design and CRO,/trades-industries/residential-plumbers-marketing-agency/,Index after content threshold,Phase 3,website design and cro for residential plumbers,trades-service-industry-sitemap.xml,Consultus campaign matrix pattern
https://www.consultusdigital.com/trades-marketing-services/crm-revops-for-residential-plumbers/,/trades-marketing-services/crm-revops-for-residential-plumbers/,Trades,Plumbing and water,Service × Industry Landing Page,Residential plumbers,CRM and Revenue Operations,/trades-industries/residential-plumbers-marketing-agency/,Index after content threshold,Phase 3,crm and revenue operations for residential plumbers,trades-service-industry-sitemap.xml,Consultus campaign matrix pattern
https://www.consultusdigital.com/trades-marketing-services/content-marketing-for-residential-plumbers/,/trades-marketing-services/content-marketing-for-residential-plumbers/,Trades,Plumbing and water,Service × Industry Landing Page,Residential plumbers,Content Marketing,/trades-industries/residential-plumbers-marketing-agency/,Index after content threshold,Phase 3,content marketing for residential plumbers,trades-service-industry-sitemap.xml,Consultus campaign matrix pattern
https://www.consultusdigital.com/trades-marketing-services/ad-creative-for-residential-plumbers/,/trades-marketing-services/ad-creative-for-residential-plumbers/,Trades,Plumbing and water,Service × Industry Landing Page,Residential plumbers,Ad Creative Production,/trades-industries/residential-plumbers-marketing-agency/,Index after content threshold,Phase 3,ad creative production for residential plumbers,trades-service-industry-sitemap.xml,Consultus campaign matrix pattern
https://www.consultusdigital.com/trades-marketing-services/call-tracking-for-residential-plumbers/,/trades-marketing-services/call-tracking-for-residential-plumbers/,Trades,Plumbing and water,Service × Industry Landing Page,Residential plumbers,Call Tracking and Attribution,/trades-industries/residential-plumbers-marketing-agency/,Index after content threshold,Phase 3,call tracking and attribution for residential plumbers,trades-service-industry-sitemap.xml,Consultus campaign matrix pattern
https://www.consultusdigital.com/trades-industries/emergency-plumbers-marketing-agency/,/trades-industries/emergency-plumbers-marketing-agency/,Trades,Plumbing and water,Industry Marketing Agency Page,Emergency plumbers,,/trades-industries/plumbing-and-water/,Index,Phase 2,emergency plumbers marketing agency,trades-industry-agency-sitemap.xml,https://www.cardinaldigitalmarketing.com/healthcare-specialties/mental-healthcare-providers-agency/
https://www.consultusdigital.com/trades-marketing-services/digital-marketing-for-emergency-plumbers/,/trades-marketing-services/digital-marketing-for-emergency-plumbers/,Trades,Plumbing and water,Service × Industry Landing Page,Emergency plumbers,Digital Marketing Agency,/trades-industries/emergency-plumbers-marketing-agency/,Index after content threshold,Phase 3,digital marketing agency for emergency plumbers,trades-service-industry-sitemap.xml,Consultus campaign matrix pattern
https://www.consultusdigital.com/trades-marketing-services/google-ads-for-emergency-plumbers/,/trades-marketing-services/google-ads-for-emergency-plumbers/,Trades,Plumbing and water,Service × Industry Landing Page,Emergency plumbers,Google Ads and PPC,/trades-industries/emergency-plumbers-marketing-agency/,Index after content threshold,Phase 3,google ads and ppc for emergency plumbers,trades-service-industry-sitemap.xml,Consultus campaign matrix pattern
https://www.consultusdigital.com/trades-marketing-services/local-seo-for-emergency-plumbers/,/trades-marketing-services/local-seo-for-emergency-plumbers/,Trades,Plumbing and water,Service × Industry Landing Page,Emergency plumbers,Local SEO,/trades-industries/emergency-plumbers-marketing-agency/,Index after content threshold,Phase 3,local seo for emergency plumbers,trades-service-industry-sitemap.xml,Consultus campaign matrix pattern
https://www.consultusdigital.com/trades-marketing-services/ai-search-for-emergency-plumbers/,/trades-marketing-services/ai-search-for-emergency-plumbers/,Trades,Plumbing and water,Service × Industry Landing Page,Emergency plumbers,"AEO, GEO and AI Search",/trades-industries/emergency-plumbers-marketing-agency/,Index after content threshold,Phase 3,"aeo, geo and ai search for emergency plumbers",trades-service-industry-sitemap.xml,Consultus campaign matrix pattern
https://www.consultusdigital.com/trades-marketing-services/paid-social-for-emergency-plumbers/,/trades-marketing-services/paid-social-for-emergency-plumbers/,Trades,Plumbing and water,Service × Industry Landing Page,Emergency plumbers,Paid Social,/trades-industries/emergency-plumbers-marketing-agency/,Index after content threshold,Phase 3,paid social for emergency plumbers,trades-service-industry-sitemap.xml,Consultus campaign matrix pattern
https://www.consultusdigital.com/trades-marketing-services/web-design-for-emergency-plumbers/,/trades-marketing-services/web-design-for-emergency-plumbers/,Trades,Plumbing and water,Service × Industry Landing Page,Emergency plumbers,Website Design and CRO,/trades-industries/emergency-plumbers-marketing-agency/,Index after content threshold,Phase 3,website design and cro for emergency plumbers,trades-service-industry-sitemap.xml,Consultus campaign matrix pattern
https://www.consultusdigital.com/trades-marketing-services/crm-revops-for-emergency-plumbers/,/trades-marketing-services/crm-revops-for-emergency-plumbers/,Trades,Plumbing and water,Service × Industry Landing Page,Emergency plumbers,CRM and Revenue Operations,/trades-industries/emergency-plumbers-marketing-agency/,Index after content threshold,Phase 3,crm and revenue operations for emergency plumbers,trades-service-industry-sitemap.xml,Consultus campaign matrix pattern
https://www.consultusdigital.com/trades-marketing-services/content-marketing-for-emergency-plumbers/,/trades-marketing-services/content-marketing-for-emergency-plumbers/,Trades,Plumbing and water,Service × Industry Landing Page,Emergency plumbers,Content Marketing,/trades-industries/emergency-plumbers-marketing-agency/,Index after content threshold,Phase 3,content marketing for emergency plumbers,trades-service-industry-sitemap.xml,Consultus campaign matrix pattern
https://www.consultusdigital.com/trades-marketing-services/ad-creative-for-emergency-plumbers/,/trades-marketing-services/ad-creative-for-emergency-plumbers/,Trades,Plumbing and water,Service × Industry Landing Page,Emergency plumbers,Ad Creative Production,/trades-industries/emergency-plumbers-marketing-agency/,Index after content threshold,Phase 3,ad creative production for emergency plumbers,trades-service-industry-sitemap.xml,Consultus campaign matrix pattern
https://www.consultusdigital.com/trades-marketing-services/call-tracking-for-emergency-plumbers/,/trades-marketing-services/call-tracking-for-emergency-plumbers/,Trades,Plumbing and water,Service × Industry Landing Page,Emergency plumbers,Call Tracking and Attribution,/trades-industries/emergency-plumbers-marketing-agency/,Index after content threshold,Phase 3,call tracking and attribution for emergency plumbers,trades-service-industry-sitemap.xml,Consultus campaign matrix pattern
https://www.consultusdigital.com/trades-industries/drain-cleaning-companies-marketing-agency/,/trades-industries/drain-cleaning-companies-marketing-agency/,Trades,Plumbing and water,Industry Marketing Agency Page,Drain cleaning companies,,/trades-industries/plumbing-and-water/,Index,Phase 2,drain cleaning companies marketing agency,trades-industry-agency-sitemap.xml,https://www.cardinaldigitalmarketing.com/healthcare-specialties/mental-healthcare-providers-agency/
https://www.consultusdigital.com/trades-marketing-services/digital-marketing-for-drain-cleaning-companies/,/trades-marketing-services/digital-marketing-for-drain-cleaning-companies/,Trades,Plumbing and water,Service × Industry Landing Page,Drain cleaning companies,Digital Marketing Agency,/trades-industries/drain-cleaning-companies-marketing-agency/,Index after content threshold,Phase 3,digital marketing agency for drain cleaning companies,trades-service-industry-sitemap.xml,Consultus campaign matrix pattern
https://www.consultusdigital.com/trades-marketing-services/google-ads-for-drain-cleaning-companies/,/trades-marketing-services/google-ads-for-drain-cleaning-companies/,Trades,Plumbing and water,Service × Industry Landing Page,Drain cleaning companies,Google Ads and PPC,/trades-industries/drain-cleaning-companies-marketing-agency/,Index after content threshold,Phase 3,google ads and ppc for drain cleaning companies,trades-service-industry-sitemap.xml,Consultus campaign matrix pattern
https://www.consultusdigital.com/trades-marketing-services/local-seo-for-drain-cleaning-companies/,/trades-marketing-services/local-seo-for-drain-cleaning-companies/,Trades,Plumbing and water,Service × Industry Landing Page,Drain cleaning companies,Local SEO,/trades-industries/drain-cleaning-companies-marketing-agency/,Index after content threshold,Phase 3,local seo for drain cleaning companies,trades-service-industry-sitemap.xml,Consultus campaign matrix pattern
https://www.consultusdigital.com/trades-marketing-services/ai-search-for-drain-cleaning-companies/,/trades-marketing-services/ai-search-for-drain-cleaning-companies/,Trades,Plumbing and water,Service × Industry Landing Page,Drain cleaning companies,"AEO, GEO and AI Search",/trades-industries/drain-cleaning-companies-marketing-agency/,Index after content threshold,Phase 3,"aeo, geo and ai search for drain cleaning companies",trades-service-industry-sitemap.xml,Consultus campaign matrix pattern
https://www.consultusdigital.com/trades-marketing-services/paid-social-for-drain-cleaning-companies/,/trades-marketing-services/paid-social-for-drain-cleaning-companies/,Trades,Plumbing and water,Service × Industry Landing Page,Drain cleaning companies,Paid Social,/trades-industries/drain-cleaning-companies-marketing-agency/,Index after content threshold,Phase 3,paid social for drain cleaning companies,trades-service-industry-sitemap.xml,Consultus campaign matrix pattern
https://www.consultusdigital.com/trades-marketing-services/web-design-for-drain-cleaning-companies/,/trades-marketing-services/web-design-for-drain-cleaning-companies/,Trades,Plumbing and water,Service × Industry Landing Page,Drain cleaning companies,Website Design and CRO,/trades-industries/drain-cleaning-companies-marketing-agency/,Index after content threshold,Phase 3,website design and cro for drain cleaning companies,trades-service-industry-sitemap.xml,Consultus campaign matrix pattern
https://www.consultusdigital.com/trades-marketing-services/crm-revops-for-drain-cleaning-companies/,/trades-marketing-services/crm-revops-for-drain-cleaning-companies/,Trades,Plumbing and water,Service × Industry Landing Page,Drain cleaning companies,CRM and Revenue Operations,/trades-industries/drain-cleaning-companies-marketing-agency/,Index after content threshold,Phase 3,crm and revenue operations for drain cleaning companies,trades-service-industry-sitemap.xml,Consultus campaign matrix pattern
https://www.consultusdigital.com/trades-marketing-services/content-marketing-for-drain-cleaning-companies/,/trades-marketing-services/content-marketing-for-drain-cleaning-companies/,Trades,Plumbing and water,Service × Industry Landing Page,Drain cleaning companies,Content Marketing,/trades-industries/drain-cleaning-companies-marketing-agency/,Index after content threshold,Phase 3,content marketing for drain cleaning companies,trades-service-industry-sitemap.xml,Consultus campaign matrix pattern
https://www.consultusdigital.com/trades-marketing-services/ad-creative-for-drain-cleaning-companies/,/trades-marketing-services/ad-creative-for-drain-cleaning-companies/,Trades,Plumbing and water,Service × Industry Landing Page,Drain cleaning companies,Ad Creative Production,/trades-industries/drain-cleaning-companies-marketing-agency/,Index after content threshold,Phase 3,ad creative production for drain cleaning companies,trades-service-industry-sitemap.xml,Consultus campaign matrix pattern
https://www.consultusdigital.com/trades-marketing-services/call-tracking-for-drain-cleaning-companies/,/trades-marketing-services/call-tracking-for-drain-cleaning-companies/,Trades,Plumbing and water,Service × Industry Landing Page,Drain cleaning companies,Call Tracking and Attribution,/trades-industries/drain-cleaning-companies-marketing-agency/,Index after content threshold,Phase 3,call tracking and attribution for drain cleaning companies,trades-service-industry-sitemap.xml,Consultus campaign matrix pattern
https://www.consultusdigital.com/trades-industries/sewer-contractors-marketing-agency/,/trades-industries/sewer-contractors-marketing-agency/,Trades,Plumbing and water,Industry Marketing Agency Page,Sewer contractors,,/trades-industries/plumbing-and-water/,Index,Phase 2,sewer contractors marketing agency,trades-industry-agency-sitemap.xml,https://www.cardinaldigitalmarketing.com/healthcare-specialties/mental-healthcare-providers-agency/
https://www.consultusdigital.com/trades-marketing-services/digital-marketing-for-sewer-contractors/,/trades-marketing-services/digital-marketing-for-sewer-contractors/,Trades,Plumbing and water,Service × Industry Landing Page,Sewer contractors,Digital Marketing Agency,/trades-industries/sewer-contractors-marketing-agency/,Index after content threshold,Phase 3,digital marketing agency for sewer contractors,trades-service-industry-sitemap.xml,Consultus campaign matrix pattern
https://www.consultusdigital.com/trades-marketing-services/google-ads-for-sewer-contractors/,/trades-marketing-services/google-ads-for-sewer-contractors/,Trades,Plumbing and water,Service × Industry Landing Page,Sewer contractors,Google Ads and PPC,/trades-industries/sewer-contractors-marketing-agency/,Index after content threshold,Phase 3,google ads and ppc for sewer contractors,trades-service-industry-sitemap.xml,Consultus campaign matrix pattern
https://www.consultusdigital.com/trades-marketing-services/local-seo-for-sewer-contractors/,/trades-marketing-services/local-seo-for-sewer-contractors/,Trades,Plumbing and water,Service × Industry Landing Page,Sewer contractors,Local SEO,/trades-industries/sewer-contractors-marketing-agency/,Index after content threshold,Phase 3,local seo for sewer contractors,trades-service-industry-sitemap.xml,Consultus campaign matrix pattern
https://www.consultusdigital.com/trades-marketing-services/ai-search-for-sewer-contractors/,/trades-marketing-services/ai-search-for-sewer-contractors/,Trades,Plumbing and water,Service × Industry Landing Page,Sewer contractors,"AEO, GEO and AI Search",/trades-industries/sewer-contractors-marketing-agency/,Index after content threshold,Phase 3,"aeo, geo and ai search for sewer contractors",trades-service-industry-sitemap.xml,Consultus campaign matrix pattern
https://www.consultusdigital.com/trades-marketing-services/paid-social-for-sewer-contractors/,/trades-marketing-services/paid-social-for-sewer-contractors/,Trades,Plumbing and water,Service × Industry Landing Page,Sewer contractors,Paid Social,/trades-industries/sewer-contractors-marketing-agency/,Index after content threshold,Phase 3,paid social for sewer contractors,trades-service-industry-sitemap.xml,Consultus campaign matrix pattern
https://www.consultusdigital.com/trades-marketing-services/web-design-for-sewer-contractors/,/trades-marketing-services/web-design-for-sewer-contractors/,Trades,Plumbing and water,Service × Industry Landing Page,Sewer contractors,Website Design and CRO,/trades-industries/sewer-contractors-marketing-agency/,Index after content threshold,Phase 3,website design and cro for sewer contractors,trades-service-industry-sitemap.xml,Consultus campaign matrix pattern
https://www.consultusdigital.com/trades-marketing-services/crm-revops-for-sewer-contractors/,/trades-marketing-services/crm-revops-for-sewer-contractors/,Trades,Plumbing and water,Service × Industry Landing Page,Sewer contractors,CRM and Revenue Operations,/trades-industries/sewer-contractors-marketing-agency/,Index after content threshold,Phase 3,crm and revenue operations for sewer contractors,trades-service-industry-sitemap.xml,Consultus campaign matrix pattern
https://www.consultusdigital.com/trades-marketing-services/content-marketing-for-sewer-contractors/,/trades-marketing-services/content-marketing-for-sewer-contractors/,Trades,Plumbing and water,Service × Industry Landing Page,Sewer contractors,Content Marketing,/trades-industries/sewer-contractors-marketing-agency/,Index after content threshold,Phase 3,content marketing for sewer contractors,trades-service-industry-sitemap.xml,Consultus campaign matrix pattern
https://www.consultusdigital.com/trades-marketing-services/ad-creative-for-sewer-contractors/,/trades-marketing-services/ad-creative-for-sewer-contractors/,Trades,Plumbing and water,Service × Industry Landing Page,Sewer contractors,Ad Creative Production,/trades-industries/sewer-contractors-marketing-agency/,Index after content threshold,Phase 3,ad creative production for sewer contractors,trades-service-industry-sitemap.xml,Consultus campaign matrix pattern
https://www.consultusdigital.com/trades-marketing-services/call-tracking-for-sewer-contractors/,/trades-marketing-services/call-tracking-for-sewer-contractors/,Trades,Plumbing and water,Service × Industry Landing Page,Sewer contractors,Call Tracking and Attribution,/trades-industries/sewer-contractors-marketing-agency/,Index after content threshold,Phase 3,call tracking and attribution for sewer contractors,trades-service-industry-sitemap.xml,Consultus campaign matrix pattern
https://www.consultusdigital.com/trades-industries/septic-contractors-marketing-agency/,/trades-industries/septic-contractors-marketing-agency/,Trades,Plumbing and water,Industry Marketing Agency Page,Septic contractors,,/trades-industries/plumbing-and-water/,Index,Phase 2,septic contractors marketing agency,trades-industry-agency-sitemap.xml,https://www.cardinaldigitalmarketing.com/healthcare-specialties/mental-healthcare-providers-agency/
https://www.consultusdigital.com/trades-marketing-services/digital-marketing-for-septic-contractors/,/trades-marketing-services/digital-marketing-for-septic-contractors/,Trades,Plumbing and water,Service × Industry Landing Page,Septic contractors,Digital Marketing Agency,/trades-industries/septic-contractors-marketing-agency/,Index after content threshold,Phase 3,digital marketing agency for septic contractors,trades-service-industry-sitemap.xml,Consultus campaign matrix pattern
https://www.consultusdigital.com/trades-marketing-services/google-ads-for-septic-contractors/,/trades-marketing-services/google-ads-for-septic-contractors/,Trades,Plumbing and water,Service × Industry Landing Page,Septic contractors,Google Ads and PPC,/trades-industries/septic-contractors-marketing-agency/,Index after content threshold,Phase 3,google ads and ppc for septic contractors,trades-service-industry-sitemap.xml,Consultus campaign matrix pattern
https://www.consultusdigital.com/trades-marketing-services/local-seo-for-septic-contractors/,/trades-marketing-services/local-seo-for-septic-contractors/,Trades,Plumbing and water,Service × Industry Landing Page,Septic contractors,Local SEO,/trades-industries/septic-contractors-marketing-agency/,Index after content threshold,Phase 3,local seo for septic contractors,trades-service-industry-sitemap.xml,Consultus campaign matrix pattern
https://www.consultusdigital.com/trades-marketing-services/ai-search-for-septic-contractors/,/trades-marketing-services/ai-search-for-septic-contractors/,Trades,Plumbing and water,Service × Industry Landing Page,Septic contractors,"AEO, GEO and AI Search",/trades-industries/septic-contractors-marketing-agency/,Index after content threshold,Phase 3,"aeo, geo and ai search for septic contractors",trades-service-industry-sitemap.xml,Consultus campaign matrix pattern
https://www.consultusdigital.com/trades-marketing-services/paid-social-for-septic-contractors/,/trades-marketing-services/paid-social-for-septic-contractors/,Trades,Plumbing and water,Service × Industry Landing Page,Septic contractors,Paid Social,/trades-industries/septic-contractors-marketing-agency/,Index after content threshold,Phase 3,paid social for septic contractors,trades-service-industry-sitemap.xml,Consultus campaign matrix pattern
https://www.consultusdigital.com/trades-marketing-services/web-design-for-septic-contractors/,/trades-marketing-services/web-design-for-septic-contractors/,Trades,Plumbing and water,Service × Industry Landing Page,Septic contractors,Website Design and CRO,/trades-industries/septic-contractors-marketing-agency/,Index after content threshold,Phase 3,website design and cro for septic contractors,trades-service-industry-sitemap.xml,Consultus campaign matrix pattern
https://www.consultusdigital.com/trades-marketing-services/crm-revops-for-septic-contractors/,/trades-marketing-services/crm-revops-for-septic-contractors/,Trades,Plumbing and water,Service × Industry Landing Page,Septic contractors,CRM and Revenue Operations,/trades-industries/septic-contractors-marketing-agency/,Index after content threshold,Phase 3,crm and revenue operations for septic contractors,trades-service-industry-sitemap.xml,Consultus campaign matrix pattern
https://www.consultusdigital.com/trades-marketing-services/content-marketing-for-septic-contractors/,/trades-marketing-services/content-marketing-for-septic-contractors/,Trades,Plumbing and water,Service × Industry Landing Page,Septic contractors,Content Marketing,/trades-industries/septic-contractors-marketing-agency/,Index after content threshold,Phase 3,content marketing for septic contractors,trades-service-industry-sitemap.xml,Consultus campaign matrix pattern
https://www.consultusdigital.com/trades-marketing-services/ad-creative-for-septic-contractors/,/trades-marketing-services/ad-creative-for-septic-contractors/,Trades,Plumbing and water,Service × Industry Landing Page,Septic contractors,Ad Creative Production,/trades-industries/septic-contractors-marketing-agency/,Index after content threshold,Phase 3,ad creative production for septic contractors,trades-service-industry-sitemap.xml,Consultus campaign matrix pattern
https://www.consultusdigital.com/trades-marketing-services/call-tracking-for-septic-contractors/,/trades-marketing-services/call-tracking-for-septic-contractors/,Trades,Plumbing and water,Service × Industry Landing Page,Septic contractors,Call Tracking and Attribution,/trades-industries/septic-contractors-marketing-agency/,Index after content threshold,Phase 3,call tracking and attribution for septic contractors,trades-service-industry-sitemap.xml,Consultus campaign matrix pattern
https://www.consultusdigital.com/trades-industries/water-treatment-companies-marketing-agency/,/trades-industries/water-treatment-companies-marketing-agency/,Trades,Plumbing and water,Industry Marketing Agency Page,Water treatment companies,,/trades-industries/plumbing-and-water/,Index,Phase 2,water treatment companies marketing agency,trades-industry-agency-sitemap.xml,https://www.cardinaldigitalmarketing.com/healthcare-specialties/mental-healthcare-providers-agency/
https://www.consultusdigital.com/trades-marketing-services/digital-marketing-for-water-treatment-companies/,/trades-marketing-services/digital-marketing-for-water-treatment-companies/,Trades,Plumbing and water,Service × Industry Landing Page,Water treatment companies,Digital Marketing Agency,/trades-industries/water-treatment-companies-marketing-agency/,Index after content threshold,Phase 3,digital marketing agency for water treatment companies,trades-service-industry-sitemap.xml,Consultus campaign matrix pattern
https://www.consultusdigital.com/trades-marketing-services/google-ads-for-water-treatment-companies/,/trades-marketing-services/google-ads-for-water-treatment-companies/,Trades,Plumbing and water,Service × Industry Landing Page,Water treatment companies,Google Ads and PPC,/trades-industries/water-treatment-companies-marketing-agency/,Index after content threshold,Phase 3,google ads and ppc for water treatment companies,trades-service-industry-sitemap.xml,Consultus campaign matrix pattern
https://www.consultusdigital.com/trades-marketing-services/local-seo-for-water-treatment-companies/,/trades-marketing-services/local-seo-for-water-treatment-companies/,Trades,Plumbing and water,Service × Industry Landing Page,Water treatment companies,Local SEO,/trades-industries/water-treatment-companies-marketing-agency/,Index after content threshold,Phase 3,local seo for water treatment companies,trades-service-industry-sitemap.xml,Consultus campaign matrix pattern
https://www.consultusdigital.com/trades-marketing-services/ai-search-for-water-treatment-companies/,/trades-marketing-services/ai-search-for-water-treatment-companies/,Trades,Plumbing and water,Service × Industry Landing Page,Water treatment companies,"AEO, GEO and AI Search",/trades-industries/water-treatment-companies-marketing-agency/,Index after content threshold,Phase 3,"aeo, geo and ai search for water treatment companies",trades-service-industry-sitemap.xml,Consultus campaign matrix pattern
https://www.consultusdigital.com/trades-marketing-services/paid-social-for-water-treatment-companies/,/trades-marketing-services/paid-social-for-water-treatment-companies/,Trades,Plumbing and water,Service × Industry Landing Page,Water treatment companies,Paid Social,/trades-industries/water-treatment-companies-marketing-agency/,Index after content threshold,Phase 3,paid social for water treatment companies,trades-service-industry-sitemap.xml,Consultus campaign matrix pattern
https://www.consultusdigital.com/trades-marketing-services/web-design-for-water-treatment-companies/,/trades-marketing-services/web-design-for-water-treatment-companies/,Trades,Plumbing and water,Service × Industry Landing Page,Water treatment companies,Website Design and CRO,/trades-industries/water-treatment-companies-marketing-agency/,Index after content threshold,Phase 3,website design and cro for water treatment companies,trades-service-industry-sitemap.xml,Consultus campaign matrix pattern
https://www.consultusdigital.com/trades-marketing-services/crm-revops-for-water-treatment-companies/,/trades-marketing-services/crm-revops-for-water-treatment-companies/,Trades,Plumbing and water,Service × Industry Landing Page,Water treatment companies,CRM and Revenue Operations,/trades-industries/water-treatment-companies-marketing-agency/,Index after content threshold,Phase 3,crm and revenue operations for water treatment companies,trades-service-industry-sitemap.xml,Consultus campaign matrix pattern
https://www.consultusdigital.com/trades-marketing-services/content-marketing-for-water-treatment-companies/,/trades-marketing-services/content-marketing-for-water-treatment-companies/,Trades,Plumbing and water,Service × Industry Landing Page,Water treatment companies,Content Marketing,/trades-industries/water-treatment-companies-marketing-agency/,Index after content threshold,Phase 3,content marketing for water treatment companies,trades-service-industry-sitemap.xml,Consultus campaign matrix pattern
https://www.consultusdigital.com/trades-marketing-services/ad-creative-for-water-treatment-companies/,/trades-marketing-services/ad-creative-for-water-treatment-companies/,Trades,Plumbing and water,Service × Industry Landing Page,Water treatment companies,Ad Creative Production,/trades-industries/water-treatment-companies-marketing-agency/,Index after content threshold,Phase 3,ad creative production for water treatment companies,trades-service-industry-sitemap.xml,Consultus campaign matrix pattern
https://www.consultusdigital.com/trades-marketing-services/call-tracking-for-water-treatment-companies/,/trades-marketing-services/call-tracking-for-water-treatment-companies/,Trades,Plumbing and water,Service × Industry Landing Page,Water treatment companies,Call Tracking and Attribution,/trades-industries/water-treatment-companies-marketing-agency/,Index after content threshold,Phase 3,call tracking and attribution for water treatment companies,trades-service-industry-sitemap.xml,Consultus campaign matrix pattern
https://www.consultusdigital.com/trades-industries/waterproofing-contractors-marketing-agency/,/trades-industries/waterproofing-contractors-marketing-agency/,Trades,Plumbing and water,Industry Marketing Agency Page,Waterproofing contractors,,/trades-industries/plumbing-and-water/,Index,Phase 2,waterproofing contractors marketing agency,trades-industry-agency-sitemap.xml,https://www.cardinaldigitalmarketing.com/healthcare-specialties/mental-healthcare-providers-agency/
https://www.consultusdigital.com/trades-marketing-services/digital-marketing-for-waterproofing-contractors/,/trades-marketing-services/digital-marketing-for-waterproofing-contractors/,Trades,Plumbing and water,Service × Industry Landing Page,Waterproofing contractors,Digital Marketing Agency,/trades-industries/waterproofing-contractors-marketing-agency/,Index after content threshold,Phase 3,digital marketing agency for waterproofing contractors,trades-service-industry-sitemap.xml,Consultus campaign matrix pattern
https://www.consultusdigital.com/trades-marketing-services/google-ads-for-waterproofing-contractors/,/trades-marketing-services/google-ads-for-waterproofing-contractors/,Trades,Plumbing and water,Service × Industry Landing Page,Waterproofing contractors,Google Ads and PPC,/trades-industries/waterproofing-contractors-marketing-agency/,Index after content threshold,Phase 3,google ads and ppc for waterproofing contractors,trades-service-industry-sitemap.xml,Consultus campaign matrix pattern
https://www.consultusdigital.com/trades-marketing-services/local-seo-for-waterproofing-contractors/,/trades-marketing-services/local-seo-for-waterproofing-contractors/,Trades,Plumbing and water,Service × Industry Landing Page,Waterproofing contractors,Local SEO,/trades-industries/waterproofing-contractors-marketing-agency/,Index after content threshold,Phase 3,local seo for waterproofing contractors,trades-service-industry-sitemap.xml,Consultus campaign matrix pattern
https://www.consultusdigital.com/trades-marketing-services/ai-search-for-waterproofing-contractors/,/trades-marketing-services/ai-search-for-waterproofing-contractors/,Trades,Plumbing and water,Service × Industry Landing Page,Waterproofing contractors,"AEO, GEO and AI Search",/trades-industries/waterproofing-contractors-marketing-agency/,Index after content threshold,Phase 3,"aeo, geo and ai search for waterproofing contractors",trades-service-industry-sitemap.xml,Consultus campaign matrix pattern
https://www.consultusdigital.com/trades-marketing-services/paid-social-for-waterproofing-contractors/,/trades-marketing-services/paid-social-for-waterproofing-contractors/,Trades,Plumbing and water,Service × Industry Landing Page,Waterproofing contractors,Paid Social,/trades-industries/waterproofing-contractors-marketing-agency/,Index after content threshold,Phase 3,paid social for waterproofing contractors,trades-service-industry-sitemap.xml,Consultus campaign matrix pattern
https://www.consultusdigital.com/trades-marketing-services/web-design-for-waterproofing-contractors/,/trades-marketing-services/web-design-for-waterproofing-contractors/,Trades,Plumbing and water,Service × Industry Landing Page,Waterproofing contractors,Website Design and CRO,/trades-industries/waterproofing-contractors-marketing-agency/,Index after content threshold,Phase 3,website design and cro for waterproofing contractors,trades-service-industry-sitemap.xml,Consultus campaign matrix pattern
https://www.consultusdigital.com/trades-marketing-services/crm-revops-for-waterproofing-contractors/,/trades-marketing-services/crm-revops-for-waterproofing-contractors/,Trades,Plumbing and water,Service × Industry Landing Page,Waterproofing contractors,CRM and Revenue Operations,/trades-industries/waterproofing-contractors-marketing-agency/,Index after content threshold,Phase 3,crm and revenue operations for waterproofing contractors,trades-service-industry-sitemap.xml,Consultus campaign matrix pattern
https://www.consultusdigital.com/trades-marketing-services/content-marketing-for-waterproofing-contractors/,/trades-marketing-services/content-marketing-for-waterproofing-contractors/,Trades,Plumbing and water,Service × Industry Landing Page,Waterproofing contractors,Content Marketing,/trades-industries/waterproofing-contractors-marketing-agency/,Index after content threshold,Phase 3,content marketing for waterproofing contractors,trades-service-industry-sitemap.xml,Consultus campaign matrix pattern
https://www.consultusdigital.com/trades-marketing-services/ad-creative-for-waterproofing-contractors/,/trades-marketing-services/ad-creative-for-waterproofing-contractors/,Trades,Plumbing and water,Service × Industry Landing Page,Waterproofing contractors,Ad Creative Production,/trades-industries/waterproofing-contractors-marketing-agency/,Index after content threshold,Phase 3,ad creative production for waterproofing contractors,trades-service-industry-sitemap.xml,Consultus campaign matrix pattern
https://www.consultusdigital.com/trades-marketing-services/call-tracking-for-waterproofing-contractors/,/trades-marketing-services/call-tracking-for-waterproofing-contractors/,Trades,Plumbing and water,Service × Industry Landing Page,Waterproofing contractors,Call Tracking and Attribution,/trades-industries/waterproofing-contractors-marketing-agency/,Index after content threshold,Phase 3,call tracking and attribution for waterproofing contractors,trades-service-industry-sitemap.xml,Consultus campaign matrix pattern
https://www.consultusdigital.com/trades-industries/well-drilling-contractors-marketing-agency/,/trades-industries/well-drilling-contractors-marketing-agency/,Trades,Plumbing and water,Industry Marketing Agency Page,Well drilling contractors,,/trades-industries/plumbing-and-water/,Index,Phase 2,well drilling contractors marketing agency,trades-industry-agency-sitemap.xml,https://www.cardinaldigitalmarketing.com/healthcare-specialties/mental-healthcare-providers-agency/
https://www.consultusdigital.com/trades-marketing-services/digital-marketing-for-well-drilling-contractors/,/trades-marketing-services/digital-marketing-for-well-drilling-contractors/,Trades,Plumbing and water,Service × Industry Landing Page,Well drilling contractors,Digital Marketing Agency,/trades-industries/well-drilling-contractors-marketing-agency/,Index after content threshold,Phase 3,digital marketing agency for well drilling contractors,trades-service-industry-sitemap.xml,Consultus campaign matrix pattern
https://www.consultusdigital.com/trades-marketing-services/google-ads-for-well-drilling-contractors/,/trades-marketing-services/google-ads-for-well-drilling-contractors/,Trades,Plumbing and water,Service × Industry Landing Page,Well drilling contractors,Google Ads and PPC,/trades-industries/well-drilling-contractors-marketing-agency/,Index after content threshold,Phase 3,google ads and ppc for well drilling contractors,trades-service-industry-sitemap.xml,Consultus campaign matrix pattern
https://www.consultusdigital.com/trades-marketing-services/local-seo-for-well-drilling-contractors/,/trades-marketing-services/local-seo-for-well-drilling-contractors/,Trades,Plumbing and water,Service × Industry Landing Page,Well drilling contractors,Local SEO,/trades-industries/well-drilling-contractors-marketing-agency/,Index after content threshold,Phase 3,local seo for well drilling contractors,trades-service-industry-sitemap.xml,Consultus campaign matrix pattern
https://www.consultusdigital.com/trades-marketing-services/ai-search-for-well-drilling-contractors/,/trades-marketing-services/ai-search-for-well-drilling-contractors/,Trades,Plumbing and water,Service × Industry Landing Page,Well drilling contractors,"AEO, GEO and AI Search",/trades-industries/well-drilling-contractors-marketing-agency/,Index after content threshold,Phase 3,"aeo, geo and ai search for well drilling contractors",trades-service-industry-sitemap.xml,Consultus campaign matrix pattern
https://www.consultusdigital.com/trades-marketing-services/paid-social-for-well-drilling-contractors/,/trades-marketing-services/paid-social-for-well-drilling-contractors/,Trades,Plumbing and water,Service × Industry Landing Page,Well drilling contractors,Paid Social,/trades-industries/well-drilling-contractors-marketing-agency/,Index after content threshold,Phase 3,paid social for well drilling contractors,trades-service-industry-sitemap.xml,Consultus campaign matrix pattern
https://www.consultusdigital.com/trades-marketing-services/web-design-for-well-drilling-contractors/,/trades-marketing-services/web-design-for-well-drilling-contractors/,Trades,Plumbing and water,Service × Industry Landing Page,Well drilling contractors,Website Design and CRO,/trades-industries/well-drilling-contractors-marketing-agency/,Index after content threshold,Phase 3,website design and cro for well drilling contractors,trades-service-industry-sitemap.xml,Consultus campaign matrix pattern
https://www.consultusdigital.com/trades-marketing-services/crm-revops-for-well-drilling-contractors/,/trades-marketing-services/crm-revops-for-well-drilling-contractors/,Trades,Plumbing and water,Service × Industry Landing Page,Well drilling contractors,CRM and Revenue Operations,/trades-industries/well-drilling-contractors-marketing-agency/,Index after content threshold,Phase 3,crm and revenue operations for well drilling contractors,trades-service-industry-sitemap.xml,Consultus campaign matrix pattern
https://www.consultusdigital.com/trades-marketing-services/content-marketing-for-well-drilling-contractors/,/trades-marketing-services/content-marketing-for-well-drilling-contractors/,Trades,Plumbing and water,Service × Industry Landing Page,Well drilling contractors,Content Marketing,/trades-industries/well-drilling-contractors-marketing-agency/,Index after content threshold,Phase 3,content marketing for well drilling contractors,trades-service-industry-sitemap.xml,Consultus campaign matrix pattern
https://www.consultusdigital.com/trades-marketing-services/ad-creative-for-well-drilling-contractors/,/trades-marketing-services/ad-creative-for-well-drilling-contractors/,Trades,Plumbing and water,Service × Industry Landing Page,Well drilling contractors,Ad Creative Production,/trades-industries/well-drilling-contractors-marketing-agency/,Index after content threshold,Phase 3,ad creative production for well drilling contractors,trades-service-industry-sitemap.xml,Consultus campaign matrix pattern
https://www.consultusdigital.com/trades-marketing-services/call-tracking-for-well-drilling-contractors/,/trades-marketing-services/call-tracking-for-well-drilling-contractors/,Trades,Plumbing and water,Service × Industry Landing Page,Well drilling contractors,Call Tracking and Attribution,/trades-industries/well-drilling-contractors-marketing-agency/,Index after content threshold,Phase 3,call tracking and attribution for well drilling contractors,trades-service-industry-sitemap.xml,Consultus campaign matrix pattern
https://www.consultusdigital.com/trades-industries/backflow-prevention-contractors-marketing-agency/,/trades-industries/backflow-prevention-contractors-marketing-agency/,Trades,Plumbing and water,Industry Marketing Agency Page,Backflow prevention contractors,,/trades-industries/plumbing-and-water/,Index,Phase 2,backflow prevention contractors marketing agency,trades-industry-agency-sitemap.xml,https://www.cardinaldigitalmarketing.com/healthcare-specialties/mental-healthcare-providers-agency/
https://www.consultusdigital.com/trades-marketing-services/digital-marketing-for-backflow-prevention-contractors/,/trades-marketing-services/digital-marketing-for-backflow-prevention-contractors/,Trades,Plumbing and water,Service × Industry Landing Page,Backflow prevention contractors,Digital Marketing Agency,/trades-industries/backflow-prevention-contractors-marketing-agency/,Index after content threshold,Phase 3,digital marketing agency for backflow prevention contractors,trades-service-industry-sitemap.xml,Consultus campaign matrix pattern
https://www.consultusdigital.com/trades-marketing-services/google-ads-for-backflow-prevention-contractors/,/trades-marketing-services/google-ads-for-backflow-prevention-contractors/,Trades,Plumbing and water,Service × Industry Landing Page,Backflow prevention contractors,Google Ads and PPC,/trades-industries/backflow-prevention-contractors-marketing-agency/,Index after content threshold,Phase 3,google ads and ppc for backflow prevention contractors,trades-service-industry-sitemap.xml,Consultus campaign matrix pattern
https://www.consultusdigital.com/trades-marketing-services/local-seo-for-backflow-prevention-contractors/,/trades-marketing-services/local-seo-for-backflow-prevention-contractors/,Trades,Plumbing and water,Service × Industry Landing Page,Backflow prevention contractors,Local SEO,/trades-industries/backflow-prevention-contractors-marketing-agency/,Index after content threshold,Phase 3,local seo for backflow prevention contractors,trades-service-industry-sitemap.xml,Consultus campaign matrix pattern
https://www.consultusdigital.com/trades-marketing-services/ai-search-for-backflow-prevention-contractors/,/trades-marketing-services/ai-search-for-backflow-prevention-contractors/,Trades,Plumbing and water,Service × Industry Landing Page,Backflow prevention contractors,"AEO, GEO and AI Search",/trades-industries/backflow-prevention-contractors-marketing-agency/,Index after content threshold,Phase 3,"aeo, geo and ai search for backflow prevention contractors",trades-service-industry-sitemap.xml,Consultus campaign matrix pattern
https://www.consultusdigital.com/trades-marketing-services/paid-social-for-backflow-prevention-contractors/,/trades-marketing-services/paid-social-for-backflow-prevention-contractors/,Trades,Plumbing and water,Service × Industry Landing Page,Backflow prevention contractors,Paid Social,/trades-industries/backflow-prevention-contractors-marketing-agency/,Index after content threshold,Phase 3,paid social for backflow prevention contractors,trades-service-industry-sitemap.xml,Consultus campaign matrix pattern
https://www.consultusdigital.com/trades-marketing-services/web-design-for-backflow-prevention-contractors/,/trades-marketing-services/web-design-for-backflow-prevention-contractors/,Trades,Plumbing and water,Service × Industry Landing Page,Backflow prevention contractors,Website Design and CRO,/trades-industries/backflow-prevention-contractors-marketing-agency/,Index after content threshold,Phase 3,website design and cro for backflow prevention contractors,trades-service-industry-sitemap.xml,Consultus campaign matrix pattern
https://www.consultusdigital.com/trades-marketing-services/crm-revops-for-backflow-prevention-contractors/,/trades-marketing-services/crm-revops-for-backflow-prevention-contractors/,Trades,Plumbing and water,Service × Industry Landing Page,Backflow prevention contractors,CRM and Revenue Operations,/trades-industries/backflow-prevention-contractors-marketing-agency/,Index after content threshold,Phase 3,crm and revenue operations for backflow prevention contractors,trades-service-industry-sitemap.xml,Consultus campaign matrix pattern
https://www.consultusdigital.com/trades-marketing-services/content-marketing-for-backflow-prevention-contractors/,/trades-marketing-services/content-marketing-for-backflow-prevention-contractors/,Trades,Plumbing and water,Service × Industry Landing Page,Backflow prevention contractors,Content Marketing,/trades-industries/backflow-prevention-contractors-marketing-agency/,Index after content threshold,Phase 3,content marketing for backflow prevention contractors,trades-service-industry-sitemap.xml,Consultus campaign matrix pattern
https://www.consultusdigital.com/trades-marketing-services/ad-creative-for-backflow-prevention-contractors/,/trades-marketing-services/ad-creative-for-backflow-prevention-contractors/,Trades,Plumbing and water,Service × Industry Landing Page,Backflow prevention contractors,Ad Creative Production,/trades-industries/backflow-prevention-contractors-marketing-agency/,Index after content threshold,Phase 3,ad creative production for backflow prevention contractors,trades-service-industry-sitemap.xml,Consultus campaign matrix pattern
https://www.consultusdigital.com/trades-marketing-services/call-tracking-for-backflow-prevention-contractors/,/trades-marketing-services/call-tracking-for-backflow-prevention-contractors/,Trades,Plumbing and water,Service × Industry Landing Page,Backflow prevention contractors,Call Tracking and Attribution,/trades-industries/backflow-prevention-contractors-marketing-agency/,Index after content threshold,Phase 3,call tracking and attribution for backflow prevention contractors,trades-service-industry-sitemap.xml,Consultus campaign matrix pattern
https://www.consultusdigital.com/trades-industries/hydronic-heating-contractors-marketing-agency/,/trades-industries/hydronic-heating-contractors-marketing-agency/,Trades,Plumbing and water,Industry Marketing Agency Page,Hydronic heating contractors,,/trades-industries/plumbing-and-water/,Index,Phase 2,hydronic heating contractors marketing agency,trades-industry-agency-sitemap.xml,https://www.cardinaldigitalmarketing.com/healthcare-specialties/mental-healthcare-providers-agency/
https://www.consultusdigital.com/trades-marketing-services/digital-marketing-for-hydronic-heating-contractors/,/trades-marketing-services/digital-marketing-for-hydronic-heating-contractors/,Trades,Plumbing and water,Service × Industry Landing Page,Hydronic heating contractors,Digital Marketing Agency,/trades-industries/hydronic-heating-contractors-marketing-agency/,Index after content threshold,Phase 3,digital marketing agency for hydronic heating contractors,trades-service-industry-sitemap.xml,Consultus campaign matrix pattern
https://www.consultusdigital.com/trades-marketing-services/google-ads-for-hydronic-heating-contractors/,/trades-marketing-services/google-ads-for-hydronic-heating-contractors/,Trades,Plumbing and water,Service × Industry Landing Page,Hydronic heating contractors,Google Ads and PPC,/trades-industries/hydronic-heating-contractors-marketing-agency/,Index after content threshold,Phase 3,google ads and ppc for hydronic heating contractors,trades-service-industry-sitemap.xml,Consultus campaign matrix pattern
https://www.consultusdigital.com/trades-marketing-services/local-seo-for-hydronic-heating-contractors/,/trades-marketing-services/local-seo-for-hydronic-heating-contractors/,Trades,Plumbing and water,Service × Industry Landing Page,Hydronic heating contractors,Local SEO,/trades-industries/hydronic-heating-contractors-marketing-agency/,Index after content threshold,Phase 3,local seo for hydronic heating contractors,trades-service-industry-sitemap.xml,Consultus campaign matrix pattern
https://www.consultusdigital.com/trades-marketing-services/ai-search-for-hydronic-heating-contractors/,/trades-marketing-services/ai-search-for-hydronic-heating-contractors/,Trades,Plumbing and water,Service × Industry Landing Page,Hydronic heating contractors,"AEO, GEO and AI Search",/trades-industries/hydronic-heating-contractors-marketing-agency/,Index after content threshold,Phase 3,"aeo, geo and ai search for hydronic heating contractors",trades-service-industry-sitemap.xml,Consultus campaign matrix pattern
https://www.consultusdigital.com/trades-marketing-services/paid-social-for-hydronic-heating-contractors/,/trades-marketing-services/paid-social-for-hydronic-heating-contractors/,Trades,Plumbing and water,Service × Industry Landing Page,Hydronic heating contractors,Paid Social,/trades-industries/hydronic-heating-contractors-marketing-agency/,Index after content threshold,Phase 3,paid social for hydronic heating contractors,trades-service-industry-sitemap.xml,Consultus campaign matrix pattern
https://www.consultusdigital.com/trades-marketing-services/web-design-for-hydronic-heating-contractors/,/trades-marketing-services/web-design-for-hydronic-heating-contractors/,Trades,Plumbing and water,Service × Industry Landing Page,Hydronic heating contractors,Website Design and CRO,/trades-industries/hydronic-heating-contractors-marketing-agency/,Index after content threshold,Phase 3,website design and cro for hydronic heating contractors,trades-service-industry-sitemap.xml,Consultus campaign matrix pattern
https://www.consultusdigital.com/trades-marketing-services/crm-revops-for-hydronic-heating-contractors/,/trades-marketing-services/crm-revops-for-hydronic-heating-contractors/,Trades,Plumbing and water,Service × Industry Landing Page,Hydronic heating contractors,CRM and Revenue Operations,/trades-industries/hydronic-heating-contractors-marketing-agency/,Index after content threshold,Phase 3,crm and revenue operations for hydronic heating contractors,trades-service-industry-sitemap.xml,Consultus campaign matrix pattern
https://www.consultusdigital.com/trades-marketing-services/content-marketing-for-hydronic-heating-contractors/,/trades-marketing-services/content-marketing-for-hydronic-heating-contractors/,Trades,Plumbing and water,Service × Industry Landing Page,Hydronic heating contractors,Content Marketing,/trades-industries/hydronic-heating-contractors-marketing-agency/,Index after content threshold,Phase 3,content marketing for hydronic heating contractors,trades-service-industry-sitemap.xml,Consultus campaign matrix pattern
https://www.consultusdigital.com/trades-marketing-services/ad-creative-for-hydronic-heating-contractors/,/trades-marketing-services/ad-creative-for-hydronic-heating-contractors/,Trades,Plumbing and water,Service × Industry Landing Page,Hydronic heating contractors,Ad Creative Production,/trades-industries/hydronic-heating-contractors-marketing-agency/,Index after content threshold,Phase 3,ad creative production for hydronic heating contractors,trades-service-industry-sitemap.xml,Consultus campaign matrix pattern
https://www.consultusdigital.com/trades-marketing-services/call-tracking-for-hydronic-heating-contractors/,/trades-marketing-services/call-tracking-for-hydronic-heating-contractors/,Trades,Plumbing and water,Service × Industry Landing Page,Hydronic heating contractors,Call Tracking and Attribution,/trades-industries/hydronic-heating-contractors-marketing-agency/,Index after content threshold,Phase 3,call tracking and attribution for hydronic heating contractors,trades-service-industry-sitemap.xml,Consultus campaign matrix pattern
https://www.consultusdigital.com/trades-industries/irrigation-contractors-marketing-agency/,/trades-industries/irrigation-contractors-marketing-agency/,Trades,Plumbing and water,Industry Marketing Agency Page,Irrigation contractors,,/trades-industries/plumbing-and-water/,Index,Phase 2,irrigation contractors marketing agency,trades-industry-agency-sitemap.xml,https://www.cardinaldigitalmarketing.com/healthcare-specialties/mental-healthcare-providers-agency/
https://www.consultusdigital.com/trades-marketing-services/digital-marketing-for-irrigation-contractors/,/trades-marketing-services/digital-marketing-for-irrigation-contractors/,Trades,Plumbing and water,Service × Industry Landing Page,Irrigation contractors,Digital Marketing Agency,/trades-industries/irrigation-contractors-marketing-agency/,Index after content threshold,Phase 3,digital marketing agency for irrigation contractors,trades-service-industry-sitemap.xml,Consultus campaign matrix pattern
https://www.consultusdigital.com/trades-marketing-services/google-ads-for-irrigation-contractors/,/trades-marketing-services/google-ads-for-irrigation-contractors/,Trades,Plumbing and water,Service × Industry Landing Page,Irrigation contractors,Google Ads and PPC,/trades-industries/irrigation-contractors-marketing-agency/,Index after content threshold,Phase 3,google ads and ppc for irrigation contractors,trades-service-industry-sitemap.xml,Consultus campaign matrix pattern
https://www.consultusdigital.com/trades-marketing-services/local-seo-for-irrigation-contractors/,/trades-marketing-services/local-seo-for-irrigation-contractors/,Trades,Plumbing and water,Service × Industry Landing Page,Irrigation contractors,Local SEO,/trades-industries/irrigation-contractors-marketing-agency/,Index after content threshold,Phase 3,local seo for irrigation contractors,trades-service-industry-sitemap.xml,Consultus campaign matrix pattern
https://www.consultusdigital.com/trades-marketing-services/ai-search-for-irrigation-contractors/,/trades-marketing-services/ai-search-for-irrigation-contractors/,Trades,Plumbing and water,Service × Industry Landing Page,Irrigation contractors,"AEO, GEO and AI Search",/trades-industries/irrigation-contractors-marketing-agency/,Index after content threshold,Phase 3,"aeo, geo and ai search for irrigation contractors",trades-service-industry-sitemap.xml,Consultus campaign matrix pattern
https://www.consultusdigital.com/trades-marketing-services/paid-social-for-irrigation-contractors/,/trades-marketing-services/paid-social-for-irrigation-contractors/,Trades,Plumbing and water,Service × Industry Landing Page,Irrigation contractors,Paid Social,/trades-industries/irrigation-contractors-marketing-agency/,Index after content threshold,Phase 3,paid social for irrigation contractors,trades-service-industry-sitemap.xml,Consultus campaign matrix pattern
https://www.consultusdigital.com/trades-marketing-services/web-design-for-irrigation-contractors/,/trades-marketing-services/web-design-for-irrigation-contractors/,Trades,Plumbing and water,Service × Industry Landing Page,Irrigation contractors,Website Design and CRO,/trades-industries/irrigation-contractors-marketing-agency/,Index after content threshold,Phase 3,website design and cro for irrigation contractors,trades-service-industry-sitemap.xml,Consultus campaign matrix pattern
https://www.consultusdigital.com/trades-marketing-services/crm-revops-for-irrigation-contractors/,/trades-marketing-services/crm-revops-for-irrigation-contractors/,Trades,Plumbing and water,Service × Industry Landing Page,Irrigation contractors,CRM and Revenue Operations,/trades-industries/irrigation-contractors-marketing-agency/,Index after content threshold,Phase 3,crm and revenue operations for irrigation contractors,trades-service-industry-sitemap.xml,Consultus campaign matrix pattern
https://www.consultusdigital.com/trades-marketing-services/content-marketing-for-irrigation-contractors/,/trades-marketing-services/content-marketing-for-irrigation-contractors/,Trades,Plumbing and water,Service × Industry Landing Page,Irrigation contractors,Content Marketing,/trades-industries/irrigation-contractors-marketing-agency/,Index after content threshold,Phase 3,content marketing for irrigation contractors,trades-service-industry-sitemap.xml,Consultus campaign matrix pattern
https://www.consultusdigital.com/trades-marketing-services/ad-creative-for-irrigation-contractors/,/trades-marketing-services/ad-creative-for-irrigation-contractors/,Trades,Plumbing and water,Service × Industry Landing Page,Irrigation contractors,Ad Creative Production,/trades-industries/irrigation-contractors-marketing-agency/,Index after content threshold,Phase 3,ad creative production for irrigation contractors,trades-service-industry-sitemap.xml,Consultus campaign matrix pattern
https://www.consultusdigital.com/trades-marketing-services/call-tracking-for-irrigation-contractors/,/trades-marketing-services/call-tracking-for-irrigation-contractors/,Trades,Plumbing and water,Service × Industry Landing Page,Irrigation contractors,Call Tracking and Attribution,/trades-industries/irrigation-contractors-marketing-agency/,Index after content threshold,Phase 3,call tracking and attribution for irrigation contractors,trades-service-industry-sitemap.xml,Consultus campaign matrix pattern
https://www.consultusdigital.com/trades-industries/pool-and-spa-contractors-marketing-agency/,/trades-industries/pool-and-spa-contractors-marketing-agency/,Trades,Plumbing and water,Industry Marketing Agency Page,Pool and spa contractors,,/trades-industries/plumbing-and-water/,Index,Phase 2,pool and spa contractors marketing agency,trades-industry-agency-sitemap.xml,https://www.cardinaldigitalmarketing.com/healthcare-specialties/mental-healthcare-providers-agency/
https://www.consultusdigital.com/trades-marketing-services/digital-marketing-for-pool-and-spa-contractors/,/trades-marketing-services/digital-marketing-for-pool-and-spa-contractors/,Trades,Plumbing and water,Service × Industry Landing Page,Pool and spa contractors,Digital Marketing Agency,/trades-industries/pool-and-spa-contractors-marketing-agency/,Index after content threshold,Phase 3,digital marketing agency for pool and spa contractors,trades-service-industry-sitemap.xml,Consultus campaign matrix pattern
https://www.consultusdigital.com/trades-marketing-services/google-ads-for-pool-and-spa-contractors/,/trades-marketing-services/google-ads-for-pool-and-spa-contractors/,Trades,Plumbing and water,Service × Industry Landing Page,Pool and spa contractors,Google Ads and PPC,/trades-industries/pool-and-spa-contractors-marketing-agency/,Index after content threshold,Phase 3,google ads and ppc for pool and spa contractors,trades-service-industry-sitemap.xml,Consultus campaign matrix pattern
https://www.consultusdigital.com/trades-marketing-services/local-seo-for-pool-and-spa-contractors/,/trades-marketing-services/local-seo-for-pool-and-spa-contractors/,Trades,Plumbing and water,Service × Industry Landing Page,Pool and spa contractors,Local SEO,/trades-industries/pool-and-spa-contractors-marketing-agency/,Index after content threshold,Phase 3,local seo for pool and spa contractors,trades-service-industry-sitemap.xml,Consultus campaign matrix pattern
https://www.consultusdigital.com/trades-marketing-services/ai-search-for-pool-and-spa-contractors/,/trades-marketing-services/ai-search-for-pool-and-spa-contractors/,Trades,Plumbing and water,Service × Industry Landing Page,Pool and spa contractors,"AEO, GEO and AI Search",/trades-industries/pool-and-spa-contractors-marketing-agency/,Index after content threshold,Phase 3,"aeo, geo and ai search for pool and spa contractors",trades-service-industry-sitemap.xml,Consultus campaign matrix pattern
https://www.consultusdigital.com/trades-marketing-services/paid-social-for-pool-and-spa-contractors/,/trades-marketing-services/paid-social-for-pool-and-spa-contractors/,Trades,Plumbing and water,Service × Industry Landing Page,Pool and spa contractors,Paid Social,/trades-industries/pool-and-spa-contractors-marketing-agency/,Index after content threshold,Phase 3,paid social for pool and spa contractors,trades-service-industry-sitemap.xml,Consultus campaign matrix pattern
https://www.consultusdigital.com/trades-marketing-services/web-design-for-pool-and-spa-contractors/,/trades-marketing-services/web-design-for-pool-and-spa-contractors/,Trades,Plumbing and water,Service × Industry Landing Page,Pool and spa contractors,Website Design and CRO,/trades-industries/pool-and-spa-contractors-marketing-agency/,Index after content threshold,Phase 3,website design and cro for pool and spa contractors,trades-service-industry-sitemap.xml,Consultus campaign matrix pattern
https://www.consultusdigital.com/trades-marketing-services/crm-revops-for-pool-and-spa-contractors/,/trades-marketing-services/crm-revops-for-pool-and-spa-contractors/,Trades,Plumbing and water,Service × Industry Landing Page,Pool and spa contractors,CRM and Revenue Operations,/trades-industries/pool-and-spa-contractors-marketing-agency/,Index after content threshold,Phase 3,crm and revenue operations for pool and spa contractors,trades-service-industry-sitemap.xml,Consultus campaign matrix pattern
https://www.consultusdigital.com/trades-marketing-services/content-marketing-for-pool-and-spa-contractors/,/trades-marketing-services/content-marketing-for-pool-and-spa-contractors/,Trades,Plumbing and water,Service × Industry Landing Page,Pool and spa contractors,Content Marketing,/trades-industries/pool-and-spa-contractors-marketing-agency/,Index after content threshold,Phase 3,content marketing for pool and spa contractors,trades-service-industry-sitemap.xml,Consultus campaign matrix pattern
https://www.consultusdigital.com/trades-marketing-services/ad-creative-for-pool-and-spa-contractors/,/trades-marketing-services/ad-creative-for-pool-and-spa-contractors/,Trades,Plumbing and water,Service × Industry Landing Page,Pool and spa contractors,Ad Creative Production,/trades-industries/pool-and-spa-contractors-marketing-agency/,Index after content threshold,Phase 3,ad creative production for pool and spa contractors,trades-service-industry-sitemap.xml,Consultus campaign matrix pattern
https://www.consultusdigital.com/trades-marketing-services/call-tracking-for-pool-and-spa-contractors/,/trades-marketing-services/call-tracking-for-pool-and-spa-contractors/,Trades,Plumbing and water,Service × Industry Landing Page,Pool and spa contractors,Call Tracking and Attribution,/trades-industries/pool-and-spa-contractors-marketing-agency/,Index after content threshold,Phase 3,call tracking and attribution for pool and spa contractors,trades-service-industry-sitemap.xml,Consultus campaign matrix pattern
https://www.consultusdigital.com/trades-industries/electrical-and-energy/,/trades-industries/electrical-and-energy/,Trades,Electrical and energy,Sector Hub,Electrical and energy,,/trades-industries/,Index,Phase 1,electrical and energy marketing agency,trades-industry-agency-sitemap.xml,https://www.cardinaldigitalmarketing.com/healthcare-specialties/mental-healthcare-providers-agency/
https://www.consultusdigital.com/trades-industries/electrical-contractors-marketing-agency/,/trades-industries/electrical-contractors-marketing-agency/,Trades,Electrical and energy,Industry Marketing Agency Page,Electrical contractors,,/trades-industries/electrical-and-energy/,Index,Phase 2,electrical contractors marketing agency,trades-industry-agency-sitemap.xml,https://www.cardinaldigitalmarketing.com/healthcare-specialties/mental-healthcare-providers-agency/
https://www.consultusdigital.com/trades-marketing-services/digital-marketing-for-electrical-contractors/,/trades-marketing-services/digital-marketing-for-electrical-contractors/,Trades,Electrical and energy,Service × Industry Landing Page,Electrical contractors,Digital Marketing Agency,/trades-industries/electrical-contractors-marketing-agency/,Index after content threshold,Phase 3,digital marketing agency for electrical contractors,trades-service-industry-sitemap.xml,Consultus campaign matrix pattern
https://www.consultusdigital.com/trades-marketing-services/google-ads-for-electrical-contractors/,/trades-marketing-services/google-ads-for-electrical-contractors/,Trades,Electrical and energy,Service × Industry Landing Page,Electrical contractors,Google Ads and PPC,/trades-industries/electrical-contractors-marketing-agency/,Index after content threshold,Phase 3,google ads and ppc for electrical contractors,trades-service-industry-sitemap.xml,Consultus campaign matrix pattern
https://www.consultusdigital.com/trades-marketing-services/local-seo-for-electrical-contractors/,/trades-marketing-services/local-seo-for-electrical-contractors/,Trades,Electrical and energy,Service × Industry Landing Page,Electrical contractors,Local SEO,/trades-industries/electrical-contractors-marketing-agency/,Index after content threshold,Phase 3,local seo for electrical contractors,trades-service-industry-sitemap.xml,Consultus campaign matrix pattern
https://www.consultusdigital.com/trades-marketing-services/ai-search-for-electrical-contractors/,/trades-marketing-services/ai-search-for-electrical-contractors/,Trades,Electrical and energy,Service × Industry Landing Page,Electrical contractors,"AEO, GEO and AI Search",/trades-industries/electrical-contractors-marketing-agency/,Index after content threshold,Phase 3,"aeo, geo and ai search for electrical contractors",trades-service-industry-sitemap.xml,Consultus campaign matrix pattern
https://www.consultusdigital.com/trades-marketing-services/paid-social-for-electrical-contractors/,/trades-marketing-services/paid-social-for-electrical-contractors/,Trades,Electrical and energy,Service × Industry Landing Page,Electrical contractors,Paid Social,/trades-industries/electrical-contractors-marketing-agency/,Index after content threshold,Phase 3,paid social for electrical contractors,trades-service-industry-sitemap.xml,Consultus campaign matrix pattern
https://www.consultusdigital.com/trades-marketing-services/web-design-for-electrical-contractors/,/trades-marketing-services/web-design-for-electrical-contractors/,Trades,Electrical and energy,Service × Industry Landing Page,Electrical contractors,Website Design and CRO,/trades-industries/electrical-contractors-marketing-agency/,Index after content threshold,Phase 3,website design and cro for electrical contractors,trades-service-industry-sitemap.xml,Consultus campaign matrix pattern
https://www.consultusdigital.com/trades-marketing-services/crm-revops-for-electrical-contractors/,/trades-marketing-services/crm-revops-for-electrical-contractors/,Trades,Electrical and energy,Service × Industry Landing Page,Electrical contractors,CRM and Revenue Operations,/trades-industries/electrical-contractors-marketing-agency/,Index after content threshold,Phase 3,crm and revenue operations for electrical contractors,trades-service-industry-sitemap.xml,Consultus campaign matrix pattern
https://www.consultusdigital.com/trades-marketing-services/content-marketing-for-electrical-contractors/,/trades-marketing-services/content-marketing-for-electrical-contractors/,Trades,Electrical and energy,Service × Industry Landing Page,Electrical contractors,Content Marketing,/trades-industries/electrical-contractors-marketing-agency/,Index after content threshold,Phase 3,content marketing for electrical contractors,trades-service-industry-sitemap.xml,Consultus campaign matrix pattern
https://www.consultusdigital.com/trades-marketing-services/ad-creative-for-electrical-contractors/,/trades-marketing-services/ad-creative-for-electrical-contractors/,Trades,Electrical and energy,Service × Industry Landing Page,Electrical contractors,Ad Creative Production,/trades-industries/electrical-contractors-marketing-agency/,Index after content threshold,Phase 3,ad creative production for electrical contractors,trades-service-industry-sitemap.xml,Consultus campaign matrix pattern
https://www.consultusdigital.com/trades-marketing-services/call-tracking-for-electrical-contractors/,/trades-marketing-services/call-tracking-for-electrical-contractors/,Trades,Electrical and energy,Service × Industry Landing Page,Electrical contractors,Call Tracking and Attribution,/trades-industries/electrical-contractors-marketing-agency/,Index after content threshold,Phase 3,call tracking and attribution for electrical contractors,trades-service-industry-sitemap.xml,Consultus campaign matrix pattern
https://www.consultusdigital.com/trades-industries/commercial-electricians-marketing-agency/,/trades-industries/commercial-electricians-marketing-agency/,Trades,Electrical and energy,Industry Marketing Agency Page,Commercial electricians,,/trades-industries/electrical-and-energy/,Index,Phase 2,commercial electricians marketing agency,trades-industry-agency-sitemap.xml,https://www.cardinaldigitalmarketing.com/healthcare-specialties/mental-healthcare-providers-agency/
https://www.consultusdigital.com/trades-marketing-services/digital-marketing-for-commercial-electricians/,/trades-marketing-services/digital-marketing-for-commercial-electricians/,Trades,Electrical and energy,Service × Industry Landing Page,Commercial electricians,Digital Marketing Agency,/trades-industries/commercial-electricians-marketing-agency/,Index after content threshold,Phase 3,digital marketing agency for commercial electricians,trades-service-industry-sitemap.xml,Consultus campaign matrix pattern
https://www.consultusdigital.com/trades-marketing-services/google-ads-for-commercial-electricians/,/trades-marketing-services/google-ads-for-commercial-electricians/,Trades,Electrical and energy,Service × Industry Landing Page,Commercial electricians,Google Ads and PPC,/trades-industries/commercial-electricians-marketing-agency/,Index after content threshold,Phase 3,google ads and ppc for commercial electricians,trades-service-industry-sitemap.xml,Consultus campaign matrix pattern
https://www.consultusdigital.com/trades-marketing-services/local-seo-for-commercial-electricians/,/trades-marketing-services/local-seo-for-commercial-electricians/,Trades,Electrical and energy,Service × Industry Landing Page,Commercial electricians,Local SEO,/trades-industries/commercial-electricians-marketing-agency/,Index after content threshold,Phase 3,local seo for commercial electricians,trades-service-industry-sitemap.xml,Consultus campaign matrix pattern
https://www.consultusdigital.com/trades-marketing-services/ai-search-for-commercial-electricians/,/trades-marketing-services/ai-search-for-commercial-electricians/,Trades,Electrical and energy,Service × Industry Landing Page,Commercial electricians,"AEO, GEO and AI Search",/trades-industries/commercial-electricians-marketing-agency/,Index after content threshold,Phase 3,"aeo, geo and ai search for commercial electricians",trades-service-industry-sitemap.xml,Consultus campaign matrix pattern
https://www.consultusdigital.com/trades-marketing-services/paid-social-for-commercial-electricians/,/trades-marketing-services/paid-social-for-commercial-electricians/,Trades,Electrical and energy,Service × Industry Landing Page,Commercial electricians,Paid Social,/trades-industries/commercial-electricians-marketing-agency/,Index after content threshold,Phase 3,paid social for commercial electricians,trades-service-industry-sitemap.xml,Consultus campaign matrix pattern
https://www.consultusdigital.com/trades-marketing-services/web-design-for-commercial-electricians/,/trades-marketing-services/web-design-for-commercial-electricians/,Trades,Electrical and energy,Service × Industry Landing Page,Commercial electricians,Website Design and CRO,/trades-industries/commercial-electricians-marketing-agency/,Index after content threshold,Phase 3,website design and cro for commercial electricians,trades-service-industry-sitemap.xml,Consultus campaign matrix pattern
https://www.consultusdigital.com/trades-marketing-services/crm-revops-for-commercial-electricians/,/trades-marketing-services/crm-revops-for-commercial-electricians/,Trades,Electrical and energy,Service × Industry Landing Page,Commercial electricians,CRM and Revenue Operations,/trades-industries/commercial-electricians-marketing-agency/,Index after content threshold,Phase 3,crm and revenue operations for commercial electricians,trades-service-industry-sitemap.xml,Consultus campaign matrix pattern
https://www.consultusdigital.com/trades-marketing-services/content-marketing-for-commercial-electricians/,/trades-marketing-services/content-marketing-for-commercial-electricians/,Trades,Electrical and energy,Service × Industry Landing Page,Commercial electricians,Content Marketing,/trades-industries/commercial-electricians-marketing-agency/,Index after content threshold,Phase 3,content marketing for commercial electricians,trades-service-industry-sitemap.xml,Consultus campaign matrix pattern
https://www.consultusdigital.com/trades-marketing-services/ad-creative-for-commercial-electricians/,/trades-marketing-services/ad-creative-for-commercial-electricians/,Trades,Electrical and energy,Service × Industry Landing Page,Commercial electricians,Ad Creative Production,/trades-industries/commercial-electricians-marketing-agency/,Index after content threshold,Phase 3,ad creative production for commercial electricians,trades-service-industry-sitemap.xml,Consultus campaign matrix pattern
https://www.consultusdigital.com/trades-marketing-services/call-tracking-for-commercial-electricians/,/trades-marketing-services/call-tracking-for-commercial-electricians/,Trades,Electrical and energy,Service × Industry Landing Page,Commercial electricians,Call Tracking and Attribution,/trades-industries/commercial-electricians-marketing-agency/,Index after content threshold,Phase 3,call tracking and attribution for commercial electricians,trades-service-industry-sitemap.xml,Consultus campaign matrix pattern
https://www.consultusdigital.com/trades-industries/residential-electricians-marketing-agency/,/trades-industries/residential-electricians-marketing-agency/,Trades,Electrical and energy,Industry Marketing Agency Page,Residential electricians,,/trades-industries/electrical-and-energy/,Index,Phase 2,residential electricians marketing agency,trades-industry-agency-sitemap.xml,https://www.cardinaldigitalmarketing.com/healthcare-specialties/mental-healthcare-providers-agency/
https://www.consultusdigital.com/trades-marketing-services/digital-marketing-for-residential-electricians/,/trades-marketing-services/digital-marketing-for-residential-electricians/,Trades,Electrical and energy,Service × Industry Landing Page,Residential electricians,Digital Marketing Agency,/trades-industries/residential-electricians-marketing-agency/,Index after content threshold,Phase 3,digital marketing agency for residential electricians,trades-service-industry-sitemap.xml,Consultus campaign matrix pattern
https://www.consultusdigital.com/trades-marketing-services/google-ads-for-residential-electricians/,/trades-marketing-services/google-ads-for-residential-electricians/,Trades,Electrical and energy,Service × Industry Landing Page,Residential electricians,Google Ads and PPC,/trades-industries/residential-electricians-marketing-agency/,Index after content threshold,Phase 3,google ads and ppc for residential electricians,trades-service-industry-sitemap.xml,Consultus campaign matrix pattern
https://www.consultusdigital.com/trades-marketing-services/local-seo-for-residential-electricians/,/trades-marketing-services/local-seo-for-residential-electricians/,Trades,Electrical and energy,Service × Industry Landing Page,Residential electricians,Local SEO,/trades-industries/residential-electricians-marketing-agency/,Index after content threshold,Phase 3,local seo for residential electricians,trades-service-industry-sitemap.xml,Consultus campaign matrix pattern
https://www.consultusdigital.com/trades-marketing-services/ai-search-for-residential-electricians/,/trades-marketing-services/ai-search-for-residential-electricians/,Trades,Electrical and energy,Service × Industry Landing Page,Residential electricians,"AEO, GEO and AI Search",/trades-industries/residential-electricians-marketing-agency/,Index after content threshold,Phase 3,"aeo, geo and ai search for residential electricians",trades-service-industry-sitemap.xml,Consultus campaign matrix pattern
https://www.consultusdigital.com/trades-marketing-services/paid-social-for-residential-electricians/,/trades-marketing-services/paid-social-for-residential-electricians/,Trades,Electrical and energy,Service × Industry Landing Page,Residential electricians,Paid Social,/trades-industries/residential-electricians-marketing-agency/,Index after content threshold,Phase 3,paid social for residential electricians,trades-service-industry-sitemap.xml,Consultus campaign matrix pattern
https://www.consultusdigital.com/trades-marketing-services/web-design-for-residential-electricians/,/trades-marketing-services/web-design-for-residential-electricians/,Trades,Electrical and energy,Service × Industry Landing Page,Residential electricians,Website Design and CRO,/trades-industries/residential-electricians-marketing-agency/,Index after content threshold,Phase 3,website design and cro for residential electricians,trades-service-industry-sitemap.xml,Consultus campaign matrix pattern
https://www.consultusdigital.com/trades-marketing-services/crm-revops-for-residential-electricians/,/trades-marketing-services/crm-revops-for-residential-electricians/,Trades,Electrical and energy,Service × Industry Landing Page,Residential electricians,CRM and Revenue Operations,/trades-industries/residential-electricians-marketing-agency/,Index after content threshold,Phase 3,crm and revenue operations for residential electricians,trades-service-industry-sitemap.xml,Consultus campaign matrix pattern
https://www.consultusdigital.com/trades-marketing-services/content-marketing-for-residential-electricians/,/trades-marketing-services/content-marketing-for-residential-electricians/,Trades,Electrical and energy,Service × Industry Landing Page,Residential electricians,Content Marketing,/trades-industries/residential-electricians-marketing-agency/,Index after content threshold,Phase 3,content marketing for residential electricians,trades-service-industry-sitemap.xml,Consultus campaign matrix pattern
https://www.consultusdigital.com/trades-marketing-services/ad-creative-for-residential-electricians/,/trades-marketing-services/ad-creative-for-residential-electricians/,Trades,Electrical and energy,Service × Industry Landing Page,Residential electricians,Ad Creative Production,/trades-industries/residential-electricians-marketing-agency/,Index after content threshold,Phase 3,ad creative production for residential electricians,trades-service-industry-sitemap.xml,Consultus campaign matrix pattern
https://www.consultusdigital.com/trades-marketing-services/call-tracking-for-residential-electricians/,/trades-marketing-services/call-tracking-for-residential-electricians/,Trades,Electrical and energy,Service × Industry Landing Page,Residential electricians,Call Tracking and Attribution,/trades-industries/residential-electricians-marketing-agency/,Index after content threshold,Phase 3,call tracking and attribution for residential electricians,trades-service-industry-sitemap.xml,Consultus campaign matrix pattern
https://www.consultusdigital.com/trades-industries/industrial-electricians-marketing-agency/,/trades-industries/industrial-electricians-marketing-agency/,Trades,Electrical and energy,Industry Marketing Agency Page,Industrial electricians,,/trades-industries/electrical-and-energy/,Index,Phase 2,industrial electricians marketing agency,trades-industry-agency-sitemap.xml,https://www.cardinaldigitalmarketing.com/healthcare-specialties/mental-healthcare-providers-agency/
https://www.consultusdigital.com/trades-marketing-services/digital-marketing-for-industrial-electricians/,/trades-marketing-services/digital-marketing-for-industrial-electricians/,Trades,Electrical and energy,Service × Industry Landing Page,Industrial electricians,Digital Marketing Agency,/trades-industries/industrial-electricians-marketing-agency/,Index after content threshold,Phase 3,digital marketing agency for industrial electricians,trades-service-industry-sitemap.xml,Consultus campaign matrix pattern
https://www.consultusdigital.com/trades-marketing-services/google-ads-for-industrial-electricians/,/trades-marketing-services/google-ads-for-industrial-electricians/,Trades,Electrical and energy,Service × Industry Landing Page,Industrial electricians,Google Ads and PPC,/trades-industries/industrial-electricians-marketing-agency/,Index after content threshold,Phase 3,google ads and ppc for industrial electricians,trades-service-industry-sitemap.xml,Consultus campaign matrix pattern
https://www.consultusdigital.com/trades-marketing-services/local-seo-for-industrial-electricians/,/trades-marketing-services/local-seo-for-industrial-electricians/,Trades,Electrical and energy,Service × Industry Landing Page,Industrial electricians,Local SEO,/trades-industries/industrial-electricians-marketing-agency/,Index after content threshold,Phase 3,local seo for industrial electricians,trades-service-industry-sitemap.xml,Consultus campaign matrix pattern
https://www.consultusdigital.com/trades-marketing-services/ai-search-for-industrial-electricians/,/trades-marketing-services/ai-search-for-industrial-electricians/,Trades,Electrical and energy,Service × Industry Landing Page,Industrial electricians,"AEO, GEO and AI Search",/trades-industries/industrial-electricians-marketing-agency/,Index after content threshold,Phase 3,"aeo, geo and ai search for industrial electricians",trades-service-industry-sitemap.xml,Consultus campaign matrix pattern
https://www.consultusdigital.com/trades-marketing-services/paid-social-for-industrial-electricians/,/trades-marketing-services/paid-social-for-industrial-electricians/,Trades,Electrical and energy,Service × Industry Landing Page,Industrial electricians,Paid Social,/trades-industries/industrial-electricians-marketing-agency/,Index after content threshold,Phase 3,paid social for industrial electricians,trades-service-industry-sitemap.xml,Consultus campaign matrix pattern
https://www.consultusdigital.com/trades-marketing-services/web-design-for-industrial-electricians/,/trades-marketing-services/web-design-for-industrial-electricians/,Trades,Electrical and energy,Service × Industry Landing Page,Industrial electricians,Website Design and CRO,/trades-industries/industrial-electricians-marketing-agency/,Index after content threshold,Phase 3,website design and cro for industrial electricians,trades-service-industry-sitemap.xml,Consultus campaign matrix pattern
https://www.consultusdigital.com/trades-marketing-services/crm-revops-for-industrial-electricians/,/trades-marketing-services/crm-revops-for-industrial-electricians/,Trades,Electrical and energy,Service × Industry Landing Page,Industrial electricians,CRM and Revenue Operations,/trades-industries/industrial-electricians-marketing-agency/,Index after content threshold,Phase 3,crm and revenue operations for industrial electricians,trades-service-industry-sitemap.xml,Consultus campaign matrix pattern
https://www.consultusdigital.com/trades-marketing-services/content-marketing-for-industrial-electricians/,/trades-marketing-services/content-marketing-for-industrial-electricians/,Trades,Electrical and energy,Service × Industry Landing Page,Industrial electricians,Content Marketing,/trades-industries/industrial-electricians-marketing-agency/,Index after content threshold,Phase 3,content marketing for industrial electricians,trades-service-industry-sitemap.xml,Consultus campaign matrix pattern
https://www.consultusdigital.com/trades-marketing-services/ad-creative-for-industrial-electricians/,/trades-marketing-services/ad-creative-for-industrial-electricians/,Trades,Electrical and energy,Service × Industry Landing Page,Industrial electricians,Ad Creative Production,/trades-industries/industrial-electricians-marketing-agency/,Index after content threshold,Phase 3,ad creative production for industrial electricians,trades-service-industry-sitemap.xml,Consultus campaign matrix pattern
https://www.consultusdigital.com/trades-marketing-services/call-tracking-for-industrial-electricians/,/trades-marketing-services/call-tracking-for-industrial-electricians/,Trades,Electrical and energy,Service × Industry Landing Page,Industrial electricians,Call Tracking and Attribution,/trades-industries/industrial-electricians-marketing-agency/,Index after content threshold,Phase 3,call tracking and attribution for industrial electricians,trades-service-industry-sitemap.xml,Consultus campaign matrix pattern
https://www.consultusdigital.com/trades-industries/solar-installers-marketing-agency/,/trades-industries/solar-installers-marketing-agency/,Trades,Electrical and energy,Industry Marketing Agency Page,Solar installers,,/trades-industries/electrical-and-energy/,Index,Phase 2,solar installers marketing agency,trades-industry-agency-sitemap.xml,https://www.cardinaldigitalmarketing.com/healthcare-specialties/mental-healthcare-providers-agency/
https://www.consultusdigital.com/trades-marketing-services/digital-marketing-for-solar-installers/,/trades-marketing-services/digital-marketing-for-solar-installers/,Trades,Electrical and energy,Service × Industry Landing Page,Solar installers,Digital Marketing Agency,/trades-industries/solar-installers-marketing-agency/,Index after content threshold,Phase 3,digital marketing agency for solar installers,trades-service-industry-sitemap.xml,Consultus campaign matrix pattern
https://www.consultusdigital.com/trades-marketing-services/google-ads-for-solar-installers/,/trades-marketing-services/google-ads-for-solar-installers/,Trades,Electrical and energy,Service × Industry Landing Page,Solar installers,Google Ads and PPC,/trades-industries/solar-installers-marketing-agency/,Index after content threshold,Phase 3,google ads and ppc for solar installers,trades-service-industry-sitemap.xml,Consultus campaign matrix pattern
https://www.consultusdigital.com/trades-marketing-services/local-seo-for-solar-installers/,/trades-marketing-services/local-seo-for-solar-installers/,Trades,Electrical and energy,Service × Industry Landing Page,Solar installers,Local SEO,/trades-industries/solar-installers-marketing-agency/,Index after content threshold,Phase 3,local seo for solar installers,trades-service-industry-sitemap.xml,Consultus campaign matrix pattern
https://www.consultusdigital.com/trades-marketing-services/ai-search-for-solar-installers/,/trades-marketing-services/ai-search-for-solar-installers/,Trades,Electrical and energy,Service × Industry Landing Page,Solar installers,"AEO, GEO and AI Search",/trades-industries/solar-installers-marketing-agency/,Index after content threshold,Phase 3,"aeo, geo and ai search for solar installers",trades-service-industry-sitemap.xml,Consultus campaign matrix pattern
https://www.consultusdigital.com/trades-marketing-services/paid-social-for-solar-installers/,/trades-marketing-services/paid-social-for-solar-installers/,Trades,Electrical and energy,Service × Industry Landing Page,Solar installers,Paid Social,/trades-industries/solar-installers-marketing-agency/,Index after content threshold,Phase 3,paid social for solar installers,trades-service-industry-sitemap.xml,Consultus campaign matrix pattern
https://www.consultusdigital.com/trades-marketing-services/web-design-for-solar-installers/,/trades-marketing-services/web-design-for-solar-installers/,Trades,Electrical and energy,Service × Industry Landing Page,Solar installers,Website Design and CRO,/trades-industries/solar-installers-marketing-agency/,Index after content threshold,Phase 3,website design and cro for solar installers,trades-service-industry-sitemap.xml,Consultus campaign matrix pattern
https://www.consultusdigital.com/trades-marketing-services/crm-revops-for-solar-installers/,/trades-marketing-services/crm-revops-for-solar-installers/,Trades,Electrical and energy,Service × Industry Landing Page,Solar installers,CRM and Revenue Operations,/trades-industries/solar-installers-marketing-agency/,Index after content threshold,Phase 3,crm and revenue operations for solar installers,trades-service-industry-sitemap.xml,Consultus campaign matrix pattern
https://www.consultusdigital.com/trades-marketing-services/content-marketing-for-solar-installers/,/trades-marketing-services/content-marketing-for-solar-installers/,Trades,Electrical and energy,Service × Industry Landing Page,Solar installers,Content Marketing,/trades-industries/solar-installers-marketing-agency/,Index after content threshold,Phase 3,content marketing for solar installers,trades-service-industry-sitemap.xml,Consultus campaign matrix pattern
https://www.consultusdigital.com/trades-marketing-services/ad-creative-for-solar-installers/,/trades-marketing-services/ad-creative-for-solar-installers/,Trades,Electrical and energy,Service × Industry Landing Page,Solar installers,Ad Creative Production,/trades-industries/solar-installers-marketing-agency/,Index after content threshold,Phase 3,ad creative production for solar installers,trades-service-industry-sitemap.xml,Consultus campaign matrix pattern
https://www.consultusdigital.com/trades-marketing-services/call-tracking-for-solar-installers/,/trades-marketing-services/call-tracking-for-solar-installers/,Trades,Electrical and energy,Service × Industry Landing Page,Solar installers,Call Tracking and Attribution,/trades-industries/solar-installers-marketing-agency/,Index after content threshold,Phase 3,call tracking and attribution for solar installers,trades-service-industry-sitemap.xml,Consultus campaign matrix pattern
https://www.consultusdigital.com/trades-industries/ev-charger-installers-marketing-agency/,/trades-industries/ev-charger-installers-marketing-agency/,Trades,Electrical and energy,Industry Marketing Agency Page,EV charger installers,,/trades-industries/electrical-and-energy/,Index,Phase 2,ev charger installers marketing agency,trades-industry-agency-sitemap.xml,https://www.cardinaldigitalmarketing.com/healthcare-specialties/mental-healthcare-providers-agency/
https://www.consultusdigital.com/trades-marketing-services/digital-marketing-for-ev-charger-installers/,/trades-marketing-services/digital-marketing-for-ev-charger-installers/,Trades,Electrical and energy,Service × Industry Landing Page,EV charger installers,Digital Marketing Agency,/trades-industries/ev-charger-installers-marketing-agency/,Index after content threshold,Phase 3,digital marketing agency for ev charger installers,trades-service-industry-sitemap.xml,Consultus campaign matrix pattern
https://www.consultusdigital.com/trades-marketing-services/google-ads-for-ev-charger-installers/,/trades-marketing-services/google-ads-for-ev-charger-installers/,Trades,Electrical and energy,Service × Industry Landing Page,EV charger installers,Google Ads and PPC,/trades-industries/ev-charger-installers-marketing-agency/,Index after content threshold,Phase 3,google ads and ppc for ev charger installers,trades-service-industry-sitemap.xml,Consultus campaign matrix pattern
https://www.consultusdigital.com/trades-marketing-services/local-seo-for-ev-charger-installers/,/trades-marketing-services/local-seo-for-ev-charger-installers/,Trades,Electrical and energy,Service × Industry Landing Page,EV charger installers,Local SEO,/trades-industries/ev-charger-installers-marketing-agency/,Index after content threshold,Phase 3,local seo for ev charger installers,trades-service-industry-sitemap.xml,Consultus campaign matrix pattern
https://www.consultusdigital.com/trades-marketing-services/ai-search-for-ev-charger-installers/,/trades-marketing-services/ai-search-for-ev-charger-installers/,Trades,Electrical and energy,Service × Industry Landing Page,EV charger installers,"AEO, GEO and AI Search",/trades-industries/ev-charger-installers-marketing-agency/,Index after content threshold,Phase 3,"aeo, geo and ai search for ev charger installers",trades-service-industry-sitemap.xml,Consultus campaign matrix pattern
https://www.consultusdigital.com/trades-marketing-services/paid-social-for-ev-charger-installers/,/trades-marketing-services/paid-social-for-ev-charger-installers/,Trades,Electrical and energy,Service × Industry Landing Page,EV charger installers,Paid Social,/trades-industries/ev-charger-installers-marketing-agency/,Index after content threshold,Phase 3,paid social for ev charger installers,trades-service-industry-sitemap.xml,Consultus campaign matrix pattern
https://www.consultusdigital.com/trades-marketing-services/web-design-for-ev-charger-installers/,/trades-marketing-services/web-design-for-ev-charger-installers/,Trades,Electrical and energy,Service × Industry Landing Page,EV charger installers,Website Design and CRO,/trades-industries/ev-charger-installers-marketing-agency/,Index after content threshold,Phase 3,website design and cro for ev charger installers,trades-service-industry-sitemap.xml,Consultus campaign matrix pattern
https://www.consultusdigital.com/trades-marketing-services/crm-revops-for-ev-charger-installers/,/trades-marketing-services/crm-revops-for-ev-charger-installers/,Trades,Electrical and energy,Service × Industry Landing Page,EV charger installers,CRM and Revenue Operations,/trades-industries/ev-charger-installers-marketing-agency/,Index after content threshold,Phase 3,crm and revenue operations for ev charger installers,trades-service-industry-sitemap.xml,Consultus campaign matrix pattern
https://www.consultusdigital.com/trades-marketing-services/content-marketing-for-ev-charger-installers/,/trades-marketing-services/content-marketing-for-ev-charger-installers/,Trades,Electrical and energy,Service × Industry Landing Page,EV charger installers,Content Marketing,/trades-industries/ev-charger-installers-marketing-agency/,Index after content threshold,Phase 3,content marketing for ev charger installers,trades-service-industry-sitemap.xml,Consultus campaign matrix pattern
https://www.consultusdigital.com/trades-marketing-services/ad-creative-for-ev-charger-installers/,/trades-marketing-services/ad-creative-for-ev-charger-installers/,Trades,Electrical and energy,Service × Industry Landing Page,EV charger installers,Ad Creative Production,/trades-industries/ev-charger-installers-marketing-agency/,Index after content threshold,Phase 3,ad creative production for ev charger installers,trades-service-industry-sitemap.xml,Consultus campaign matrix pattern
https://www.consultusdigital.com/trades-marketing-services/call-tracking-for-ev-charger-installers/,/trades-marketing-services/call-tracking-for-ev-charger-installers/,Trades,Electrical and energy,Service × Industry Landing Page,EV charger installers,Call Tracking and Attribution,/trades-industries/ev-charger-installers-marketing-agency/,Index after content threshold,Phase 3,call tracking and attribution for ev charger installers,trades-service-industry-sitemap.xml,Consultus campaign matrix pattern
https://www.consultusdigital.com/trades-industries/energy-efficiency-contractors-marketing-agency/,/trades-industries/energy-efficiency-contractors-marketing-agency/,Trades,Electrical and energy,Industry Marketing Agency Page,Energy efficiency contractors,,/trades-industries/electrical-and-energy/,Index,Phase 2,energy efficiency contractors marketing agency,trades-industry-agency-sitemap.xml,https://www.cardinaldigitalmarketing.com/healthcare-specialties/mental-healthcare-providers-agency/
https://www.consultusdigital.com/trades-marketing-services/digital-marketing-for-energy-efficiency-contractors/,/trades-marketing-services/digital-marketing-for-energy-efficiency-contractors/,Trades,Electrical and energy,Service × Industry Landing Page,Energy efficiency contractors,Digital Marketing Agency,/trades-industries/energy-efficiency-contractors-marketing-agency/,Index after content threshold,Phase 3,digital marketing agency for energy efficiency contractors,trades-service-industry-sitemap.xml,Consultus campaign matrix pattern
https://www.consultusdigital.com/trades-marketing-services/google-ads-for-energy-efficiency-contractors/,/trades-marketing-services/google-ads-for-energy-efficiency-contractors/,Trades,Electrical and energy,Service × Industry Landing Page,Energy efficiency contractors,Google Ads and PPC,/trades-industries/energy-efficiency-contractors-marketing-agency/,Index after content threshold,Phase 3,google ads and ppc for energy efficiency contractors,trades-service-industry-sitemap.xml,Consultus campaign matrix pattern
https://www.consultusdigital.com/trades-marketing-services/local-seo-for-energy-efficiency-contractors/,/trades-marketing-services/local-seo-for-energy-efficiency-contractors/,Trades,Electrical and energy,Service × Industry Landing Page,Energy efficiency contractors,Local SEO,/trades-industries/energy-efficiency-contractors-marketing-agency/,Index after content threshold,Phase 3,local seo for energy efficiency contractors,trades-service-industry-sitemap.xml,Consultus campaign matrix pattern
https://www.consultusdigital.com/trades-marketing-services/ai-search-for-energy-efficiency-contractors/,/trades-marketing-services/ai-search-for-energy-efficiency-contractors/,Trades,Electrical and energy,Service × Industry Landing Page,Energy efficiency contractors,"AEO, GEO and AI Search",/trades-industries/energy-efficiency-contractors-marketing-agency/,Index after content threshold,Phase 3,"aeo, geo and ai search for energy efficiency contractors",trades-service-industry-sitemap.xml,Consultus campaign matrix pattern
https://www.consultusdigital.com/trades-marketing-services/paid-social-for-energy-efficiency-contractors/,/trades-marketing-services/paid-social-for-energy-efficiency-contractors/,Trades,Electrical and energy,Service × Industry Landing Page,Energy efficiency contractors,Paid Social,/trades-industries/energy-efficiency-contractors-marketing-agency/,Index after content threshold,Phase 3,paid social for energy efficiency contractors,trades-service-industry-sitemap.xml,Consultus campaign matrix pattern
https://www.consultusdigital.com/trades-marketing-services/web-design-for-energy-efficiency-contractors/,/trades-marketing-services/web-design-for-energy-efficiency-contractors/,Trades,Electrical and energy,Service × Industry Landing Page,Energy efficiency contractors,Website Design and CRO,/trades-industries/energy-efficiency-contractors-marketing-agency/,Index after content threshold,Phase 3,website design and cro for energy efficiency contractors,trades-service-industry-sitemap.xml,Consultus campaign matrix pattern
https://www.consultusdigital.com/trades-marketing-services/crm-revops-for-energy-efficiency-contractors/,/trades-marketing-services/crm-revops-for-energy-efficiency-contractors/,Trades,Electrical and energy,Service × Industry Landing Page,Energy efficiency contractors,CRM and Revenue Operations,/trades-industries/energy-efficiency-contractors-marketing-agency/,Index after content threshold,Phase 3,crm and revenue operations for energy efficiency contractors,trades-service-industry-sitemap.xml,Consultus campaign matrix pattern
https://www.consultusdigital.com/trades-marketing-services/content-marketing-for-energy-efficiency-contractors/,/trades-marketing-services/content-marketing-for-energy-efficiency-contractors/,Trades,Electrical and energy,Service × Industry Landing Page,Energy efficiency contractors,Content Marketing,/trades-industries/energy-efficiency-contractors-marketing-agency/,Index after content threshold,Phase 3,content marketing for energy efficiency contractors,trades-service-industry-sitemap.xml,Consultus campaign matrix pattern
https://www.consultusdigital.com/trades-marketing-services/ad-creative-for-energy-efficiency-contractors/,/trades-marketing-services/ad-creative-for-energy-efficiency-contractors/,Trades,Electrical and energy,Service × Industry Landing Page,Energy efficiency contractors,Ad Creative Production,/trades-industries/energy-efficiency-contractors-marketing-agency/,Index after content threshold,Phase 3,ad creative production for energy efficiency contractors,trades-service-industry-sitemap.xml,Consultus campaign matrix pattern
https://www.consultusdigital.com/trades-marketing-services/call-tracking-for-energy-efficiency-contractors/,/trades-marketing-services/call-tracking-for-energy-efficiency-contractors/,Trades,Electrical and energy,Service × Industry Landing Page,Energy efficiency contractors,Call Tracking and Attribution,/trades-industries/energy-efficiency-contractors-marketing-agency/,Index after content threshold,Phase 3,call tracking and attribution for energy efficiency contractors,trades-service-industry-sitemap.xml,Consultus campaign matrix pattern
https://www.consultusdigital.com/trades-industries/lighting-contractors-marketing-agency/,/trades-industries/lighting-contractors-marketing-agency/,Trades,Electrical and energy,Industry Marketing Agency Page,Lighting contractors,,/trades-industries/electrical-and-energy/,Index,Phase 2,lighting contractors marketing agency,trades-industry-agency-sitemap.xml,https://www.cardinaldigitalmarketing.com/healthcare-specialties/mental-healthcare-providers-agency/
https://www.consultusdigital.com/trades-marketing-services/digital-marketing-for-lighting-contractors/,/trades-marketing-services/digital-marketing-for-lighting-contractors/,Trades,Electrical and energy,Service × Industry Landing Page,Lighting contractors,Digital Marketing Agency,/trades-industries/lighting-contractors-marketing-agency/,Index after content threshold,Phase 3,digital marketing agency for lighting contractors,trades-service-industry-sitemap.xml,Consultus campaign matrix pattern
https://www.consultusdigital.com/trades-marketing-services/google-ads-for-lighting-contractors/,/trades-marketing-services/google-ads-for-lighting-contractors/,Trades,Electrical and energy,Service × Industry Landing Page,Lighting contractors,Google Ads and PPC,/trades-industries/lighting-contractors-marketing-agency/,Index after content threshold,Phase 3,google ads and ppc for lighting contractors,trades-service-industry-sitemap.xml,Consultus campaign matrix pattern
https://www.consultusdigital.com/trades-marketing-services/local-seo-for-lighting-contractors/,/trades-marketing-services/local-seo-for-lighting-contractors/,Trades,Electrical and energy,Service × Industry Landing Page,Lighting contractors,Local SEO,/trades-industries/lighting-contractors-marketing-agency/,Index after content threshold,Phase 3,local seo for lighting contractors,trades-service-industry-sitemap.xml,Consultus campaign matrix pattern
https://www.consultusdigital.com/trades-marketing-services/ai-search-for-lighting-contractors/,/trades-marketing-services/ai-search-for-lighting-contractors/,Trades,Electrical and energy,Service × Industry Landing Page,Lighting contractors,"AEO, GEO and AI Search",/trades-industries/lighting-contractors-marketing-agency/,Index after content threshold,Phase 3,"aeo, geo and ai search for lighting contractors",trades-service-industry-sitemap.xml,Consultus campaign matrix pattern
https://www.consultusdigital.com/trades-marketing-services/paid-social-for-lighting-contractors/,/trades-marketing-services/paid-social-for-lighting-contractors/,Trades,Electrical and energy,Service × Industry Landing Page,Lighting contractors,Paid Social,/trades-industries/lighting-contractors-marketing-agency/,Index after content threshold,Phase 3,paid social for lighting contractors,trades-service-industry-sitemap.xml,Consultus campaign matrix pattern
https://www.consultusdigital.com/trades-marketing-services/web-design-for-lighting-contractors/,/trades-marketing-services/web-design-for-lighting-contractors/,Trades,Electrical and energy,Service × Industry Landing Page,Lighting contractors,Website Design and CRO,/trades-industries/lighting-contractors-marketing-agency/,Index after content threshold,Phase 3,website design and cro for lighting contractors,trades-service-industry-sitemap.xml,Consultus campaign matrix pattern
https://www.consultusdigital.com/trades-marketing-services/crm-revops-for-lighting-contractors/,/trades-marketing-services/crm-revops-for-lighting-contractors/,Trades,Electrical and energy,Service × Industry Landing Page,Lighting contractors,CRM and Revenue Operations,/trades-industries/lighting-contractors-marketing-agency/,Index after content threshold,Phase 3,crm and revenue operations for lighting contractors,trades-service-industry-sitemap.xml,Consultus campaign matrix pattern
https://www.consultusdigital.com/trades-marketing-services/content-marketing-for-lighting-contractors/,/trades-marketing-services/content-marketing-for-lighting-contractors/,Trades,Electrical and energy,Service × Industry Landing Page,Lighting contractors,Content Marketing,/trades-industries/lighting-contractors-marketing-agency/,Index after content threshold,Phase 3,content marketing for lighting contractors,trades-service-industry-sitemap.xml,Consultus campaign matrix pattern
https://www.consultusdigital.com/trades-marketing-services/ad-creative-for-lighting-contractors/,/trades-marketing-services/ad-creative-for-lighting-contractors/,Trades,Electrical and energy,Service × Industry Landing Page,Lighting contractors,Ad Creative Production,/trades-industries/lighting-contractors-marketing-agency/,Index after content threshold,Phase 3,ad creative production for lighting contractors,trades-service-industry-sitemap.xml,Consultus campaign matrix pattern
https://www.consultusdigital.com/trades-marketing-services/call-tracking-for-lighting-contractors/,/trades-marketing-services/call-tracking-for-lighting-contractors/,Trades,Electrical and energy,Service × Industry Landing Page,Lighting contractors,Call Tracking and Attribution,/trades-industries/lighting-contractors-marketing-agency/,Index after content threshold,Phase 3,call tracking and attribution for lighting contractors,trades-service-industry-sitemap.xml,Consultus campaign matrix pattern
https://www.consultusdigital.com/trades-industries/low-voltage-contractors-marketing-agency/,/trades-industries/low-voltage-contractors-marketing-agency/,Trades,Electrical and energy,Industry Marketing Agency Page,Low-voltage contractors,,/trades-industries/electrical-and-energy/,Index,Phase 2,low-voltage contractors marketing agency,trades-industry-agency-sitemap.xml,https://www.cardinaldigitalmarketing.com/healthcare-specialties/mental-healthcare-providers-agency/
https://www.consultusdigital.com/trades-marketing-services/digital-marketing-for-low-voltage-contractors/,/trades-marketing-services/digital-marketing-for-low-voltage-contractors/,Trades,Electrical and energy,Service × Industry Landing Page,Low-voltage contractors,Digital Marketing Agency,/trades-industries/low-voltage-contractors-marketing-agency/,Index after content threshold,Phase 3,digital marketing agency for low-voltage contractors,trades-service-industry-sitemap.xml,Consultus campaign matrix pattern
https://www.consultusdigital.com/trades-marketing-services/google-ads-for-low-voltage-contractors/,/trades-marketing-services/google-ads-for-low-voltage-contractors/,Trades,Electrical and energy,Service × Industry Landing Page,Low-voltage contractors,Google Ads and PPC,/trades-industries/low-voltage-contractors-marketing-agency/,Index after content threshold,Phase 3,google ads and ppc for low-voltage contractors,trades-service-industry-sitemap.xml,Consultus campaign matrix pattern
https://www.consultusdigital.com/trades-marketing-services/local-seo-for-low-voltage-contractors/,/trades-marketing-services/local-seo-for-low-voltage-contractors/,Trades,Electrical and energy,Service × Industry Landing Page,Low-voltage contractors,Local SEO,/trades-industries/low-voltage-contractors-marketing-agency/,Index after content threshold,Phase 3,local seo for low-voltage contractors,trades-service-industry-sitemap.xml,Consultus campaign matrix pattern
https://www.consultusdigital.com/trades-marketing-services/ai-search-for-low-voltage-contractors/,/trades-marketing-services/ai-search-for-low-voltage-contractors/,Trades,Electrical and energy,Service × Industry Landing Page,Low-voltage contractors,"AEO, GEO and AI Search",/trades-industries/low-voltage-contractors-marketing-agency/,Index after content threshold,Phase 3,"aeo, geo and ai search for low-voltage contractors",trades-service-industry-sitemap.xml,Consultus campaign matrix pattern
https://www.consultusdigital.com/trades-marketing-services/paid-social-for-low-voltage-contractors/,/trades-marketing-services/paid-social-for-low-voltage-contractors/,Trades,Electrical and energy,Service × Industry Landing Page,Low-voltage contractors,Paid Social,/trades-industries/low-voltage-contractors-marketing-agency/,Index after content threshold,Phase 3,paid social for low-voltage contractors,trades-service-industry-sitemap.xml,Consultus campaign matrix pattern
https://www.consultusdigital.com/trades-marketing-services/web-design-for-low-voltage-contractors/,/trades-marketing-services/web-design-for-low-voltage-contractors/,Trades,Electrical and energy,Service × Industry Landing Page,Low-voltage contractors,Website Design and CRO,/trades-industries/low-voltage-contractors-marketing-agency/,Index after content threshold,Phase 3,website design and cro for low-voltage contractors,trades-service-industry-sitemap.xml,Consultus campaign matrix pattern
https://www.consultusdigital.com/trades-marketing-services/crm-revops-for-low-voltage-contractors/,/trades-marketing-services/crm-revops-for-low-voltage-contractors/,Trades,Electrical and energy,Service × Industry Landing Page,Low-voltage contractors,CRM and Revenue Operations,/trades-industries/low-voltage-contractors-marketing-agency/,Index after content threshold,Phase 3,crm and revenue operations for low-voltage contractors,trades-service-industry-sitemap.xml,Consultus campaign matrix pattern
https://www.consultusdigital.com/trades-marketing-services/content-marketing-for-low-voltage-contractors/,/trades-marketing-services/content-marketing-for-low-voltage-contractors/,Trades,Electrical and energy,Service × Industry Landing Page,Low-voltage contractors,Content Marketing,/trades-industries/low-voltage-contractors-marketing-agency/,Index after content threshold,Phase 3,content marketing for low-voltage contractors,trades-service-industry-sitemap.xml,Consultus campaign matrix pattern
https://www.consultusdigital.com/trades-marketing-services/ad-creative-for-low-voltage-contractors/,/trades-marketing-services/ad-creative-for-low-voltage-contractors/,Trades,Electrical and energy,Service × Industry Landing Page,Low-voltage contractors,Ad Creative Production,/trades-industries/low-voltage-contractors-marketing-agency/,Index after content threshold,Phase 3,ad creative production for low-voltage contractors,trades-service-industry-sitemap.xml,Consultus campaign matrix pattern
https://www.consultusdigital.com/trades-marketing-services/call-tracking-for-low-voltage-contractors/,/trades-marketing-services/call-tracking-for-low-voltage-contractors/,Trades,Electrical and energy,Service × Industry Landing Page,Low-voltage contractors,Call Tracking and Attribution,/trades-industries/low-voltage-contractors-marketing-agency/,Index after content threshold,Phase 3,call tracking and attribution for low-voltage contractors,trades-service-industry-sitemap.xml,Consultus campaign matrix pattern
https://www.consultusdigital.com/trades-industries/security-system-installers-marketing-agency/,/trades-industries/security-system-installers-marketing-agency/,Trades,Electrical and energy,Industry Marketing Agency Page,Security system installers,,/trades-industries/electrical-and-energy/,Index,Phase 2,security system installers marketing agency,trades-industry-agency-sitemap.xml,https://www.cardinaldigitalmarketing.com/healthcare-specialties/mental-healthcare-providers-agency/
https://www.consultusdigital.com/trades-marketing-services/digital-marketing-for-security-system-installers/,/trades-marketing-services/digital-marketing-for-security-system-installers/,Trades,Electrical and energy,Service × Industry Landing Page,Security system installers,Digital Marketing Agency,/trades-industries/security-system-installers-marketing-agency/,Index after content threshold,Phase 3,digital marketing agency for security system installers,trades-service-industry-sitemap.xml,Consultus campaign matrix pattern
https://www.consultusdigital.com/trades-marketing-services/google-ads-for-security-system-installers/,/trades-marketing-services/google-ads-for-security-system-installers/,Trades,Electrical and energy,Service × Industry Landing Page,Security system installers,Google Ads and PPC,/trades-industries/security-system-installers-marketing-agency/,Index after content threshold,Phase 3,google ads and ppc for security system installers,trades-service-industry-sitemap.xml,Consultus campaign matrix pattern
https://www.consultusdigital.com/trades-marketing-services/local-seo-for-security-system-installers/,/trades-marketing-services/local-seo-for-security-system-installers/,Trades,Electrical and energy,Service × Industry Landing Page,Security system installers,Local SEO,/trades-industries/security-system-installers-marketing-agency/,Index after content threshold,Phase 3,local seo for security system installers,trades-service-industry-sitemap.xml,Consultus campaign matrix pattern
https://www.consultusdigital.com/trades-marketing-services/ai-search-for-security-system-installers/,/trades-marketing-services/ai-search-for-security-system-installers/,Trades,Electrical and energy,Service × Industry Landing Page,Security system installers,"AEO, GEO and AI Search",/trades-industries/security-system-installers-marketing-agency/,Index after content threshold,Phase 3,"aeo, geo and ai search for security system installers",trades-service-industry-sitemap.xml,Consultus campaign matrix pattern
https://www.consultusdigital.com/trades-marketing-services/paid-social-for-security-system-installers/,/trades-marketing-services/paid-social-for-security-system-installers/,Trades,Electrical and energy,Service × Industry Landing Page,Security system installers,Paid Social,/trades-industries/security-system-installers-marketing-agency/,Index after content threshold,Phase 3,paid social for security system installers,trades-service-industry-sitemap.xml,Consultus campaign matrix pattern
https://www.consultusdigital.com/trades-marketing-services/web-design-for-security-system-installers/,/trades-marketing-services/web-design-for-security-system-installers/,Trades,Electrical and energy,Service × Industry Landing Page,Security system installers,Website Design and CRO,/trades-industries/security-system-installers-marketing-agency/,Index after content threshold,Phase 3,website design and cro for security system installers,trades-service-industry-sitemap.xml,Consultus campaign matrix pattern
https://www.consultusdigital.com/trades-marketing-services/crm-revops-for-security-system-installers/,/trades-marketing-services/crm-revops-for-security-system-installers/,Trades,Electrical and energy,Service × Industry Landing Page,Security system installers,CRM and Revenue Operations,/trades-industries/security-system-installers-marketing-agency/,Index after content threshold,Phase 3,crm and revenue operations for security system installers,trades-service-industry-sitemap.xml,Consultus campaign matrix pattern
https://www.consultusdigital.com/trades-marketing-services/content-marketing-for-security-system-installers/,/trades-marketing-services/content-marketing-for-security-system-installers/,Trades,Electrical and energy,Service × Industry Landing Page,Security system installers,Content Marketing,/trades-industries/security-system-installers-marketing-agency/,Index after content threshold,Phase 3,content marketing for security system installers,trades-service-industry-sitemap.xml,Consultus campaign matrix pattern
https://www.consultusdigital.com/trades-marketing-services/ad-creative-for-security-system-installers/,/trades-marketing-services/ad-creative-for-security-system-installers/,Trades,Electrical and energy,Service × Industry Landing Page,Security system installers,Ad Creative Production,/trades-industries/security-system-installers-marketing-agency/,Index after content threshold,Phase 3,ad creative production for security system installers,trades-service-industry-sitemap.xml,Consultus campaign matrix pattern
https://www.consultusdigital.com/trades-marketing-services/call-tracking-for-security-system-installers/,/trades-marketing-services/call-tracking-for-security-system-installers/,Trades,Electrical and energy,Service × Industry Landing Page,Security system installers,Call Tracking and Attribution,/trades-industries/security-system-installers-marketing-agency/,Index after content threshold,Phase 3,call tracking and attribution for security system installers,trades-service-industry-sitemap.xml,Consultus campaign matrix pattern
https://www.consultusdigital.com/trades-industries/audio-visual-integrators-marketing-agency/,/trades-industries/audio-visual-integrators-marketing-agency/,Trades,Electrical and energy,Industry Marketing Agency Page,Audio visual integrators,,/trades-industries/electrical-and-energy/,Index,Phase 2,audio visual integrators marketing agency,trades-industry-agency-sitemap.xml,https://www.cardinaldigitalmarketing.com/healthcare-specialties/mental-healthcare-providers-agency/
https://www.consultusdigital.com/trades-marketing-services/digital-marketing-for-audio-visual-integrators/,/trades-marketing-services/digital-marketing-for-audio-visual-integrators/,Trades,Electrical and energy,Service × Industry Landing Page,Audio visual integrators,Digital Marketing Agency,/trades-industries/audio-visual-integrators-marketing-agency/,Index after content threshold,Phase 3,digital marketing agency for audio visual integrators,trades-service-industry-sitemap.xml,Consultus campaign matrix pattern
https://www.consultusdigital.com/trades-marketing-services/google-ads-for-audio-visual-integrators/,/trades-marketing-services/google-ads-for-audio-visual-integrators/,Trades,Electrical and energy,Service × Industry Landing Page,Audio visual integrators,Google Ads and PPC,/trades-industries/audio-visual-integrators-marketing-agency/,Index after content threshold,Phase 3,google ads and ppc for audio visual integrators,trades-service-industry-sitemap.xml,Consultus campaign matrix pattern
https://www.consultusdigital.com/trades-marketing-services/local-seo-for-audio-visual-integrators/,/trades-marketing-services/local-seo-for-audio-visual-integrators/,Trades,Electrical and energy,Service × Industry Landing Page,Audio visual integrators,Local SEO,/trades-industries/audio-visual-integrators-marketing-agency/,Index after content threshold,Phase 3,local seo for audio visual integrators,trades-service-industry-sitemap.xml,Consultus campaign matrix pattern
https://www.consultusdigital.com/trades-marketing-services/ai-search-for-audio-visual-integrators/,/trades-marketing-services/ai-search-for-audio-visual-integrators/,Trades,Electrical and energy,Service × Industry Landing Page,Audio visual integrators,"AEO, GEO and AI Search",/trades-industries/audio-visual-integrators-marketing-agency/,Index after content threshold,Phase 3,"aeo, geo and ai search for audio visual integrators",trades-service-industry-sitemap.xml,Consultus campaign matrix pattern
https://www.consultusdigital.com/trades-marketing-services/paid-social-for-audio-visual-integrators/,/trades-marketing-services/paid-social-for-audio-visual-integrators/,Trades,Electrical and energy,Service × Industry Landing Page,Audio visual integrators,Paid Social,/trades-industries/audio-visual-integrators-marketing-agency/,Index after content threshold,Phase 3,paid social for audio visual integrators,trades-service-industry-sitemap.xml,Consultus campaign matrix pattern
https://www.consultusdigital.com/trades-marketing-services/web-design-for-audio-visual-integrators/,/trades-marketing-services/web-design-for-audio-visual-integrators/,Trades,Electrical and energy,Service × Industry Landing Page,Audio visual integrators,Website Design and CRO,/trades-industries/audio-visual-integrators-marketing-agency/,Index after content threshold,Phase 3,website design and cro for audio visual integrators,trades-service-industry-sitemap.xml,Consultus campaign matrix pattern
https://www.consultusdigital.com/trades-marketing-services/crm-revops-for-audio-visual-integrators/,/trades-marketing-services/crm-revops-for-audio-visual-integrators/,Trades,Electrical and energy,Service × Industry Landing Page,Audio visual integrators,CRM and Revenue Operations,/trades-industries/audio-visual-integrators-marketing-agency/,Index after content threshold,Phase 3,crm and revenue operations for audio visual integrators,trades-service-industry-sitemap.xml,Consultus campaign matrix pattern
https://www.consultusdigital.com/trades-marketing-services/content-marketing-for-audio-visual-integrators/,/trades-marketing-services/content-marketing-for-audio-visual-integrators/,Trades,Electrical and energy,Service × Industry Landing Page,Audio visual integrators,Content Marketing,/trades-industries/audio-visual-integrators-marketing-agency/,Index after content threshold,Phase 3,content marketing for audio visual integrators,trades-service-industry-sitemap.xml,Consultus campaign matrix pattern
https://www.consultusdigital.com/trades-marketing-services/ad-creative-for-audio-visual-integrators/,/trades-marketing-services/ad-creative-for-audio-visual-integrators/,Trades,Electrical and energy,Service × Industry Landing Page,Audio visual integrators,Ad Creative Production,/trades-industries/audio-visual-integrators-marketing-agency/,Index after content threshold,Phase 3,ad creative production for audio visual integrators,trades-service-industry-sitemap.xml,Consultus campaign matrix pattern
https://www.consultusdigital.com/trades-marketing-services/call-tracking-for-audio-visual-integrators/,/trades-marketing-services/call-tracking-for-audio-visual-integrators/,Trades,Electrical and energy,Service × Industry Landing Page,Audio visual integrators,Call Tracking and Attribution,/trades-industries/audio-visual-integrators-marketing-agency/,Index after content threshold,Phase 3,call tracking and attribution for audio visual integrators,trades-service-industry-sitemap.xml,Consultus campaign matrix pattern
https://www.consultusdigital.com/trades-industries/data-cabling-contractors-marketing-agency/,/trades-industries/data-cabling-contractors-marketing-agency/,Trades,Electrical and energy,Industry Marketing Agency Page,Data cabling contractors,,/trades-industries/electrical-and-energy/,Index,Phase 2,data cabling contractors marketing agency,trades-industry-agency-sitemap.xml,https://www.cardinaldigitalmarketing.com/healthcare-specialties/mental-healthcare-providers-agency/
https://www.consultusdigital.com/trades-marketing-services/digital-marketing-for-data-cabling-contractors/,/trades-marketing-services/digital-marketing-for-data-cabling-contractors/,Trades,Electrical and energy,Service × Industry Landing Page,Data cabling contractors,Digital Marketing Agency,/trades-industries/data-cabling-contractors-marketing-agency/,Index after content threshold,Phase 3,digital marketing agency for data cabling contractors,trades-service-industry-sitemap.xml,Consultus campaign matrix pattern
https://www.consultusdigital.com/trades-marketing-services/google-ads-for-data-cabling-contractors/,/trades-marketing-services/google-ads-for-data-cabling-contractors/,Trades,Electrical and energy,Service × Industry Landing Page,Data cabling contractors,Google Ads and PPC,/trades-industries/data-cabling-contractors-marketing-agency/,Index after content threshold,Phase 3,google ads and ppc for data cabling contractors,trades-service-industry-sitemap.xml,Consultus campaign matrix pattern
https://www.consultusdigital.com/trades-marketing-services/local-seo-for-data-cabling-contractors/,/trades-marketing-services/local-seo-for-data-cabling-contractors/,Trades,Electrical and energy,Service × Industry Landing Page,Data cabling contractors,Local SEO,/trades-industries/data-cabling-contractors-marketing-agency/,Index after content threshold,Phase 3,local seo for data cabling contractors,trades-service-industry-sitemap.xml,Consultus campaign matrix pattern
https://www.consultusdigital.com/trades-marketing-services/ai-search-for-data-cabling-contractors/,/trades-marketing-services/ai-search-for-data-cabling-contractors/,Trades,Electrical and energy,Service × Industry Landing Page,Data cabling contractors,"AEO, GEO and AI Search",/trades-industries/data-cabling-contractors-marketing-agency/,Index after content threshold,Phase 3,"aeo, geo and ai search for data cabling contractors",trades-service-industry-sitemap.xml,Consultus campaign matrix pattern
https://www.consultusdigital.com/trades-marketing-services/paid-social-for-data-cabling-contractors/,/trades-marketing-services/paid-social-for-data-cabling-contractors/,Trades,Electrical and energy,Service × Industry Landing Page,Data cabling contractors,Paid Social,/trades-industries/data-cabling-contractors-marketing-agency/,Index after content threshold,Phase 3,paid social for data cabling contractors,trades-service-industry-sitemap.xml,Consultus campaign matrix pattern
https://www.consultusdigital.com/trades-marketing-services/web-design-for-data-cabling-contractors/,/trades-marketing-services/web-design-for-data-cabling-contractors/,Trades,Electrical and energy,Service × Industry Landing Page,Data cabling contractors,Website Design and CRO,/trades-industries/data-cabling-contractors-marketing-agency/,Index after content threshold,Phase 3,website design and cro for data cabling contractors,trades-service-industry-sitemap.xml,Consultus campaign matrix pattern
https://www.consultusdigital.com/trades-marketing-services/crm-revops-for-data-cabling-contractors/,/trades-marketing-services/crm-revops-for-data-cabling-contractors/,Trades,Electrical and energy,Service × Industry Landing Page,Data cabling contractors,CRM and Revenue Operations,/trades-industries/data-cabling-contractors-marketing-agency/,Index after content threshold,Phase 3,crm and revenue operations for data cabling contractors,trades-service-industry-sitemap.xml,Consultus campaign matrix pattern
https://www.consultusdigital.com/trades-marketing-services/content-marketing-for-data-cabling-contractors/,/trades-marketing-services/content-marketing-for-data-cabling-contractors/,Trades,Electrical and energy,Service × Industry Landing Page,Data cabling contractors,Content Marketing,/trades-industries/data-cabling-contractors-marketing-agency/,Index after content threshold,Phase 3,content marketing for data cabling contractors,trades-service-industry-sitemap.xml,Consultus campaign matrix pattern
https://www.consultusdigital.com/trades-marketing-services/ad-creative-for-data-cabling-contractors/,/trades-marketing-services/ad-creative-for-data-cabling-contractors/,Trades,Electrical and energy,Service × Industry Landing Page,Data cabling contractors,Ad Creative Production,/trades-industries/data-cabling-contractors-marketing-agency/,Index after content threshold,Phase 3,ad creative production for data cabling contractors,trades-service-industry-sitemap.xml,Consultus campaign matrix pattern
https://www.consultusdigital.com/trades-marketing-services/call-tracking-for-data-cabling-contractors/,/trades-marketing-services/call-tracking-for-data-cabling-contractors/,Trades,Electrical and energy,Service × Industry Landing Page,Data cabling contractors,Call Tracking and Attribution,/trades-industries/data-cabling-contractors-marketing-agency/,Index after content threshold,Phase 3,call tracking and attribution for data cabling contractors,trades-service-industry-sitemap.xml,Consultus campaign matrix pattern
https://www.consultusdigital.com/trades-industries/renewable-energy-contractors-marketing-agency/,/trades-industries/renewable-energy-contractors-marketing-agency/,Trades,Electrical and energy,Industry Marketing Agency Page,Renewable energy contractors,,/trades-industries/electrical-and-energy/,Index,Phase 2,renewable energy contractors marketing agency,trades-industry-agency-sitemap.xml,https://www.cardinaldigitalmarketing.com/healthcare-specialties/mental-healthcare-providers-agency/
https://www.consultusdigital.com/trades-marketing-services/digital-marketing-for-renewable-energy-contractors/,/trades-marketing-services/digital-marketing-for-renewable-energy-contractors/,Trades,Electrical and energy,Service × Industry Landing Page,Renewable energy contractors,Digital Marketing Agency,/trades-industries/renewable-energy-contractors-marketing-agency/,Index after content threshold,Phase 3,digital marketing agency for renewable energy contractors,trades-service-industry-sitemap.xml,Consultus campaign matrix pattern
https://www.consultusdigital.com/trades-marketing-services/google-ads-for-renewable-energy-contractors/,/trades-marketing-services/google-ads-for-renewable-energy-contractors/,Trades,Electrical and energy,Service × Industry Landing Page,Renewable energy contractors,Google Ads and PPC,/trades-industries/renewable-energy-contractors-marketing-agency/,Index after content threshold,Phase 3,google ads and ppc for renewable energy contractors,trades-service-industry-sitemap.xml,Consultus campaign matrix pattern
https://www.consultusdigital.com/trades-marketing-services/local-seo-for-renewable-energy-contractors/,/trades-marketing-services/local-seo-for-renewable-energy-contractors/,Trades,Electrical and energy,Service × Industry Landing Page,Renewable energy contractors,Local SEO,/trades-industries/renewable-energy-contractors-marketing-agency/,Index after content threshold,Phase 3,local seo for renewable energy contractors,trades-service-industry-sitemap.xml,Consultus campaign matrix pattern
https://www.consultusdigital.com/trades-marketing-services/ai-search-for-renewable-energy-contractors/,/trades-marketing-services/ai-search-for-renewable-energy-contractors/,Trades,Electrical and energy,Service × Industry Landing Page,Renewable energy contractors,"AEO, GEO and AI Search",/trades-industries/renewable-energy-contractors-marketing-agency/,Index after content threshold,Phase 3,"aeo, geo and ai search for renewable energy contractors",trades-service-industry-sitemap.xml,Consultus campaign matrix pattern
https://www.consultusdigital.com/trades-marketing-services/paid-social-for-renewable-energy-contractors/,/trades-marketing-services/paid-social-for-renewable-energy-contractors/,Trades,Electrical and energy,Service × Industry Landing Page,Renewable energy contractors,Paid Social,/trades-industries/renewable-energy-contractors-marketing-agency/,Index after content threshold,Phase 3,paid social for renewable energy contractors,trades-service-industry-sitemap.xml,Consultus campaign matrix pattern
https://www.consultusdigital.com/trades-marketing-services/web-design-for-renewable-energy-contractors/,/trades-marketing-services/web-design-for-renewable-energy-contractors/,Trades,Electrical and energy,Service × Industry Landing Page,Renewable energy contractors,Website Design and CRO,/trades-industries/renewable-energy-contractors-marketing-agency/,Index after content threshold,Phase 3,website design and cro for renewable energy contractors,trades-service-industry-sitemap.xml,Consultus campaign matrix pattern
https://www.consultusdigital.com/trades-marketing-services/crm-revops-for-renewable-energy-contractors/,/trades-marketing-services/crm-revops-for-renewable-energy-contractors/,Trades,Electrical and energy,Service × Industry Landing Page,Renewable energy contractors,CRM and Revenue Operations,/trades-industries/renewable-energy-contractors-marketing-agency/,Index after content threshold,Phase 3,crm and revenue operations for renewable energy contractors,trades-service-industry-sitemap.xml,Consultus campaign matrix pattern
https://www.consultusdigital.com/trades-marketing-services/content-marketing-for-renewable-energy-contractors/,/trades-marketing-services/content-marketing-for-renewable-energy-contractors/,Trades,Electrical and energy,Service × Industry Landing Page,Renewable energy contractors,Content Marketing,/trades-industries/renewable-energy-contractors-marketing-agency/,Index after content threshold,Phase 3,content marketing for renewable energy contractors,trades-service-industry-sitemap.xml,Consultus campaign matrix pattern
https://www.consultusdigital.com/trades-marketing-services/ad-creative-for-renewable-energy-contractors/,/trades-marketing-services/ad-creative-for-renewable-energy-contractors/,Trades,Electrical and energy,Service × Industry Landing Page,Renewable energy contractors,Ad Creative Production,/trades-industries/renewable-energy-contractors-marketing-agency/,Index after content threshold,Phase 3,ad creative production for renewable energy contractors,trades-service-industry-sitemap.xml,Consultus campaign matrix pattern
https://www.consultusdigital.com/trades-marketing-services/call-tracking-for-renewable-energy-contractors/,/trades-marketing-services/call-tracking-for-renewable-energy-contractors/,Trades,Electrical and energy,Service × Industry Landing Page,Renewable energy contractors,Call Tracking and Attribution,/trades-industries/renewable-energy-contractors-marketing-agency/,Index after content threshold,Phase 3,call tracking and attribution for renewable energy contractors,trades-service-industry-sitemap.xml,Consultus campaign matrix pattern
https://www.consultusdigital.com/trades-industries/exterior-and-structural/,/trades-industries/exterior-and-structural/,Trades,Exterior and structural,Sector Hub,Exterior and structural,,/trades-industries/,Index,Phase 1,exterior and structural marketing agency,trades-industry-agency-sitemap.xml,https://www.cardinaldigitalmarketing.com/healthcare-specialties/mental-healthcare-providers-agency/
https://www.consultusdigital.com/trades-industries/roofing-contractors-marketing-agency/,/trades-industries/roofing-contractors-marketing-agency/,Trades,Exterior and structural,Industry Marketing Agency Page,Roofing contractors,,/trades-industries/exterior-and-structural/,Index,Phase 2,roofing contractors marketing agency,trades-industry-agency-sitemap.xml,https://www.cardinaldigitalmarketing.com/healthcare-specialties/mental-healthcare-providers-agency/
https://www.consultusdigital.com/trades-marketing-services/digital-marketing-for-roofing-contractors/,/trades-marketing-services/digital-marketing-for-roofing-contractors/,Trades,Exterior and structural,Service × Industry Landing Page,Roofing contractors,Digital Marketing Agency,/trades-industries/roofing-contractors-marketing-agency/,Index after content threshold,Phase 3,digital marketing agency for roofing contractors,trades-service-industry-sitemap.xml,Consultus campaign matrix pattern
https://www.consultusdigital.com/trades-marketing-services/google-ads-for-roofing-contractors/,/trades-marketing-services/google-ads-for-roofing-contractors/,Trades,Exterior and structural,Service × Industry Landing Page,Roofing contractors,Google Ads and PPC,/trades-industries/roofing-contractors-marketing-agency/,Index after content threshold,Phase 3,google ads and ppc for roofing contractors,trades-service-industry-sitemap.xml,Consultus campaign matrix pattern
https://www.consultusdigital.com/trades-marketing-services/local-seo-for-roofing-contractors/,/trades-marketing-services/local-seo-for-roofing-contractors/,Trades,Exterior and structural,Service × Industry Landing Page,Roofing contractors,Local SEO,/trades-industries/roofing-contractors-marketing-agency/,Index after content threshold,Phase 3,local seo for roofing contractors,trades-service-industry-sitemap.xml,Consultus campaign matrix pattern
https://www.consultusdigital.com/trades-marketing-services/ai-search-for-roofing-contractors/,/trades-marketing-services/ai-search-for-roofing-contractors/,Trades,Exterior and structural,Service × Industry Landing Page,Roofing contractors,"AEO, GEO and AI Search",/trades-industries/roofing-contractors-marketing-agency/,Index after content threshold,Phase 3,"aeo, geo and ai search for roofing contractors",trades-service-industry-sitemap.xml,Consultus campaign matrix pattern
https://www.consultusdigital.com/trades-marketing-services/paid-social-for-roofing-contractors/,/trades-marketing-services/paid-social-for-roofing-contractors/,Trades,Exterior and structural,Service × Industry Landing Page,Roofing contractors,Paid Social,/trades-industries/roofing-contractors-marketing-agency/,Index after content threshold,Phase 3,paid social for roofing contractors,trades-service-industry-sitemap.xml,Consultus campaign matrix pattern
https://www.consultusdigital.com/trades-marketing-services/web-design-for-roofing-contractors/,/trades-marketing-services/web-design-for-roofing-contractors/,Trades,Exterior and structural,Service × Industry Landing Page,Roofing contractors,Website Design and CRO,/trades-industries/roofing-contractors-marketing-agency/,Index after content threshold,Phase 3,website design and cro for roofing contractors,trades-service-industry-sitemap.xml,Consultus campaign matrix pattern
https://www.consultusdigital.com/trades-marketing-services/crm-revops-for-roofing-contractors/,/trades-marketing-services/crm-revops-for-roofing-contractors/,Trades,Exterior and structural,Service × Industry Landing Page,Roofing contractors,CRM and Revenue Operations,/trades-industries/roofing-contractors-marketing-agency/,Index after content threshold,Phase 3,crm and revenue operations for roofing contractors,trades-service-industry-sitemap.xml,Consultus campaign matrix pattern
https://www.consultusdigital.com/trades-marketing-services/content-marketing-for-roofing-contractors/,/trades-marketing-services/content-marketing-for-roofing-contractors/,Trades,Exterior and structural,Service × Industry Landing Page,Roofing contractors,Content Marketing,/trades-industries/roofing-contractors-marketing-agency/,Index after content threshold,Phase 3,content marketing for roofing contractors,trades-service-industry-sitemap.xml,Consultus campaign matrix pattern
https://www.consultusdigital.com/trades-marketing-services/ad-creative-for-roofing-contractors/,/trades-marketing-services/ad-creative-for-roofing-contractors/,Trades,Exterior and structural,Service × Industry Landing Page,Roofing contractors,Ad Creative Production,/trades-industries/roofing-contractors-marketing-agency/,Index after content threshold,Phase 3,ad creative production for roofing contractors,trades-service-industry-sitemap.xml,Consultus campaign matrix pattern
https://www.consultusdigital.com/trades-marketing-services/call-tracking-for-roofing-contractors/,/trades-marketing-services/call-tracking-for-roofing-contractors/,Trades,Exterior and structural,Service × Industry Landing Page,Roofing contractors,Call Tracking and Attribution,/trades-industries/roofing-contractors-marketing-agency/,Index after content threshold,Phase 3,call tracking and attribution for roofing contractors,trades-service-industry-sitemap.xml,Consultus campaign matrix pattern
https://www.consultusdigital.com/trades-industries/commercial-roofers-marketing-agency/,/trades-industries/commercial-roofers-marketing-agency/,Trades,Exterior and structural,Industry Marketing Agency Page,Commercial roofers,,/trades-industries/exterior-and-structural/,Index,Phase 2,commercial roofers marketing agency,trades-industry-agency-sitemap.xml,https://www.cardinaldigitalmarketing.com/healthcare-specialties/mental-healthcare-providers-agency/
https://www.consultusdigital.com/trades-marketing-services/digital-marketing-for-commercial-roofers/,/trades-marketing-services/digital-marketing-for-commercial-roofers/,Trades,Exterior and structural,Service × Industry Landing Page,Commercial roofers,Digital Marketing Agency,/trades-industries/commercial-roofers-marketing-agency/,Index after content threshold,Phase 3,digital marketing agency for commercial roofers,trades-service-industry-sitemap.xml,Consultus campaign matrix pattern
https://www.consultusdigital.com/trades-marketing-services/google-ads-for-commercial-roofers/,/trades-marketing-services/google-ads-for-commercial-roofers/,Trades,Exterior and structural,Service × Industry Landing Page,Commercial roofers,Google Ads and PPC,/trades-industries/commercial-roofers-marketing-agency/,Index after content threshold,Phase 3,google ads and ppc for commercial roofers,trades-service-industry-sitemap.xml,Consultus campaign matrix pattern
https://www.consultusdigital.com/trades-marketing-services/local-seo-for-commercial-roofers/,/trades-marketing-services/local-seo-for-commercial-roofers/,Trades,Exterior and structural,Service × Industry Landing Page,Commercial roofers,Local SEO,/trades-industries/commercial-roofers-marketing-agency/,Index after content threshold,Phase 3,local seo for commercial roofers,trades-service-industry-sitemap.xml,Consultus campaign matrix pattern
https://www.consultusdigital.com/trades-marketing-services/ai-search-for-commercial-roofers/,/trades-marketing-services/ai-search-for-commercial-roofers/,Trades,Exterior and structural,Service × Industry Landing Page,Commercial roofers,"AEO, GEO and AI Search",/trades-industries/commercial-roofers-marketing-agency/,Index after content threshold,Phase 3,"aeo, geo and ai search for commercial roofers",trades-service-industry-sitemap.xml,Consultus campaign matrix pattern
https://www.consultusdigital.com/trades-marketing-services/paid-social-for-commercial-roofers/,/trades-marketing-services/paid-social-for-commercial-roofers/,Trades,Exterior and structural,Service × Industry Landing Page,Commercial roofers,Paid Social,/trades-industries/commercial-roofers-marketing-agency/,Index after content threshold,Phase 3,paid social for commercial roofers,trades-service-industry-sitemap.xml,Consultus campaign matrix pattern
https://www.consultusdigital.com/trades-marketing-services/web-design-for-commercial-roofers/,/trades-marketing-services/web-design-for-commercial-roofers/,Trades,Exterior and structural,Service × Industry Landing Page,Commercial roofers,Website Design and CRO,/trades-industries/commercial-roofers-marketing-agency/,Index after content threshold,Phase 3,website design and cro for commercial roofers,trades-service-industry-sitemap.xml,Consultus campaign matrix pattern
https://www.consultusdigital.com/trades-marketing-services/crm-revops-for-commercial-roofers/,/trades-marketing-services/crm-revops-for-commercial-roofers/,Trades,Exterior and structural,Service × Industry Landing Page,Commercial roofers,CRM and Revenue Operations,/trades-industries/commercial-roofers-marketing-agency/,Index after content threshold,Phase 3,crm and revenue operations for commercial roofers,trades-service-industry-sitemap.xml,Consultus campaign matrix pattern
https://www.consultusdigital.com/trades-marketing-services/content-marketing-for-commercial-roofers/,/trades-marketing-services/content-marketing-for-commercial-roofers/,Trades,Exterior and structural,Service × Industry Landing Page,Commercial roofers,Content Marketing,/trades-industries/commercial-roofers-marketing-agency/,Index after content threshold,Phase 3,content marketing for commercial roofers,trades-service-industry-sitemap.xml,Consultus campaign matrix pattern
https://www.consultusdigital.com/trades-marketing-services/ad-creative-for-commercial-roofers/,/trades-marketing-services/ad-creative-for-commercial-roofers/,Trades,Exterior and structural,Service × Industry Landing Page,Commercial roofers,Ad Creative Production,/trades-industries/commercial-roofers-marketing-agency/,Index after content threshold,Phase 3,ad creative production for commercial roofers,trades-service-industry-sitemap.xml,Consultus campaign matrix pattern
https://www.consultusdigital.com/trades-marketing-services/call-tracking-for-commercial-roofers/,/trades-marketing-services/call-tracking-for-commercial-roofers/,Trades,Exterior and structural,Service × Industry Landing Page,Commercial roofers,Call Tracking and Attribution,/trades-industries/commercial-roofers-marketing-agency/,Index after content threshold,Phase 3,call tracking and attribution for commercial roofers,trades-service-industry-sitemap.xml,Consultus campaign matrix pattern
https://www.consultusdigital.com/trades-industries/residential-roofers-marketing-agency/,/trades-industries/residential-roofers-marketing-agency/,Trades,Exterior and structural,Industry Marketing Agency Page,Residential roofers,,/trades-industries/exterior-and-structural/,Index,Phase 2,residential roofers marketing agency,trades-industry-agency-sitemap.xml,https://www.cardinaldigitalmarketing.com/healthcare-specialties/mental-healthcare-providers-agency/
https://www.consultusdigital.com/trades-marketing-services/digital-marketing-for-residential-roofers/,/trades-marketing-services/digital-marketing-for-residential-roofers/,Trades,Exterior and structural,Service × Industry Landing Page,Residential roofers,Digital Marketing Agency,/trades-industries/residential-roofers-marketing-agency/,Index after content threshold,Phase 3,digital marketing agency for residential roofers,trades-service-industry-sitemap.xml,Consultus campaign matrix pattern
https://www.consultusdigital.com/trades-marketing-services/google-ads-for-residential-roofers/,/trades-marketing-services/google-ads-for-residential-roofers/,Trades,Exterior and structural,Service × Industry Landing Page,Residential roofers,Google Ads and PPC,/trades-industries/residential-roofers-marketing-agency/,Index after content threshold,Phase 3,google ads and ppc for residential roofers,trades-service-industry-sitemap.xml,Consultus campaign matrix pattern
https://www.consultusdigital.com/trades-marketing-services/local-seo-for-residential-roofers/,/trades-marketing-services/local-seo-for-residential-roofers/,Trades,Exterior and structural,Service × Industry Landing Page,Residential roofers,Local SEO,/trades-industries/residential-roofers-marketing-agency/,Index after content threshold,Phase 3,local seo for residential roofers,trades-service-industry-sitemap.xml,Consultus campaign matrix pattern
https://www.consultusdigital.com/trades-marketing-services/ai-search-for-residential-roofers/,/trades-marketing-services/ai-search-for-residential-roofers/,Trades,Exterior and structural,Service × Industry Landing Page,Residential roofers,"AEO, GEO and AI Search",/trades-industries/residential-roofers-marketing-agency/,Index after content threshold,Phase 3,"aeo, geo and ai search for residential roofers",trades-service-industry-sitemap.xml,Consultus campaign matrix pattern
https://www.consultusdigital.com/trades-marketing-services/paid-social-for-residential-roofers/,/trades-marketing-services/paid-social-for-residential-roofers/,Trades,Exterior and structural,Service × Industry Landing Page,Residential roofers,Paid Social,/trades-industries/residential-roofers-marketing-agency/,Index after content threshold,Phase 3,paid social for residential roofers,trades-service-industry-sitemap.xml,Consultus campaign matrix pattern
https://www.consultusdigital.com/trades-marketing-services/web-design-for-residential-roofers/,/trades-marketing-services/web-design-for-residential-roofers/,Trades,Exterior and structural,Service × Industry Landing Page,Residential roofers,Website Design and CRO,/trades-industries/residential-roofers-marketing-agency/,Index after content threshold,Phase 3,website design and cro for residential roofers,trades-service-industry-sitemap.xml,Consultus campaign matrix pattern
https://www.consultusdigital.com/trades-marketing-services/crm-revops-for-residential-roofers/,/trades-marketing-services/crm-revops-for-residential-roofers/,Trades,Exterior and structural,Service × Industry Landing Page,Residential roofers,CRM and Revenue Operations,/trades-industries/residential-roofers-marketing-agency/,Index after content threshold,Phase 3,crm and revenue operations for residential roofers,trades-service-industry-sitemap.xml,Consultus campaign matrix pattern
https://www.consultusdigital.com/trades-marketing-services/content-marketing-for-residential-roofers/,/trades-marketing-services/content-marketing-for-residential-roofers/,Trades,Exterior and structural,Service × Industry Landing Page,Residential roofers,Content Marketing,/trades-industries/residential-roofers-marketing-agency/,Index after content threshold,Phase 3,content marketing for residential roofers,trades-service-industry-sitemap.xml,Consultus campaign matrix pattern
https://www.consultusdigital.com/trades-marketing-services/ad-creative-for-residential-roofers/,/trades-marketing-services/ad-creative-for-residential-roofers/,Trades,Exterior and structural,Service × Industry Landing Page,Residential roofers,Ad Creative Production,/trades-industries/residential-roofers-marketing-agency/,Index after content threshold,Phase 3,ad creative production for residential roofers,trades-service-industry-sitemap.xml,Consultus campaign matrix pattern
https://www.consultusdigital.com/trades-marketing-services/call-tracking-for-residential-roofers/,/trades-marketing-services/call-tracking-for-residential-roofers/,Trades,Exterior and structural,Service × Industry Landing Page,Residential roofers,Call Tracking and Attribution,/trades-industries/residential-roofers-marketing-agency/,Index after content threshold,Phase 3,call tracking and attribution for residential roofers,trades-service-industry-sitemap.xml,Consultus campaign matrix pattern
https://www.consultusdigital.com/trades-industries/siding-contractors-marketing-agency/,/trades-industries/siding-contractors-marketing-agency/,Trades,Exterior and structural,Industry Marketing Agency Page,Siding contractors,,/trades-industries/exterior-and-structural/,Index,Phase 2,siding contractors marketing agency,trades-industry-agency-sitemap.xml,https://www.cardinaldigitalmarketing.com/healthcare-specialties/mental-healthcare-providers-agency/
https://www.consultusdigital.com/trades-marketing-services/digital-marketing-for-siding-contractors/,/trades-marketing-services/digital-marketing-for-siding-contractors/,Trades,Exterior and structural,Service × Industry Landing Page,Siding contractors,Digital Marketing Agency,/trades-industries/siding-contractors-marketing-agency/,Index after content threshold,Phase 3,digital marketing agency for siding contractors,trades-service-industry-sitemap.xml,Consultus campaign matrix pattern
https://www.consultusdigital.com/trades-marketing-services/google-ads-for-siding-contractors/,/trades-marketing-services/google-ads-for-siding-contractors/,Trades,Exterior and structural,Service × Industry Landing Page,Siding contractors,Google Ads and PPC,/trades-industries/siding-contractors-marketing-agency/,Index after content threshold,Phase 3,google ads and ppc for siding contractors,trades-service-industry-sitemap.xml,Consultus campaign matrix pattern
https://www.consultusdigital.com/trades-marketing-services/local-seo-for-siding-contractors/,/trades-marketing-services/local-seo-for-siding-contractors/,Trades,Exterior and structural,Service × Industry Landing Page,Siding contractors,Local SEO,/trades-industries/siding-contractors-marketing-agency/,Index after content threshold,Phase 3,local seo for siding contractors,trades-service-industry-sitemap.xml,Consultus campaign matrix pattern
https://www.consultusdigital.com/trades-marketing-services/ai-search-for-siding-contractors/,/trades-marketing-services/ai-search-for-siding-contractors/,Trades,Exterior and structural,Service × Industry Landing Page,Siding contractors,"AEO, GEO and AI Search",/trades-industries/siding-contractors-marketing-agency/,Index after content threshold,Phase 3,"aeo, geo and ai search for siding contractors",trades-service-industry-sitemap.xml,Consultus campaign matrix pattern
https://www.consultusdigital.com/trades-marketing-services/paid-social-for-siding-contractors/,/trades-marketing-services/paid-social-for-siding-contractors/,Trades,Exterior and structural,Service × Industry Landing Page,Siding contractors,Paid Social,/trades-industries/siding-contractors-marketing-agency/,Index after content threshold,Phase 3,paid social for siding contractors,trades-service-industry-sitemap.xml,Consultus campaign matrix pattern
https://www.consultusdigital.com/trades-marketing-services/web-design-for-siding-contractors/,/trades-marketing-services/web-design-for-siding-contractors/,Trades,Exterior and structural,Service × Industry Landing Page,Siding contractors,Website Design and CRO,/trades-industries/siding-contractors-marketing-agency/,Index after content threshold,Phase 3,website design and cro for siding contractors,trades-service-industry-sitemap.xml,Consultus campaign matrix pattern
https://www.consultusdigital.com/trades-marketing-services/crm-revops-for-siding-contractors/,/trades-marketing-services/crm-revops-for-siding-contractors/,Trades,Exterior and structural,Service × Industry Landing Page,Siding contractors,CRM and Revenue Operations,/trades-industries/siding-contractors-marketing-agency/,Index after content threshold,Phase 3,crm and revenue operations for siding contractors,trades-service-industry-sitemap.xml,Consultus campaign matrix pattern
https://www.consultusdigital.com/trades-marketing-services/content-marketing-for-siding-contractors/,/trades-marketing-services/content-marketing-for-siding-contractors/,Trades,Exterior and structural,Service × Industry Landing Page,Siding contractors,Content Marketing,/trades-industries/siding-contractors-marketing-agency/,Index after content threshold,Phase 3,content marketing for siding contractors,trades-service-industry-sitemap.xml,Consultus campaign matrix pattern
https://www.consultusdigital.com/trades-marketing-services/ad-creative-for-siding-contractors/,/trades-marketing-services/ad-creative-for-siding-contractors/,Trades,Exterior and structural,Service × Industry Landing Page,Siding contractors,Ad Creative Production,/trades-industries/siding-contractors-marketing-agency/,Index after content threshold,Phase 3,ad creative production for siding contractors,trades-service-industry-sitemap.xml,Consultus campaign matrix pattern
https://www.consultusdigital.com/trades-marketing-services/call-tracking-for-siding-contractors/,/trades-marketing-services/call-tracking-for-siding-contractors/,Trades,Exterior and structural,Service × Industry Landing Page,Siding contractors,Call Tracking and Attribution,/trades-industries/siding-contractors-marketing-agency/,Index after content threshold,Phase 3,call tracking and attribution for siding contractors,trades-service-industry-sitemap.xml,Consultus campaign matrix pattern
https://www.consultusdigital.com/trades-industries/gutter-contractors-marketing-agency/,/trades-industries/gutter-contractors-marketing-agency/,Trades,Exterior and structural,Industry Marketing Agency Page,Gutter contractors,,/trades-industries/exterior-and-structural/,Index,Phase 2,gutter contractors marketing agency,trades-industry-agency-sitemap.xml,https://www.cardinaldigitalmarketing.com/healthcare-specialties/mental-healthcare-providers-agency/
https://www.consultusdigital.com/trades-marketing-services/digital-marketing-for-gutter-contractors/,/trades-marketing-services/digital-marketing-for-gutter-contractors/,Trades,Exterior and structural,Service × Industry Landing Page,Gutter contractors,Digital Marketing Agency,/trades-industries/gutter-contractors-marketing-agency/,Index after content threshold,Phase 3,digital marketing agency for gutter contractors,trades-service-industry-sitemap.xml,Consultus campaign matrix pattern
https://www.consultusdigital.com/trades-marketing-services/google-ads-for-gutter-contractors/,/trades-marketing-services/google-ads-for-gutter-contractors/,Trades,Exterior and structural,Service × Industry Landing Page,Gutter contractors,Google Ads and PPC,/trades-industries/gutter-contractors-marketing-agency/,Index after content threshold,Phase 3,google ads and ppc for gutter contractors,trades-service-industry-sitemap.xml,Consultus campaign matrix pattern
https://www.consultusdigital.com/trades-marketing-services/local-seo-for-gutter-contractors/,/trades-marketing-services/local-seo-for-gutter-contractors/,Trades,Exterior and structural,Service × Industry Landing Page,Gutter contractors,Local SEO,/trades-industries/gutter-contractors-marketing-agency/,Index after content threshold,Phase 3,local seo for gutter contractors,trades-service-industry-sitemap.xml,Consultus campaign matrix pattern
https://www.consultusdigital.com/trades-marketing-services/ai-search-for-gutter-contractors/,/trades-marketing-services/ai-search-for-gutter-contractors/,Trades,Exterior and structural,Service × Industry Landing Page,Gutter contractors,"AEO, GEO and AI Search",/trades-industries/gutter-contractors-marketing-agency/,Index after content threshold,Phase 3,"aeo, geo and ai search for gutter contractors",trades-service-industry-sitemap.xml,Consultus campaign matrix pattern
https://www.consultusdigital.com/trades-marketing-services/paid-social-for-gutter-contractors/,/trades-marketing-services/paid-social-for-gutter-contractors/,Trades,Exterior and structural,Service × Industry Landing Page,Gutter contractors,Paid Social,/trades-industries/gutter-contractors-marketing-agency/,Index after content threshold,Phase 3,paid social for gutter contractors,trades-service-industry-sitemap.xml,Consultus campaign matrix pattern
https://www.consultusdigital.com/trades-marketing-services/web-design-for-gutter-contractors/,/trades-marketing-services/web-design-for-gutter-contractors/,Trades,Exterior and structural,Service × Industry Landing Page,Gutter contractors,Website Design and CRO,/trades-industries/gutter-contractors-marketing-agency/,Index after content threshold,Phase 3,website design and cro for gutter contractors,trades-service-industry-sitemap.xml,Consultus campaign matrix pattern
https://www.consultusdigital.com/trades-marketing-services/crm-revops-for-gutter-contractors/,/trades-marketing-services/crm-revops-for-gutter-contractors/,Trades,Exterior and structural,Service × Industry Landing Page,Gutter contractors,CRM and Revenue Operations,/trades-industries/gutter-contractors-marketing-agency/,Index after content threshold,Phase 3,crm and revenue operations for gutter contractors,trades-service-industry-sitemap.xml,Consultus campaign matrix pattern
https://www.consultusdigital.com/trades-marketing-services/content-marketing-for-gutter-contractors/,/trades-marketing-services/content-marketing-for-gutter-contractors/,Trades,Exterior and structural,Service × Industry Landing Page,Gutter contractors,Content Marketing,/trades-industries/gutter-contractors-marketing-agency/,Index after content threshold,Phase 3,content marketing for gutter contractors,trades-service-industry-sitemap.xml,Consultus campaign matrix pattern
https://www.consultusdigital.com/trades-marketing-services/ad-creative-for-gutter-contractors/,/trades-marketing-services/ad-creative-for-gutter-contractors/,Trades,Exterior and structural,Service × Industry Landing Page,Gutter contractors,Ad Creative Production,/trades-industries/gutter-contractors-marketing-agency/,Index after content threshold,Phase 3,ad creative production for gutter contractors,trades-service-industry-sitemap.xml,Consultus campaign matrix pattern
https://www.consultusdigital.com/trades-marketing-services/call-tracking-for-gutter-contractors/,/trades-marketing-services/call-tracking-for-gutter-contractors/,Trades,Exterior and structural,Service × Industry Landing Page,Gutter contractors,Call Tracking and Attribution,/trades-industries/gutter-contractors-marketing-agency/,Index after content threshold,Phase 3,call tracking and attribution for gutter contractors,trades-service-industry-sitemap.xml,Consultus campaign matrix pattern
https://www.consultusdigital.com/trades-industries/masonry-contractors-marketing-agency/,/trades-industries/masonry-contractors-marketing-agency/,Trades,Exterior and structural,Industry Marketing Agency Page,Masonry contractors,,/trades-industries/exterior-and-structural/,Index,Phase 2,masonry contractors marketing agency,trades-industry-agency-sitemap.xml,https://www.cardinaldigitalmarketing.com/healthcare-specialties/mental-healthcare-providers-agency/
https://www.consultusdigital.com/trades-marketing-services/digital-marketing-for-masonry-contractors/,/trades-marketing-services/digital-marketing-for-masonry-contractors/,Trades,Exterior and structural,Service × Industry Landing Page,Masonry contractors,Digital Marketing Agency,/trades-industries/masonry-contractors-marketing-agency/,Index after content threshold,Phase 3,digital marketing agency for masonry contractors,trades-service-industry-sitemap.xml,Consultus campaign matrix pattern
https://www.consultusdigital.com/trades-marketing-services/google-ads-for-masonry-contractors/,/trades-marketing-services/google-ads-for-masonry-contractors/,Trades,Exterior and structural,Service × Industry Landing Page,Masonry contractors,Google Ads and PPC,/trades-industries/masonry-contractors-marketing-agency/,Index after content threshold,Phase 3,google ads and ppc for masonry contractors,trades-service-industry-sitemap.xml,Consultus campaign matrix pattern
https://www.consultusdigital.com/trades-marketing-services/local-seo-for-masonry-contractors/,/trades-marketing-services/local-seo-for-masonry-contractors/,Trades,Exterior and structural,Service × Industry Landing Page,Masonry contractors,Local SEO,/trades-industries/masonry-contractors-marketing-agency/,Index after content threshold,Phase 3,local seo for masonry contractors,trades-service-industry-sitemap.xml,Consultus campaign matrix pattern
https://www.consultusdigital.com/trades-marketing-services/ai-search-for-masonry-contractors/,/trades-marketing-services/ai-search-for-masonry-contractors/,Trades,Exterior and structural,Service × Industry Landing Page,Masonry contractors,"AEO, GEO and AI Search",/trades-industries/masonry-contractors-marketing-agency/,Index after content threshold,Phase 3,"aeo, geo and ai search for masonry contractors",trades-service-industry-sitemap.xml,Consultus campaign matrix pattern
https://www.consultusdigital.com/trades-marketing-services/paid-social-for-masonry-contractors/,/trades-marketing-services/paid-social-for-masonry-contractors/,Trades,Exterior and structural,Service × Industry Landing Page,Masonry contractors,Paid Social,/trades-industries/masonry-contractors-marketing-agency/,Index after content threshold,Phase 3,paid social for masonry contractors,trades-service-industry-sitemap.xml,Consultus campaign matrix pattern
https://www.consultusdigital.com/trades-marketing-services/web-design-for-masonry-contractors/,/trades-marketing-services/web-design-for-masonry-contractors/,Trades,Exterior and structural,Service × Industry Landing Page,Masonry contractors,Website Design and CRO,/trades-industries/masonry-contractors-marketing-agency/,Index after content threshold,Phase 3,website design and cro for masonry contractors,trades-service-industry-sitemap.xml,Consultus campaign matrix pattern
https://www.consultusdigital.com/trades-marketing-services/crm-revops-for-masonry-contractors/,/trades-marketing-services/crm-revops-for-masonry-contractors/,Trades,Exterior and structural,Service × Industry Landing Page,Masonry contractors,CRM and Revenue Operations,/trades-industries/masonry-contractors-marketing-agency/,Index after content threshold,Phase 3,crm and revenue operations for masonry contractors,trades-service-industry-sitemap.xml,Consultus campaign matrix pattern
https://www.consultusdigital.com/trades-marketing-services/content-marketing-for-masonry-contractors/,/trades-marketing-services/content-marketing-for-masonry-contractors/,Trades,Exterior and structural,Service × Industry Landing Page,Masonry contractors,Content Marketing,/trades-industries/masonry-contractors-marketing-agency/,Index after content threshold,Phase 3,content marketing for masonry contractors,trades-service-industry-sitemap.xml,Consultus campaign matrix pattern
https://www.consultusdigital.com/trades-marketing-services/ad-creative-for-masonry-contractors/,/trades-marketing-services/ad-creative-for-masonry-contractors/,Trades,Exterior and structural,Service × Industry Landing Page,Masonry contractors,Ad Creative Production,/trades-industries/masonry-contractors-marketing-agency/,Index after content threshold,Phase 3,ad creative production for masonry contractors,trades-service-industry-sitemap.xml,Consultus campaign matrix pattern
https://www.consultusdigital.com/trades-marketing-services/call-tracking-for-masonry-contractors/,/trades-marketing-services/call-tracking-for-masonry-contractors/,Trades,Exterior and structural,Service × Industry Landing Page,Masonry contractors,Call Tracking and Attribution,/trades-industries/masonry-contractors-marketing-agency/,Index after content threshold,Phase 3,call tracking and attribution for masonry contractors,trades-service-industry-sitemap.xml,Consultus campaign matrix pattern
https://www.consultusdigital.com/trades-industries/concrete-contractors-marketing-agency/,/trades-industries/concrete-contractors-marketing-agency/,Trades,Exterior and structural,Industry Marketing Agency Page,Concrete contractors,,/trades-industries/exterior-and-structural/,Index,Phase 2,concrete contractors marketing agency,trades-industry-agency-sitemap.xml,https://www.cardinaldigitalmarketing.com/healthcare-specialties/mental-healthcare-providers-agency/
https://www.consultusdigital.com/trades-marketing-services/digital-marketing-for-concrete-contractors/,/trades-marketing-services/digital-marketing-for-concrete-contractors/,Trades,Exterior and structural,Service × Industry Landing Page,Concrete contractors,Digital Marketing Agency,/trades-industries/concrete-contractors-marketing-agency/,Index after content threshold,Phase 3,digital marketing agency for concrete contractors,trades-service-industry-sitemap.xml,Consultus campaign matrix pattern
https://www.consultusdigital.com/trades-marketing-services/google-ads-for-concrete-contractors/,/trades-marketing-services/google-ads-for-concrete-contractors/,Trades,Exterior and structural,Service × Industry Landing Page,Concrete contractors,Google Ads and PPC,/trades-industries/concrete-contractors-marketing-agency/,Index after content threshold,Phase 3,google ads and ppc for concrete contractors,trades-service-industry-sitemap.xml,Consultus campaign matrix pattern
https://www.consultusdigital.com/trades-marketing-services/local-seo-for-concrete-contractors/,/trades-marketing-services/local-seo-for-concrete-contractors/,Trades,Exterior and structural,Service × Industry Landing Page,Concrete contractors,Local SEO,/trades-industries/concrete-contractors-marketing-agency/,Index after content threshold,Phase 3,local seo for concrete contractors,trades-service-industry-sitemap.xml,Consultus campaign matrix pattern
https://www.consultusdigital.com/trades-marketing-services/ai-search-for-concrete-contractors/,/trades-marketing-services/ai-search-for-concrete-contractors/,Trades,Exterior and structural,Service × Industry Landing Page,Concrete contractors,"AEO, GEO and AI Search",/trades-industries/concrete-contractors-marketing-agency/,Index after content threshold,Phase 3,"aeo, geo and ai search for concrete contractors",trades-service-industry-sitemap.xml,Consultus campaign matrix pattern
https://www.consultusdigital.com/trades-marketing-services/paid-social-for-concrete-contractors/,/trades-marketing-services/paid-social-for-concrete-contractors/,Trades,Exterior and structural,Service × Industry Landing Page,Concrete contractors,Paid Social,/trades-industries/concrete-contractors-marketing-agency/,Index after content threshold,Phase 3,paid social for concrete contractors,trades-service-industry-sitemap.xml,Consultus campaign matrix pattern
https://www.consultusdigital.com/trades-marketing-services/web-design-for-concrete-contractors/,/trades-marketing-services/web-design-for-concrete-contractors/,Trades,Exterior and structural,Service × Industry Landing Page,Concrete contractors,Website Design and CRO,/trades-industries/concrete-contractors-marketing-agency/,Index after content threshold,Phase 3,website design and cro for concrete contractors,trades-service-industry-sitemap.xml,Consultus campaign matrix pattern
https://www.consultusdigital.com/trades-marketing-services/crm-revops-for-concrete-contractors/,/trades-marketing-services/crm-revops-for-concrete-contractors/,Trades,Exterior and structural,Service × Industry Landing Page,Concrete contractors,CRM and Revenue Operations,/trades-industries/concrete-contractors-marketing-agency/,Index after content threshold,Phase 3,crm and revenue operations for concrete contractors,trades-service-industry-sitemap.xml,Consultus campaign matrix pattern
https://www.consultusdigital.com/trades-marketing-services/content-marketing-for-concrete-contractors/,/trades-marketing-services/content-marketing-for-concrete-contractors/,Trades,Exterior and structural,Service × Industry Landing Page,Concrete contractors,Content Marketing,/trades-industries/concrete-contractors-marketing-agency/,Index after content threshold,Phase 3,content marketing for concrete contractors,trades-service-industry-sitemap.xml,Consultus campaign matrix pattern
https://www.consultusdigital.com/trades-marketing-services/ad-creative-for-concrete-contractors/,/trades-marketing-services/ad-creative-for-concrete-contractors/,Trades,Exterior and structural,Service × Industry Landing Page,Concrete contractors,Ad Creative Production,/trades-industries/concrete-contractors-marketing-agency/,Index after content threshold,Phase 3,ad creative production for concrete contractors,trades-service-industry-sitemap.xml,Consultus campaign matrix pattern
https://www.consultusdigital.com/trades-marketing-services/call-tracking-for-concrete-contractors/,/trades-marketing-services/call-tracking-for-concrete-contractors/,Trades,Exterior and structural,Service × Industry Landing Page,Concrete contractors,Call Tracking and Attribution,/trades-industries/concrete-contractors-marketing-agency/,Index after content threshold,Phase 3,call tracking and attribution for concrete contractors,trades-service-industry-sitemap.xml,Consultus campaign matrix pattern
https://www.consultusdigital.com/trades-industries/foundation-repair-companies-marketing-agency/,/trades-industries/foundation-repair-companies-marketing-agency/,Trades,Exterior and structural,Industry Marketing Agency Page,Foundation repair companies,,/trades-industries/exterior-and-structural/,Index,Phase 2,foundation repair companies marketing agency,trades-industry-agency-sitemap.xml,https://www.cardinaldigitalmarketing.com/healthcare-specialties/mental-healthcare-providers-agency/
https://www.consultusdigital.com/trades-marketing-services/digital-marketing-for-foundation-repair-companies/,/trades-marketing-services/digital-marketing-for-foundation-repair-companies/,Trades,Exterior and structural,Service × Industry Landing Page,Foundation repair companies,Digital Marketing Agency,/trades-industries/foundation-repair-companies-marketing-agency/,Index after content threshold,Phase 3,digital marketing agency for foundation repair companies,trades-service-industry-sitemap.xml,Consultus campaign matrix pattern
https://www.consultusdigital.com/trades-marketing-services/google-ads-for-foundation-repair-companies/,/trades-marketing-services/google-ads-for-foundation-repair-companies/,Trades,Exterior and structural,Service × Industry Landing Page,Foundation repair companies,Google Ads and PPC,/trades-industries/foundation-repair-companies-marketing-agency/,Index after content threshold,Phase 3,google ads and ppc for foundation repair companies,trades-service-industry-sitemap.xml,Consultus campaign matrix pattern
https://www.consultusdigital.com/trades-marketing-services/local-seo-for-foundation-repair-companies/,/trades-marketing-services/local-seo-for-foundation-repair-companies/,Trades,Exterior and structural,Service × Industry Landing Page,Foundation repair companies,Local SEO,/trades-industries/foundation-repair-companies-marketing-agency/,Index after content threshold,Phase 3,local seo for foundation repair companies,trades-service-industry-sitemap.xml,Consultus campaign matrix pattern
https://www.consultusdigital.com/trades-marketing-services/ai-search-for-foundation-repair-companies/,/trades-marketing-services/ai-search-for-foundation-repair-companies/,Trades,Exterior and structural,Service × Industry Landing Page,Foundation repair companies,"AEO, GEO and AI Search",/trades-industries/foundation-repair-companies-marketing-agency/,Index after content threshold,Phase 3,"aeo, geo and ai search for foundation repair companies",trades-service-industry-sitemap.xml,Consultus campaign matrix pattern
https://www.consultusdigital.com/trades-marketing-services/paid-social-for-foundation-repair-companies/,/trades-marketing-services/paid-social-for-foundation-repair-companies/,Trades,Exterior and structural,Service × Industry Landing Page,Foundation repair companies,Paid Social,/trades-industries/foundation-repair-companies-marketing-agency/,Index after content threshold,Phase 3,paid social for foundation repair companies,trades-service-industry-sitemap.xml,Consultus campaign matrix pattern
https://www.consultusdigital.com/trades-marketing-services/web-design-for-foundation-repair-companies/,/trades-marketing-services/web-design-for-foundation-repair-companies/,Trades,Exterior and structural,Service × Industry Landing Page,Foundation repair companies,Website Design and CRO,/trades-industries/foundation-repair-companies-marketing-agency/,Index after content threshold,Phase 3,website design and cro for foundation repair companies,trades-service-industry-sitemap.xml,Consultus campaign matrix pattern
https://www.consultusdigital.com/trades-marketing-services/crm-revops-for-foundation-repair-companies/,/trades-marketing-services/crm-revops-for-foundation-repair-companies/,Trades,Exterior and structural,Service × Industry Landing Page,Foundation repair companies,CRM and Revenue Operations,/trades-industries/foundation-repair-companies-marketing-agency/,Index after content threshold,Phase 3,crm and revenue operations for foundation repair companies,trades-service-industry-sitemap.xml,Consultus campaign matrix pattern
https://www.consultusdigital.com/trades-marketing-services/content-marketing-for-foundation-repair-companies/,/trades-marketing-services/content-marketing-for-foundation-repair-companies/,Trades,Exterior and structural,Service × Industry Landing Page,Foundation repair companies,Content Marketing,/trades-industries/foundation-repair-companies-marketing-agency/,Index after content threshold,Phase 3,content marketing for foundation repair companies,trades-service-industry-sitemap.xml,Consultus campaign matrix pattern
https://www.consultusdigital.com/trades-marketing-services/ad-creative-for-foundation-repair-companies/,/trades-marketing-services/ad-creative-for-foundation-repair-companies/,Trades,Exterior and structural,Service × Industry Landing Page,Foundation repair companies,Ad Creative Production,/trades-industries/foundation-repair-companies-marketing-agency/,Index after content threshold,Phase 3,ad creative production for foundation repair companies,trades-service-industry-sitemap.xml,Consultus campaign matrix pattern
https://www.consultusdigital.com/trades-marketing-services/call-tracking-for-foundation-repair-companies/,/trades-marketing-services/call-tracking-for-foundation-repair-companies/,Trades,Exterior and structural,Service × Industry Landing Page,Foundation repair companies,Call Tracking and Attribution,/trades-industries/foundation-repair-companies-marketing-agency/,Index after content threshold,Phase 3,call tracking and attribution for foundation repair companies,trades-service-industry-sitemap.xml,Consultus campaign matrix pattern
https://www.consultusdigital.com/trades-industries/structural-repair-contractors-marketing-agency/,/trades-industries/structural-repair-contractors-marketing-agency/,Trades,Exterior and structural,Industry Marketing Agency Page,Structural repair contractors,,/trades-industries/exterior-and-structural/,Index,Phase 2,structural repair contractors marketing agency,trades-industry-agency-sitemap.xml,https://www.cardinaldigitalmarketing.com/healthcare-specialties/mental-healthcare-providers-agency/
https://www.consultusdigital.com/trades-marketing-services/digital-marketing-for-structural-repair-contractors/,/trades-marketing-services/digital-marketing-for-structural-repair-contractors/,Trades,Exterior and structural,Service × Industry Landing Page,Structural repair contractors,Digital Marketing Agency,/trades-industries/structural-repair-contractors-marketing-agency/,Index after content threshold,Phase 3,digital marketing agency for structural repair contractors,trades-service-industry-sitemap.xml,Consultus campaign matrix pattern
https://www.consultusdigital.com/trades-marketing-services/google-ads-for-structural-repair-contractors/,/trades-marketing-services/google-ads-for-structural-repair-contractors/,Trades,Exterior and structural,Service × Industry Landing Page,Structural repair contractors,Google Ads and PPC,/trades-industries/structural-repair-contractors-marketing-agency/,Index after content threshold,Phase 3,google ads and ppc for structural repair contractors,trades-service-industry-sitemap.xml,Consultus campaign matrix pattern
https://www.consultusdigital.com/trades-marketing-services/local-seo-for-structural-repair-contractors/,/trades-marketing-services/local-seo-for-structural-repair-contractors/,Trades,Exterior and structural,Service × Industry Landing Page,Structural repair contractors,Local SEO,/trades-industries/structural-repair-contractors-marketing-agency/,Index after content threshold,Phase 3,local seo for structural repair contractors,trades-service-industry-sitemap.xml,Consultus campaign matrix pattern
https://www.consultusdigital.com/trades-marketing-services/ai-search-for-structural-repair-contractors/,/trades-marketing-services/ai-search-for-structural-repair-contractors/,Trades,Exterior and structural,Service × Industry Landing Page,Structural repair contractors,"AEO, GEO and AI Search",/trades-industries/structural-repair-contractors-marketing-agency/,Index after content threshold,Phase 3,"aeo, geo and ai search for structural repair contractors",trades-service-industry-sitemap.xml,Consultus campaign matrix pattern
https://www.consultusdigital.com/trades-marketing-services/paid-social-for-structural-repair-contractors/,/trades-marketing-services/paid-social-for-structural-repair-contractors/,Trades,Exterior and structural,Service × Industry Landing Page,Structural repair contractors,Paid Social,/trades-industries/structural-repair-contractors-marketing-agency/,Index after content threshold,Phase 3,paid social for structural repair contractors,trades-service-industry-sitemap.xml,Consultus campaign matrix pattern
https://www.consultusdigital.com/trades-marketing-services/web-design-for-structural-repair-contractors/,/trades-marketing-services/web-design-for-structural-repair-contractors/,Trades,Exterior and structural,Service × Industry Landing Page,Structural repair contractors,Website Design and CRO,/trades-industries/structural-repair-contractors-marketing-agency/,Index after content threshold,Phase 3,website design and cro for structural repair contractors,trades-service-industry-sitemap.xml,Consultus campaign matrix pattern
https://www.consultusdigital.com/trades-marketing-services/crm-revops-for-structural-repair-contractors/,/trades-marketing-services/crm-revops-for-structural-repair-contractors/,Trades,Exterior and structural,Service × Industry Landing Page,Structural repair contractors,CRM and Revenue Operations,/trades-industries/structural-repair-contractors-marketing-agency/,Index after content threshold,Phase 3,crm and revenue operations for structural repair contractors,trades-service-industry-sitemap.xml,Consultus campaign matrix pattern
https://www.consultusdigital.com/trades-marketing-services/content-marketing-for-structural-repair-contractors/,/trades-marketing-services/content-marketing-for-structural-repair-contractors/,Trades,Exterior and structural,Service × Industry Landing Page,Structural repair contractors,Content Marketing,/trades-industries/structural-repair-contractors-marketing-agency/,Index after content threshold,Phase 3,content marketing for structural repair contractors,trades-service-industry-sitemap.xml,Consultus campaign matrix pattern
https://www.consultusdigital.com/trades-marketing-services/ad-creative-for-structural-repair-contractors/,/trades-marketing-services/ad-creative-for-structural-repair-contractors/,Trades,Exterior and structural,Service × Industry Landing Page,Structural repair contractors,Ad Creative Production,/trades-industries/structural-repair-contractors-marketing-agency/,Index after content threshold,Phase 3,ad creative production for structural repair contractors,trades-service-industry-sitemap.xml,Consultus campaign matrix pattern
https://www.consultusdigital.com/trades-marketing-services/call-tracking-for-structural-repair-contractors/,/trades-marketing-services/call-tracking-for-structural-repair-contractors/,Trades,Exterior and structural,Service × Industry Landing Page,Structural repair contractors,Call Tracking and Attribution,/trades-industries/structural-repair-contractors-marketing-agency/,Index after content threshold,Phase 3,call tracking and attribution for structural repair contractors,trades-service-industry-sitemap.xml,Consultus campaign matrix pattern
https://www.consultusdigital.com/trades-industries/deck-builders-marketing-agency/,/trades-industries/deck-builders-marketing-agency/,Trades,Exterior and structural,Industry Marketing Agency Page,Deck builders,,/trades-industries/exterior-and-structural/,Index,Phase 2,deck builders marketing agency,trades-industry-agency-sitemap.xml,https://www.cardinaldigitalmarketing.com/healthcare-specialties/mental-healthcare-providers-agency/
https://www.consultusdigital.com/trades-marketing-services/digital-marketing-for-deck-builders/,/trades-marketing-services/digital-marketing-for-deck-builders/,Trades,Exterior and structural,Service × Industry Landing Page,Deck builders,Digital Marketing Agency,/trades-industries/deck-builders-marketing-agency/,Index after content threshold,Phase 3,digital marketing agency for deck builders,trades-service-industry-sitemap.xml,Consultus campaign matrix pattern
https://www.consultusdigital.com/trades-marketing-services/google-ads-for-deck-builders/,/trades-marketing-services/google-ads-for-deck-builders/,Trades,Exterior and structural,Service × Industry Landing Page,Deck builders,Google Ads and PPC,/trades-industries/deck-builders-marketing-agency/,Index after content threshold,Phase 3,google ads and ppc for deck builders,trades-service-industry-sitemap.xml,Consultus campaign matrix pattern
https://www.consultusdigital.com/trades-marketing-services/local-seo-for-deck-builders/,/trades-marketing-services/local-seo-for-deck-builders/,Trades,Exterior and structural,Service × Industry Landing Page,Deck builders,Local SEO,/trades-industries/deck-builders-marketing-agency/,Index after content threshold,Phase 3,local seo for deck builders,trades-service-industry-sitemap.xml,Consultus campaign matrix pattern
https://www.consultusdigital.com/trades-marketing-services/ai-search-for-deck-builders/,/trades-marketing-services/ai-search-for-deck-builders/,Trades,Exterior and structural,Service × Industry Landing Page,Deck builders,"AEO, GEO and AI Search",/trades-industries/deck-builders-marketing-agency/,Index after content threshold,Phase 3,"aeo, geo and ai search for deck builders",trades-service-industry-sitemap.xml,Consultus campaign matrix pattern
https://www.consultusdigital.com/trades-marketing-services/paid-social-for-deck-builders/,/trades-marketing-services/paid-social-for-deck-builders/,Trades,Exterior and structural,Service × Industry Landing Page,Deck builders,Paid Social,/trades-industries/deck-builders-marketing-agency/,Index after content threshold,Phase 3,paid social for deck builders,trades-service-industry-sitemap.xml,Consultus campaign matrix pattern
https://www.consultusdigital.com/trades-marketing-services/web-design-for-deck-builders/,/trades-marketing-services/web-design-for-deck-builders/,Trades,Exterior and structural,Service × Industry Landing Page,Deck builders,Website Design and CRO,/trades-industries/deck-builders-marketing-agency/,Index after content threshold,Phase 3,website design and cro for deck builders,trades-service-industry-sitemap.xml,Consultus campaign matrix pattern
https://www.consultusdigital.com/trades-marketing-services/crm-revops-for-deck-builders/,/trades-marketing-services/crm-revops-for-deck-builders/,Trades,Exterior and structural,Service × Industry Landing Page,Deck builders,CRM and Revenue Operations,/trades-industries/deck-builders-marketing-agency/,Index after content threshold,Phase 3,crm and revenue operations for deck builders,trades-service-industry-sitemap.xml,Consultus campaign matrix pattern
https://www.consultusdigital.com/trades-marketing-services/content-marketing-for-deck-builders/,/trades-marketing-services/content-marketing-for-deck-builders/,Trades,Exterior and structural,Service × Industry Landing Page,Deck builders,Content Marketing,/trades-industries/deck-builders-marketing-agency/,Index after content threshold,Phase 3,content marketing for deck builders,trades-service-industry-sitemap.xml,Consultus campaign matrix pattern
https://www.consultusdigital.com/trades-marketing-services/ad-creative-for-deck-builders/,/trades-marketing-services/ad-creative-for-deck-builders/,Trades,Exterior and structural,Service × Industry Landing Page,Deck builders,Ad Creative Production,/trades-industries/deck-builders-marketing-agency/,Index after content threshold,Phase 3,ad creative production for deck builders,trades-service-industry-sitemap.xml,Consultus campaign matrix pattern
https://www.consultusdigital.com/trades-marketing-services/call-tracking-for-deck-builders/,/trades-marketing-services/call-tracking-for-deck-builders/,Trades,Exterior and structural,Service × Industry Landing Page,Deck builders,Call Tracking and Attribution,/trades-industries/deck-builders-marketing-agency/,Index after content threshold,Phase 3,call tracking and attribution for deck builders,trades-service-industry-sitemap.xml,Consultus campaign matrix pattern
https://www.consultusdigital.com/trades-industries/fence-contractors-marketing-agency/,/trades-industries/fence-contractors-marketing-agency/,Trades,Exterior and structural,Industry Marketing Agency Page,Fence contractors,,/trades-industries/exterior-and-structural/,Index,Phase 2,fence contractors marketing agency,trades-industry-agency-sitemap.xml,https://www.cardinaldigitalmarketing.com/healthcare-specialties/mental-healthcare-providers-agency/
https://www.consultusdigital.com/trades-marketing-services/digital-marketing-for-fence-contractors/,/trades-marketing-services/digital-marketing-for-fence-contractors/,Trades,Exterior and structural,Service × Industry Landing Page,Fence contractors,Digital Marketing Agency,/trades-industries/fence-contractors-marketing-agency/,Index after content threshold,Phase 3,digital marketing agency for fence contractors,trades-service-industry-sitemap.xml,Consultus campaign matrix pattern
https://www.consultusdigital.com/trades-marketing-services/google-ads-for-fence-contractors/,/trades-marketing-services/google-ads-for-fence-contractors/,Trades,Exterior and structural,Service × Industry Landing Page,Fence contractors,Google Ads and PPC,/trades-industries/fence-contractors-marketing-agency/,Index after content threshold,Phase 3,google ads and ppc for fence contractors,trades-service-industry-sitemap.xml,Consultus campaign matrix pattern
https://www.consultusdigital.com/trades-marketing-services/local-seo-for-fence-contractors/,/trades-marketing-services/local-seo-for-fence-contractors/,Trades,Exterior and structural,Service × Industry Landing Page,Fence contractors,Local SEO,/trades-industries/fence-contractors-marketing-agency/,Index after content threshold,Phase 3,local seo for fence contractors,trades-service-industry-sitemap.xml,Consultus campaign matrix pattern
https://www.consultusdigital.com/trades-marketing-services/ai-search-for-fence-contractors/,/trades-marketing-services/ai-search-for-fence-contractors/,Trades,Exterior and structural,Service × Industry Landing Page,Fence contractors,"AEO, GEO and AI Search",/trades-industries/fence-contractors-marketing-agency/,Index after content threshold,Phase 3,"aeo, geo and ai search for fence contractors",trades-service-industry-sitemap.xml,Consultus campaign matrix pattern
https://www.consultusdigital.com/trades-marketing-services/paid-social-for-fence-contractors/,/trades-marketing-services/paid-social-for-fence-contractors/,Trades,Exterior and structural,Service × Industry Landing Page,Fence contractors,Paid Social,/trades-industries/fence-contractors-marketing-agency/,Index after content threshold,Phase 3,paid social for fence contractors,trades-service-industry-sitemap.xml,Consultus campaign matrix pattern
https://www.consultusdigital.com/trades-marketing-services/web-design-for-fence-contractors/,/trades-marketing-services/web-design-for-fence-contractors/,Trades,Exterior and structural,Service × Industry Landing Page,Fence contractors,Website Design and CRO,/trades-industries/fence-contractors-marketing-agency/,Index after content threshold,Phase 3,website design and cro for fence contractors,trades-service-industry-sitemap.xml,Consultus campaign matrix pattern
https://www.consultusdigital.com/trades-marketing-services/crm-revops-for-fence-contractors/,/trades-marketing-services/crm-revops-for-fence-contractors/,Trades,Exterior and structural,Service × Industry Landing Page,Fence contractors,CRM and Revenue Operations,/trades-industries/fence-contractors-marketing-agency/,Index after content threshold,Phase 3,crm and revenue operations for fence contractors,trades-service-industry-sitemap.xml,Consultus campaign matrix pattern
https://www.consultusdigital.com/trades-marketing-services/content-marketing-for-fence-contractors/,/trades-marketing-services/content-marketing-for-fence-contractors/,Trades,Exterior and structural,Service × Industry Landing Page,Fence contractors,Content Marketing,/trades-industries/fence-contractors-marketing-agency/,Index after content threshold,Phase 3,content marketing for fence contractors,trades-service-industry-sitemap.xml,Consultus campaign matrix pattern
https://www.consultusdigital.com/trades-marketing-services/ad-creative-for-fence-contractors/,/trades-marketing-services/ad-creative-for-fence-contractors/,Trades,Exterior and structural,Service × Industry Landing Page,Fence contractors,Ad Creative Production,/trades-industries/fence-contractors-marketing-agency/,Index after content threshold,Phase 3,ad creative production for fence contractors,trades-service-industry-sitemap.xml,Consultus campaign matrix pattern
https://www.consultusdigital.com/trades-marketing-services/call-tracking-for-fence-contractors/,/trades-marketing-services/call-tracking-for-fence-contractors/,Trades,Exterior and structural,Service × Industry Landing Page,Fence contractors,Call Tracking and Attribution,/trades-industries/fence-contractors-marketing-agency/,Index after content threshold,Phase 3,call tracking and attribution for fence contractors,trades-service-industry-sitemap.xml,Consultus campaign matrix pattern
https://www.consultusdigital.com/trades-industries/window-and-door-companies-marketing-agency/,/trades-industries/window-and-door-companies-marketing-agency/,Trades,Exterior and structural,Industry Marketing Agency Page,Window and door companies,,/trades-industries/exterior-and-structural/,Index,Phase 2,window and door companies marketing agency,trades-industry-agency-sitemap.xml,https://www.cardinaldigitalmarketing.com/healthcare-specialties/mental-healthcare-providers-agency/
https://www.consultusdigital.com/trades-marketing-services/digital-marketing-for-window-and-door-companies/,/trades-marketing-services/digital-marketing-for-window-and-door-companies/,Trades,Exterior and structural,Service × Industry Landing Page,Window and door companies,Digital Marketing Agency,/trades-industries/window-and-door-companies-marketing-agency/,Index after content threshold,Phase 3,digital marketing agency for window and door companies,trades-service-industry-sitemap.xml,Consultus campaign matrix pattern
https://www.consultusdigital.com/trades-marketing-services/google-ads-for-window-and-door-companies/,/trades-marketing-services/google-ads-for-window-and-door-companies/,Trades,Exterior and structural,Service × Industry Landing Page,Window and door companies,Google Ads and PPC,/trades-industries/window-and-door-companies-marketing-agency/,Index after content threshold,Phase 3,google ads and ppc for window and door companies,trades-service-industry-sitemap.xml,Consultus campaign matrix pattern
https://www.consultusdigital.com/trades-marketing-services/local-seo-for-window-and-door-companies/,/trades-marketing-services/local-seo-for-window-and-door-companies/,Trades,Exterior and structural,Service × Industry Landing Page,Window and door companies,Local SEO,/trades-industries/window-and-door-companies-marketing-agency/,Index after content threshold,Phase 3,local seo for window and door companies,trades-service-industry-sitemap.xml,Consultus campaign matrix pattern
https://www.consultusdigital.com/trades-marketing-services/ai-search-for-window-and-door-companies/,/trades-marketing-services/ai-search-for-window-and-door-companies/,Trades,Exterior and structural,Service × Industry Landing Page,Window and door companies,"AEO, GEO and AI Search",/trades-industries/window-and-door-companies-marketing-agency/,Index after content threshold,Phase 3,"aeo, geo and ai search for window and door companies",trades-service-industry-sitemap.xml,Consultus campaign matrix pattern
https://www.consultusdigital.com/trades-marketing-services/paid-social-for-window-and-door-companies/,/trades-marketing-services/paid-social-for-window-and-door-companies/,Trades,Exterior and structural,Service × Industry Landing Page,Window and door companies,Paid Social,/trades-industries/window-and-door-companies-marketing-agency/,Index after content threshold,Phase 3,paid social for window and door companies,trades-service-industry-sitemap.xml,Consultus campaign matrix pattern
https://www.consultusdigital.com/trades-marketing-services/web-design-for-window-and-door-companies/,/trades-marketing-services/web-design-for-window-and-door-companies/,Trades,Exterior and structural,Service × Industry Landing Page,Window and door companies,Website Design and CRO,/trades-industries/window-and-door-companies-marketing-agency/,Index after content threshold,Phase 3,website design and cro for window and door companies,trades-service-industry-sitemap.xml,Consultus campaign matrix pattern
https://www.consultusdigital.com/trades-marketing-services/crm-revops-for-window-and-door-companies/,/trades-marketing-services/crm-revops-for-window-and-door-companies/,Trades,Exterior and structural,Service × Industry Landing Page,Window and door companies,CRM and Revenue Operations,/trades-industries/window-and-door-companies-marketing-agency/,Index after content threshold,Phase 3,crm and revenue operations for window and door companies,trades-service-industry-sitemap.xml,Consultus campaign matrix pattern
https://www.consultusdigital.com/trades-marketing-services/content-marketing-for-window-and-door-companies/,/trades-marketing-services/content-marketing-for-window-and-door-companies/,Trades,Exterior and structural,Service × Industry Landing Page,Window and door companies,Content Marketing,/trades-industries/window-and-door-companies-marketing-agency/,Index after content threshold,Phase 3,content marketing for window and door companies,trades-service-industry-sitemap.xml,Consultus campaign matrix pattern
https://www.consultusdigital.com/trades-marketing-services/ad-creative-for-window-and-door-companies/,/trades-marketing-services/ad-creative-for-window-and-door-companies/,Trades,Exterior and structural,Service × Industry Landing Page,Window and door companies,Ad Creative Production,/trades-industries/window-and-door-companies-marketing-agency/,Index after content threshold,Phase 3,ad creative production for window and door companies,trades-service-industry-sitemap.xml,Consultus campaign matrix pattern
https://www.consultusdigital.com/trades-marketing-services/call-tracking-for-window-and-door-companies/,/trades-marketing-services/call-tracking-for-window-and-door-companies/,Trades,Exterior and structural,Service × Industry Landing Page,Window and door companies,Call Tracking and Attribution,/trades-industries/window-and-door-companies-marketing-agency/,Index after content threshold,Phase 3,call tracking and attribution for window and door companies,trades-service-industry-sitemap.xml,Consultus campaign matrix pattern
https://www.consultusdigital.com/trades-industries/garage-door-companies-marketing-agency/,/trades-industries/garage-door-companies-marketing-agency/,Trades,Exterior and structural,Industry Marketing Agency Page,Garage door companies,,/trades-industries/exterior-and-structural/,Index,Phase 2,garage door companies marketing agency,trades-industry-agency-sitemap.xml,https://www.cardinaldigitalmarketing.com/healthcare-specialties/mental-healthcare-providers-agency/
https://www.consultusdigital.com/trades-marketing-services/digital-marketing-for-garage-door-companies/,/trades-marketing-services/digital-marketing-for-garage-door-companies/,Trades,Exterior and structural,Service × Industry Landing Page,Garage door companies,Digital Marketing Agency,/trades-industries/garage-door-companies-marketing-agency/,Index after content threshold,Phase 3,digital marketing agency for garage door companies,trades-service-industry-sitemap.xml,Consultus campaign matrix pattern
https://www.consultusdigital.com/trades-marketing-services/google-ads-for-garage-door-companies/,/trades-marketing-services/google-ads-for-garage-door-companies/,Trades,Exterior and structural,Service × Industry Landing Page,Garage door companies,Google Ads and PPC,/trades-industries/garage-door-companies-marketing-agency/,Index after content threshold,Phase 3,google ads and ppc for garage door companies,trades-service-industry-sitemap.xml,Consultus campaign matrix pattern
https://www.consultusdigital.com/trades-marketing-services/local-seo-for-garage-door-companies/,/trades-marketing-services/local-seo-for-garage-door-companies/,Trades,Exterior and structural,Service × Industry Landing Page,Garage door companies,Local SEO,/trades-industries/garage-door-companies-marketing-agency/,Index after content threshold,Phase 3,local seo for garage door companies,trades-service-industry-sitemap.xml,Consultus campaign matrix pattern
https://www.consultusdigital.com/trades-marketing-services/ai-search-for-garage-door-companies/,/trades-marketing-services/ai-search-for-garage-door-companies/,Trades,Exterior and structural,Service × Industry Landing Page,Garage door companies,"AEO, GEO and AI Search",/trades-industries/garage-door-companies-marketing-agency/,Index after content threshold,Phase 3,"aeo, geo and ai search for garage door companies",trades-service-industry-sitemap.xml,Consultus campaign matrix pattern
https://www.consultusdigital.com/trades-marketing-services/paid-social-for-garage-door-companies/,/trades-marketing-services/paid-social-for-garage-door-companies/,Trades,Exterior and structural,Service × Industry Landing Page,Garage door companies,Paid Social,/trades-industries/garage-door-companies-marketing-agency/,Index after content threshold,Phase 3,paid social for garage door companies,trades-service-industry-sitemap.xml,Consultus campaign matrix pattern
https://www.consultusdigital.com/trades-marketing-services/web-design-for-garage-door-companies/,/trades-marketing-services/web-design-for-garage-door-companies/,Trades,Exterior and structural,Service × Industry Landing Page,Garage door companies,Website Design and CRO,/trades-industries/garage-door-companies-marketing-agency/,Index after content threshold,Phase 3,website design and cro for garage door companies,trades-service-industry-sitemap.xml,Consultus campaign matrix pattern
https://www.consultusdigital.com/trades-marketing-services/crm-revops-for-garage-door-companies/,/trades-marketing-services/crm-revops-for-garage-door-companies/,Trades,Exterior and structural,Service × Industry Landing Page,Garage door companies,CRM and Revenue Operations,/trades-industries/garage-door-companies-marketing-agency/,Index after content threshold,Phase 3,crm and revenue operations for garage door companies,trades-service-industry-sitemap.xml,Consultus campaign matrix pattern
https://www.consultusdigital.com/trades-marketing-services/content-marketing-for-garage-door-companies/,/trades-marketing-services/content-marketing-for-garage-door-companies/,Trades,Exterior and structural,Service × Industry Landing Page,Garage door companies,Content Marketing,/trades-industries/garage-door-companies-marketing-agency/,Index after content threshold,Phase 3,content marketing for garage door companies,trades-service-industry-sitemap.xml,Consultus campaign matrix pattern
https://www.consultusdigital.com/trades-marketing-services/ad-creative-for-garage-door-companies/,/trades-marketing-services/ad-creative-for-garage-door-companies/,Trades,Exterior and structural,Service × Industry Landing Page,Garage door companies,Ad Creative Production,/trades-industries/garage-door-companies-marketing-agency/,Index after content threshold,Phase 3,ad creative production for garage door companies,trades-service-industry-sitemap.xml,Consultus campaign matrix pattern
https://www.consultusdigital.com/trades-marketing-services/call-tracking-for-garage-door-companies/,/trades-marketing-services/call-tracking-for-garage-door-companies/,Trades,Exterior and structural,Service × Industry Landing Page,Garage door companies,Call Tracking and Attribution,/trades-industries/garage-door-companies-marketing-agency/,Index after content threshold,Phase 3,call tracking and attribution for garage door companies,trades-service-industry-sitemap.xml,Consultus campaign matrix pattern
https://www.consultusdigital.com/trades-industries/exterior-renovation-companies-marketing-agency/,/trades-industries/exterior-renovation-companies-marketing-agency/,Trades,Exterior and structural,Industry Marketing Agency Page,Exterior renovation companies,,/trades-industries/exterior-and-structural/,Index,Phase 2,exterior renovation companies marketing agency,trades-industry-agency-sitemap.xml,https://www.cardinaldigitalmarketing.com/healthcare-specialties/mental-healthcare-providers-agency/
https://www.consultusdigital.com/trades-marketing-services/digital-marketing-for-exterior-renovation-companies/,/trades-marketing-services/digital-marketing-for-exterior-renovation-companies/,Trades,Exterior and structural,Service × Industry Landing Page,Exterior renovation companies,Digital Marketing Agency,/trades-industries/exterior-renovation-companies-marketing-agency/,Index after content threshold,Phase 3,digital marketing agency for exterior renovation companies,trades-service-industry-sitemap.xml,Consultus campaign matrix pattern
https://www.consultusdigital.com/trades-marketing-services/google-ads-for-exterior-renovation-companies/,/trades-marketing-services/google-ads-for-exterior-renovation-companies/,Trades,Exterior and structural,Service × Industry Landing Page,Exterior renovation companies,Google Ads and PPC,/trades-industries/exterior-renovation-companies-marketing-agency/,Index after content threshold,Phase 3,google ads and ppc for exterior renovation companies,trades-service-industry-sitemap.xml,Consultus campaign matrix pattern
https://www.consultusdigital.com/trades-marketing-services/local-seo-for-exterior-renovation-companies/,/trades-marketing-services/local-seo-for-exterior-renovation-companies/,Trades,Exterior and structural,Service × Industry Landing Page,Exterior renovation companies,Local SEO,/trades-industries/exterior-renovation-companies-marketing-agency/,Index after content threshold,Phase 3,local seo for exterior renovation companies,trades-service-industry-sitemap.xml,Consultus campaign matrix pattern
https://www.consultusdigital.com/trades-marketing-services/ai-search-for-exterior-renovation-companies/,/trades-marketing-services/ai-search-for-exterior-renovation-companies/,Trades,Exterior and structural,Service × Industry Landing Page,Exterior renovation companies,"AEO, GEO and AI Search",/trades-industries/exterior-renovation-companies-marketing-agency/,Index after content threshold,Phase 3,"aeo, geo and ai search for exterior renovation companies",trades-service-industry-sitemap.xml,Consultus campaign matrix pattern
https://www.consultusdigital.com/trades-marketing-services/paid-social-for-exterior-renovation-companies/,/trades-marketing-services/paid-social-for-exterior-renovation-companies/,Trades,Exterior and structural,Service × Industry Landing Page,Exterior renovation companies,Paid Social,/trades-industries/exterior-renovation-companies-marketing-agency/,Index after content threshold,Phase 3,paid social for exterior renovation companies,trades-service-industry-sitemap.xml,Consultus campaign matrix pattern
https://www.consultusdigital.com/trades-marketing-services/web-design-for-exterior-renovation-companies/,/trades-marketing-services/web-design-for-exterior-renovation-companies/,Trades,Exterior and structural,Service × Industry Landing Page,Exterior renovation companies,Website Design and CRO,/trades-industries/exterior-renovation-companies-marketing-agency/,Index after content threshold,Phase 3,website design and cro for exterior renovation companies,trades-service-industry-sitemap.xml,Consultus campaign matrix pattern
https://www.consultusdigital.com/trades-marketing-services/crm-revops-for-exterior-renovation-companies/,/trades-marketing-services/crm-revops-for-exterior-renovation-companies/,Trades,Exterior and structural,Service × Industry Landing Page,Exterior renovation companies,CRM and Revenue Operations,/trades-industries/exterior-renovation-companies-marketing-agency/,Index after content threshold,Phase 3,crm and revenue operations for exterior renovation companies,trades-service-industry-sitemap.xml,Consultus campaign matrix pattern
https://www.consultusdigital.com/trades-marketing-services/content-marketing-for-exterior-renovation-companies/,/trades-marketing-services/content-marketing-for-exterior-renovation-companies/,Trades,Exterior and structural,Service × Industry Landing Page,Exterior renovation companies,Content Marketing,/trades-industries/exterior-renovation-companies-marketing-agency/,Index after content threshold,Phase 3,content marketing for exterior renovation companies,trades-service-industry-sitemap.xml,Consultus campaign matrix pattern
https://www.consultusdigital.com/trades-marketing-services/ad-creative-for-exterior-renovation-companies/,/trades-marketing-services/ad-creative-for-exterior-renovation-companies/,Trades,Exterior and structural,Service × Industry Landing Page,Exterior renovation companies,Ad Creative Production,/trades-industries/exterior-renovation-companies-marketing-agency/,Index after content threshold,Phase 3,ad creative production for exterior renovation companies,trades-service-industry-sitemap.xml,Consultus campaign matrix pattern
https://www.consultusdigital.com/trades-marketing-services/call-tracking-for-exterior-renovation-companies/,/trades-marketing-services/call-tracking-for-exterior-renovation-companies/,Trades,Exterior and structural,Service × Industry Landing Page,Exterior renovation companies,Call Tracking and Attribution,/trades-industries/exterior-renovation-companies-marketing-agency/,Index after content threshold,Phase 3,call tracking and attribution for exterior renovation companies,trades-service-industry-sitemap.xml,Consultus campaign matrix pattern
https://www.consultusdigital.com/trades-industries/interior-renovation-and-finishing/,/trades-industries/interior-renovation-and-finishing/,Trades,Interior renovation and finishing,Sector Hub,Interior renovation and finishing,,/trades-industries/,Index,Phase 1,interior renovation and finishing marketing agency,trades-industry-agency-sitemap.xml,https://www.cardinaldigitalmarketing.com/healthcare-specialties/mental-healthcare-providers-agency/
https://www.consultusdigital.com/trades-industries/general-contractors-marketing-agency/,/trades-industries/general-contractors-marketing-agency/,Trades,Interior renovation and finishing,Industry Marketing Agency Page,General contractors,,/trades-industries/interior-renovation-and-finishing/,Index,Phase 2,general contractors marketing agency,trades-industry-agency-sitemap.xml,https://www.cardinaldigitalmarketing.com/healthcare-specialties/mental-healthcare-providers-agency/
https://www.consultusdigital.com/trades-marketing-services/digital-marketing-for-general-contractors/,/trades-marketing-services/digital-marketing-for-general-contractors/,Trades,Interior renovation and finishing,Service × Industry Landing Page,General contractors,Digital Marketing Agency,/trades-industries/general-contractors-marketing-agency/,Index after content threshold,Phase 3,digital marketing agency for general contractors,trades-service-industry-sitemap.xml,Consultus campaign matrix pattern
https://www.consultusdigital.com/trades-marketing-services/google-ads-for-general-contractors/,/trades-marketing-services/google-ads-for-general-contractors/,Trades,Interior renovation and finishing,Service × Industry Landing Page,General contractors,Google Ads and PPC,/trades-industries/general-contractors-marketing-agency/,Index after content threshold,Phase 3,google ads and ppc for general contractors,trades-service-industry-sitemap.xml,Consultus campaign matrix pattern
https://www.consultusdigital.com/trades-marketing-services/local-seo-for-general-contractors/,/trades-marketing-services/local-seo-for-general-contractors/,Trades,Interior renovation and finishing,Service × Industry Landing Page,General contractors,Local SEO,/trades-industries/general-contractors-marketing-agency/,Index after content threshold,Phase 3,local seo for general contractors,trades-service-industry-sitemap.xml,Consultus campaign matrix pattern
https://www.consultusdigital.com/trades-marketing-services/ai-search-for-general-contractors/,/trades-marketing-services/ai-search-for-general-contractors/,Trades,Interior renovation and finishing,Service × Industry Landing Page,General contractors,"AEO, GEO and AI Search",/trades-industries/general-contractors-marketing-agency/,Index after content threshold,Phase 3,"aeo, geo and ai search for general contractors",trades-service-industry-sitemap.xml,Consultus campaign matrix pattern
https://www.consultusdigital.com/trades-marketing-services/paid-social-for-general-contractors/,/trades-marketing-services/paid-social-for-general-contractors/,Trades,Interior renovation and finishing,Service × Industry Landing Page,General contractors,Paid Social,/trades-industries/general-contractors-marketing-agency/,Index after content threshold,Phase 3,paid social for general contractors,trades-service-industry-sitemap.xml,Consultus campaign matrix pattern
https://www.consultusdigital.com/trades-marketing-services/web-design-for-general-contractors/,/trades-marketing-services/web-design-for-general-contractors/,Trades,Interior renovation and finishing,Service × Industry Landing Page,General contractors,Website Design and CRO,/trades-industries/general-contractors-marketing-agency/,Index after content threshold,Phase 3,website design and cro for general contractors,trades-service-industry-sitemap.xml,Consultus campaign matrix pattern
https://www.consultusdigital.com/trades-marketing-services/crm-revops-for-general-contractors/,/trades-marketing-services/crm-revops-for-general-contractors/,Trades,Interior renovation and finishing,Service × Industry Landing Page,General contractors,CRM and Revenue Operations,/trades-industries/general-contractors-marketing-agency/,Index after content threshold,Phase 3,crm and revenue operations for general contractors,trades-service-industry-sitemap.xml,Consultus campaign matrix pattern
https://www.consultusdigital.com/trades-marketing-services/content-marketing-for-general-contractors/,/trades-marketing-services/content-marketing-for-general-contractors/,Trades,Interior renovation and finishing,Service × Industry Landing Page,General contractors,Content Marketing,/trades-industries/general-contractors-marketing-agency/,Index after content threshold,Phase 3,content marketing for general contractors,trades-service-industry-sitemap.xml,Consultus campaign matrix pattern
https://www.consultusdigital.com/trades-marketing-services/ad-creative-for-general-contractors/,/trades-marketing-services/ad-creative-for-general-contractors/,Trades,Interior renovation and finishing,Service × Industry Landing Page,General contractors,Ad Creative Production,/trades-industries/general-contractors-marketing-agency/,Index after content threshold,Phase 3,ad creative production for general contractors,trades-service-industry-sitemap.xml,Consultus campaign matrix pattern
https://www.consultusdigital.com/trades-marketing-services/call-tracking-for-general-contractors/,/trades-marketing-services/call-tracking-for-general-contractors/,Trades,Interior renovation and finishing,Service × Industry Landing Page,General contractors,Call Tracking and Attribution,/trades-industries/general-contractors-marketing-agency/,Index after content threshold,Phase 3,call tracking and attribution for general contractors,trades-service-industry-sitemap.xml,Consultus campaign matrix pattern
https://www.consultusdigital.com/trades-industries/renovation-contractors-marketing-agency/,/trades-industries/renovation-contractors-marketing-agency/,Trades,Interior renovation and finishing,Industry Marketing Agency Page,Renovation contractors,,/trades-industries/interior-renovation-and-finishing/,Index,Phase 2,renovation contractors marketing agency,trades-industry-agency-sitemap.xml,https://www.cardinaldigitalmarketing.com/healthcare-specialties/mental-healthcare-providers-agency/
https://www.consultusdigital.com/trades-marketing-services/digital-marketing-for-renovation-contractors/,/trades-marketing-services/digital-marketing-for-renovation-contractors/,Trades,Interior renovation and finishing,Service × Industry Landing Page,Renovation contractors,Digital Marketing Agency,/trades-industries/renovation-contractors-marketing-agency/,Index after content threshold,Phase 3,digital marketing agency for renovation contractors,trades-service-industry-sitemap.xml,Consultus campaign matrix pattern
https://www.consultusdigital.com/trades-marketing-services/google-ads-for-renovation-contractors/,/trades-marketing-services/google-ads-for-renovation-contractors/,Trades,Interior renovation and finishing,Service × Industry Landing Page,Renovation contractors,Google Ads and PPC,/trades-industries/renovation-contractors-marketing-agency/,Index after content threshold,Phase 3,google ads and ppc for renovation contractors,trades-service-industry-sitemap.xml,Consultus campaign matrix pattern
https://www.consultusdigital.com/trades-marketing-services/local-seo-for-renovation-contractors/,/trades-marketing-services/local-seo-for-renovation-contractors/,Trades,Interior renovation and finishing,Service × Industry Landing Page,Renovation contractors,Local SEO,/trades-industries/renovation-contractors-marketing-agency/,Index after content threshold,Phase 3,local seo for renovation contractors,trades-service-industry-sitemap.xml,Consultus campaign matrix pattern
https://www.consultusdigital.com/trades-marketing-services/ai-search-for-renovation-contractors/,/trades-marketing-services/ai-search-for-renovation-contractors/,Trades,Interior renovation and finishing,Service × Industry Landing Page,Renovation contractors,"AEO, GEO and AI Search",/trades-industries/renovation-contractors-marketing-agency/,Index after content threshold,Phase 3,"aeo, geo and ai search for renovation contractors",trades-service-industry-sitemap.xml,Consultus campaign matrix pattern
https://www.consultusdigital.com/trades-marketing-services/paid-social-for-renovation-contractors/,/trades-marketing-services/paid-social-for-renovation-contractors/,Trades,Interior renovation and finishing,Service × Industry Landing Page,Renovation contractors,Paid Social,/trades-industries/renovation-contractors-marketing-agency/,Index after content threshold,Phase 3,paid social for renovation contractors,trades-service-industry-sitemap.xml,Consultus campaign matrix pattern
https://www.consultusdigital.com/trades-marketing-services/web-design-for-renovation-contractors/,/trades-marketing-services/web-design-for-renovation-contractors/,Trades,Interior renovation and finishing,Service × Industry Landing Page,Renovation contractors,Website Design and CRO,/trades-industries/renovation-contractors-marketing-agency/,Index after content threshold,Phase 3,website design and cro for renovation contractors,trades-service-industry-sitemap.xml,Consultus campaign matrix pattern
https://www.consultusdigital.com/trades-marketing-services/crm-revops-for-renovation-contractors/,/trades-marketing-services/crm-revops-for-renovation-contractors/,Trades,Interior renovation and finishing,Service × Industry Landing Page,Renovation contractors,CRM and Revenue Operations,/trades-industries/renovation-contractors-marketing-agency/,Index after content threshold,Phase 3,crm and revenue operations for renovation contractors,trades-service-industry-sitemap.xml,Consultus campaign matrix pattern
https://www.consultusdigital.com/trades-marketing-services/content-marketing-for-renovation-contractors/,/trades-marketing-services/content-marketing-for-renovation-contractors/,Trades,Interior renovation and finishing,Service × Industry Landing Page,Renovation contractors,Content Marketing,/trades-industries/renovation-contractors-marketing-agency/,Index after content threshold,Phase 3,content marketing for renovation contractors,trades-service-industry-sitemap.xml,Consultus campaign matrix pattern
https://www.consultusdigital.com/trades-marketing-services/ad-creative-for-renovation-contractors/,/trades-marketing-services/ad-creative-for-renovation-contractors/,Trades,Interior renovation and finishing,Service × Industry Landing Page,Renovation contractors,Ad Creative Production,/trades-industries/renovation-contractors-marketing-agency/,Index after content threshold,Phase 3,ad creative production for renovation contractors,trades-service-industry-sitemap.xml,Consultus campaign matrix pattern
https://www.consultusdigital.com/trades-marketing-services/call-tracking-for-renovation-contractors/,/trades-marketing-services/call-tracking-for-renovation-contractors/,Trades,Interior renovation and finishing,Service × Industry Landing Page,Renovation contractors,Call Tracking and Attribution,/trades-industries/renovation-contractors-marketing-agency/,Index after content threshold,Phase 3,call tracking and attribution for renovation contractors,trades-service-industry-sitemap.xml,Consultus campaign matrix pattern
https://www.consultusdigital.com/trades-industries/kitchen-remodelers-marketing-agency/,/trades-industries/kitchen-remodelers-marketing-agency/,Trades,Interior renovation and finishing,Industry Marketing Agency Page,Kitchen remodelers,,/trades-industries/interior-renovation-and-finishing/,Index,Phase 2,kitchen remodelers marketing agency,trades-industry-agency-sitemap.xml,https://www.cardinaldigitalmarketing.com/healthcare-specialties/mental-healthcare-providers-agency/
https://www.consultusdigital.com/trades-marketing-services/digital-marketing-for-kitchen-remodelers/,/trades-marketing-services/digital-marketing-for-kitchen-remodelers/,Trades,Interior renovation and finishing,Service × Industry Landing Page,Kitchen remodelers,Digital Marketing Agency,/trades-industries/kitchen-remodelers-marketing-agency/,Index after content threshold,Phase 3,digital marketing agency for kitchen remodelers,trades-service-industry-sitemap.xml,Consultus campaign matrix pattern
https://www.consultusdigital.com/trades-marketing-services/google-ads-for-kitchen-remodelers/,/trades-marketing-services/google-ads-for-kitchen-remodelers/,Trades,Interior renovation and finishing,Service × Industry Landing Page,Kitchen remodelers,Google Ads and PPC,/trades-industries/kitchen-remodelers-marketing-agency/,Index after content threshold,Phase 3,google ads and ppc for kitchen remodelers,trades-service-industry-sitemap.xml,Consultus campaign matrix pattern
https://www.consultusdigital.com/trades-marketing-services/local-seo-for-kitchen-remodelers/,/trades-marketing-services/local-seo-for-kitchen-remodelers/,Trades,Interior renovation and finishing,Service × Industry Landing Page,Kitchen remodelers,Local SEO,/trades-industries/kitchen-remodelers-marketing-agency/,Index after content threshold,Phase 3,local seo for kitchen remodelers,trades-service-industry-sitemap.xml,Consultus campaign matrix pattern
https://www.consultusdigital.com/trades-marketing-services/ai-search-for-kitchen-remodelers/,/trades-marketing-services/ai-search-for-kitchen-remodelers/,Trades,Interior renovation and finishing,Service × Industry Landing Page,Kitchen remodelers,"AEO, GEO and AI Search",/trades-industries/kitchen-remodelers-marketing-agency/,Index after content threshold,Phase 3,"aeo, geo and ai search for kitchen remodelers",trades-service-industry-sitemap.xml,Consultus campaign matrix pattern
https://www.consultusdigital.com/trades-marketing-services/paid-social-for-kitchen-remodelers/,/trades-marketing-services/paid-social-for-kitchen-remodelers/,Trades,Interior renovation and finishing,Service × Industry Landing Page,Kitchen remodelers,Paid Social,/trades-industries/kitchen-remodelers-marketing-agency/,Index after content threshold,Phase 3,paid social for kitchen remodelers,trades-service-industry-sitemap.xml,Consultus campaign matrix pattern
https://www.consultusdigital.com/trades-marketing-services/web-design-for-kitchen-remodelers/,/trades-marketing-services/web-design-for-kitchen-remodelers/,Trades,Interior renovation and finishing,Service × Industry Landing Page,Kitchen remodelers,Website Design and CRO,/trades-industries/kitchen-remodelers-marketing-agency/,Index after content threshold,Phase 3,website design and cro for kitchen remodelers,trades-service-industry-sitemap.xml,Consultus campaign matrix pattern
https://www.consultusdigital.com/trades-marketing-services/crm-revops-for-kitchen-remodelers/,/trades-marketing-services/crm-revops-for-kitchen-remodelers/,Trades,Interior renovation and finishing,Service × Industry Landing Page,Kitchen remodelers,CRM and Revenue Operations,/trades-industries/kitchen-remodelers-marketing-agency/,Index after content threshold,Phase 3,crm and revenue operations for kitchen remodelers,trades-service-industry-sitemap.xml,Consultus campaign matrix pattern
https://www.consultusdigital.com/trades-marketing-services/content-marketing-for-kitchen-remodelers/,/trades-marketing-services/content-marketing-for-kitchen-remodelers/,Trades,Interior renovation and finishing,Service × Industry Landing Page,Kitchen remodelers,Content Marketing,/trades-industries/kitchen-remodelers-marketing-agency/,Index after content threshold,Phase 3,content marketing for kitchen remodelers,trades-service-industry-sitemap.xml,Consultus campaign matrix pattern
https://www.consultusdigital.com/trades-marketing-services/ad-creative-for-kitchen-remodelers/,/trades-marketing-services/ad-creative-for-kitchen-remodelers/,Trades,Interior renovation and finishing,Service × Industry Landing Page,Kitchen remodelers,Ad Creative Production,/trades-industries/kitchen-remodelers-marketing-agency/,Index after content threshold,Phase 3,ad creative production for kitchen remodelers,trades-service-industry-sitemap.xml,Consultus campaign matrix pattern
https://www.consultusdigital.com/trades-marketing-services/call-tracking-for-kitchen-remodelers/,/trades-marketing-services/call-tracking-for-kitchen-remodelers/,Trades,Interior renovation and finishing,Service × Industry Landing Page,Kitchen remodelers,Call Tracking and Attribution,/trades-industries/kitchen-remodelers-marketing-agency/,Index after content threshold,Phase 3,call tracking and attribution for kitchen remodelers,trades-service-industry-sitemap.xml,Consultus campaign matrix pattern
https://www.consultusdigital.com/trades-industries/bathroom-remodelers-marketing-agency/,/trades-industries/bathroom-remodelers-marketing-agency/,Trades,Interior renovation and finishing,Industry Marketing Agency Page,Bathroom remodelers,,/trades-industries/interior-renovation-and-finishing/,Index,Phase 2,bathroom remodelers marketing agency,trades-industry-agency-sitemap.xml,https://www.cardinaldigitalmarketing.com/healthcare-specialties/mental-healthcare-providers-agency/
https://www.consultusdigital.com/trades-marketing-services/digital-marketing-for-bathroom-remodelers/,/trades-marketing-services/digital-marketing-for-bathroom-remodelers/,Trades,Interior renovation and finishing,Service × Industry Landing Page,Bathroom remodelers,Digital Marketing Agency,/trades-industries/bathroom-remodelers-marketing-agency/,Index after content threshold,Phase 3,digital marketing agency for bathroom remodelers,trades-service-industry-sitemap.xml,Consultus campaign matrix pattern
https://www.consultusdigital.com/trades-marketing-services/google-ads-for-bathroom-remodelers/,/trades-marketing-services/google-ads-for-bathroom-remodelers/,Trades,Interior renovation and finishing,Service × Industry Landing Page,Bathroom remodelers,Google Ads and PPC,/trades-industries/bathroom-remodelers-marketing-agency/,Index after content threshold,Phase 3,google ads and ppc for bathroom remodelers,trades-service-industry-sitemap.xml,Consultus campaign matrix pattern
https://www.consultusdigital.com/trades-marketing-services/local-seo-for-bathroom-remodelers/,/trades-marketing-services/local-seo-for-bathroom-remodelers/,Trades,Interior renovation and finishing,Service × Industry Landing Page,Bathroom remodelers,Local SEO,/trades-industries/bathroom-remodelers-marketing-agency/,Index after content threshold,Phase 3,local seo for bathroom remodelers,trades-service-industry-sitemap.xml,Consultus campaign matrix pattern
https://www.consultusdigital.com/trades-marketing-services/ai-search-for-bathroom-remodelers/,/trades-marketing-services/ai-search-for-bathroom-remodelers/,Trades,Interior renovation and finishing,Service × Industry Landing Page,Bathroom remodelers,"AEO, GEO and AI Search",/trades-industries/bathroom-remodelers-marketing-agency/,Index after content threshold,Phase 3,"aeo, geo and ai search for bathroom remodelers",trades-service-industry-sitemap.xml,Consultus campaign matrix pattern
https://www.consultusdigital.com/trades-marketing-services/paid-social-for-bathroom-remodelers/,/trades-marketing-services/paid-social-for-bathroom-remodelers/,Trades,Interior renovation and finishing,Service × Industry Landing Page,Bathroom remodelers,Paid Social,/trades-industries/bathroom-remodelers-marketing-agency/,Index after content threshold,Phase 3,paid social for bathroom remodelers,trades-service-industry-sitemap.xml,Consultus campaign matrix pattern
https://www.consultusdigital.com/trades-marketing-services/web-design-for-bathroom-remodelers/,/trades-marketing-services/web-design-for-bathroom-remodelers/,Trades,Interior renovation and finishing,Service × Industry Landing Page,Bathroom remodelers,Website Design and CRO,/trades-industries/bathroom-remodelers-marketing-agency/,Index after content threshold,Phase 3,website design and cro for bathroom remodelers,trades-service-industry-sitemap.xml,Consultus campaign matrix pattern
https://www.consultusdigital.com/trades-marketing-services/crm-revops-for-bathroom-remodelers/,/trades-marketing-services/crm-revops-for-bathroom-remodelers/,Trades,Interior renovation and finishing,Service × Industry Landing Page,Bathroom remodelers,CRM and Revenue Operations,/trades-industries/bathroom-remodelers-marketing-agency/,Index after content threshold,Phase 3,crm and revenue operations for bathroom remodelers,trades-service-industry-sitemap.xml,Consultus campaign matrix pattern
https://www.consultusdigital.com/trades-marketing-services/content-marketing-for-bathroom-remodelers/,/trades-marketing-services/content-marketing-for-bathroom-remodelers/,Trades,Interior renovation and finishing,Service × Industry Landing Page,Bathroom remodelers,Content Marketing,/trades-industries/bathroom-remodelers-marketing-agency/,Index after content threshold,Phase 3,content marketing for bathroom remodelers,trades-service-industry-sitemap.xml,Consultus campaign matrix pattern
https://www.consultusdigital.com/trades-marketing-services/ad-creative-for-bathroom-remodelers/,/trades-marketing-services/ad-creative-for-bathroom-remodelers/,Trades,Interior renovation and finishing,Service × Industry Landing Page,Bathroom remodelers,Ad Creative Production,/trades-industries/bathroom-remodelers-marketing-agency/,Index after content threshold,Phase 3,ad creative production for bathroom remodelers,trades-service-industry-sitemap.xml,Consultus campaign matrix pattern
https://www.consultusdigital.com/trades-marketing-services/call-tracking-for-bathroom-remodelers/,/trades-marketing-services/call-tracking-for-bathroom-remodelers/,Trades,Interior renovation and finishing,Service × Industry Landing Page,Bathroom remodelers,Call Tracking and Attribution,/trades-industries/bathroom-remodelers-marketing-agency/,Index after content threshold,Phase 3,call tracking and attribution for bathroom remodelers,trades-service-industry-sitemap.xml,Consultus campaign matrix pattern
https://www.consultusdigital.com/trades-industries/basement-renovation-companies-marketing-agency/,/trades-industries/basement-renovation-companies-marketing-agency/,Trades,Interior renovation and finishing,Industry Marketing Agency Page,Basement renovation companies,,/trades-industries/interior-renovation-and-finishing/,Index,Phase 2,basement renovation companies marketing agency,trades-industry-agency-sitemap.xml,https://www.cardinaldigitalmarketing.com/healthcare-specialties/mental-healthcare-providers-agency/
https://www.consultusdigital.com/trades-marketing-services/digital-marketing-for-basement-renovation-companies/,/trades-marketing-services/digital-marketing-for-basement-renovation-companies/,Trades,Interior renovation and finishing,Service × Industry Landing Page,Basement renovation companies,Digital Marketing Agency,/trades-industries/basement-renovation-companies-marketing-agency/,Index after content threshold,Phase 3,digital marketing agency for basement renovation companies,trades-service-industry-sitemap.xml,Consultus campaign matrix pattern
https://www.consultusdigital.com/trades-marketing-services/google-ads-for-basement-renovation-companies/,/trades-marketing-services/google-ads-for-basement-renovation-companies/,Trades,Interior renovation and finishing,Service × Industry Landing Page,Basement renovation companies,Google Ads and PPC,/trades-industries/basement-renovation-companies-marketing-agency/,Index after content threshold,Phase 3,google ads and ppc for basement renovation companies,trades-service-industry-sitemap.xml,Consultus campaign matrix pattern
https://www.consultusdigital.com/trades-marketing-services/local-seo-for-basement-renovation-companies/,/trades-marketing-services/local-seo-for-basement-renovation-companies/,Trades,Interior renovation and finishing,Service × Industry Landing Page,Basement renovation companies,Local SEO,/trades-industries/basement-renovation-companies-marketing-agency/,Index after content threshold,Phase 3,local seo for basement renovation companies,trades-service-industry-sitemap.xml,Consultus campaign matrix pattern
https://www.consultusdigital.com/trades-marketing-services/ai-search-for-basement-renovation-companies/,/trades-marketing-services/ai-search-for-basement-renovation-companies/,Trades,Interior renovation and finishing,Service × Industry Landing Page,Basement renovation companies,"AEO, GEO and AI Search",/trades-industries/basement-renovation-companies-marketing-agency/,Index after content threshold,Phase 3,"aeo, geo and ai search for basement renovation companies",trades-service-industry-sitemap.xml,Consultus campaign matrix pattern
https://www.consultusdigital.com/trades-marketing-services/paid-social-for-basement-renovation-companies/,/trades-marketing-services/paid-social-for-basement-renovation-companies/,Trades,Interior renovation and finishing,Service × Industry Landing Page,Basement renovation companies,Paid Social,/trades-industries/basement-renovation-companies-marketing-agency/,Index after content threshold,Phase 3,paid social for basement renovation companies,trades-service-industry-sitemap.xml,Consultus campaign matrix pattern
https://www.consultusdigital.com/trades-marketing-services/web-design-for-basement-renovation-companies/,/trades-marketing-services/web-design-for-basement-renovation-companies/,Trades,Interior renovation and finishing,Service × Industry Landing Page,Basement renovation companies,Website Design and CRO,/trades-industries/basement-renovation-companies-marketing-agency/,Index after content threshold,Phase 3,website design and cro for basement renovation companies,trades-service-industry-sitemap.xml,Consultus campaign matrix pattern
https://www.consultusdigital.com/trades-marketing-services/crm-revops-for-basement-renovation-companies/,/trades-marketing-services/crm-revops-for-basement-renovation-companies/,Trades,Interior renovation and finishing,Service × Industry Landing Page,Basement renovation companies,CRM and Revenue Operations,/trades-industries/basement-renovation-companies-marketing-agency/,Index after content threshold,Phase 3,crm and revenue operations for basement renovation companies,trades-service-industry-sitemap.xml,Consultus campaign matrix pattern
https://www.consultusdigital.com/trades-marketing-services/content-marketing-for-basement-renovation-companies/,/trades-marketing-services/content-marketing-for-basement-renovation-companies/,Trades,Interior renovation and finishing,Service × Industry Landing Page,Basement renovation companies,Content Marketing,/trades-industries/basement-renovation-companies-marketing-agency/,Index after content threshold,Phase 3,content marketing for basement renovation companies,trades-service-industry-sitemap.xml,Consultus campaign matrix pattern
https://www.consultusdigital.com/trades-marketing-services/ad-creative-for-basement-renovation-companies/,/trades-marketing-services/ad-creative-for-basement-renovation-companies/,Trades,Interior renovation and finishing,Service × Industry Landing Page,Basement renovation companies,Ad Creative Production,/trades-industries/basement-renovation-companies-marketing-agency/,Index after content threshold,Phase 3,ad creative production for basement renovation companies,trades-service-industry-sitemap.xml,Consultus campaign matrix pattern
https://www.consultusdigital.com/trades-marketing-services/call-tracking-for-basement-renovation-companies/,/trades-marketing-services/call-tracking-for-basement-renovation-companies/,Trades,Interior renovation and finishing,Service × Industry Landing Page,Basement renovation companies,Call Tracking and Attribution,/trades-industries/basement-renovation-companies-marketing-agency/,Index after content threshold,Phase 3,call tracking and attribution for basement renovation companies,trades-service-industry-sitemap.xml,Consultus campaign matrix pattern
https://www.consultusdigital.com/trades-industries/flooring-contractors-marketing-agency/,/trades-industries/flooring-contractors-marketing-agency/,Trades,Interior renovation and finishing,Industry Marketing Agency Page,Flooring contractors,,/trades-industries/interior-renovation-and-finishing/,Index,Phase 2,flooring contractors marketing agency,trades-industry-agency-sitemap.xml,https://www.cardinaldigitalmarketing.com/healthcare-specialties/mental-healthcare-providers-agency/
https://www.consultusdigital.com/trades-marketing-services/digital-marketing-for-flooring-contractors/,/trades-marketing-services/digital-marketing-for-flooring-contractors/,Trades,Interior renovation and finishing,Service × Industry Landing Page,Flooring contractors,Digital Marketing Agency,/trades-industries/flooring-contractors-marketing-agency/,Index after content threshold,Phase 3,digital marketing agency for flooring contractors,trades-service-industry-sitemap.xml,Consultus campaign matrix pattern
https://www.consultusdigital.com/trades-marketing-services/google-ads-for-flooring-contractors/,/trades-marketing-services/google-ads-for-flooring-contractors/,Trades,Interior renovation and finishing,Service × Industry Landing Page,Flooring contractors,Google Ads and PPC,/trades-industries/flooring-contractors-marketing-agency/,Index after content threshold,Phase 3,google ads and ppc for flooring contractors,trades-service-industry-sitemap.xml,Consultus campaign matrix pattern
https://www.consultusdigital.com/trades-marketing-services/local-seo-for-flooring-contractors/,/trades-marketing-services/local-seo-for-flooring-contractors/,Trades,Interior renovation and finishing,Service × Industry Landing Page,Flooring contractors,Local SEO,/trades-industries/flooring-contractors-marketing-agency/,Index after content threshold,Phase 3,local seo for flooring contractors,trades-service-industry-sitemap.xml,Consultus campaign matrix pattern
https://www.consultusdigital.com/trades-marketing-services/ai-search-for-flooring-contractors/,/trades-marketing-services/ai-search-for-flooring-contractors/,Trades,Interior renovation and finishing,Service × Industry Landing Page,Flooring contractors,"AEO, GEO and AI Search",/trades-industries/flooring-contractors-marketing-agency/,Index after content threshold,Phase 3,"aeo, geo and ai search for flooring contractors",trades-service-industry-sitemap.xml,Consultus campaign matrix pattern
https://www.consultusdigital.com/trades-marketing-services/paid-social-for-flooring-contractors/,/trades-marketing-services/paid-social-for-flooring-contractors/,Trades,Interior renovation and finishing,Service × Industry Landing Page,Flooring contractors,Paid Social,/trades-industries/flooring-contractors-marketing-agency/,Index after content threshold,Phase 3,paid social for flooring contractors,trades-service-industry-sitemap.xml,Consultus campaign matrix pattern
https://www.consultusdigital.com/trades-marketing-services/web-design-for-flooring-contractors/,/trades-marketing-services/web-design-for-flooring-contractors/,Trades,Interior renovation and finishing,Service × Industry Landing Page,Flooring contractors,Website Design and CRO,/trades-industries/flooring-contractors-marketing-agency/,Index after content threshold,Phase 3,website design and cro for flooring contractors,trades-service-industry-sitemap.xml,Consultus campaign matrix pattern
https://www.consultusdigital.com/trades-marketing-services/crm-revops-for-flooring-contractors/,/trades-marketing-services/crm-revops-for-flooring-contractors/,Trades,Interior renovation and finishing,Service × Industry Landing Page,Flooring contractors,CRM and Revenue Operations,/trades-industries/flooring-contractors-marketing-agency/,Index after content threshold,Phase 3,crm and revenue operations for flooring contractors,trades-service-industry-sitemap.xml,Consultus campaign matrix pattern
https://www.consultusdigital.com/trades-marketing-services/content-marketing-for-flooring-contractors/,/trades-marketing-services/content-marketing-for-flooring-contractors/,Trades,Interior renovation and finishing,Service × Industry Landing Page,Flooring contractors,Content Marketing,/trades-industries/flooring-contractors-marketing-agency/,Index after content threshold,Phase 3,content marketing for flooring contractors,trades-service-industry-sitemap.xml,Consultus campaign matrix pattern
https://www.consultusdigital.com/trades-marketing-services/ad-creative-for-flooring-contractors/,/trades-marketing-services/ad-creative-for-flooring-contractors/,Trades,Interior renovation and finishing,Service × Industry Landing Page,Flooring contractors,Ad Creative Production,/trades-industries/flooring-contractors-marketing-agency/,Index after content threshold,Phase 3,ad creative production for flooring contractors,trades-service-industry-sitemap.xml,Consultus campaign matrix pattern
https://www.consultusdigital.com/trades-marketing-services/call-tracking-for-flooring-contractors/,/trades-marketing-services/call-tracking-for-flooring-contractors/,Trades,Interior renovation and finishing,Service × Industry Landing Page,Flooring contractors,Call Tracking and Attribution,/trades-industries/flooring-contractors-marketing-agency/,Index after content threshold,Phase 3,call tracking and attribution for flooring contractors,trades-service-industry-sitemap.xml,Consultus campaign matrix pattern
https://www.consultusdigital.com/trades-industries/tile-contractors-marketing-agency/,/trades-industries/tile-contractors-marketing-agency/,Trades,Interior renovation and finishing,Industry Marketing Agency Page,Tile contractors,,/trades-industries/interior-renovation-and-finishing/,Index,Phase 2,tile contractors marketing agency,trades-industry-agency-sitemap.xml,https://www.cardinaldigitalmarketing.com/healthcare-specialties/mental-healthcare-providers-agency/
https://www.consultusdigital.com/trades-marketing-services/digital-marketing-for-tile-contractors/,/trades-marketing-services/digital-marketing-for-tile-contractors/,Trades,Interior renovation and finishing,Service × Industry Landing Page,Tile contractors,Digital Marketing Agency,/trades-industries/tile-contractors-marketing-agency/,Index after content threshold,Phase 3,digital marketing agency for tile contractors,trades-service-industry-sitemap.xml,Consultus campaign matrix pattern
https://www.consultusdigital.com/trades-marketing-services/google-ads-for-tile-contractors/,/trades-marketing-services/google-ads-for-tile-contractors/,Trades,Interior renovation and finishing,Service × Industry Landing Page,Tile contractors,Google Ads and PPC,/trades-industries/tile-contractors-marketing-agency/,Index after content threshold,Phase 3,google ads and ppc for tile contractors,trades-service-industry-sitemap.xml,Consultus campaign matrix pattern
https://www.consultusdigital.com/trades-marketing-services/local-seo-for-tile-contractors/,/trades-marketing-services/local-seo-for-tile-contractors/,Trades,Interior renovation and finishing,Service × Industry Landing Page,Tile contractors,Local SEO,/trades-industries/tile-contractors-marketing-agency/,Index after content threshold,Phase 3,local seo for tile contractors,trades-service-industry-sitemap.xml,Consultus campaign matrix pattern
https://www.consultusdigital.com/trades-marketing-services/ai-search-for-tile-contractors/,/trades-marketing-services/ai-search-for-tile-contractors/,Trades,Interior renovation and finishing,Service × Industry Landing Page,Tile contractors,"AEO, GEO and AI Search",/trades-industries/tile-contractors-marketing-agency/,Index after content threshold,Phase 3,"aeo, geo and ai search for tile contractors",trades-service-industry-sitemap.xml,Consultus campaign matrix pattern
https://www.consultusdigital.com/trades-marketing-services/paid-social-for-tile-contractors/,/trades-marketing-services/paid-social-for-tile-contractors/,Trades,Interior renovation and finishing,Service × Industry Landing Page,Tile contractors,Paid Social,/trades-industries/tile-contractors-marketing-agency/,Index after content threshold,Phase 3,paid social for tile contractors,trades-service-industry-sitemap.xml,Consultus campaign matrix pattern
https://www.consultusdigital.com/trades-marketing-services/web-design-for-tile-contractors/,/trades-marketing-services/web-design-for-tile-contractors/,Trades,Interior renovation and finishing,Service × Industry Landing Page,Tile contractors,Website Design and CRO,/trades-industries/tile-contractors-marketing-agency/,Index after content threshold,Phase 3,website design and cro for tile contractors,trades-service-industry-sitemap.xml,Consultus campaign matrix pattern
https://www.consultusdigital.com/trades-marketing-services/crm-revops-for-tile-contractors/,/trades-marketing-services/crm-revops-for-tile-contractors/,Trades,Interior renovation and finishing,Service × Industry Landing Page,Tile contractors,CRM and Revenue Operations,/trades-industries/tile-contractors-marketing-agency/,Index after content threshold,Phase 3,crm and revenue operations for tile contractors,trades-service-industry-sitemap.xml,Consultus campaign matrix pattern
https://www.consultusdigital.com/trades-marketing-services/content-marketing-for-tile-contractors/,/trades-marketing-services/content-marketing-for-tile-contractors/,Trades,Interior renovation and finishing,Service × Industry Landing Page,Tile contractors,Content Marketing,/trades-industries/tile-contractors-marketing-agency/,Index after content threshold,Phase 3,content marketing for tile contractors,trades-service-industry-sitemap.xml,Consultus campaign matrix pattern
https://www.consultusdigital.com/trades-marketing-services/ad-creative-for-tile-contractors/,/trades-marketing-services/ad-creative-for-tile-contractors/,Trades,Interior renovation and finishing,Service × Industry Landing Page,Tile contractors,Ad Creative Production,/trades-industries/tile-contractors-marketing-agency/,Index after content threshold,Phase 3,ad creative production for tile contractors,trades-service-industry-sitemap.xml,Consultus campaign matrix pattern
https://www.consultusdigital.com/trades-marketing-services/call-tracking-for-tile-contractors/,/trades-marketing-services/call-tracking-for-tile-contractors/,Trades,Interior renovation and finishing,Service × Industry Landing Page,Tile contractors,Call Tracking and Attribution,/trades-industries/tile-contractors-marketing-agency/,Index after content threshold,Phase 3,call tracking and attribution for tile contractors,trades-service-industry-sitemap.xml,Consultus campaign matrix pattern
https://www.consultusdigital.com/trades-industries/painting-contractors-marketing-agency/,/trades-industries/painting-contractors-marketing-agency/,Trades,Interior renovation and finishing,Industry Marketing Agency Page,Painting contractors,,/trades-industries/interior-renovation-and-finishing/,Index,Phase 2,painting contractors marketing agency,trades-industry-agency-sitemap.xml,https://www.cardinaldigitalmarketing.com/healthcare-specialties/mental-healthcare-providers-agency/
https://www.consultusdigital.com/trades-marketing-services/digital-marketing-for-painting-contractors/,/trades-marketing-services/digital-marketing-for-painting-contractors/,Trades,Interior renovation and finishing,Service × Industry Landing Page,Painting contractors,Digital Marketing Agency,/trades-industries/painting-contractors-marketing-agency/,Index after content threshold,Phase 3,digital marketing agency for painting contractors,trades-service-industry-sitemap.xml,Consultus campaign matrix pattern
https://www.consultusdigital.com/trades-marketing-services/google-ads-for-painting-contractors/,/trades-marketing-services/google-ads-for-painting-contractors/,Trades,Interior renovation and finishing,Service × Industry Landing Page,Painting contractors,Google Ads and PPC,/trades-industries/painting-contractors-marketing-agency/,Index after content threshold,Phase 3,google ads and ppc for painting contractors,trades-service-industry-sitemap.xml,Consultus campaign matrix pattern
https://www.consultusdigital.com/trades-marketing-services/local-seo-for-painting-contractors/,/trades-marketing-services/local-seo-for-painting-contractors/,Trades,Interior renovation and finishing,Service × Industry Landing Page,Painting contractors,Local SEO,/trades-industries/painting-contractors-marketing-agency/,Index after content threshold,Phase 3,local seo for painting contractors,trades-service-industry-sitemap.xml,Consultus campaign matrix pattern
https://www.consultusdigital.com/trades-marketing-services/ai-search-for-painting-contractors/,/trades-marketing-services/ai-search-for-painting-contractors/,Trades,Interior renovation and finishing,Service × Industry Landing Page,Painting contractors,"AEO, GEO and AI Search",/trades-industries/painting-contractors-marketing-agency/,Index after content threshold,Phase 3,"aeo, geo and ai search for painting contractors",trades-service-industry-sitemap.xml,Consultus campaign matrix pattern
https://www.consultusdigital.com/trades-marketing-services/paid-social-for-painting-contractors/,/trades-marketing-services/paid-social-for-painting-contractors/,Trades,Interior renovation and finishing,Service × Industry Landing Page,Painting contractors,Paid Social,/trades-industries/painting-contractors-marketing-agency/,Index after content threshold,Phase 3,paid social for painting contractors,trades-service-industry-sitemap.xml,Consultus campaign matrix pattern
https://www.consultusdigital.com/trades-marketing-services/web-design-for-painting-contractors/,/trades-marketing-services/web-design-for-painting-contractors/,Trades,Interior renovation and finishing,Service × Industry Landing Page,Painting contractors,Website Design and CRO,/trades-industries/painting-contractors-marketing-agency/,Index after content threshold,Phase 3,website design and cro for painting contractors,trades-service-industry-sitemap.xml,Consultus campaign matrix pattern
https://www.consultusdigital.com/trades-marketing-services/crm-revops-for-painting-contractors/,/trades-marketing-services/crm-revops-for-painting-contractors/,Trades,Interior renovation and finishing,Service × Industry Landing Page,Painting contractors,CRM and Revenue Operations,/trades-industries/painting-contractors-marketing-agency/,Index after content threshold,Phase 3,crm and revenue operations for painting contractors,trades-service-industry-sitemap.xml,Consultus campaign matrix pattern
https://www.consultusdigital.com/trades-marketing-services/content-marketing-for-painting-contractors/,/trades-marketing-services/content-marketing-for-painting-contractors/,Trades,Interior renovation and finishing,Service × Industry Landing Page,Painting contractors,Content Marketing,/trades-industries/painting-contractors-marketing-agency/,Index after content threshold,Phase 3,content marketing for painting contractors,trades-service-industry-sitemap.xml,Consultus campaign matrix pattern
https://www.consultusdigital.com/trades-marketing-services/ad-creative-for-painting-contractors/,/trades-marketing-services/ad-creative-for-painting-contractors/,Trades,Interior renovation and finishing,Service × Industry Landing Page,Painting contractors,Ad Creative Production,/trades-industries/painting-contractors-marketing-agency/,Index after content threshold,Phase 3,ad creative production for painting contractors,trades-service-industry-sitemap.xml,Consultus campaign matrix pattern
https://www.consultusdigital.com/trades-marketing-services/call-tracking-for-painting-contractors/,/trades-marketing-services/call-tracking-for-painting-contractors/,Trades,Interior renovation and finishing,Service × Industry Landing Page,Painting contractors,Call Tracking and Attribution,/trades-industries/painting-contractors-marketing-agency/,Index after content threshold,Phase 3,call tracking and attribution for painting contractors,trades-service-industry-sitemap.xml,Consultus campaign matrix pattern
https://www.consultusdigital.com/trades-industries/drywall-contractors-marketing-agency/,/trades-industries/drywall-contractors-marketing-agency/,Trades,Interior renovation and finishing,Industry Marketing Agency Page,Drywall contractors,,/trades-industries/interior-renovation-and-finishing/,Index,Phase 2,drywall contractors marketing agency,trades-industry-agency-sitemap.xml,https://www.cardinaldigitalmarketing.com/healthcare-specialties/mental-healthcare-providers-agency/
https://www.consultusdigital.com/trades-marketing-services/digital-marketing-for-drywall-contractors/,/trades-marketing-services/digital-marketing-for-drywall-contractors/,Trades,Interior renovation and finishing,Service × Industry Landing Page,Drywall contractors,Digital Marketing Agency,/trades-industries/drywall-contractors-marketing-agency/,Index after content threshold,Phase 3,digital marketing agency for drywall contractors,trades-service-industry-sitemap.xml,Consultus campaign matrix pattern
https://www.consultusdigital.com/trades-marketing-services/google-ads-for-drywall-contractors/,/trades-marketing-services/google-ads-for-drywall-contractors/,Trades,Interior renovation and finishing,Service × Industry Landing Page,Drywall contractors,Google Ads and PPC,/trades-industries/drywall-contractors-marketing-agency/,Index after content threshold,Phase 3,google ads and ppc for drywall contractors,trades-service-industry-sitemap.xml,Consultus campaign matrix pattern
https://www.consultusdigital.com/trades-marketing-services/local-seo-for-drywall-contractors/,/trades-marketing-services/local-seo-for-drywall-contractors/,Trades,Interior renovation and finishing,Service × Industry Landing Page,Drywall contractors,Local SEO,/trades-industries/drywall-contractors-marketing-agency/,Index after content threshold,Phase 3,local seo for drywall contractors,trades-service-industry-sitemap.xml,Consultus campaign matrix pattern
https://www.consultusdigital.com/trades-marketing-services/ai-search-for-drywall-contractors/,/trades-marketing-services/ai-search-for-drywall-contractors/,Trades,Interior renovation and finishing,Service × Industry Landing Page,Drywall contractors,"AEO, GEO and AI Search",/trades-industries/drywall-contractors-marketing-agency/,Index after content threshold,Phase 3,"aeo, geo and ai search for drywall contractors",trades-service-industry-sitemap.xml,Consultus campaign matrix pattern
https://www.consultusdigital.com/trades-marketing-services/paid-social-for-drywall-contractors/,/trades-marketing-services/paid-social-for-drywall-contractors/,Trades,Interior renovation and finishing,Service × Industry Landing Page,Drywall contractors,Paid Social,/trades-industries/drywall-contractors-marketing-agency/,Index after content threshold,Phase 3,paid social for drywall contractors,trades-service-industry-sitemap.xml,Consultus campaign matrix pattern
https://www.consultusdigital.com/trades-marketing-services/web-design-for-drywall-contractors/,/trades-marketing-services/web-design-for-drywall-contractors/,Trades,Interior renovation and finishing,Service × Industry Landing Page,Drywall contractors,Website Design and CRO,/trades-industries/drywall-contractors-marketing-agency/,Index after content threshold,Phase 3,website design and cro for drywall contractors,trades-service-industry-sitemap.xml,Consultus campaign matrix pattern
https://www.consultusdigital.com/trades-marketing-services/crm-revops-for-drywall-contractors/,/trades-marketing-services/crm-revops-for-drywall-contractors/,Trades,Interior renovation and finishing,Service × Industry Landing Page,Drywall contractors,CRM and Revenue Operations,/trades-industries/drywall-contractors-marketing-agency/,Index after content threshold,Phase 3,crm and revenue operations for drywall contractors,trades-service-industry-sitemap.xml,Consultus campaign matrix pattern
https://www.consultusdigital.com/trades-marketing-services/content-marketing-for-drywall-contractors/,/trades-marketing-services/content-marketing-for-drywall-contractors/,Trades,Interior renovation and finishing,Service × Industry Landing Page,Drywall contractors,Content Marketing,/trades-industries/drywall-contractors-marketing-agency/,Index after content threshold,Phase 3,content marketing for drywall contractors,trades-service-industry-sitemap.xml,Consultus campaign matrix pattern
https://www.consultusdigital.com/trades-marketing-services/ad-creative-for-drywall-contractors/,/trades-marketing-services/ad-creative-for-drywall-contractors/,Trades,Interior renovation and finishing,Service × Industry Landing Page,Drywall contractors,Ad Creative Production,/trades-industries/drywall-contractors-marketing-agency/,Index after content threshold,Phase 3,ad creative production for drywall contractors,trades-service-industry-sitemap.xml,Consultus campaign matrix pattern
https://www.consultusdigital.com/trades-marketing-services/call-tracking-for-drywall-contractors/,/trades-marketing-services/call-tracking-for-drywall-contractors/,Trades,Interior renovation and finishing,Service × Industry Landing Page,Drywall contractors,Call Tracking and Attribution,/trades-industries/drywall-contractors-marketing-agency/,Index after content threshold,Phase 3,call tracking and attribution for drywall contractors,trades-service-industry-sitemap.xml,Consultus campaign matrix pattern
https://www.consultusdigital.com/trades-industries/insulation-contractors-marketing-agency/,/trades-industries/insulation-contractors-marketing-agency/,Trades,Interior renovation and finishing,Industry Marketing Agency Page,Insulation contractors,,/trades-industries/interior-renovation-and-finishing/,Index,Phase 2,insulation contractors marketing agency,trades-industry-agency-sitemap.xml,https://www.cardinaldigitalmarketing.com/healthcare-specialties/mental-healthcare-providers-agency/
https://www.consultusdigital.com/trades-marketing-services/digital-marketing-for-insulation-contractors/,/trades-marketing-services/digital-marketing-for-insulation-contractors/,Trades,Interior renovation and finishing,Service × Industry Landing Page,Insulation contractors,Digital Marketing Agency,/trades-industries/insulation-contractors-marketing-agency/,Index after content threshold,Phase 3,digital marketing agency for insulation contractors,trades-service-industry-sitemap.xml,Consultus campaign matrix pattern
https://www.consultusdigital.com/trades-marketing-services/google-ads-for-insulation-contractors/,/trades-marketing-services/google-ads-for-insulation-contractors/,Trades,Interior renovation and finishing,Service × Industry Landing Page,Insulation contractors,Google Ads and PPC,/trades-industries/insulation-contractors-marketing-agency/,Index after content threshold,Phase 3,google ads and ppc for insulation contractors,trades-service-industry-sitemap.xml,Consultus campaign matrix pattern
https://www.consultusdigital.com/trades-marketing-services/local-seo-for-insulation-contractors/,/trades-marketing-services/local-seo-for-insulation-contractors/,Trades,Interior renovation and finishing,Service × Industry Landing Page,Insulation contractors,Local SEO,/trades-industries/insulation-contractors-marketing-agency/,Index after content threshold,Phase 3,local seo for insulation contractors,trades-service-industry-sitemap.xml,Consultus campaign matrix pattern
https://www.consultusdigital.com/trades-marketing-services/ai-search-for-insulation-contractors/,/trades-marketing-services/ai-search-for-insulation-contractors/,Trades,Interior renovation and finishing,Service × Industry Landing Page,Insulation contractors,"AEO, GEO and AI Search",/trades-industries/insulation-contractors-marketing-agency/,Index after content threshold,Phase 3,"aeo, geo and ai search for insulation contractors",trades-service-industry-sitemap.xml,Consultus campaign matrix pattern
https://www.consultusdigital.com/trades-marketing-services/paid-social-for-insulation-contractors/,/trades-marketing-services/paid-social-for-insulation-contractors/,Trades,Interior renovation and finishing,Service × Industry Landing Page,Insulation contractors,Paid Social,/trades-industries/insulation-contractors-marketing-agency/,Index after content threshold,Phase 3,paid social for insulation contractors,trades-service-industry-sitemap.xml,Consultus campaign matrix pattern
https://www.consultusdigital.com/trades-marketing-services/web-design-for-insulation-contractors/,/trades-marketing-services/web-design-for-insulation-contractors/,Trades,Interior renovation and finishing,Service × Industry Landing Page,Insulation contractors,Website Design and CRO,/trades-industries/insulation-contractors-marketing-agency/,Index after content threshold,Phase 3,website design and cro for insulation contractors,trades-service-industry-sitemap.xml,Consultus campaign matrix pattern
https://www.consultusdigital.com/trades-marketing-services/crm-revops-for-insulation-contractors/,/trades-marketing-services/crm-revops-for-insulation-contractors/,Trades,Interior renovation and finishing,Service × Industry Landing Page,Insulation contractors,CRM and Revenue Operations,/trades-industries/insulation-contractors-marketing-agency/,Index after content threshold,Phase 3,crm and revenue operations for insulation contractors,trades-service-industry-sitemap.xml,Consultus campaign matrix pattern
https://www.consultusdigital.com/trades-marketing-services/content-marketing-for-insulation-contractors/,/trades-marketing-services/content-marketing-for-insulation-contractors/,Trades,Interior renovation and finishing,Service × Industry Landing Page,Insulation contractors,Content Marketing,/trades-industries/insulation-contractors-marketing-agency/,Index after content threshold,Phase 3,content marketing for insulation contractors,trades-service-industry-sitemap.xml,Consultus campaign matrix pattern
https://www.consultusdigital.com/trades-marketing-services/ad-creative-for-insulation-contractors/,/trades-marketing-services/ad-creative-for-insulation-contractors/,Trades,Interior renovation and finishing,Service × Industry Landing Page,Insulation contractors,Ad Creative Production,/trades-industries/insulation-contractors-marketing-agency/,Index after content threshold,Phase 3,ad creative production for insulation contractors,trades-service-industry-sitemap.xml,Consultus campaign matrix pattern
https://www.consultusdigital.com/trades-marketing-services/call-tracking-for-insulation-contractors/,/trades-marketing-services/call-tracking-for-insulation-contractors/,Trades,Interior renovation and finishing,Service × Industry Landing Page,Insulation contractors,Call Tracking and Attribution,/trades-industries/insulation-contractors-marketing-agency/,Index after content threshold,Phase 3,call tracking and attribution for insulation contractors,trades-service-industry-sitemap.xml,Consultus campaign matrix pattern
https://www.consultusdigital.com/trades-industries/cabinet-makers-marketing-agency/,/trades-industries/cabinet-makers-marketing-agency/,Trades,Interior renovation and finishing,Industry Marketing Agency Page,Cabinet makers,,/trades-industries/interior-renovation-and-finishing/,Index,Phase 2,cabinet makers marketing agency,trades-industry-agency-sitemap.xml,https://www.cardinaldigitalmarketing.com/healthcare-specialties/mental-healthcare-providers-agency/
https://www.consultusdigital.com/trades-marketing-services/digital-marketing-for-cabinet-makers/,/trades-marketing-services/digital-marketing-for-cabinet-makers/,Trades,Interior renovation and finishing,Service × Industry Landing Page,Cabinet makers,Digital Marketing Agency,/trades-industries/cabinet-makers-marketing-agency/,Index after content threshold,Phase 3,digital marketing agency for cabinet makers,trades-service-industry-sitemap.xml,Consultus campaign matrix pattern
https://www.consultusdigital.com/trades-marketing-services/google-ads-for-cabinet-makers/,/trades-marketing-services/google-ads-for-cabinet-makers/,Trades,Interior renovation and finishing,Service × Industry Landing Page,Cabinet makers,Google Ads and PPC,/trades-industries/cabinet-makers-marketing-agency/,Index after content threshold,Phase 3,google ads and ppc for cabinet makers,trades-service-industry-sitemap.xml,Consultus campaign matrix pattern
https://www.consultusdigital.com/trades-marketing-services/local-seo-for-cabinet-makers/,/trades-marketing-services/local-seo-for-cabinet-makers/,Trades,Interior renovation and finishing,Service × Industry Landing Page,Cabinet makers,Local SEO,/trades-industries/cabinet-makers-marketing-agency/,Index after content threshold,Phase 3,local seo for cabinet makers,trades-service-industry-sitemap.xml,Consultus campaign matrix pattern
https://www.consultusdigital.com/trades-marketing-services/ai-search-for-cabinet-makers/,/trades-marketing-services/ai-search-for-cabinet-makers/,Trades,Interior renovation and finishing,Service × Industry Landing Page,Cabinet makers,"AEO, GEO and AI Search",/trades-industries/cabinet-makers-marketing-agency/,Index after content threshold,Phase 3,"aeo, geo and ai search for cabinet makers",trades-service-industry-sitemap.xml,Consultus campaign matrix pattern
https://www.consultusdigital.com/trades-marketing-services/paid-social-for-cabinet-makers/,/trades-marketing-services/paid-social-for-cabinet-makers/,Trades,Interior renovation and finishing,Service × Industry Landing Page,Cabinet makers,Paid Social,/trades-industries/cabinet-makers-marketing-agency/,Index after content threshold,Phase 3,paid social for cabinet makers,trades-service-industry-sitemap.xml,Consultus campaign matrix pattern
https://www.consultusdigital.com/trades-marketing-services/web-design-for-cabinet-makers/,/trades-marketing-services/web-design-for-cabinet-makers/,Trades,Interior renovation and finishing,Service × Industry Landing Page,Cabinet makers,Website Design and CRO,/trades-industries/cabinet-makers-marketing-agency/,Index after content threshold,Phase 3,website design and cro for cabinet makers,trades-service-industry-sitemap.xml,Consultus campaign matrix pattern
https://www.consultusdigital.com/trades-marketing-services/crm-revops-for-cabinet-makers/,/trades-marketing-services/crm-revops-for-cabinet-makers/,Trades,Interior renovation and finishing,Service × Industry Landing Page,Cabinet makers,CRM and Revenue Operations,/trades-industries/cabinet-makers-marketing-agency/,Index after content threshold,Phase 3,crm and revenue operations for cabinet makers,trades-service-industry-sitemap.xml,Consultus campaign matrix pattern
https://www.consultusdigital.com/trades-marketing-services/content-marketing-for-cabinet-makers/,/trades-marketing-services/content-marketing-for-cabinet-makers/,Trades,Interior renovation and finishing,Service × Industry Landing Page,Cabinet makers,Content Marketing,/trades-industries/cabinet-makers-marketing-agency/,Index after content threshold,Phase 3,content marketing for cabinet makers,trades-service-industry-sitemap.xml,Consultus campaign matrix pattern
https://www.consultusdigital.com/trades-marketing-services/ad-creative-for-cabinet-makers/,/trades-marketing-services/ad-creative-for-cabinet-makers/,Trades,Interior renovation and finishing,Service × Industry Landing Page,Cabinet makers,Ad Creative Production,/trades-industries/cabinet-makers-marketing-agency/,Index after content threshold,Phase 3,ad creative production for cabinet makers,trades-service-industry-sitemap.xml,Consultus campaign matrix pattern
https://www.consultusdigital.com/trades-marketing-services/call-tracking-for-cabinet-makers/,/trades-marketing-services/call-tracking-for-cabinet-makers/,Trades,Interior renovation and finishing,Service × Industry Landing Page,Cabinet makers,Call Tracking and Attribution,/trades-industries/cabinet-makers-marketing-agency/,Index after content threshold,Phase 3,call tracking and attribution for cabinet makers,trades-service-industry-sitemap.xml,Consultus campaign matrix pattern
https://www.consultusdigital.com/trades-industries/custom-closet-companies-marketing-agency/,/trades-industries/custom-closet-companies-marketing-agency/,Trades,Interior renovation and finishing,Industry Marketing Agency Page,Custom closet companies,,/trades-industries/interior-renovation-and-finishing/,Index,Phase 2,custom closet companies marketing agency,trades-industry-agency-sitemap.xml,https://www.cardinaldigitalmarketing.com/healthcare-specialties/mental-healthcare-providers-agency/
https://www.consultusdigital.com/trades-marketing-services/digital-marketing-for-custom-closet-companies/,/trades-marketing-services/digital-marketing-for-custom-closet-companies/,Trades,Interior renovation and finishing,Service × Industry Landing Page,Custom closet companies,Digital Marketing Agency,/trades-industries/custom-closet-companies-marketing-agency/,Index after content threshold,Phase 3,digital marketing agency for custom closet companies,trades-service-industry-sitemap.xml,Consultus campaign matrix pattern
https://www.consultusdigital.com/trades-marketing-services/google-ads-for-custom-closet-companies/,/trades-marketing-services/google-ads-for-custom-closet-companies/,Trades,Interior renovation and finishing,Service × Industry Landing Page,Custom closet companies,Google Ads and PPC,/trades-industries/custom-closet-companies-marketing-agency/,Index after content threshold,Phase 3,google ads and ppc for custom closet companies,trades-service-industry-sitemap.xml,Consultus campaign matrix pattern
https://www.consultusdigital.com/trades-marketing-services/local-seo-for-custom-closet-companies/,/trades-marketing-services/local-seo-for-custom-closet-companies/,Trades,Interior renovation and finishing,Service × Industry Landing Page,Custom closet companies,Local SEO,/trades-industries/custom-closet-companies-marketing-agency/,Index after content threshold,Phase 3,local seo for custom closet companies,trades-service-industry-sitemap.xml,Consultus campaign matrix pattern
https://www.consultusdigital.com/trades-marketing-services/ai-search-for-custom-closet-companies/,/trades-marketing-services/ai-search-for-custom-closet-companies/,Trades,Interior renovation and finishing,Service × Industry Landing Page,Custom closet companies,"AEO, GEO and AI Search",/trades-industries/custom-closet-companies-marketing-agency/,Index after content threshold,Phase 3,"aeo, geo and ai search for custom closet companies",trades-service-industry-sitemap.xml,Consultus campaign matrix pattern
https://www.consultusdigital.com/trades-marketing-services/paid-social-for-custom-closet-companies/,/trades-marketing-services/paid-social-for-custom-closet-companies/,Trades,Interior renovation and finishing,Service × Industry Landing Page,Custom closet companies,Paid Social,/trades-industries/custom-closet-companies-marketing-agency/,Index after content threshold,Phase 3,paid social for custom closet companies,trades-service-industry-sitemap.xml,Consultus campaign matrix pattern
https://www.consultusdigital.com/trades-marketing-services/web-design-for-custom-closet-companies/,/trades-marketing-services/web-design-for-custom-closet-companies/,Trades,Interior renovation and finishing,Service × Industry Landing Page,Custom closet companies,Website Design and CRO,/trades-industries/custom-closet-companies-marketing-agency/,Index after content threshold,Phase 3,website design and cro for custom closet companies,trades-service-industry-sitemap.xml,Consultus campaign matrix pattern
https://www.consultusdigital.com/trades-marketing-services/crm-revops-for-custom-closet-companies/,/trades-marketing-services/crm-revops-for-custom-closet-companies/,Trades,Interior renovation and finishing,Service × Industry Landing Page,Custom closet companies,CRM and Revenue Operations,/trades-industries/custom-closet-companies-marketing-agency/,Index after content threshold,Phase 3,crm and revenue operations for custom closet companies,trades-service-industry-sitemap.xml,Consultus campaign matrix pattern
https://www.consultusdigital.com/trades-marketing-services/content-marketing-for-custom-closet-companies/,/trades-marketing-services/content-marketing-for-custom-closet-companies/,Trades,Interior renovation and finishing,Service × Industry Landing Page,Custom closet companies,Content Marketing,/trades-industries/custom-closet-companies-marketing-agency/,Index after content threshold,Phase 3,content marketing for custom closet companies,trades-service-industry-sitemap.xml,Consultus campaign matrix pattern
https://www.consultusdigital.com/trades-marketing-services/ad-creative-for-custom-closet-companies/,/trades-marketing-services/ad-creative-for-custom-closet-companies/,Trades,Interior renovation and finishing,Service × Industry Landing Page,Custom closet companies,Ad Creative Production,/trades-industries/custom-closet-companies-marketing-agency/,Index after content threshold,Phase 3,ad creative production for custom closet companies,trades-service-industry-sitemap.xml,Consultus campaign matrix pattern
https://www.consultusdigital.com/trades-marketing-services/call-tracking-for-custom-closet-companies/,/trades-marketing-services/call-tracking-for-custom-closet-companies/,Trades,Interior renovation and finishing,Service × Industry Landing Page,Custom closet companies,Call Tracking and Attribution,/trades-industries/custom-closet-companies-marketing-agency/,Index after content threshold,Phase 3,call tracking and attribution for custom closet companies,trades-service-industry-sitemap.xml,Consultus campaign matrix pattern
https://www.consultusdigital.com/trades-industries/millwork-companies-marketing-agency/,/trades-industries/millwork-companies-marketing-agency/,Trades,Interior renovation and finishing,Industry Marketing Agency Page,Millwork companies,,/trades-industries/interior-renovation-and-finishing/,Index,Phase 2,millwork companies marketing agency,trades-industry-agency-sitemap.xml,https://www.cardinaldigitalmarketing.com/healthcare-specialties/mental-healthcare-providers-agency/
https://www.consultusdigital.com/trades-marketing-services/digital-marketing-for-millwork-companies/,/trades-marketing-services/digital-marketing-for-millwork-companies/,Trades,Interior renovation and finishing,Service × Industry Landing Page,Millwork companies,Digital Marketing Agency,/trades-industries/millwork-companies-marketing-agency/,Index after content threshold,Phase 3,digital marketing agency for millwork companies,trades-service-industry-sitemap.xml,Consultus campaign matrix pattern
https://www.consultusdigital.com/trades-marketing-services/google-ads-for-millwork-companies/,/trades-marketing-services/google-ads-for-millwork-companies/,Trades,Interior renovation and finishing,Service × Industry Landing Page,Millwork companies,Google Ads and PPC,/trades-industries/millwork-companies-marketing-agency/,Index after content threshold,Phase 3,google ads and ppc for millwork companies,trades-service-industry-sitemap.xml,Consultus campaign matrix pattern
https://www.consultusdigital.com/trades-marketing-services/local-seo-for-millwork-companies/,/trades-marketing-services/local-seo-for-millwork-companies/,Trades,Interior renovation and finishing,Service × Industry Landing Page,Millwork companies,Local SEO,/trades-industries/millwork-companies-marketing-agency/,Index after content threshold,Phase 3,local seo for millwork companies,trades-service-industry-sitemap.xml,Consultus campaign matrix pattern
https://www.consultusdigital.com/trades-marketing-services/ai-search-for-millwork-companies/,/trades-marketing-services/ai-search-for-millwork-companies/,Trades,Interior renovation and finishing,Service × Industry Landing Page,Millwork companies,"AEO, GEO and AI Search",/trades-industries/millwork-companies-marketing-agency/,Index after content threshold,Phase 3,"aeo, geo and ai search for millwork companies",trades-service-industry-sitemap.xml,Consultus campaign matrix pattern
https://www.consultusdigital.com/trades-marketing-services/paid-social-for-millwork-companies/,/trades-marketing-services/paid-social-for-millwork-companies/,Trades,Interior renovation and finishing,Service × Industry Landing Page,Millwork companies,Paid Social,/trades-industries/millwork-companies-marketing-agency/,Index after content threshold,Phase 3,paid social for millwork companies,trades-service-industry-sitemap.xml,Consultus campaign matrix pattern
https://www.consultusdigital.com/trades-marketing-services/web-design-for-millwork-companies/,/trades-marketing-services/web-design-for-millwork-companies/,Trades,Interior renovation and finishing,Service × Industry Landing Page,Millwork companies,Website Design and CRO,/trades-industries/millwork-companies-marketing-agency/,Index after content threshold,Phase 3,website design and cro for millwork companies,trades-service-industry-sitemap.xml,Consultus campaign matrix pattern
https://www.consultusdigital.com/trades-marketing-services/crm-revops-for-millwork-companies/,/trades-marketing-services/crm-revops-for-millwork-companies/,Trades,Interior renovation and finishing,Service × Industry Landing Page,Millwork companies,CRM and Revenue Operations,/trades-industries/millwork-companies-marketing-agency/,Index after content threshold,Phase 3,crm and revenue operations for millwork companies,trades-service-industry-sitemap.xml,Consultus campaign matrix pattern
https://www.consultusdigital.com/trades-marketing-services/content-marketing-for-millwork-companies/,/trades-marketing-services/content-marketing-for-millwork-companies/,Trades,Interior renovation and finishing,Service × Industry Landing Page,Millwork companies,Content Marketing,/trades-industries/millwork-companies-marketing-agency/,Index after content threshold,Phase 3,content marketing for millwork companies,trades-service-industry-sitemap.xml,Consultus campaign matrix pattern
https://www.consultusdigital.com/trades-marketing-services/ad-creative-for-millwork-companies/,/trades-marketing-services/ad-creative-for-millwork-companies/,Trades,Interior renovation and finishing,Service × Industry Landing Page,Millwork companies,Ad Creative Production,/trades-industries/millwork-companies-marketing-agency/,Index after content threshold,Phase 3,ad creative production for millwork companies,trades-service-industry-sitemap.xml,Consultus campaign matrix pattern
https://www.consultusdigital.com/trades-marketing-services/call-tracking-for-millwork-companies/,/trades-marketing-services/call-tracking-for-millwork-companies/,Trades,Interior renovation and finishing,Service × Industry Landing Page,Millwork companies,Call Tracking and Attribution,/trades-industries/millwork-companies-marketing-agency/,Index after content threshold,Phase 3,call tracking and attribution for millwork companies,trades-service-industry-sitemap.xml,Consultus campaign matrix pattern
https://www.consultusdigital.com/trades-industries/countertop-companies-marketing-agency/,/trades-industries/countertop-companies-marketing-agency/,Trades,Interior renovation and finishing,Industry Marketing Agency Page,Countertop companies,,/trades-industries/interior-renovation-and-finishing/,Index,Phase 2,countertop companies marketing agency,trades-industry-agency-sitemap.xml,https://www.cardinaldigitalmarketing.com/healthcare-specialties/mental-healthcare-providers-agency/
https://www.consultusdigital.com/trades-marketing-services/digital-marketing-for-countertop-companies/,/trades-marketing-services/digital-marketing-for-countertop-companies/,Trades,Interior renovation and finishing,Service × Industry Landing Page,Countertop companies,Digital Marketing Agency,/trades-industries/countertop-companies-marketing-agency/,Index after content threshold,Phase 3,digital marketing agency for countertop companies,trades-service-industry-sitemap.xml,Consultus campaign matrix pattern
https://www.consultusdigital.com/trades-marketing-services/google-ads-for-countertop-companies/,/trades-marketing-services/google-ads-for-countertop-companies/,Trades,Interior renovation and finishing,Service × Industry Landing Page,Countertop companies,Google Ads and PPC,/trades-industries/countertop-companies-marketing-agency/,Index after content threshold,Phase 3,google ads and ppc for countertop companies,trades-service-industry-sitemap.xml,Consultus campaign matrix pattern
https://www.consultusdigital.com/trades-marketing-services/local-seo-for-countertop-companies/,/trades-marketing-services/local-seo-for-countertop-companies/,Trades,Interior renovation and finishing,Service × Industry Landing Page,Countertop companies,Local SEO,/trades-industries/countertop-companies-marketing-agency/,Index after content threshold,Phase 3,local seo for countertop companies,trades-service-industry-sitemap.xml,Consultus campaign matrix pattern
https://www.consultusdigital.com/trades-marketing-services/ai-search-for-countertop-companies/,/trades-marketing-services/ai-search-for-countertop-companies/,Trades,Interior renovation and finishing,Service × Industry Landing Page,Countertop companies,"AEO, GEO and AI Search",/trades-industries/countertop-companies-marketing-agency/,Index after content threshold,Phase 3,"aeo, geo and ai search for countertop companies",trades-service-industry-sitemap.xml,Consultus campaign matrix pattern
https://www.consultusdigital.com/trades-marketing-services/paid-social-for-countertop-companies/,/trades-marketing-services/paid-social-for-countertop-companies/,Trades,Interior renovation and finishing,Service × Industry Landing Page,Countertop companies,Paid Social,/trades-industries/countertop-companies-marketing-agency/,Index after content threshold,Phase 3,paid social for countertop companies,trades-service-industry-sitemap.xml,Consultus campaign matrix pattern
https://www.consultusdigital.com/trades-marketing-services/web-design-for-countertop-companies/,/trades-marketing-services/web-design-for-countertop-companies/,Trades,Interior renovation and finishing,Service × Industry Landing Page,Countertop companies,Website Design and CRO,/trades-industries/countertop-companies-marketing-agency/,Index after content threshold,Phase 3,website design and cro for countertop companies,trades-service-industry-sitemap.xml,Consultus campaign matrix pattern
https://www.consultusdigital.com/trades-marketing-services/crm-revops-for-countertop-companies/,/trades-marketing-services/crm-revops-for-countertop-companies/,Trades,Interior renovation and finishing,Service × Industry Landing Page,Countertop companies,CRM and Revenue Operations,/trades-industries/countertop-companies-marketing-agency/,Index after content threshold,Phase 3,crm and revenue operations for countertop companies,trades-service-industry-sitemap.xml,Consultus campaign matrix pattern
https://www.consultusdigital.com/trades-marketing-services/content-marketing-for-countertop-companies/,/trades-marketing-services/content-marketing-for-countertop-companies/,Trades,Interior renovation and finishing,Service × Industry Landing Page,Countertop companies,Content Marketing,/trades-industries/countertop-companies-marketing-agency/,Index after content threshold,Phase 3,content marketing for countertop companies,trades-service-industry-sitemap.xml,Consultus campaign matrix pattern
https://www.consultusdigital.com/trades-marketing-services/ad-creative-for-countertop-companies/,/trades-marketing-services/ad-creative-for-countertop-companies/,Trades,Interior renovation and finishing,Service × Industry Landing Page,Countertop companies,Ad Creative Production,/trades-industries/countertop-companies-marketing-agency/,Index after content threshold,Phase 3,ad creative production for countertop companies,trades-service-industry-sitemap.xml,Consultus campaign matrix pattern
https://www.consultusdigital.com/trades-marketing-services/call-tracking-for-countertop-companies/,/trades-marketing-services/call-tracking-for-countertop-companies/,Trades,Interior renovation and finishing,Service × Industry Landing Page,Countertop companies,Call Tracking and Attribution,/trades-industries/countertop-companies-marketing-agency/,Index after content threshold,Phase 3,call tracking and attribution for countertop companies,trades-service-industry-sitemap.xml,Consultus campaign matrix pattern
https://www.consultusdigital.com/trades-industries/glass-contractors-marketing-agency/,/trades-industries/glass-contractors-marketing-agency/,Trades,Interior renovation and finishing,Industry Marketing Agency Page,Glass contractors,,/trades-industries/interior-renovation-and-finishing/,Index,Phase 2,glass contractors marketing agency,trades-industry-agency-sitemap.xml,https://www.cardinaldigitalmarketing.com/healthcare-specialties/mental-healthcare-providers-agency/
https://www.consultusdigital.com/trades-marketing-services/digital-marketing-for-glass-contractors/,/trades-marketing-services/digital-marketing-for-glass-contractors/,Trades,Interior renovation and finishing,Service × Industry Landing Page,Glass contractors,Digital Marketing Agency,/trades-industries/glass-contractors-marketing-agency/,Index after content threshold,Phase 3,digital marketing agency for glass contractors,trades-service-industry-sitemap.xml,Consultus campaign matrix pattern
https://www.consultusdigital.com/trades-marketing-services/google-ads-for-glass-contractors/,/trades-marketing-services/google-ads-for-glass-contractors/,Trades,Interior renovation and finishing,Service × Industry Landing Page,Glass contractors,Google Ads and PPC,/trades-industries/glass-contractors-marketing-agency/,Index after content threshold,Phase 3,google ads and ppc for glass contractors,trades-service-industry-sitemap.xml,Consultus campaign matrix pattern
https://www.consultusdigital.com/trades-marketing-services/local-seo-for-glass-contractors/,/trades-marketing-services/local-seo-for-glass-contractors/,Trades,Interior renovation and finishing,Service × Industry Landing Page,Glass contractors,Local SEO,/trades-industries/glass-contractors-marketing-agency/,Index after content threshold,Phase 3,local seo for glass contractors,trades-service-industry-sitemap.xml,Consultus campaign matrix pattern
https://www.consultusdigital.com/trades-marketing-services/ai-search-for-glass-contractors/,/trades-marketing-services/ai-search-for-glass-contractors/,Trades,Interior renovation and finishing,Service × Industry Landing Page,Glass contractors,"AEO, GEO and AI Search",/trades-industries/glass-contractors-marketing-agency/,Index after content threshold,Phase 3,"aeo, geo and ai search for glass contractors",trades-service-industry-sitemap.xml,Consultus campaign matrix pattern
https://www.consultusdigital.com/trades-marketing-services/paid-social-for-glass-contractors/,/trades-marketing-services/paid-social-for-glass-contractors/,Trades,Interior renovation and finishing,Service × Industry Landing Page,Glass contractors,Paid Social,/trades-industries/glass-contractors-marketing-agency/,Index after content threshold,Phase 3,paid social for glass contractors,trades-service-industry-sitemap.xml,Consultus campaign matrix pattern
https://www.consultusdigital.com/trades-marketing-services/web-design-for-glass-contractors/,/trades-marketing-services/web-design-for-glass-contractors/,Trades,Interior renovation and finishing,Service × Industry Landing Page,Glass contractors,Website Design and CRO,/trades-industries/glass-contractors-marketing-agency/,Index after content threshold,Phase 3,website design and cro for glass contractors,trades-service-industry-sitemap.xml,Consultus campaign matrix pattern
https://www.consultusdigital.com/trades-marketing-services/crm-revops-for-glass-contractors/,/trades-marketing-services/crm-revops-for-glass-contractors/,Trades,Interior renovation and finishing,Service × Industry Landing Page,Glass contractors,CRM and Revenue Operations,/trades-industries/glass-contractors-marketing-agency/,Index after content threshold,Phase 3,crm and revenue operations for glass contractors,trades-service-industry-sitemap.xml,Consultus campaign matrix pattern
https://www.consultusdigital.com/trades-marketing-services/content-marketing-for-glass-contractors/,/trades-marketing-services/content-marketing-for-glass-contractors/,Trades,Interior renovation and finishing,Service × Industry Landing Page,Glass contractors,Content Marketing,/trades-industries/glass-contractors-marketing-agency/,Index after content threshold,Phase 3,content marketing for glass contractors,trades-service-industry-sitemap.xml,Consultus campaign matrix pattern
https://www.consultusdigital.com/trades-marketing-services/ad-creative-for-glass-contractors/,/trades-marketing-services/ad-creative-for-glass-contractors/,Trades,Interior renovation and finishing,Service × Industry Landing Page,Glass contractors,Ad Creative Production,/trades-industries/glass-contractors-marketing-agency/,Index after content threshold,Phase 3,ad creative production for glass contractors,trades-service-industry-sitemap.xml,Consultus campaign matrix pattern
https://www.consultusdigital.com/trades-marketing-services/call-tracking-for-glass-contractors/,/trades-marketing-services/call-tracking-for-glass-contractors/,Trades,Interior renovation and finishing,Service × Industry Landing Page,Glass contractors,Call Tracking and Attribution,/trades-industries/glass-contractors-marketing-agency/,Index after content threshold,Phase 3,call tracking and attribution for glass contractors,trades-service-industry-sitemap.xml,Consultus campaign matrix pattern
https://www.consultusdigital.com/trades-industries/construction-and-development/,/trades-industries/construction-and-development/,Trades,Construction and development,Sector Hub,Construction and development,,/trades-industries/,Index,Phase 1,construction and development marketing agency,trades-industry-agency-sitemap.xml,https://www.cardinaldigitalmarketing.com/healthcare-specialties/mental-healthcare-providers-agency/
https://www.consultusdigital.com/trades-industries/commercial-construction-companies-marketing-agency/,/trades-industries/commercial-construction-companies-marketing-agency/,Trades,Construction and development,Industry Marketing Agency Page,Commercial construction companies,,/trades-industries/construction-and-development/,Index,Phase 2,commercial construction companies marketing agency,trades-industry-agency-sitemap.xml,https://www.cardinaldigitalmarketing.com/healthcare-specialties/mental-healthcare-providers-agency/
https://www.consultusdigital.com/trades-marketing-services/digital-marketing-for-commercial-construction-companies/,/trades-marketing-services/digital-marketing-for-commercial-construction-companies/,Trades,Construction and development,Service × Industry Landing Page,Commercial construction companies,Digital Marketing Agency,/trades-industries/commercial-construction-companies-marketing-agency/,Index after content threshold,Phase 3,digital marketing agency for commercial construction companies,trades-service-industry-sitemap.xml,Consultus campaign matrix pattern
https://www.consultusdigital.com/trades-marketing-services/google-ads-for-commercial-construction-companies/,/trades-marketing-services/google-ads-for-commercial-construction-companies/,Trades,Construction and development,Service × Industry Landing Page,Commercial construction companies,Google Ads and PPC,/trades-industries/commercial-construction-companies-marketing-agency/,Index after content threshold,Phase 3,google ads and ppc for commercial construction companies,trades-service-industry-sitemap.xml,Consultus campaign matrix pattern
https://www.consultusdigital.com/trades-marketing-services/local-seo-for-commercial-construction-companies/,/trades-marketing-services/local-seo-for-commercial-construction-companies/,Trades,Construction and development,Service × Industry Landing Page,Commercial construction companies,Local SEO,/trades-industries/commercial-construction-companies-marketing-agency/,Index after content threshold,Phase 3,local seo for commercial construction companies,trades-service-industry-sitemap.xml,Consultus campaign matrix pattern
https://www.consultusdigital.com/trades-marketing-services/ai-search-for-commercial-construction-companies/,/trades-marketing-services/ai-search-for-commercial-construction-companies/,Trades,Construction and development,Service × Industry Landing Page,Commercial construction companies,"AEO, GEO and AI Search",/trades-industries/commercial-construction-companies-marketing-agency/,Index after content threshold,Phase 3,"aeo, geo and ai search for commercial construction companies",trades-service-industry-sitemap.xml,Consultus campaign matrix pattern
https://www.consultusdigital.com/trades-marketing-services/paid-social-for-commercial-construction-companies/,/trades-marketing-services/paid-social-for-commercial-construction-companies/,Trades,Construction and development,Service × Industry Landing Page,Commercial construction companies,Paid Social,/trades-industries/commercial-construction-companies-marketing-agency/,Index after content threshold,Phase 3,paid social for commercial construction companies,trades-service-industry-sitemap.xml,Consultus campaign matrix pattern
https://www.consultusdigital.com/trades-marketing-services/web-design-for-commercial-construction-companies/,/trades-marketing-services/web-design-for-commercial-construction-companies/,Trades,Construction and development,Service × Industry Landing Page,Commercial construction companies,Website Design and CRO,/trades-industries/commercial-construction-companies-marketing-agency/,Index after content threshold,Phase 3,website design and cro for commercial construction companies,trades-service-industry-sitemap.xml,Consultus campaign matrix pattern
https://www.consultusdigital.com/trades-marketing-services/crm-revops-for-commercial-construction-companies/,/trades-marketing-services/crm-revops-for-commercial-construction-companies/,Trades,Construction and development,Service × Industry Landing Page,Commercial construction companies,CRM and Revenue Operations,/trades-industries/commercial-construction-companies-marketing-agency/,Index after content threshold,Phase 3,crm and revenue operations for commercial construction companies,trades-service-industry-sitemap.xml,Consultus campaign matrix pattern
https://www.consultusdigital.com/trades-marketing-services/content-marketing-for-commercial-construction-companies/,/trades-marketing-services/content-marketing-for-commercial-construction-companies/,Trades,Construction and development,Service × Industry Landing Page,Commercial construction companies,Content Marketing,/trades-industries/commercial-construction-companies-marketing-agency/,Index after content threshold,Phase 3,content marketing for commercial construction companies,trades-service-industry-sitemap.xml,Consultus campaign matrix pattern
https://www.consultusdigital.com/trades-marketing-services/ad-creative-for-commercial-construction-companies/,/trades-marketing-services/ad-creative-for-commercial-construction-companies/,Trades,Construction and development,Service × Industry Landing Page,Commercial construction companies,Ad Creative Production,/trades-industries/commercial-construction-companies-marketing-agency/,Index after content threshold,Phase 3,ad creative production for commercial construction companies,trades-service-industry-sitemap.xml,Consultus campaign matrix pattern
https://www.consultusdigital.com/trades-marketing-services/call-tracking-for-commercial-construction-companies/,/trades-marketing-services/call-tracking-for-commercial-construction-companies/,Trades,Construction and development,Service × Industry Landing Page,Commercial construction companies,Call Tracking and Attribution,/trades-industries/commercial-construction-companies-marketing-agency/,Index after content threshold,Phase 3,call tracking and attribution for commercial construction companies,trades-service-industry-sitemap.xml,Consultus campaign matrix pattern
https://www.consultusdigital.com/trades-industries/residential-construction-companies-marketing-agency/,/trades-industries/residential-construction-companies-marketing-agency/,Trades,Construction and development,Industry Marketing Agency Page,Residential construction companies,,/trades-industries/construction-and-development/,Index,Phase 2,residential construction companies marketing agency,trades-industry-agency-sitemap.xml,https://www.cardinaldigitalmarketing.com/healthcare-specialties/mental-healthcare-providers-agency/
https://www.consultusdigital.com/trades-marketing-services/digital-marketing-for-residential-construction-companies/,/trades-marketing-services/digital-marketing-for-residential-construction-companies/,Trades,Construction and development,Service × Industry Landing Page,Residential construction companies,Digital Marketing Agency,/trades-industries/residential-construction-companies-marketing-agency/,Index after content threshold,Phase 3,digital marketing agency for residential construction companies,trades-service-industry-sitemap.xml,Consultus campaign matrix pattern
https://www.consultusdigital.com/trades-marketing-services/google-ads-for-residential-construction-companies/,/trades-marketing-services/google-ads-for-residential-construction-companies/,Trades,Construction and development,Service × Industry Landing Page,Residential construction companies,Google Ads and PPC,/trades-industries/residential-construction-companies-marketing-agency/,Index after content threshold,Phase 3,google ads and ppc for residential construction companies,trades-service-industry-sitemap.xml,Consultus campaign matrix pattern
https://www.consultusdigital.com/trades-marketing-services/local-seo-for-residential-construction-companies/,/trades-marketing-services/local-seo-for-residential-construction-companies/,Trades,Construction and development,Service × Industry Landing Page,Residential construction companies,Local SEO,/trades-industries/residential-construction-companies-marketing-agency/,Index after content threshold,Phase 3,local seo for residential construction companies,trades-service-industry-sitemap.xml,Consultus campaign matrix pattern
https://www.consultusdigital.com/trades-marketing-services/ai-search-for-residential-construction-companies/,/trades-marketing-services/ai-search-for-residential-construction-companies/,Trades,Construction and development,Service × Industry Landing Page,Residential construction companies,"AEO, GEO and AI Search",/trades-industries/residential-construction-companies-marketing-agency/,Index after content threshold,Phase 3,"aeo, geo and ai search for residential construction companies",trades-service-industry-sitemap.xml,Consultus campaign matrix pattern
https://www.consultusdigital.com/trades-marketing-services/paid-social-for-residential-construction-companies/,/trades-marketing-services/paid-social-for-residential-construction-companies/,Trades,Construction and development,Service × Industry Landing Page,Residential construction companies,Paid Social,/trades-industries/residential-construction-companies-marketing-agency/,Index after content threshold,Phase 3,paid social for residential construction companies,trades-service-industry-sitemap.xml,Consultus campaign matrix pattern
https://www.consultusdigital.com/trades-marketing-services/web-design-for-residential-construction-companies/,/trades-marketing-services/web-design-for-residential-construction-companies/,Trades,Construction and development,Service × Industry Landing Page,Residential construction companies,Website Design and CRO,/trades-industries/residential-construction-companies-marketing-agency/,Index after content threshold,Phase 3,website design and cro for residential construction companies,trades-service-industry-sitemap.xml,Consultus campaign matrix pattern
https://www.consultusdigital.com/trades-marketing-services/crm-revops-for-residential-construction-companies/,/trades-marketing-services/crm-revops-for-residential-construction-companies/,Trades,Construction and development,Service × Industry Landing Page,Residential construction companies,CRM and Revenue Operations,/trades-industries/residential-construction-companies-marketing-agency/,Index after content threshold,Phase 3,crm and revenue operations for residential construction companies,trades-service-industry-sitemap.xml,Consultus campaign matrix pattern
https://www.consultusdigital.com/trades-marketing-services/content-marketing-for-residential-construction-companies/,/trades-marketing-services/content-marketing-for-residential-construction-companies/,Trades,Construction and development,Service × Industry Landing Page,Residential construction companies,Content Marketing,/trades-industries/residential-construction-companies-marketing-agency/,Index after content threshold,Phase 3,content marketing for residential construction companies,trades-service-industry-sitemap.xml,Consultus campaign matrix pattern
https://www.consultusdigital.com/trades-marketing-services/ad-creative-for-residential-construction-companies/,/trades-marketing-services/ad-creative-for-residential-construction-companies/,Trades,Construction and development,Service × Industry Landing Page,Residential construction companies,Ad Creative Production,/trades-industries/residential-construction-companies-marketing-agency/,Index after content threshold,Phase 3,ad creative production for residential construction companies,trades-service-industry-sitemap.xml,Consultus campaign matrix pattern
https://www.consultusdigital.com/trades-marketing-services/call-tracking-for-residential-construction-companies/,/trades-marketing-services/call-tracking-for-residential-construction-companies/,Trades,Construction and development,Service × Industry Landing Page,Residential construction companies,Call Tracking and Attribution,/trades-industries/residential-construction-companies-marketing-agency/,Index after content threshold,Phase 3,call tracking and attribution for residential construction companies,trades-service-industry-sitemap.xml,Consultus campaign matrix pattern
https://www.consultusdigital.com/trades-industries/custom-home-builders-marketing-agency/,/trades-industries/custom-home-builders-marketing-agency/,Trades,Construction and development,Industry Marketing Agency Page,Custom home builders,,/trades-industries/construction-and-development/,Index,Phase 2,custom home builders marketing agency,trades-industry-agency-sitemap.xml,https://www.cardinaldigitalmarketing.com/healthcare-specialties/mental-healthcare-providers-agency/
https://www.consultusdigital.com/trades-marketing-services/digital-marketing-for-custom-home-builders/,/trades-marketing-services/digital-marketing-for-custom-home-builders/,Trades,Construction and development,Service × Industry Landing Page,Custom home builders,Digital Marketing Agency,/trades-industries/custom-home-builders-marketing-agency/,Index after content threshold,Phase 3,digital marketing agency for custom home builders,trades-service-industry-sitemap.xml,Consultus campaign matrix pattern
https://www.consultusdigital.com/trades-marketing-services/google-ads-for-custom-home-builders/,/trades-marketing-services/google-ads-for-custom-home-builders/,Trades,Construction and development,Service × Industry Landing Page,Custom home builders,Google Ads and PPC,/trades-industries/custom-home-builders-marketing-agency/,Index after content threshold,Phase 3,google ads and ppc for custom home builders,trades-service-industry-sitemap.xml,Consultus campaign matrix pattern
https://www.consultusdigital.com/trades-marketing-services/local-seo-for-custom-home-builders/,/trades-marketing-services/local-seo-for-custom-home-builders/,Trades,Construction and development,Service × Industry Landing Page,Custom home builders,Local SEO,/trades-industries/custom-home-builders-marketing-agency/,Index after content threshold,Phase 3,local seo for custom home builders,trades-service-industry-sitemap.xml,Consultus campaign matrix pattern
https://www.consultusdigital.com/trades-marketing-services/ai-search-for-custom-home-builders/,/trades-marketing-services/ai-search-for-custom-home-builders/,Trades,Construction and development,Service × Industry Landing Page,Custom home builders,"AEO, GEO and AI Search",/trades-industries/custom-home-builders-marketing-agency/,Index after content threshold,Phase 3,"aeo, geo and ai search for custom home builders",trades-service-industry-sitemap.xml,Consultus campaign matrix pattern
https://www.consultusdigital.com/trades-marketing-services/paid-social-for-custom-home-builders/,/trades-marketing-services/paid-social-for-custom-home-builders/,Trades,Construction and development,Service × Industry Landing Page,Custom home builders,Paid Social,/trades-industries/custom-home-builders-marketing-agency/,Index after content threshold,Phase 3,paid social for custom home builders,trades-service-industry-sitemap.xml,Consultus campaign matrix pattern
https://www.consultusdigital.com/trades-marketing-services/web-design-for-custom-home-builders/,/trades-marketing-services/web-design-for-custom-home-builders/,Trades,Construction and development,Service × Industry Landing Page,Custom home builders,Website Design and CRO,/trades-industries/custom-home-builders-marketing-agency/,Index after content threshold,Phase 3,website design and cro for custom home builders,trades-service-industry-sitemap.xml,Consultus campaign matrix pattern
https://www.consultusdigital.com/trades-marketing-services/crm-revops-for-custom-home-builders/,/trades-marketing-services/crm-revops-for-custom-home-builders/,Trades,Construction and development,Service × Industry Landing Page,Custom home builders,CRM and Revenue Operations,/trades-industries/custom-home-builders-marketing-agency/,Index after content threshold,Phase 3,crm and revenue operations for custom home builders,trades-service-industry-sitemap.xml,Consultus campaign matrix pattern
https://www.consultusdigital.com/trades-marketing-services/content-marketing-for-custom-home-builders/,/trades-marketing-services/content-marketing-for-custom-home-builders/,Trades,Construction and development,Service × Industry Landing Page,Custom home builders,Content Marketing,/trades-industries/custom-home-builders-marketing-agency/,Index after content threshold,Phase 3,content marketing for custom home builders,trades-service-industry-sitemap.xml,Consultus campaign matrix pattern
https://www.consultusdigital.com/trades-marketing-services/ad-creative-for-custom-home-builders/,/trades-marketing-services/ad-creative-for-custom-home-builders/,Trades,Construction and development,Service × Industry Landing Page,Custom home builders,Ad Creative Production,/trades-industries/custom-home-builders-marketing-agency/,Index after content threshold,Phase 3,ad creative production for custom home builders,trades-service-industry-sitemap.xml,Consultus campaign matrix pattern
https://www.consultusdigital.com/trades-marketing-services/call-tracking-for-custom-home-builders/,/trades-marketing-services/call-tracking-for-custom-home-builders/,Trades,Construction and development,Service × Industry Landing Page,Custom home builders,Call Tracking and Attribution,/trades-industries/custom-home-builders-marketing-agency/,Index after content threshold,Phase 3,call tracking and attribution for custom home builders,trades-service-industry-sitemap.xml,Consultus campaign matrix pattern
https://www.consultusdigital.com/trades-industries/production-home-builders-marketing-agency/,/trades-industries/production-home-builders-marketing-agency/,Trades,Construction and development,Industry Marketing Agency Page,Production home builders,,/trades-industries/construction-and-development/,Index,Phase 2,production home builders marketing agency,trades-industry-agency-sitemap.xml,https://www.cardinaldigitalmarketing.com/healthcare-specialties/mental-healthcare-providers-agency/
https://www.consultusdigital.com/trades-marketing-services/digital-marketing-for-production-home-builders/,/trades-marketing-services/digital-marketing-for-production-home-builders/,Trades,Construction and development,Service × Industry Landing Page,Production home builders,Digital Marketing Agency,/trades-industries/production-home-builders-marketing-agency/,Index after content threshold,Phase 3,digital marketing agency for production home builders,trades-service-industry-sitemap.xml,Consultus campaign matrix pattern
https://www.consultusdigital.com/trades-marketing-services/google-ads-for-production-home-builders/,/trades-marketing-services/google-ads-for-production-home-builders/,Trades,Construction and development,Service × Industry Landing Page,Production home builders,Google Ads and PPC,/trades-industries/production-home-builders-marketing-agency/,Index after content threshold,Phase 3,google ads and ppc for production home builders,trades-service-industry-sitemap.xml,Consultus campaign matrix pattern
https://www.consultusdigital.com/trades-marketing-services/local-seo-for-production-home-builders/,/trades-marketing-services/local-seo-for-production-home-builders/,Trades,Construction and development,Service × Industry Landing Page,Production home builders,Local SEO,/trades-industries/production-home-builders-marketing-agency/,Index after content threshold,Phase 3,local seo for production home builders,trades-service-industry-sitemap.xml,Consultus campaign matrix pattern
https://www.consultusdigital.com/trades-marketing-services/ai-search-for-production-home-builders/,/trades-marketing-services/ai-search-for-production-home-builders/,Trades,Construction and development,Service × Industry Landing Page,Production home builders,"AEO, GEO and AI Search",/trades-industries/production-home-builders-marketing-agency/,Index after content threshold,Phase 3,"aeo, geo and ai search for production home builders",trades-service-industry-sitemap.xml,Consultus campaign matrix pattern
https://www.consultusdigital.com/trades-marketing-services/paid-social-for-production-home-builders/,/trades-marketing-services/paid-social-for-production-home-builders/,Trades,Construction and development,Service × Industry Landing Page,Production home builders,Paid Social,/trades-industries/production-home-builders-marketing-agency/,Index after content threshold,Phase 3,paid social for production home builders,trades-service-industry-sitemap.xml,Consultus campaign matrix pattern
https://www.consultusdigital.com/trades-marketing-services/web-design-for-production-home-builders/,/trades-marketing-services/web-design-for-production-home-builders/,Trades,Construction and development,Service × Industry Landing Page,Production home builders,Website Design and CRO,/trades-industries/production-home-builders-marketing-agency/,Index after content threshold,Phase 3,website design and cro for production home builders,trades-service-industry-sitemap.xml,Consultus campaign matrix pattern
https://www.consultusdigital.com/trades-marketing-services/crm-revops-for-production-home-builders/,/trades-marketing-services/crm-revops-for-production-home-builders/,Trades,Construction and development,Service × Industry Landing Page,Production home builders,CRM and Revenue Operations,/trades-industries/production-home-builders-marketing-agency/,Index after content threshold,Phase 3,crm and revenue operations for production home builders,trades-service-industry-sitemap.xml,Consultus campaign matrix pattern
https://www.consultusdigital.com/trades-marketing-services/content-marketing-for-production-home-builders/,/trades-marketing-services/content-marketing-for-production-home-builders/,Trades,Construction and development,Service × Industry Landing Page,Production home builders,Content Marketing,/trades-industries/production-home-builders-marketing-agency/,Index after content threshold,Phase 3,content marketing for production home builders,trades-service-industry-sitemap.xml,Consultus campaign matrix pattern
https://www.consultusdigital.com/trades-marketing-services/ad-creative-for-production-home-builders/,/trades-marketing-services/ad-creative-for-production-home-builders/,Trades,Construction and development,Service × Industry Landing Page,Production home builders,Ad Creative Production,/trades-industries/production-home-builders-marketing-agency/,Index after content threshold,Phase 3,ad creative production for production home builders,trades-service-industry-sitemap.xml,Consultus campaign matrix pattern
https://www.consultusdigital.com/trades-marketing-services/call-tracking-for-production-home-builders/,/trades-marketing-services/call-tracking-for-production-home-builders/,Trades,Construction and development,Service × Industry Landing Page,Production home builders,Call Tracking and Attribution,/trades-industries/production-home-builders-marketing-agency/,Index after content threshold,Phase 3,call tracking and attribution for production home builders,trades-service-industry-sitemap.xml,Consultus campaign matrix pattern
https://www.consultusdigital.com/trades-industries/real-estate-developers-marketing-agency/,/trades-industries/real-estate-developers-marketing-agency/,Trades,Construction and development,Industry Marketing Agency Page,Real estate developers,,/trades-industries/construction-and-development/,Index,Phase 2,real estate developers marketing agency,trades-industry-agency-sitemap.xml,https://www.cardinaldigitalmarketing.com/healthcare-specialties/mental-healthcare-providers-agency/
https://www.consultusdigital.com/trades-marketing-services/digital-marketing-for-real-estate-developers/,/trades-marketing-services/digital-marketing-for-real-estate-developers/,Trades,Construction and development,Service × Industry Landing Page,Real estate developers,Digital Marketing Agency,/trades-industries/real-estate-developers-marketing-agency/,Index after content threshold,Phase 3,digital marketing agency for real estate developers,trades-service-industry-sitemap.xml,Consultus campaign matrix pattern
https://www.consultusdigital.com/trades-marketing-services/google-ads-for-real-estate-developers/,/trades-marketing-services/google-ads-for-real-estate-developers/,Trades,Construction and development,Service × Industry Landing Page,Real estate developers,Google Ads and PPC,/trades-industries/real-estate-developers-marketing-agency/,Index after content threshold,Phase 3,google ads and ppc for real estate developers,trades-service-industry-sitemap.xml,Consultus campaign matrix pattern
https://www.consultusdigital.com/trades-marketing-services/local-seo-for-real-estate-developers/,/trades-marketing-services/local-seo-for-real-estate-developers/,Trades,Construction and development,Service × Industry Landing Page,Real estate developers,Local SEO,/trades-industries/real-estate-developers-marketing-agency/,Index after content threshold,Phase 3,local seo for real estate developers,trades-service-industry-sitemap.xml,Consultus campaign matrix pattern
https://www.consultusdigital.com/trades-marketing-services/ai-search-for-real-estate-developers/,/trades-marketing-services/ai-search-for-real-estate-developers/,Trades,Construction and development,Service × Industry Landing Page,Real estate developers,"AEO, GEO and AI Search",/trades-industries/real-estate-developers-marketing-agency/,Index after content threshold,Phase 3,"aeo, geo and ai search for real estate developers",trades-service-industry-sitemap.xml,Consultus campaign matrix pattern
https://www.consultusdigital.com/trades-marketing-services/paid-social-for-real-estate-developers/,/trades-marketing-services/paid-social-for-real-estate-developers/,Trades,Construction and development,Service × Industry Landing Page,Real estate developers,Paid Social,/trades-industries/real-estate-developers-marketing-agency/,Index after content threshold,Phase 3,paid social for real estate developers,trades-service-industry-sitemap.xml,Consultus campaign matrix pattern
https://www.consultusdigital.com/trades-marketing-services/web-design-for-real-estate-developers/,/trades-marketing-services/web-design-for-real-estate-developers/,Trades,Construction and development,Service × Industry Landing Page,Real estate developers,Website Design and CRO,/trades-industries/real-estate-developers-marketing-agency/,Index after content threshold,Phase 3,website design and cro for real estate developers,trades-service-industry-sitemap.xml,Consultus campaign matrix pattern
https://www.consultusdigital.com/trades-marketing-services/crm-revops-for-real-estate-developers/,/trades-marketing-services/crm-revops-for-real-estate-developers/,Trades,Construction and development,Service × Industry Landing Page,Real estate developers,CRM and Revenue Operations,/trades-industries/real-estate-developers-marketing-agency/,Index after content threshold,Phase 3,crm and revenue operations for real estate developers,trades-service-industry-sitemap.xml,Consultus campaign matrix pattern
https://www.consultusdigital.com/trades-marketing-services/content-marketing-for-real-estate-developers/,/trades-marketing-services/content-marketing-for-real-estate-developers/,Trades,Construction and development,Service × Industry Landing Page,Real estate developers,Content Marketing,/trades-industries/real-estate-developers-marketing-agency/,Index after content threshold,Phase 3,content marketing for real estate developers,trades-service-industry-sitemap.xml,Consultus campaign matrix pattern
https://www.consultusdigital.com/trades-marketing-services/ad-creative-for-real-estate-developers/,/trades-marketing-services/ad-creative-for-real-estate-developers/,Trades,Construction and development,Service × Industry Landing Page,Real estate developers,Ad Creative Production,/trades-industries/real-estate-developers-marketing-agency/,Index after content threshold,Phase 3,ad creative production for real estate developers,trades-service-industry-sitemap.xml,Consultus campaign matrix pattern
https://www.consultusdigital.com/trades-marketing-services/call-tracking-for-real-estate-developers/,/trades-marketing-services/call-tracking-for-real-estate-developers/,Trades,Construction and development,Service × Industry Landing Page,Real estate developers,Call Tracking and Attribution,/trades-industries/real-estate-developers-marketing-agency/,Index after content threshold,Phase 3,call tracking and attribution for real estate developers,trades-service-industry-sitemap.xml,Consultus campaign matrix pattern
https://www.consultusdigital.com/trades-industries/design-build-firms-marketing-agency/,/trades-industries/design-build-firms-marketing-agency/,Trades,Construction and development,Industry Marketing Agency Page,Design-build firms,,/trades-industries/construction-and-development/,Index,Phase 2,design-build firms marketing agency,trades-industry-agency-sitemap.xml,https://www.cardinaldigitalmarketing.com/healthcare-specialties/mental-healthcare-providers-agency/
https://www.consultusdigital.com/trades-marketing-services/digital-marketing-for-design-build-firms/,/trades-marketing-services/digital-marketing-for-design-build-firms/,Trades,Construction and development,Service × Industry Landing Page,Design-build firms,Digital Marketing Agency,/trades-industries/design-build-firms-marketing-agency/,Index after content threshold,Phase 3,digital marketing agency for design-build firms,trades-service-industry-sitemap.xml,Consultus campaign matrix pattern
https://www.consultusdigital.com/trades-marketing-services/google-ads-for-design-build-firms/,/trades-marketing-services/google-ads-for-design-build-firms/,Trades,Construction and development,Service × Industry Landing Page,Design-build firms,Google Ads and PPC,/trades-industries/design-build-firms-marketing-agency/,Index after content threshold,Phase 3,google ads and ppc for design-build firms,trades-service-industry-sitemap.xml,Consultus campaign matrix pattern
https://www.consultusdigital.com/trades-marketing-services/local-seo-for-design-build-firms/,/trades-marketing-services/local-seo-for-design-build-firms/,Trades,Construction and development,Service × Industry Landing Page,Design-build firms,Local SEO,/trades-industries/design-build-firms-marketing-agency/,Index after content threshold,Phase 3,local seo for design-build firms,trades-service-industry-sitemap.xml,Consultus campaign matrix pattern
https://www.consultusdigital.com/trades-marketing-services/ai-search-for-design-build-firms/,/trades-marketing-services/ai-search-for-design-build-firms/,Trades,Construction and development,Service × Industry Landing Page,Design-build firms,"AEO, GEO and AI Search",/trades-industries/design-build-firms-marketing-agency/,Index after content threshold,Phase 3,"aeo, geo and ai search for design-build firms",trades-service-industry-sitemap.xml,Consultus campaign matrix pattern
https://www.consultusdigital.com/trades-marketing-services/paid-social-for-design-build-firms/,/trades-marketing-services/paid-social-for-design-build-firms/,Trades,Construction and development,Service × Industry Landing Page,Design-build firms,Paid Social,/trades-industries/design-build-firms-marketing-agency/,Index after content threshold,Phase 3,paid social for design-build firms,trades-service-industry-sitemap.xml,Consultus campaign matrix pattern
https://www.consultusdigital.com/trades-marketing-services/web-design-for-design-build-firms/,/trades-marketing-services/web-design-for-design-build-firms/,Trades,Construction and development,Service × Industry Landing Page,Design-build firms,Website Design and CRO,/trades-industries/design-build-firms-marketing-agency/,Index after content threshold,Phase 3,website design and cro for design-build firms,trades-service-industry-sitemap.xml,Consultus campaign matrix pattern
https://www.consultusdigital.com/trades-marketing-services/crm-revops-for-design-build-firms/,/trades-marketing-services/crm-revops-for-design-build-firms/,Trades,Construction and development,Service × Industry Landing Page,Design-build firms,CRM and Revenue Operations,/trades-industries/design-build-firms-marketing-agency/,Index after content threshold,Phase 3,crm and revenue operations for design-build firms,trades-service-industry-sitemap.xml,Consultus campaign matrix pattern
https://www.consultusdigital.com/trades-marketing-services/content-marketing-for-design-build-firms/,/trades-marketing-services/content-marketing-for-design-build-firms/,Trades,Construction and development,Service × Industry Landing Page,Design-build firms,Content Marketing,/trades-industries/design-build-firms-marketing-agency/,Index after content threshold,Phase 3,content marketing for design-build firms,trades-service-industry-sitemap.xml,Consultus campaign matrix pattern
https://www.consultusdigital.com/trades-marketing-services/ad-creative-for-design-build-firms/,/trades-marketing-services/ad-creative-for-design-build-firms/,Trades,Construction and development,Service × Industry Landing Page,Design-build firms,Ad Creative Production,/trades-industries/design-build-firms-marketing-agency/,Index after content threshold,Phase 3,ad creative production for design-build firms,trades-service-industry-sitemap.xml,Consultus campaign matrix pattern
https://www.consultusdigital.com/trades-marketing-services/call-tracking-for-design-build-firms/,/trades-marketing-services/call-tracking-for-design-build-firms/,Trades,Construction and development,Service × Industry Landing Page,Design-build firms,Call Tracking and Attribution,/trades-industries/design-build-firms-marketing-agency/,Index after content threshold,Phase 3,call tracking and attribution for design-build firms,trades-service-industry-sitemap.xml,Consultus campaign matrix pattern
https://www.consultusdigital.com/trades-industries/construction-management-firms-marketing-agency/,/trades-industries/construction-management-firms-marketing-agency/,Trades,Construction and development,Industry Marketing Agency Page,Construction management firms,,/trades-industries/construction-and-development/,Index,Phase 2,construction management firms marketing agency,trades-industry-agency-sitemap.xml,https://www.cardinaldigitalmarketing.com/healthcare-specialties/mental-healthcare-providers-agency/
https://www.consultusdigital.com/trades-marketing-services/digital-marketing-for-construction-management-firms/,/trades-marketing-services/digital-marketing-for-construction-management-firms/,Trades,Construction and development,Service × Industry Landing Page,Construction management firms,Digital Marketing Agency,/trades-industries/construction-management-firms-marketing-agency/,Index after content threshold,Phase 3,digital marketing agency for construction management firms,trades-service-industry-sitemap.xml,Consultus campaign matrix pattern
https://www.consultusdigital.com/trades-marketing-services/google-ads-for-construction-management-firms/,/trades-marketing-services/google-ads-for-construction-management-firms/,Trades,Construction and development,Service × Industry Landing Page,Construction management firms,Google Ads and PPC,/trades-industries/construction-management-firms-marketing-agency/,Index after content threshold,Phase 3,google ads and ppc for construction management firms,trades-service-industry-sitemap.xml,Consultus campaign matrix pattern
https://www.consultusdigital.com/trades-marketing-services/local-seo-for-construction-management-firms/,/trades-marketing-services/local-seo-for-construction-management-firms/,Trades,Construction and development,Service × Industry Landing Page,Construction management firms,Local SEO,/trades-industries/construction-management-firms-marketing-agency/,Index after content threshold,Phase 3,local seo for construction management firms,trades-service-industry-sitemap.xml,Consultus campaign matrix pattern
https://www.consultusdigital.com/trades-marketing-services/ai-search-for-construction-management-firms/,/trades-marketing-services/ai-search-for-construction-management-firms/,Trades,Construction and development,Service × Industry Landing Page,Construction management firms,"AEO, GEO and AI Search",/trades-industries/construction-management-firms-marketing-agency/,Index after content threshold,Phase 3,"aeo, geo and ai search for construction management firms",trades-service-industry-sitemap.xml,Consultus campaign matrix pattern
https://www.consultusdigital.com/trades-marketing-services/paid-social-for-construction-management-firms/,/trades-marketing-services/paid-social-for-construction-management-firms/,Trades,Construction and development,Service × Industry Landing Page,Construction management firms,Paid Social,/trades-industries/construction-management-firms-marketing-agency/,Index after content threshold,Phase 3,paid social for construction management firms,trades-service-industry-sitemap.xml,Consultus campaign matrix pattern
https://www.consultusdigital.com/trades-marketing-services/web-design-for-construction-management-firms/,/trades-marketing-services/web-design-for-construction-management-firms/,Trades,Construction and development,Service × Industry Landing Page,Construction management firms,Website Design and CRO,/trades-industries/construction-management-firms-marketing-agency/,Index after content threshold,Phase 3,website design and cro for construction management firms,trades-service-industry-sitemap.xml,Consultus campaign matrix pattern
https://www.consultusdigital.com/trades-marketing-services/crm-revops-for-construction-management-firms/,/trades-marketing-services/crm-revops-for-construction-management-firms/,Trades,Construction and development,Service × Industry Landing Page,Construction management firms,CRM and Revenue Operations,/trades-industries/construction-management-firms-marketing-agency/,Index after content threshold,Phase 3,crm and revenue operations for construction management firms,trades-service-industry-sitemap.xml,Consultus campaign matrix pattern
https://www.consultusdigital.com/trades-marketing-services/content-marketing-for-construction-management-firms/,/trades-marketing-services/content-marketing-for-construction-management-firms/,Trades,Construction and development,Service × Industry Landing Page,Construction management firms,Content Marketing,/trades-industries/construction-management-firms-marketing-agency/,Index after content threshold,Phase 3,content marketing for construction management firms,trades-service-industry-sitemap.xml,Consultus campaign matrix pattern
https://www.consultusdigital.com/trades-marketing-services/ad-creative-for-construction-management-firms/,/trades-marketing-services/ad-creative-for-construction-management-firms/,Trades,Construction and development,Service × Industry Landing Page,Construction management firms,Ad Creative Production,/trades-industries/construction-management-firms-marketing-agency/,Index after content threshold,Phase 3,ad creative production for construction management firms,trades-service-industry-sitemap.xml,Consultus campaign matrix pattern
https://www.consultusdigital.com/trades-marketing-services/call-tracking-for-construction-management-firms/,/trades-marketing-services/call-tracking-for-construction-management-firms/,Trades,Construction and development,Service × Industry Landing Page,Construction management firms,Call Tracking and Attribution,/trades-industries/construction-management-firms-marketing-agency/,Index after content threshold,Phase 3,call tracking and attribution for construction management firms,trades-service-industry-sitemap.xml,Consultus campaign matrix pattern
https://www.consultusdigital.com/trades-industries/civil-contractors-marketing-agency/,/trades-industries/civil-contractors-marketing-agency/,Trades,Construction and development,Industry Marketing Agency Page,Civil contractors,,/trades-industries/construction-and-development/,Index,Phase 2,civil contractors marketing agency,trades-industry-agency-sitemap.xml,https://www.cardinaldigitalmarketing.com/healthcare-specialties/mental-healthcare-providers-agency/
https://www.consultusdigital.com/trades-marketing-services/digital-marketing-for-civil-contractors/,/trades-marketing-services/digital-marketing-for-civil-contractors/,Trades,Construction and development,Service × Industry Landing Page,Civil contractors,Digital Marketing Agency,/trades-industries/civil-contractors-marketing-agency/,Index after content threshold,Phase 3,digital marketing agency for civil contractors,trades-service-industry-sitemap.xml,Consultus campaign matrix pattern
https://www.consultusdigital.com/trades-marketing-services/google-ads-for-civil-contractors/,/trades-marketing-services/google-ads-for-civil-contractors/,Trades,Construction and development,Service × Industry Landing Page,Civil contractors,Google Ads and PPC,/trades-industries/civil-contractors-marketing-agency/,Index after content threshold,Phase 3,google ads and ppc for civil contractors,trades-service-industry-sitemap.xml,Consultus campaign matrix pattern
https://www.consultusdigital.com/trades-marketing-services/local-seo-for-civil-contractors/,/trades-marketing-services/local-seo-for-civil-contractors/,Trades,Construction and development,Service × Industry Landing Page,Civil contractors,Local SEO,/trades-industries/civil-contractors-marketing-agency/,Index after content threshold,Phase 3,local seo for civil contractors,trades-service-industry-sitemap.xml,Consultus campaign matrix pattern
https://www.consultusdigital.com/trades-marketing-services/ai-search-for-civil-contractors/,/trades-marketing-services/ai-search-for-civil-contractors/,Trades,Construction and development,Service × Industry Landing Page,Civil contractors,"AEO, GEO and AI Search",/trades-industries/civil-contractors-marketing-agency/,Index after content threshold,Phase 3,"aeo, geo and ai search for civil contractors",trades-service-industry-sitemap.xml,Consultus campaign matrix pattern
https://www.consultusdigital.com/trades-marketing-services/paid-social-for-civil-contractors/,/trades-marketing-services/paid-social-for-civil-contractors/,Trades,Construction and development,Service × Industry Landing Page,Civil contractors,Paid Social,/trades-industries/civil-contractors-marketing-agency/,Index after content threshold,Phase 3,paid social for civil contractors,trades-service-industry-sitemap.xml,Consultus campaign matrix pattern
https://www.consultusdigital.com/trades-marketing-services/web-design-for-civil-contractors/,/trades-marketing-services/web-design-for-civil-contractors/,Trades,Construction and development,Service × Industry Landing Page,Civil contractors,Website Design and CRO,/trades-industries/civil-contractors-marketing-agency/,Index after content threshold,Phase 3,website design and cro for civil contractors,trades-service-industry-sitemap.xml,Consultus campaign matrix pattern
https://www.consultusdigital.com/trades-marketing-services/crm-revops-for-civil-contractors/,/trades-marketing-services/crm-revops-for-civil-contractors/,Trades,Construction and development,Service × Industry Landing Page,Civil contractors,CRM and Revenue Operations,/trades-industries/civil-contractors-marketing-agency/,Index after content threshold,Phase 3,crm and revenue operations for civil contractors,trades-service-industry-sitemap.xml,Consultus campaign matrix pattern
https://www.consultusdigital.com/trades-marketing-services/content-marketing-for-civil-contractors/,/trades-marketing-services/content-marketing-for-civil-contractors/,Trades,Construction and development,Service × Industry Landing Page,Civil contractors,Content Marketing,/trades-industries/civil-contractors-marketing-agency/,Index after content threshold,Phase 3,content marketing for civil contractors,trades-service-industry-sitemap.xml,Consultus campaign matrix pattern
https://www.consultusdigital.com/trades-marketing-services/ad-creative-for-civil-contractors/,/trades-marketing-services/ad-creative-for-civil-contractors/,Trades,Construction and development,Service × Industry Landing Page,Civil contractors,Ad Creative Production,/trades-industries/civil-contractors-marketing-agency/,Index after content threshold,Phase 3,ad creative production for civil contractors,trades-service-industry-sitemap.xml,Consultus campaign matrix pattern
https://www.consultusdigital.com/trades-marketing-services/call-tracking-for-civil-contractors/,/trades-marketing-services/call-tracking-for-civil-contractors/,Trades,Construction and development,Service × Industry Landing Page,Civil contractors,Call Tracking and Attribution,/trades-industries/civil-contractors-marketing-agency/,Index after content threshold,Phase 3,call tracking and attribution for civil contractors,trades-service-industry-sitemap.xml,Consultus campaign matrix pattern
https://www.consultusdigital.com/trades-industries/infrastructure-contractors-marketing-agency/,/trades-industries/infrastructure-contractors-marketing-agency/,Trades,Construction and development,Industry Marketing Agency Page,Infrastructure contractors,,/trades-industries/construction-and-development/,Index,Phase 2,infrastructure contractors marketing agency,trades-industry-agency-sitemap.xml,https://www.cardinaldigitalmarketing.com/healthcare-specialties/mental-healthcare-providers-agency/
https://www.consultusdigital.com/trades-marketing-services/digital-marketing-for-infrastructure-contractors/,/trades-marketing-services/digital-marketing-for-infrastructure-contractors/,Trades,Construction and development,Service × Industry Landing Page,Infrastructure contractors,Digital Marketing Agency,/trades-industries/infrastructure-contractors-marketing-agency/,Index after content threshold,Phase 3,digital marketing agency for infrastructure contractors,trades-service-industry-sitemap.xml,Consultus campaign matrix pattern
https://www.consultusdigital.com/trades-marketing-services/google-ads-for-infrastructure-contractors/,/trades-marketing-services/google-ads-for-infrastructure-contractors/,Trades,Construction and development,Service × Industry Landing Page,Infrastructure contractors,Google Ads and PPC,/trades-industries/infrastructure-contractors-marketing-agency/,Index after content threshold,Phase 3,google ads and ppc for infrastructure contractors,trades-service-industry-sitemap.xml,Consultus campaign matrix pattern
https://www.consultusdigital.com/trades-marketing-services/local-seo-for-infrastructure-contractors/,/trades-marketing-services/local-seo-for-infrastructure-contractors/,Trades,Construction and development,Service × Industry Landing Page,Infrastructure contractors,Local SEO,/trades-industries/infrastructure-contractors-marketing-agency/,Index after content threshold,Phase 3,local seo for infrastructure contractors,trades-service-industry-sitemap.xml,Consultus campaign matrix pattern
https://www.consultusdigital.com/trades-marketing-services/ai-search-for-infrastructure-contractors/,/trades-marketing-services/ai-search-for-infrastructure-contractors/,Trades,Construction and development,Service × Industry Landing Page,Infrastructure contractors,"AEO, GEO and AI Search",/trades-industries/infrastructure-contractors-marketing-agency/,Index after content threshold,Phase 3,"aeo, geo and ai search for infrastructure contractors",trades-service-industry-sitemap.xml,Consultus campaign matrix pattern
https://www.consultusdigital.com/trades-marketing-services/paid-social-for-infrastructure-contractors/,/trades-marketing-services/paid-social-for-infrastructure-contractors/,Trades,Construction and development,Service × Industry Landing Page,Infrastructure contractors,Paid Social,/trades-industries/infrastructure-contractors-marketing-agency/,Index after content threshold,Phase 3,paid social for infrastructure contractors,trades-service-industry-sitemap.xml,Consultus campaign matrix pattern
https://www.consultusdigital.com/trades-marketing-services/web-design-for-infrastructure-contractors/,/trades-marketing-services/web-design-for-infrastructure-contractors/,Trades,Construction and development,Service × Industry Landing Page,Infrastructure contractors,Website Design and CRO,/trades-industries/infrastructure-contractors-marketing-agency/,Index after content threshold,Phase 3,website design and cro for infrastructure contractors,trades-service-industry-sitemap.xml,Consultus campaign matrix pattern
https://www.consultusdigital.com/trades-marketing-services/crm-revops-for-infrastructure-contractors/,/trades-marketing-services/crm-revops-for-infrastructure-contractors/,Trades,Construction and development,Service × Industry Landing Page,Infrastructure contractors,CRM and Revenue Operations,/trades-industries/infrastructure-contractors-marketing-agency/,Index after content threshold,Phase 3,crm and revenue operations for infrastructure contractors,trades-service-industry-sitemap.xml,Consultus campaign matrix pattern
https://www.consultusdigital.com/trades-marketing-services/content-marketing-for-infrastructure-contractors/,/trades-marketing-services/content-marketing-for-infrastructure-contractors/,Trades,Construction and development,Service × Industry Landing Page,Infrastructure contractors,Content Marketing,/trades-industries/infrastructure-contractors-marketing-agency/,Index after content threshold,Phase 3,content marketing for infrastructure contractors,trades-service-industry-sitemap.xml,Consultus campaign matrix pattern
https://www.consultusdigital.com/trades-marketing-services/ad-creative-for-infrastructure-contractors/,/trades-marketing-services/ad-creative-for-infrastructure-contractors/,Trades,Construction and development,Service × Industry Landing Page,Infrastructure contractors,Ad Creative Production,/trades-industries/infrastructure-contractors-marketing-agency/,Index after content threshold,Phase 3,ad creative production for infrastructure contractors,trades-service-industry-sitemap.xml,Consultus campaign matrix pattern
https://www.consultusdigital.com/trades-marketing-services/call-tracking-for-infrastructure-contractors/,/trades-marketing-services/call-tracking-for-infrastructure-contractors/,Trades,Construction and development,Service × Industry Landing Page,Infrastructure contractors,Call Tracking and Attribution,/trades-industries/infrastructure-contractors-marketing-agency/,Index after content threshold,Phase 3,call tracking and attribution for infrastructure contractors,trades-service-industry-sitemap.xml,Consultus campaign matrix pattern
https://www.consultusdigital.com/trades-industries/industrial-construction-companies-marketing-agency/,/trades-industries/industrial-construction-companies-marketing-agency/,Trades,Construction and development,Industry Marketing Agency Page,Industrial construction companies,,/trades-industries/construction-and-development/,Index,Phase 2,industrial construction companies marketing agency,trades-industry-agency-sitemap.xml,https://www.cardinaldigitalmarketing.com/healthcare-specialties/mental-healthcare-providers-agency/
https://www.consultusdigital.com/trades-marketing-services/digital-marketing-for-industrial-construction-companies/,/trades-marketing-services/digital-marketing-for-industrial-construction-companies/,Trades,Construction and development,Service × Industry Landing Page,Industrial construction companies,Digital Marketing Agency,/trades-industries/industrial-construction-companies-marketing-agency/,Index after content threshold,Phase 3,digital marketing agency for industrial construction companies,trades-service-industry-sitemap.xml,Consultus campaign matrix pattern
https://www.consultusdigital.com/trades-marketing-services/google-ads-for-industrial-construction-companies/,/trades-marketing-services/google-ads-for-industrial-construction-companies/,Trades,Construction and development,Service × Industry Landing Page,Industrial construction companies,Google Ads and PPC,/trades-industries/industrial-construction-companies-marketing-agency/,Index after content threshold,Phase 3,google ads and ppc for industrial construction companies,trades-service-industry-sitemap.xml,Consultus campaign matrix pattern
https://www.consultusdigital.com/trades-marketing-services/local-seo-for-industrial-construction-companies/,/trades-marketing-services/local-seo-for-industrial-construction-companies/,Trades,Construction and development,Service × Industry Landing Page,Industrial construction companies,Local SEO,/trades-industries/industrial-construction-companies-marketing-agency/,Index after content threshold,Phase 3,local seo for industrial construction companies,trades-service-industry-sitemap.xml,Consultus campaign matrix pattern
https://www.consultusdigital.com/trades-marketing-services/ai-search-for-industrial-construction-companies/,/trades-marketing-services/ai-search-for-industrial-construction-companies/,Trades,Construction and development,Service × Industry Landing Page,Industrial construction companies,"AEO, GEO and AI Search",/trades-industries/industrial-construction-companies-marketing-agency/,Index after content threshold,Phase 3,"aeo, geo and ai search for industrial construction companies",trades-service-industry-sitemap.xml,Consultus campaign matrix pattern
https://www.consultusdigital.com/trades-marketing-services/paid-social-for-industrial-construction-companies/,/trades-marketing-services/paid-social-for-industrial-construction-companies/,Trades,Construction and development,Service × Industry Landing Page,Industrial construction companies,Paid Social,/trades-industries/industrial-construction-companies-marketing-agency/,Index after content threshold,Phase 3,paid social for industrial construction companies,trades-service-industry-sitemap.xml,Consultus campaign matrix pattern
https://www.consultusdigital.com/trades-marketing-services/web-design-for-industrial-construction-companies/,/trades-marketing-services/web-design-for-industrial-construction-companies/,Trades,Construction and development,Service × Industry Landing Page,Industrial construction companies,Website Design and CRO,/trades-industries/industrial-construction-companies-marketing-agency/,Index after content threshold,Phase 3,website design and cro for industrial construction companies,trades-service-industry-sitemap.xml,Consultus campaign matrix pattern
https://www.consultusdigital.com/trades-marketing-services/crm-revops-for-industrial-construction-companies/,/trades-marketing-services/crm-revops-for-industrial-construction-companies/,Trades,Construction and development,Service × Industry Landing Page,Industrial construction companies,CRM and Revenue Operations,/trades-industries/industrial-construction-companies-marketing-agency/,Index after content threshold,Phase 3,crm and revenue operations for industrial construction companies,trades-service-industry-sitemap.xml,Consultus campaign matrix pattern
https://www.consultusdigital.com/trades-marketing-services/content-marketing-for-industrial-construction-companies/,/trades-marketing-services/content-marketing-for-industrial-construction-companies/,Trades,Construction and development,Service × Industry Landing Page,Industrial construction companies,Content Marketing,/trades-industries/industrial-construction-companies-marketing-agency/,Index after content threshold,Phase 3,content marketing for industrial construction companies,trades-service-industry-sitemap.xml,Consultus campaign matrix pattern
https://www.consultusdigital.com/trades-marketing-services/ad-creative-for-industrial-construction-companies/,/trades-marketing-services/ad-creative-for-industrial-construction-companies/,Trades,Construction and development,Service × Industry Landing Page,Industrial construction companies,Ad Creative Production,/trades-industries/industrial-construction-companies-marketing-agency/,Index after content threshold,Phase 3,ad creative production for industrial construction companies,trades-service-industry-sitemap.xml,Consultus campaign matrix pattern
https://www.consultusdigital.com/trades-marketing-services/call-tracking-for-industrial-construction-companies/,/trades-marketing-services/call-tracking-for-industrial-construction-companies/,Trades,Construction and development,Service × Industry Landing Page,Industrial construction companies,Call Tracking and Attribution,/trades-industries/industrial-construction-companies-marketing-agency/,Index after content threshold,Phase 3,call tracking and attribution for industrial construction companies,trades-service-industry-sitemap.xml,Consultus campaign matrix pattern
https://www.consultusdigital.com/trades-industries/institutional-construction-companies-marketing-agency/,/trades-industries/institutional-construction-companies-marketing-agency/,Trades,Construction and development,Industry Marketing Agency Page,Institutional construction companies,,/trades-industries/construction-and-development/,Index,Phase 2,institutional construction companies marketing agency,trades-industry-agency-sitemap.xml,https://www.cardinaldigitalmarketing.com/healthcare-specialties/mental-healthcare-providers-agency/
https://www.consultusdigital.com/trades-marketing-services/digital-marketing-for-institutional-construction-companies/,/trades-marketing-services/digital-marketing-for-institutional-construction-companies/,Trades,Construction and development,Service × Industry Landing Page,Institutional construction companies,Digital Marketing Agency,/trades-industries/institutional-construction-companies-marketing-agency/,Index after content threshold,Phase 3,digital marketing agency for institutional construction companies,trades-service-industry-sitemap.xml,Consultus campaign matrix pattern
https://www.consultusdigital.com/trades-marketing-services/google-ads-for-institutional-construction-companies/,/trades-marketing-services/google-ads-for-institutional-construction-companies/,Trades,Construction and development,Service × Industry Landing Page,Institutional construction companies,Google Ads and PPC,/trades-industries/institutional-construction-companies-marketing-agency/,Index after content threshold,Phase 3,google ads and ppc for institutional construction companies,trades-service-industry-sitemap.xml,Consultus campaign matrix pattern
https://www.consultusdigital.com/trades-marketing-services/local-seo-for-institutional-construction-companies/,/trades-marketing-services/local-seo-for-institutional-construction-companies/,Trades,Construction and development,Service × Industry Landing Page,Institutional construction companies,Local SEO,/trades-industries/institutional-construction-companies-marketing-agency/,Index after content threshold,Phase 3,local seo for institutional construction companies,trades-service-industry-sitemap.xml,Consultus campaign matrix pattern
https://www.consultusdigital.com/trades-marketing-services/ai-search-for-institutional-construction-companies/,/trades-marketing-services/ai-search-for-institutional-construction-companies/,Trades,Construction and development,Service × Industry Landing Page,Institutional construction companies,"AEO, GEO and AI Search",/trades-industries/institutional-construction-companies-marketing-agency/,Index after content threshold,Phase 3,"aeo, geo and ai search for institutional construction companies",trades-service-industry-sitemap.xml,Consultus campaign matrix pattern
https://www.consultusdigital.com/trades-marketing-services/paid-social-for-institutional-construction-companies/,/trades-marketing-services/paid-social-for-institutional-construction-companies/,Trades,Construction and development,Service × Industry Landing Page,Institutional construction companies,Paid Social,/trades-industries/institutional-construction-companies-marketing-agency/,Index after content threshold,Phase 3,paid social for institutional construction companies,trades-service-industry-sitemap.xml,Consultus campaign matrix pattern
https://www.consultusdigital.com/trades-marketing-services/web-design-for-institutional-construction-companies/,/trades-marketing-services/web-design-for-institutional-construction-companies/,Trades,Construction and development,Service × Industry Landing Page,Institutional construction companies,Website Design and CRO,/trades-industries/institutional-construction-companies-marketing-agency/,Index after content threshold,Phase 3,website design and cro for institutional construction companies,trades-service-industry-sitemap.xml,Consultus campaign matrix pattern
https://www.consultusdigital.com/trades-marketing-services/crm-revops-for-institutional-construction-companies/,/trades-marketing-services/crm-revops-for-institutional-construction-companies/,Trades,Construction and development,Service × Industry Landing Page,Institutional construction companies,CRM and Revenue Operations,/trades-industries/institutional-construction-companies-marketing-agency/,Index after content threshold,Phase 3,crm and revenue operations for institutional construction companies,trades-service-industry-sitemap.xml,Consultus campaign matrix pattern
https://www.consultusdigital.com/trades-marketing-services/content-marketing-for-institutional-construction-companies/,/trades-marketing-services/content-marketing-for-institutional-construction-companies/,Trades,Construction and development,Service × Industry Landing Page,Institutional construction companies,Content Marketing,/trades-industries/institutional-construction-companies-marketing-agency/,Index after content threshold,Phase 3,content marketing for institutional construction companies,trades-service-industry-sitemap.xml,Consultus campaign matrix pattern
https://www.consultusdigital.com/trades-marketing-services/ad-creative-for-institutional-construction-companies/,/trades-marketing-services/ad-creative-for-institutional-construction-companies/,Trades,Construction and development,Service × Industry Landing Page,Institutional construction companies,Ad Creative Production,/trades-industries/institutional-construction-companies-marketing-agency/,Index after content threshold,Phase 3,ad creative production for institutional construction companies,trades-service-industry-sitemap.xml,Consultus campaign matrix pattern
https://www.consultusdigital.com/trades-marketing-services/call-tracking-for-institutional-construction-companies/,/trades-marketing-services/call-tracking-for-institutional-construction-companies/,Trades,Construction and development,Service × Industry Landing Page,Institutional construction companies,Call Tracking and Attribution,/trades-industries/institutional-construction-companies-marketing-agency/,Index after content threshold,Phase 3,call tracking and attribution for institutional construction companies,trades-service-industry-sitemap.xml,Consultus campaign matrix pattern
https://www.consultusdigital.com/trades-industries/tenant-improvement-contractors-marketing-agency/,/trades-industries/tenant-improvement-contractors-marketing-agency/,Trades,Construction and development,Industry Marketing Agency Page,Tenant improvement contractors,,/trades-industries/construction-and-development/,Index,Phase 2,tenant improvement contractors marketing agency,trades-industry-agency-sitemap.xml,https://www.cardinaldigitalmarketing.com/healthcare-specialties/mental-healthcare-providers-agency/
https://www.consultusdigital.com/trades-marketing-services/digital-marketing-for-tenant-improvement-contractors/,/trades-marketing-services/digital-marketing-for-tenant-improvement-contractors/,Trades,Construction and development,Service × Industry Landing Page,Tenant improvement contractors,Digital Marketing Agency,/trades-industries/tenant-improvement-contractors-marketing-agency/,Index after content threshold,Phase 3,digital marketing agency for tenant improvement contractors,trades-service-industry-sitemap.xml,Consultus campaign matrix pattern
https://www.consultusdigital.com/trades-marketing-services/google-ads-for-tenant-improvement-contractors/,/trades-marketing-services/google-ads-for-tenant-improvement-contractors/,Trades,Construction and development,Service × Industry Landing Page,Tenant improvement contractors,Google Ads and PPC,/trades-industries/tenant-improvement-contractors-marketing-agency/,Index after content threshold,Phase 3,google ads and ppc for tenant improvement contractors,trades-service-industry-sitemap.xml,Consultus campaign matrix pattern
https://www.consultusdigital.com/trades-marketing-services/local-seo-for-tenant-improvement-contractors/,/trades-marketing-services/local-seo-for-tenant-improvement-contractors/,Trades,Construction and development,Service × Industry Landing Page,Tenant improvement contractors,Local SEO,/trades-industries/tenant-improvement-contractors-marketing-agency/,Index after content threshold,Phase 3,local seo for tenant improvement contractors,trades-service-industry-sitemap.xml,Consultus campaign matrix pattern
https://www.consultusdigital.com/trades-marketing-services/ai-search-for-tenant-improvement-contractors/,/trades-marketing-services/ai-search-for-tenant-improvement-contractors/,Trades,Construction and development,Service × Industry Landing Page,Tenant improvement contractors,"AEO, GEO and AI Search",/trades-industries/tenant-improvement-contractors-marketing-agency/,Index after content threshold,Phase 3,"aeo, geo and ai search for tenant improvement contractors",trades-service-industry-sitemap.xml,Consultus campaign matrix pattern
https://www.consultusdigital.com/trades-marketing-services/paid-social-for-tenant-improvement-contractors/,/trades-marketing-services/paid-social-for-tenant-improvement-contractors/,Trades,Construction and development,Service × Industry Landing Page,Tenant improvement contractors,Paid Social,/trades-industries/tenant-improvement-contractors-marketing-agency/,Index after content threshold,Phase 3,paid social for tenant improvement contractors,trades-service-industry-sitemap.xml,Consultus campaign matrix pattern
https://www.consultusdigital.com/trades-marketing-services/web-design-for-tenant-improvement-contractors/,/trades-marketing-services/web-design-for-tenant-improvement-contractors/,Trades,Construction and development,Service × Industry Landing Page,Tenant improvement contractors,Website Design and CRO,/trades-industries/tenant-improvement-contractors-marketing-agency/,Index after content threshold,Phase 3,website design and cro for tenant improvement contractors,trades-service-industry-sitemap.xml,Consultus campaign matrix pattern
https://www.consultusdigital.com/trades-marketing-services/crm-revops-for-tenant-improvement-contractors/,/trades-marketing-services/crm-revops-for-tenant-improvement-contractors/,Trades,Construction and development,Service × Industry Landing Page,Tenant improvement contractors,CRM and Revenue Operations,/trades-industries/tenant-improvement-contractors-marketing-agency/,Index after content threshold,Phase 3,crm and revenue operations for tenant improvement contractors,trades-service-industry-sitemap.xml,Consultus campaign matrix pattern
https://www.consultusdigital.com/trades-marketing-services/content-marketing-for-tenant-improvement-contractors/,/trades-marketing-services/content-marketing-for-tenant-improvement-contractors/,Trades,Construction and development,Service × Industry Landing Page,Tenant improvement contractors,Content Marketing,/trades-industries/tenant-improvement-contractors-marketing-agency/,Index after content threshold,Phase 3,content marketing for tenant improvement contractors,trades-service-industry-sitemap.xml,Consultus campaign matrix pattern
https://www.consultusdigital.com/trades-marketing-services/ad-creative-for-tenant-improvement-contractors/,/trades-marketing-services/ad-creative-for-tenant-improvement-contractors/,Trades,Construction and development,Service × Industry Landing Page,Tenant improvement contractors,Ad Creative Production,/trades-industries/tenant-improvement-contractors-marketing-agency/,Index after content threshold,Phase 3,ad creative production for tenant improvement contractors,trades-service-industry-sitemap.xml,Consultus campaign matrix pattern
https://www.consultusdigital.com/trades-marketing-services/call-tracking-for-tenant-improvement-contractors/,/trades-marketing-services/call-tracking-for-tenant-improvement-contractors/,Trades,Construction and development,Service × Industry Landing Page,Tenant improvement contractors,Call Tracking and Attribution,/trades-industries/tenant-improvement-contractors-marketing-agency/,Index after content threshold,Phase 3,call tracking and attribution for tenant improvement contractors,trades-service-industry-sitemap.xml,Consultus campaign matrix pattern
https://www.consultusdigital.com/trades-industries/restoration-construction-companies-marketing-agency/,/trades-industries/restoration-construction-companies-marketing-agency/,Trades,Construction and development,Industry Marketing Agency Page,Restoration construction companies,,/trades-industries/construction-and-development/,Index,Phase 2,restoration construction companies marketing agency,trades-industry-agency-sitemap.xml,https://www.cardinaldigitalmarketing.com/healthcare-specialties/mental-healthcare-providers-agency/
https://www.consultusdigital.com/trades-marketing-services/digital-marketing-for-restoration-construction-companies/,/trades-marketing-services/digital-marketing-for-restoration-construction-companies/,Trades,Construction and development,Service × Industry Landing Page,Restoration construction companies,Digital Marketing Agency,/trades-industries/restoration-construction-companies-marketing-agency/,Index after content threshold,Phase 3,digital marketing agency for restoration construction companies,trades-service-industry-sitemap.xml,Consultus campaign matrix pattern
https://www.consultusdigital.com/trades-marketing-services/google-ads-for-restoration-construction-companies/,/trades-marketing-services/google-ads-for-restoration-construction-companies/,Trades,Construction and development,Service × Industry Landing Page,Restoration construction companies,Google Ads and PPC,/trades-industries/restoration-construction-companies-marketing-agency/,Index after content threshold,Phase 3,google ads and ppc for restoration construction companies,trades-service-industry-sitemap.xml,Consultus campaign matrix pattern
https://www.consultusdigital.com/trades-marketing-services/local-seo-for-restoration-construction-companies/,/trades-marketing-services/local-seo-for-restoration-construction-companies/,Trades,Construction and development,Service × Industry Landing Page,Restoration construction companies,Local SEO,/trades-industries/restoration-construction-companies-marketing-agency/,Index after content threshold,Phase 3,local seo for restoration construction companies,trades-service-industry-sitemap.xml,Consultus campaign matrix pattern
https://www.consultusdigital.com/trades-marketing-services/ai-search-for-restoration-construction-companies/,/trades-marketing-services/ai-search-for-restoration-construction-companies/,Trades,Construction and development,Service × Industry Landing Page,Restoration construction companies,"AEO, GEO and AI Search",/trades-industries/restoration-construction-companies-marketing-agency/,Index after content threshold,Phase 3,"aeo, geo and ai search for restoration construction companies",trades-service-industry-sitemap.xml,Consultus campaign matrix pattern
https://www.consultusdigital.com/trades-marketing-services/paid-social-for-restoration-construction-companies/,/trades-marketing-services/paid-social-for-restoration-construction-companies/,Trades,Construction and development,Service × Industry Landing Page,Restoration construction companies,Paid Social,/trades-industries/restoration-construction-companies-marketing-agency/,Index after content threshold,Phase 3,paid social for restoration construction companies,trades-service-industry-sitemap.xml,Consultus campaign matrix pattern
https://www.consultusdigital.com/trades-marketing-services/web-design-for-restoration-construction-companies/,/trades-marketing-services/web-design-for-restoration-construction-companies/,Trades,Construction and development,Service × Industry Landing Page,Restoration construction companies,Website Design and CRO,/trades-industries/restoration-construction-companies-marketing-agency/,Index after content threshold,Phase 3,website design and cro for restoration construction companies,trades-service-industry-sitemap.xml,Consultus campaign matrix pattern
https://www.consultusdigital.com/trades-marketing-services/crm-revops-for-restoration-construction-companies/,/trades-marketing-services/crm-revops-for-restoration-construction-companies/,Trades,Construction and development,Service × Industry Landing Page,Restoration construction companies,CRM and Revenue Operations,/trades-industries/restoration-construction-companies-marketing-agency/,Index after content threshold,Phase 3,crm and revenue operations for restoration construction companies,trades-service-industry-sitemap.xml,Consultus campaign matrix pattern
https://www.consultusdigital.com/trades-marketing-services/content-marketing-for-restoration-construction-companies/,/trades-marketing-services/content-marketing-for-restoration-construction-companies/,Trades,Construction and development,Service × Industry Landing Page,Restoration construction companies,Content Marketing,/trades-industries/restoration-construction-companies-marketing-agency/,Index after content threshold,Phase 3,content marketing for restoration construction companies,trades-service-industry-sitemap.xml,Consultus campaign matrix pattern
https://www.consultusdigital.com/trades-marketing-services/ad-creative-for-restoration-construction-companies/,/trades-marketing-services/ad-creative-for-restoration-construction-companies/,Trades,Construction and development,Service × Industry Landing Page,Restoration construction companies,Ad Creative Production,/trades-industries/restoration-construction-companies-marketing-agency/,Index after content threshold,Phase 3,ad creative production for restoration construction companies,trades-service-industry-sitemap.xml,Consultus campaign matrix pattern
https://www.consultusdigital.com/trades-marketing-services/call-tracking-for-restoration-construction-companies/,/trades-marketing-services/call-tracking-for-restoration-construction-companies/,Trades,Construction and development,Service × Industry Landing Page,Restoration construction companies,Call Tracking and Attribution,/trades-industries/restoration-construction-companies-marketing-agency/,Index after content threshold,Phase 3,call tracking and attribution for restoration construction companies,trades-service-industry-sitemap.xml,Consultus campaign matrix pattern
https://www.consultusdigital.com/trades-industries/modular-construction-companies-marketing-agency/,/trades-industries/modular-construction-companies-marketing-agency/,Trades,Construction and development,Industry Marketing Agency Page,Modular construction companies,,/trades-industries/construction-and-development/,Index,Phase 2,modular construction companies marketing agency,trades-industry-agency-sitemap.xml,https://www.cardinaldigitalmarketing.com/healthcare-specialties/mental-healthcare-providers-agency/
https://www.consultusdigital.com/trades-marketing-services/digital-marketing-for-modular-construction-companies/,/trades-marketing-services/digital-marketing-for-modular-construction-companies/,Trades,Construction and development,Service × Industry Landing Page,Modular construction companies,Digital Marketing Agency,/trades-industries/modular-construction-companies-marketing-agency/,Index after content threshold,Phase 3,digital marketing agency for modular construction companies,trades-service-industry-sitemap.xml,Consultus campaign matrix pattern
https://www.consultusdigital.com/trades-marketing-services/google-ads-for-modular-construction-companies/,/trades-marketing-services/google-ads-for-modular-construction-companies/,Trades,Construction and development,Service × Industry Landing Page,Modular construction companies,Google Ads and PPC,/trades-industries/modular-construction-companies-marketing-agency/,Index after content threshold,Phase 3,google ads and ppc for modular construction companies,trades-service-industry-sitemap.xml,Consultus campaign matrix pattern
https://www.consultusdigital.com/trades-marketing-services/local-seo-for-modular-construction-companies/,/trades-marketing-services/local-seo-for-modular-construction-companies/,Trades,Construction and development,Service × Industry Landing Page,Modular construction companies,Local SEO,/trades-industries/modular-construction-companies-marketing-agency/,Index after content threshold,Phase 3,local seo for modular construction companies,trades-service-industry-sitemap.xml,Consultus campaign matrix pattern
https://www.consultusdigital.com/trades-marketing-services/ai-search-for-modular-construction-companies/,/trades-marketing-services/ai-search-for-modular-construction-companies/,Trades,Construction and development,Service × Industry Landing Page,Modular construction companies,"AEO, GEO and AI Search",/trades-industries/modular-construction-companies-marketing-agency/,Index after content threshold,Phase 3,"aeo, geo and ai search for modular construction companies",trades-service-industry-sitemap.xml,Consultus campaign matrix pattern
https://www.consultusdigital.com/trades-marketing-services/paid-social-for-modular-construction-companies/,/trades-marketing-services/paid-social-for-modular-construction-companies/,Trades,Construction and development,Service × Industry Landing Page,Modular construction companies,Paid Social,/trades-industries/modular-construction-companies-marketing-agency/,Index after content threshold,Phase 3,paid social for modular construction companies,trades-service-industry-sitemap.xml,Consultus campaign matrix pattern
https://www.consultusdigital.com/trades-marketing-services/web-design-for-modular-construction-companies/,/trades-marketing-services/web-design-for-modular-construction-companies/,Trades,Construction and development,Service × Industry Landing Page,Modular construction companies,Website Design and CRO,/trades-industries/modular-construction-companies-marketing-agency/,Index after content threshold,Phase 3,website design and cro for modular construction companies,trades-service-industry-sitemap.xml,Consultus campaign matrix pattern
https://www.consultusdigital.com/trades-marketing-services/crm-revops-for-modular-construction-companies/,/trades-marketing-services/crm-revops-for-modular-construction-companies/,Trades,Construction and development,Service × Industry Landing Page,Modular construction companies,CRM and Revenue Operations,/trades-industries/modular-construction-companies-marketing-agency/,Index after content threshold,Phase 3,crm and revenue operations for modular construction companies,trades-service-industry-sitemap.xml,Consultus campaign matrix pattern
https://www.consultusdigital.com/trades-marketing-services/content-marketing-for-modular-construction-companies/,/trades-marketing-services/content-marketing-for-modular-construction-companies/,Trades,Construction and development,Service × Industry Landing Page,Modular construction companies,Content Marketing,/trades-industries/modular-construction-companies-marketing-agency/,Index after content threshold,Phase 3,content marketing for modular construction companies,trades-service-industry-sitemap.xml,Consultus campaign matrix pattern
https://www.consultusdigital.com/trades-marketing-services/ad-creative-for-modular-construction-companies/,/trades-marketing-services/ad-creative-for-modular-construction-companies/,Trades,Construction and development,Service × Industry Landing Page,Modular construction companies,Ad Creative Production,/trades-industries/modular-construction-companies-marketing-agency/,Index after content threshold,Phase 3,ad creative production for modular construction companies,trades-service-industry-sitemap.xml,Consultus campaign matrix pattern
https://www.consultusdigital.com/trades-marketing-services/call-tracking-for-modular-construction-companies/,/trades-marketing-services/call-tracking-for-modular-construction-companies/,Trades,Construction and development,Service × Industry Landing Page,Modular construction companies,Call Tracking and Attribution,/trades-industries/modular-construction-companies-marketing-agency/,Index after content threshold,Phase 3,call tracking and attribution for modular construction companies,trades-service-industry-sitemap.xml,Consultus campaign matrix pattern
https://www.consultusdigital.com/trades-industries/property-services/,/trades-industries/property-services/,Trades,Property services,Sector Hub,Property services,,/trades-industries/,Index,Phase 1,property services marketing agency,trades-industry-agency-sitemap.xml,https://www.cardinaldigitalmarketing.com/healthcare-specialties/mental-healthcare-providers-agency/
https://www.consultusdigital.com/trades-industries/restoration-companies-marketing-agency/,/trades-industries/restoration-companies-marketing-agency/,Trades,Property services,Industry Marketing Agency Page,Restoration companies,,/trades-industries/property-services/,Index,Phase 2,restoration companies marketing agency,trades-industry-agency-sitemap.xml,https://www.cardinaldigitalmarketing.com/healthcare-specialties/mental-healthcare-providers-agency/
https://www.consultusdigital.com/trades-marketing-services/digital-marketing-for-restoration-companies/,/trades-marketing-services/digital-marketing-for-restoration-companies/,Trades,Property services,Service × Industry Landing Page,Restoration companies,Digital Marketing Agency,/trades-industries/restoration-companies-marketing-agency/,Index after content threshold,Phase 3,digital marketing agency for restoration companies,trades-service-industry-sitemap.xml,Consultus campaign matrix pattern
https://www.consultusdigital.com/trades-marketing-services/google-ads-for-restoration-companies/,/trades-marketing-services/google-ads-for-restoration-companies/,Trades,Property services,Service × Industry Landing Page,Restoration companies,Google Ads and PPC,/trades-industries/restoration-companies-marketing-agency/,Index after content threshold,Phase 3,google ads and ppc for restoration companies,trades-service-industry-sitemap.xml,Consultus campaign matrix pattern
https://www.consultusdigital.com/trades-marketing-services/local-seo-for-restoration-companies/,/trades-marketing-services/local-seo-for-restoration-companies/,Trades,Property services,Service × Industry Landing Page,Restoration companies,Local SEO,/trades-industries/restoration-companies-marketing-agency/,Index after content threshold,Phase 3,local seo for restoration companies,trades-service-industry-sitemap.xml,Consultus campaign matrix pattern
https://www.consultusdigital.com/trades-marketing-services/ai-search-for-restoration-companies/,/trades-marketing-services/ai-search-for-restoration-companies/,Trades,Property services,Service × Industry Landing Page,Restoration companies,"AEO, GEO and AI Search",/trades-industries/restoration-companies-marketing-agency/,Index after content threshold,Phase 3,"aeo, geo and ai search for restoration companies",trades-service-industry-sitemap.xml,Consultus campaign matrix pattern
https://www.consultusdigital.com/trades-marketing-services/paid-social-for-restoration-companies/,/trades-marketing-services/paid-social-for-restoration-companies/,Trades,Property services,Service × Industry Landing Page,Restoration companies,Paid Social,/trades-industries/restoration-companies-marketing-agency/,Index after content threshold,Phase 3,paid social for restoration companies,trades-service-industry-sitemap.xml,Consultus campaign matrix pattern
https://www.consultusdigital.com/trades-marketing-services/web-design-for-restoration-companies/,/trades-marketing-services/web-design-for-restoration-companies/,Trades,Property services,Service × Industry Landing Page,Restoration companies,Website Design and CRO,/trades-industries/restoration-companies-marketing-agency/,Index after content threshold,Phase 3,website design and cro for restoration companies,trades-service-industry-sitemap.xml,Consultus campaign matrix pattern
https://www.consultusdigital.com/trades-marketing-services/crm-revops-for-restoration-companies/,/trades-marketing-services/crm-revops-for-restoration-companies/,Trades,Property services,Service × Industry Landing Page,Restoration companies,CRM and Revenue Operations,/trades-industries/restoration-companies-marketing-agency/,Index after content threshold,Phase 3,crm and revenue operations for restoration companies,trades-service-industry-sitemap.xml,Consultus campaign matrix pattern
https://www.consultusdigital.com/trades-marketing-services/content-marketing-for-restoration-companies/,/trades-marketing-services/content-marketing-for-restoration-companies/,Trades,Property services,Service × Industry Landing Page,Restoration companies,Content Marketing,/trades-industries/restoration-companies-marketing-agency/,Index after content threshold,Phase 3,content marketing for restoration companies,trades-service-industry-sitemap.xml,Consultus campaign matrix pattern
https://www.consultusdigital.com/trades-marketing-services/ad-creative-for-restoration-companies/,/trades-marketing-services/ad-creative-for-restoration-companies/,Trades,Property services,Service × Industry Landing Page,Restoration companies,Ad Creative Production,/trades-industries/restoration-companies-marketing-agency/,Index after content threshold,Phase 3,ad creative production for restoration companies,trades-service-industry-sitemap.xml,Consultus campaign matrix pattern
https://www.consultusdigital.com/trades-marketing-services/call-tracking-for-restoration-companies/,/trades-marketing-services/call-tracking-for-restoration-companies/,Trades,Property services,Service × Industry Landing Page,Restoration companies,Call Tracking and Attribution,/trades-industries/restoration-companies-marketing-agency/,Index after content threshold,Phase 3,call tracking and attribution for restoration companies,trades-service-industry-sitemap.xml,Consultus campaign matrix pattern
https://www.consultusdigital.com/trades-industries/water-damage-restoration-marketing-agency/,/trades-industries/water-damage-restoration-marketing-agency/,Trades,Property services,Industry Marketing Agency Page,Water damage restoration,,/trades-industries/property-services/,Index,Phase 2,water damage restoration marketing agency,trades-industry-agency-sitemap.xml,https://www.cardinaldigitalmarketing.com/healthcare-specialties/mental-healthcare-providers-agency/
https://www.consultusdigital.com/trades-marketing-services/digital-marketing-for-water-damage-restoration/,/trades-marketing-services/digital-marketing-for-water-damage-restoration/,Trades,Property services,Service × Industry Landing Page,Water damage restoration,Digital Marketing Agency,/trades-industries/water-damage-restoration-marketing-agency/,Index after content threshold,Phase 3,digital marketing agency for water damage restoration,trades-service-industry-sitemap.xml,Consultus campaign matrix pattern
https://www.consultusdigital.com/trades-marketing-services/google-ads-for-water-damage-restoration/,/trades-marketing-services/google-ads-for-water-damage-restoration/,Trades,Property services,Service × Industry Landing Page,Water damage restoration,Google Ads and PPC,/trades-industries/water-damage-restoration-marketing-agency/,Index after content threshold,Phase 3,google ads and ppc for water damage restoration,trades-service-industry-sitemap.xml,Consultus campaign matrix pattern
https://www.consultusdigital.com/trades-marketing-services/local-seo-for-water-damage-restoration/,/trades-marketing-services/local-seo-for-water-damage-restoration/,Trades,Property services,Service × Industry Landing Page,Water damage restoration,Local SEO,/trades-industries/water-damage-restoration-marketing-agency/,Index after content threshold,Phase 3,local seo for water damage restoration,trades-service-industry-sitemap.xml,Consultus campaign matrix pattern
https://www.consultusdigital.com/trades-marketing-services/ai-search-for-water-damage-restoration/,/trades-marketing-services/ai-search-for-water-damage-restoration/,Trades,Property services,Service × Industry Landing Page,Water damage restoration,"AEO, GEO and AI Search",/trades-industries/water-damage-restoration-marketing-agency/,Index after content threshold,Phase 3,"aeo, geo and ai search for water damage restoration",trades-service-industry-sitemap.xml,Consultus campaign matrix pattern
https://www.consultusdigital.com/trades-marketing-services/paid-social-for-water-damage-restoration/,/trades-marketing-services/paid-social-for-water-damage-restoration/,Trades,Property services,Service × Industry Landing Page,Water damage restoration,Paid Social,/trades-industries/water-damage-restoration-marketing-agency/,Index after content threshold,Phase 3,paid social for water damage restoration,trades-service-industry-sitemap.xml,Consultus campaign matrix pattern
https://www.consultusdigital.com/trades-marketing-services/web-design-for-water-damage-restoration/,/trades-marketing-services/web-design-for-water-damage-restoration/,Trades,Property services,Service × Industry Landing Page,Water damage restoration,Website Design and CRO,/trades-industries/water-damage-restoration-marketing-agency/,Index after content threshold,Phase 3,website design and cro for water damage restoration,trades-service-industry-sitemap.xml,Consultus campaign matrix pattern
https://www.consultusdigital.com/trades-marketing-services/crm-revops-for-water-damage-restoration/,/trades-marketing-services/crm-revops-for-water-damage-restoration/,Trades,Property services,Service × Industry Landing Page,Water damage restoration,CRM and Revenue Operations,/trades-industries/water-damage-restoration-marketing-agency/,Index after content threshold,Phase 3,crm and revenue operations for water damage restoration,trades-service-industry-sitemap.xml,Consultus campaign matrix pattern
https://www.consultusdigital.com/trades-marketing-services/content-marketing-for-water-damage-restoration/,/trades-marketing-services/content-marketing-for-water-damage-restoration/,Trades,Property services,Service × Industry Landing Page,Water damage restoration,Content Marketing,/trades-industries/water-damage-restoration-marketing-agency/,Index after content threshold,Phase 3,content marketing for water damage restoration,trades-service-industry-sitemap.xml,Consultus campaign matrix pattern
https://www.consultusdigital.com/trades-marketing-services/ad-creative-for-water-damage-restoration/,/trades-marketing-services/ad-creative-for-water-damage-restoration/,Trades,Property services,Service × Industry Landing Page,Water damage restoration,Ad Creative Production,/trades-industries/water-damage-restoration-marketing-agency/,Index after content threshold,Phase 3,ad creative production for water damage restoration,trades-service-industry-sitemap.xml,Consultus campaign matrix pattern
https://www.consultusdigital.com/trades-marketing-services/call-tracking-for-water-damage-restoration/,/trades-marketing-services/call-tracking-for-water-damage-restoration/,Trades,Property services,Service × Industry Landing Page,Water damage restoration,Call Tracking and Attribution,/trades-industries/water-damage-restoration-marketing-agency/,Index after content threshold,Phase 3,call tracking and attribution for water damage restoration,trades-service-industry-sitemap.xml,Consultus campaign matrix pattern
https://www.consultusdigital.com/trades-industries/fire-damage-restoration-marketing-agency/,/trades-industries/fire-damage-restoration-marketing-agency/,Trades,Property services,Industry Marketing Agency Page,Fire damage restoration,,/trades-industries/property-services/,Index,Phase 2,fire damage restoration marketing agency,trades-industry-agency-sitemap.xml,https://www.cardinaldigitalmarketing.com/healthcare-specialties/mental-healthcare-providers-agency/
https://www.consultusdigital.com/trades-marketing-services/digital-marketing-for-fire-damage-restoration/,/trades-marketing-services/digital-marketing-for-fire-damage-restoration/,Trades,Property services,Service × Industry Landing Page,Fire damage restoration,Digital Marketing Agency,/trades-industries/fire-damage-restoration-marketing-agency/,Index after content threshold,Phase 3,digital marketing agency for fire damage restoration,trades-service-industry-sitemap.xml,Consultus campaign matrix pattern
https://www.consultusdigital.com/trades-marketing-services/google-ads-for-fire-damage-restoration/,/trades-marketing-services/google-ads-for-fire-damage-restoration/,Trades,Property services,Service × Industry Landing Page,Fire damage restoration,Google Ads and PPC,/trades-industries/fire-damage-restoration-marketing-agency/,Index after content threshold,Phase 3,google ads and ppc for fire damage restoration,trades-service-industry-sitemap.xml,Consultus campaign matrix pattern
https://www.consultusdigital.com/trades-marketing-services/local-seo-for-fire-damage-restoration/,/trades-marketing-services/local-seo-for-fire-damage-restoration/,Trades,Property services,Service × Industry Landing Page,Fire damage restoration,Local SEO,/trades-industries/fire-damage-restoration-marketing-agency/,Index after content threshold,Phase 3,local seo for fire damage restoration,trades-service-industry-sitemap.xml,Consultus campaign matrix pattern
https://www.consultusdigital.com/trades-marketing-services/ai-search-for-fire-damage-restoration/,/trades-marketing-services/ai-search-for-fire-damage-restoration/,Trades,Property services,Service × Industry Landing Page,Fire damage restoration,"AEO, GEO and AI Search",/trades-industries/fire-damage-restoration-marketing-agency/,Index after content threshold,Phase 3,"aeo, geo and ai search for fire damage restoration",trades-service-industry-sitemap.xml,Consultus campaign matrix pattern
https://www.consultusdigital.com/trades-marketing-services/paid-social-for-fire-damage-restoration/,/trades-marketing-services/paid-social-for-fire-damage-restoration/,Trades,Property services,Service × Industry Landing Page,Fire damage restoration,Paid Social,/trades-industries/fire-damage-restoration-marketing-agency/,Index after content threshold,Phase 3,paid social for fire damage restoration,trades-service-industry-sitemap.xml,Consultus campaign matrix pattern
https://www.consultusdigital.com/trades-marketing-services/web-design-for-fire-damage-restoration/,/trades-marketing-services/web-design-for-fire-damage-restoration/,Trades,Property services,Service × Industry Landing Page,Fire damage restoration,Website Design and CRO,/trades-industries/fire-damage-restoration-marketing-agency/,Index after content threshold,Phase 3,website design and cro for fire damage restoration,trades-service-industry-sitemap.xml,Consultus campaign matrix pattern
https://www.consultusdigital.com/trades-marketing-services/crm-revops-for-fire-damage-restoration/,/trades-marketing-services/crm-revops-for-fire-damage-restoration/,Trades,Property services,Service × Industry Landing Page,Fire damage restoration,CRM and Revenue Operations,/trades-industries/fire-damage-restoration-marketing-agency/,Index after content threshold,Phase 3,crm and revenue operations for fire damage restoration,trades-service-industry-sitemap.xml,Consultus campaign matrix pattern
https://www.consultusdigital.com/trades-marketing-services/content-marketing-for-fire-damage-restoration/,/trades-marketing-services/content-marketing-for-fire-damage-restoration/,Trades,Property services,Service × Industry Landing Page,Fire damage restoration,Content Marketing,/trades-industries/fire-damage-restoration-marketing-agency/,Index after content threshold,Phase 3,content marketing for fire damage restoration,trades-service-industry-sitemap.xml,Consultus campaign matrix pattern
https://www.consultusdigital.com/trades-marketing-services/ad-creative-for-fire-damage-restoration/,/trades-marketing-services/ad-creative-for-fire-damage-restoration/,Trades,Property services,Service × Industry Landing Page,Fire damage restoration,Ad Creative Production,/trades-industries/fire-damage-restoration-marketing-agency/,Index after content threshold,Phase 3,ad creative production for fire damage restoration,trades-service-industry-sitemap.xml,Consultus campaign matrix pattern
https://www.consultusdigital.com/trades-marketing-services/call-tracking-for-fire-damage-restoration/,/trades-marketing-services/call-tracking-for-fire-damage-restoration/,Trades,Property services,Service × Industry Landing Page,Fire damage restoration,Call Tracking and Attribution,/trades-industries/fire-damage-restoration-marketing-agency/,Index after content threshold,Phase 3,call tracking and attribution for fire damage restoration,trades-service-industry-sitemap.xml,Consultus campaign matrix pattern
https://www.consultusdigital.com/trades-industries/mold-remediation-companies-marketing-agency/,/trades-industries/mold-remediation-companies-marketing-agency/,Trades,Property services,Industry Marketing Agency Page,Mold remediation companies,,/trades-industries/property-services/,Index,Phase 2,mold remediation companies marketing agency,trades-industry-agency-sitemap.xml,https://www.cardinaldigitalmarketing.com/healthcare-specialties/mental-healthcare-providers-agency/
https://www.consultusdigital.com/trades-marketing-services/digital-marketing-for-mold-remediation-companies/,/trades-marketing-services/digital-marketing-for-mold-remediation-companies/,Trades,Property services,Service × Industry Landing Page,Mold remediation companies,Digital Marketing Agency,/trades-industries/mold-remediation-companies-marketing-agency/,Index after content threshold,Phase 3,digital marketing agency for mold remediation companies,trades-service-industry-sitemap.xml,Consultus campaign matrix pattern
https://www.consultusdigital.com/trades-marketing-services/google-ads-for-mold-remediation-companies/,/trades-marketing-services/google-ads-for-mold-remediation-companies/,Trades,Property services,Service × Industry Landing Page,Mold remediation companies,Google Ads and PPC,/trades-industries/mold-remediation-companies-marketing-agency/,Index after content threshold,Phase 3,google ads and ppc for mold remediation companies,trades-service-industry-sitemap.xml,Consultus campaign matrix pattern
https://www.consultusdigital.com/trades-marketing-services/local-seo-for-mold-remediation-companies/,/trades-marketing-services/local-seo-for-mold-remediation-companies/,Trades,Property services,Service × Industry Landing Page,Mold remediation companies,Local SEO,/trades-industries/mold-remediation-companies-marketing-agency/,Index after content threshold,Phase 3,local seo for mold remediation companies,trades-service-industry-sitemap.xml,Consultus campaign matrix pattern
https://www.consultusdigital.com/trades-marketing-services/ai-search-for-mold-remediation-companies/,/trades-marketing-services/ai-search-for-mold-remediation-companies/,Trades,Property services,Service × Industry Landing Page,Mold remediation companies,"AEO, GEO and AI Search",/trades-industries/mold-remediation-companies-marketing-agency/,Index after content threshold,Phase 3,"aeo, geo and ai search for mold remediation companies",trades-service-industry-sitemap.xml,Consultus campaign matrix pattern
https://www.consultusdigital.com/trades-marketing-services/paid-social-for-mold-remediation-companies/,/trades-marketing-services/paid-social-for-mold-remediation-companies/,Trades,Property services,Service × Industry Landing Page,Mold remediation companies,Paid Social,/trades-industries/mold-remediation-companies-marketing-agency/,Index after content threshold,Phase 3,paid social for mold remediation companies,trades-service-industry-sitemap.xml,Consultus campaign matrix pattern
https://www.consultusdigital.com/trades-marketing-services/web-design-for-mold-remediation-companies/,/trades-marketing-services/web-design-for-mold-remediation-companies/,Trades,Property services,Service × Industry Landing Page,Mold remediation companies,Website Design and CRO,/trades-industries/mold-remediation-companies-marketing-agency/,Index after content threshold,Phase 3,website design and cro for mold remediation companies,trades-service-industry-sitemap.xml,Consultus campaign matrix pattern
https://www.consultusdigital.com/trades-marketing-services/crm-revops-for-mold-remediation-companies/,/trades-marketing-services/crm-revops-for-mold-remediation-companies/,Trades,Property services,Service × Industry Landing Page,Mold remediation companies,CRM and Revenue Operations,/trades-industries/mold-remediation-companies-marketing-agency/,Index after content threshold,Phase 3,crm and revenue operations for mold remediation companies,trades-service-industry-sitemap.xml,Consultus campaign matrix pattern
https://www.consultusdigital.com/trades-marketing-services/content-marketing-for-mold-remediation-companies/,/trades-marketing-services/content-marketing-for-mold-remediation-companies/,Trades,Property services,Service × Industry Landing Page,Mold remediation companies,Content Marketing,/trades-industries/mold-remediation-companies-marketing-agency/,Index after content threshold,Phase 3,content marketing for mold remediation companies,trades-service-industry-sitemap.xml,Consultus campaign matrix pattern
https://www.consultusdigital.com/trades-marketing-services/ad-creative-for-mold-remediation-companies/,/trades-marketing-services/ad-creative-for-mold-remediation-companies/,Trades,Property services,Service × Industry Landing Page,Mold remediation companies,Ad Creative Production,/trades-industries/mold-remediation-companies-marketing-agency/,Index after content threshold,Phase 3,ad creative production for mold remediation companies,trades-service-industry-sitemap.xml,Consultus campaign matrix pattern
https://www.consultusdigital.com/trades-marketing-services/call-tracking-for-mold-remediation-companies/,/trades-marketing-services/call-tracking-for-mold-remediation-companies/,Trades,Property services,Service × Industry Landing Page,Mold remediation companies,Call Tracking and Attribution,/trades-industries/mold-remediation-companies-marketing-agency/,Index after content threshold,Phase 3,call tracking and attribution for mold remediation companies,trades-service-industry-sitemap.xml,Consultus campaign matrix pattern
https://www.consultusdigital.com/trades-industries/disaster-recovery-companies-marketing-agency/,/trades-industries/disaster-recovery-companies-marketing-agency/,Trades,Property services,Industry Marketing Agency Page,Disaster recovery companies,,/trades-industries/property-services/,Index,Phase 2,disaster recovery companies marketing agency,trades-industry-agency-sitemap.xml,https://www.cardinaldigitalmarketing.com/healthcare-specialties/mental-healthcare-providers-agency/
https://www.consultusdigital.com/trades-marketing-services/digital-marketing-for-disaster-recovery-companies/,/trades-marketing-services/digital-marketing-for-disaster-recovery-companies/,Trades,Property services,Service × Industry Landing Page,Disaster recovery companies,Digital Marketing Agency,/trades-industries/disaster-recovery-companies-marketing-agency/,Index after content threshold,Phase 3,digital marketing agency for disaster recovery companies,trades-service-industry-sitemap.xml,Consultus campaign matrix pattern
https://www.consultusdigital.com/trades-marketing-services/google-ads-for-disaster-recovery-companies/,/trades-marketing-services/google-ads-for-disaster-recovery-companies/,Trades,Property services,Service × Industry Landing Page,Disaster recovery companies,Google Ads and PPC,/trades-industries/disaster-recovery-companies-marketing-agency/,Index after content threshold,Phase 3,google ads and ppc for disaster recovery companies,trades-service-industry-sitemap.xml,Consultus campaign matrix pattern
https://www.consultusdigital.com/trades-marketing-services/local-seo-for-disaster-recovery-companies/,/trades-marketing-services/local-seo-for-disaster-recovery-companies/,Trades,Property services,Service × Industry Landing Page,Disaster recovery companies,Local SEO,/trades-industries/disaster-recovery-companies-marketing-agency/,Index after content threshold,Phase 3,local seo for disaster recovery companies,trades-service-industry-sitemap.xml,Consultus campaign matrix pattern
https://www.consultusdigital.com/trades-marketing-services/ai-search-for-disaster-recovery-companies/,/trades-marketing-services/ai-search-for-disaster-recovery-companies/,Trades,Property services,Service × Industry Landing Page,Disaster recovery companies,"AEO, GEO and AI Search",/trades-industries/disaster-recovery-companies-marketing-agency/,Index after content threshold,Phase 3,"aeo, geo and ai search for disaster recovery companies",trades-service-industry-sitemap.xml,Consultus campaign matrix pattern
https://www.consultusdigital.com/trades-marketing-services/paid-social-for-disaster-recovery-companies/,/trades-marketing-services/paid-social-for-disaster-recovery-companies/,Trades,Property services,Service × Industry Landing Page,Disaster recovery companies,Paid Social,/trades-industries/disaster-recovery-companies-marketing-agency/,Index after content threshold,Phase 3,paid social for disaster recovery companies,trades-service-industry-sitemap.xml,Consultus campaign matrix pattern
https://www.consultusdigital.com/trades-marketing-services/web-design-for-disaster-recovery-companies/,/trades-marketing-services/web-design-for-disaster-recovery-companies/,Trades,Property services,Service × Industry Landing Page,Disaster recovery companies,Website Design and CRO,/trades-industries/disaster-recovery-companies-marketing-agency/,Index after content threshold,Phase 3,website design and cro for disaster recovery companies,trades-service-industry-sitemap.xml,Consultus campaign matrix pattern
https://www.consultusdigital.com/trades-marketing-services/crm-revops-for-disaster-recovery-companies/,/trades-marketing-services/crm-revops-for-disaster-recovery-companies/,Trades,Property services,Service × Industry Landing Page,Disaster recovery companies,CRM and Revenue Operations,/trades-industries/disaster-recovery-companies-marketing-agency/,Index after content threshold,Phase 3,crm and revenue operations for disaster recovery companies,trades-service-industry-sitemap.xml,Consultus campaign matrix pattern
https://www.consultusdigital.com/trades-marketing-services/content-marketing-for-disaster-recovery-companies/,/trades-marketing-services/content-marketing-for-disaster-recovery-companies/,Trades,Property services,Service × Industry Landing Page,Disaster recovery companies,Content Marketing,/trades-industries/disaster-recovery-companies-marketing-agency/,Index after content threshold,Phase 3,content marketing for disaster recovery companies,trades-service-industry-sitemap.xml,Consultus campaign matrix pattern
https://www.consultusdigital.com/trades-marketing-services/ad-creative-for-disaster-recovery-companies/,/trades-marketing-services/ad-creative-for-disaster-recovery-companies/,Trades,Property services,Service × Industry Landing Page,Disaster recovery companies,Ad Creative Production,/trades-industries/disaster-recovery-companies-marketing-agency/,Index after content threshold,Phase 3,ad creative production for disaster recovery companies,trades-service-industry-sitemap.xml,Consultus campaign matrix pattern
https://www.consultusdigital.com/trades-marketing-services/call-tracking-for-disaster-recovery-companies/,/trades-marketing-services/call-tracking-for-disaster-recovery-companies/,Trades,Property services,Service × Industry Landing Page,Disaster recovery companies,Call Tracking and Attribution,/trades-industries/disaster-recovery-companies-marketing-agency/,Index after content threshold,Phase 3,call tracking and attribution for disaster recovery companies,trades-service-industry-sitemap.xml,Consultus campaign matrix pattern
https://www.consultusdigital.com/trades-industries/pest-control-companies-marketing-agency/,/trades-industries/pest-control-companies-marketing-agency/,Trades,Property services,Industry Marketing Agency Page,Pest control companies,,/trades-industries/property-services/,Index,Phase 2,pest control companies marketing agency,trades-industry-agency-sitemap.xml,https://www.cardinaldigitalmarketing.com/healthcare-specialties/mental-healthcare-providers-agency/
https://www.consultusdigital.com/trades-marketing-services/digital-marketing-for-pest-control-companies/,/trades-marketing-services/digital-marketing-for-pest-control-companies/,Trades,Property services,Service × Industry Landing Page,Pest control companies,Digital Marketing Agency,/trades-industries/pest-control-companies-marketing-agency/,Index after content threshold,Phase 3,digital marketing agency for pest control companies,trades-service-industry-sitemap.xml,Consultus campaign matrix pattern
https://www.consultusdigital.com/trades-marketing-services/google-ads-for-pest-control-companies/,/trades-marketing-services/google-ads-for-pest-control-companies/,Trades,Property services,Service × Industry Landing Page,Pest control companies,Google Ads and PPC,/trades-industries/pest-control-companies-marketing-agency/,Index after content threshold,Phase 3,google ads and ppc for pest control companies,trades-service-industry-sitemap.xml,Consultus campaign matrix pattern
https://www.consultusdigital.com/trades-marketing-services/local-seo-for-pest-control-companies/,/trades-marketing-services/local-seo-for-pest-control-companies/,Trades,Property services,Service × Industry Landing Page,Pest control companies,Local SEO,/trades-industries/pest-control-companies-marketing-agency/,Index after content threshold,Phase 3,local seo for pest control companies,trades-service-industry-sitemap.xml,Consultus campaign matrix pattern
https://www.consultusdigital.com/trades-marketing-services/ai-search-for-pest-control-companies/,/trades-marketing-services/ai-search-for-pest-control-companies/,Trades,Property services,Service × Industry Landing Page,Pest control companies,"AEO, GEO and AI Search",/trades-industries/pest-control-companies-marketing-agency/,Index after content threshold,Phase 3,"aeo, geo and ai search for pest control companies",trades-service-industry-sitemap.xml,Consultus campaign matrix pattern
https://www.consultusdigital.com/trades-marketing-services/paid-social-for-pest-control-companies/,/trades-marketing-services/paid-social-for-pest-control-companies/,Trades,Property services,Service × Industry Landing Page,Pest control companies,Paid Social,/trades-industries/pest-control-companies-marketing-agency/,Index after content threshold,Phase 3,paid social for pest control companies,trades-service-industry-sitemap.xml,Consultus campaign matrix pattern
https://www.consultusdigital.com/trades-marketing-services/web-design-for-pest-control-companies/,/trades-marketing-services/web-design-for-pest-control-companies/,Trades,Property services,Service × Industry Landing Page,Pest control companies,Website Design and CRO,/trades-industries/pest-control-companies-marketing-agency/,Index after content threshold,Phase 3,website design and cro for pest control companies,trades-service-industry-sitemap.xml,Consultus campaign matrix pattern
https://www.consultusdigital.com/trades-marketing-services/crm-revops-for-pest-control-companies/,/trades-marketing-services/crm-revops-for-pest-control-companies/,Trades,Property services,Service × Industry Landing Page,Pest control companies,CRM and Revenue Operations,/trades-industries/pest-control-companies-marketing-agency/,Index after content threshold,Phase 3,crm and revenue operations for pest control companies,trades-service-industry-sitemap.xml,Consultus campaign matrix pattern
https://www.consultusdigital.com/trades-marketing-services/content-marketing-for-pest-control-companies/,/trades-marketing-services/content-marketing-for-pest-control-companies/,Trades,Property services,Service × Industry Landing Page,Pest control companies,Content Marketing,/trades-industries/pest-control-companies-marketing-agency/,Index after content threshold,Phase 3,content marketing for pest control companies,trades-service-industry-sitemap.xml,Consultus campaign matrix pattern
https://www.consultusdigital.com/trades-marketing-services/ad-creative-for-pest-control-companies/,/trades-marketing-services/ad-creative-for-pest-control-companies/,Trades,Property services,Service × Industry Landing Page,Pest control companies,Ad Creative Production,/trades-industries/pest-control-companies-marketing-agency/,Index after content threshold,Phase 3,ad creative production for pest control companies,trades-service-industry-sitemap.xml,Consultus campaign matrix pattern
https://www.consultusdigital.com/trades-marketing-services/call-tracking-for-pest-control-companies/,/trades-marketing-services/call-tracking-for-pest-control-companies/,Trades,Property services,Service × Industry Landing Page,Pest control companies,Call Tracking and Attribution,/trades-industries/pest-control-companies-marketing-agency/,Index after content threshold,Phase 3,call tracking and attribution for pest control companies,trades-service-industry-sitemap.xml,Consultus campaign matrix pattern
https://www.consultusdigital.com/trades-industries/landscaping-companies-marketing-agency/,/trades-industries/landscaping-companies-marketing-agency/,Trades,Property services,Industry Marketing Agency Page,Landscaping companies,,/trades-industries/property-services/,Index,Phase 2,landscaping companies marketing agency,trades-industry-agency-sitemap.xml,https://www.cardinaldigitalmarketing.com/healthcare-specialties/mental-healthcare-providers-agency/
https://www.consultusdigital.com/trades-marketing-services/digital-marketing-for-landscaping-companies/,/trades-marketing-services/digital-marketing-for-landscaping-companies/,Trades,Property services,Service × Industry Landing Page,Landscaping companies,Digital Marketing Agency,/trades-industries/landscaping-companies-marketing-agency/,Index after content threshold,Phase 3,digital marketing agency for landscaping companies,trades-service-industry-sitemap.xml,Consultus campaign matrix pattern
https://www.consultusdigital.com/trades-marketing-services/google-ads-for-landscaping-companies/,/trades-marketing-services/google-ads-for-landscaping-companies/,Trades,Property services,Service × Industry Landing Page,Landscaping companies,Google Ads and PPC,/trades-industries/landscaping-companies-marketing-agency/,Index after content threshold,Phase 3,google ads and ppc for landscaping companies,trades-service-industry-sitemap.xml,Consultus campaign matrix pattern
https://www.consultusdigital.com/trades-marketing-services/local-seo-for-landscaping-companies/,/trades-marketing-services/local-seo-for-landscaping-companies/,Trades,Property services,Service × Industry Landing Page,Landscaping companies,Local SEO,/trades-industries/landscaping-companies-marketing-agency/,Index after content threshold,Phase 3,local seo for landscaping companies,trades-service-industry-sitemap.xml,Consultus campaign matrix pattern
https://www.consultusdigital.com/trades-marketing-services/ai-search-for-landscaping-companies/,/trades-marketing-services/ai-search-for-landscaping-companies/,Trades,Property services,Service × Industry Landing Page,Landscaping companies,"AEO, GEO and AI Search",/trades-industries/landscaping-companies-marketing-agency/,Index after content threshold,Phase 3,"aeo, geo and ai search for landscaping companies",trades-service-industry-sitemap.xml,Consultus campaign matrix pattern
https://www.consultusdigital.com/trades-marketing-services/paid-social-for-landscaping-companies/,/trades-marketing-services/paid-social-for-landscaping-companies/,Trades,Property services,Service × Industry Landing Page,Landscaping companies,Paid Social,/trades-industries/landscaping-companies-marketing-agency/,Index after content threshold,Phase 3,paid social for landscaping companies,trades-service-industry-sitemap.xml,Consultus campaign matrix pattern
https://www.consultusdigital.com/trades-marketing-services/web-design-for-landscaping-companies/,/trades-marketing-services/web-design-for-landscaping-companies/,Trades,Property services,Service × Industry Landing Page,Landscaping companies,Website Design and CRO,/trades-industries/landscaping-companies-marketing-agency/,Index after content threshold,Phase 3,website design and cro for landscaping companies,trades-service-industry-sitemap.xml,Consultus campaign matrix pattern
https://www.consultusdigital.com/trades-marketing-services/crm-revops-for-landscaping-companies/,/trades-marketing-services/crm-revops-for-landscaping-companies/,Trades,Property services,Service × Industry Landing Page,Landscaping companies,CRM and Revenue Operations,/trades-industries/landscaping-companies-marketing-agency/,Index after content threshold,Phase 3,crm and revenue operations for landscaping companies,trades-service-industry-sitemap.xml,Consultus campaign matrix pattern
https://www.consultusdigital.com/trades-marketing-services/content-marketing-for-landscaping-companies/,/trades-marketing-services/content-marketing-for-landscaping-companies/,Trades,Property services,Service × Industry Landing Page,Landscaping companies,Content Marketing,/trades-industries/landscaping-companies-marketing-agency/,Index after content threshold,Phase 3,content marketing for landscaping companies,trades-service-industry-sitemap.xml,Consultus campaign matrix pattern
https://www.consultusdigital.com/trades-marketing-services/ad-creative-for-landscaping-companies/,/trades-marketing-services/ad-creative-for-landscaping-companies/,Trades,Property services,Service × Industry Landing Page,Landscaping companies,Ad Creative Production,/trades-industries/landscaping-companies-marketing-agency/,Index after content threshold,Phase 3,ad creative production for landscaping companies,trades-service-industry-sitemap.xml,Consultus campaign matrix pattern
https://www.consultusdigital.com/trades-marketing-services/call-tracking-for-landscaping-companies/,/trades-marketing-services/call-tracking-for-landscaping-companies/,Trades,Property services,Service × Industry Landing Page,Landscaping companies,Call Tracking and Attribution,/trades-industries/landscaping-companies-marketing-agency/,Index after content threshold,Phase 3,call tracking and attribution for landscaping companies,trades-service-industry-sitemap.xml,Consultus campaign matrix pattern
https://www.consultusdigital.com/trades-industries/lawn-care-companies-marketing-agency/,/trades-industries/lawn-care-companies-marketing-agency/,Trades,Property services,Industry Marketing Agency Page,Lawn care companies,,/trades-industries/property-services/,Index,Phase 2,lawn care companies marketing agency,trades-industry-agency-sitemap.xml,https://www.cardinaldigitalmarketing.com/healthcare-specialties/mental-healthcare-providers-agency/
https://www.consultusdigital.com/trades-marketing-services/digital-marketing-for-lawn-care-companies/,/trades-marketing-services/digital-marketing-for-lawn-care-companies/,Trades,Property services,Service × Industry Landing Page,Lawn care companies,Digital Marketing Agency,/trades-industries/lawn-care-companies-marketing-agency/,Index after content threshold,Phase 3,digital marketing agency for lawn care companies,trades-service-industry-sitemap.xml,Consultus campaign matrix pattern
https://www.consultusdigital.com/trades-marketing-services/google-ads-for-lawn-care-companies/,/trades-marketing-services/google-ads-for-lawn-care-companies/,Trades,Property services,Service × Industry Landing Page,Lawn care companies,Google Ads and PPC,/trades-industries/lawn-care-companies-marketing-agency/,Index after content threshold,Phase 3,google ads and ppc for lawn care companies,trades-service-industry-sitemap.xml,Consultus campaign matrix pattern
https://www.consultusdigital.com/trades-marketing-services/local-seo-for-lawn-care-companies/,/trades-marketing-services/local-seo-for-lawn-care-companies/,Trades,Property services,Service × Industry Landing Page,Lawn care companies,Local SEO,/trades-industries/lawn-care-companies-marketing-agency/,Index after content threshold,Phase 3,local seo for lawn care companies,trades-service-industry-sitemap.xml,Consultus campaign matrix pattern
https://www.consultusdigital.com/trades-marketing-services/ai-search-for-lawn-care-companies/,/trades-marketing-services/ai-search-for-lawn-care-companies/,Trades,Property services,Service × Industry Landing Page,Lawn care companies,"AEO, GEO and AI Search",/trades-industries/lawn-care-companies-marketing-agency/,Index after content threshold,Phase 3,"aeo, geo and ai search for lawn care companies",trades-service-industry-sitemap.xml,Consultus campaign matrix pattern
https://www.consultusdigital.com/trades-marketing-services/paid-social-for-lawn-care-companies/,/trades-marketing-services/paid-social-for-lawn-care-companies/,Trades,Property services,Service × Industry Landing Page,Lawn care companies,Paid Social,/trades-industries/lawn-care-companies-marketing-agency/,Index after content threshold,Phase 3,paid social for lawn care companies,trades-service-industry-sitemap.xml,Consultus campaign matrix pattern
https://www.consultusdigital.com/trades-marketing-services/web-design-for-lawn-care-companies/,/trades-marketing-services/web-design-for-lawn-care-companies/,Trades,Property services,Service × Industry Landing Page,Lawn care companies,Website Design and CRO,/trades-industries/lawn-care-companies-marketing-agency/,Index after content threshold,Phase 3,website design and cro for lawn care companies,trades-service-industry-sitemap.xml,Consultus campaign matrix pattern
https://www.consultusdigital.com/trades-marketing-services/crm-revops-for-lawn-care-companies/,/trades-marketing-services/crm-revops-for-lawn-care-companies/,Trades,Property services,Service × Industry Landing Page,Lawn care companies,CRM and Revenue Operations,/trades-industries/lawn-care-companies-marketing-agency/,Index after content threshold,Phase 3,crm and revenue operations for lawn care companies,trades-service-industry-sitemap.xml,Consultus campaign matrix pattern
https://www.consultusdigital.com/trades-marketing-services/content-marketing-for-lawn-care-companies/,/trades-marketing-services/content-marketing-for-lawn-care-companies/,Trades,Property services,Service × Industry Landing Page,Lawn care companies,Content Marketing,/trades-industries/lawn-care-companies-marketing-agency/,Index after content threshold,Phase 3,content marketing for lawn care companies,trades-service-industry-sitemap.xml,Consultus campaign matrix pattern
https://www.consultusdigital.com/trades-marketing-services/ad-creative-for-lawn-care-companies/,/trades-marketing-services/ad-creative-for-lawn-care-companies/,Trades,Property services,Service × Industry Landing Page,Lawn care companies,Ad Creative Production,/trades-industries/lawn-care-companies-marketing-agency/,Index after content threshold,Phase 3,ad creative production for lawn care companies,trades-service-industry-sitemap.xml,Consultus campaign matrix pattern
https://www.consultusdigital.com/trades-marketing-services/call-tracking-for-lawn-care-companies/,/trades-marketing-services/call-tracking-for-lawn-care-companies/,Trades,Property services,Service × Industry Landing Page,Lawn care companies,Call Tracking and Attribution,/trades-industries/lawn-care-companies-marketing-agency/,Index after content threshold,Phase 3,call tracking and attribution for lawn care companies,trades-service-industry-sitemap.xml,Consultus campaign matrix pattern
https://www.consultusdigital.com/trades-industries/tree-service-companies-marketing-agency/,/trades-industries/tree-service-companies-marketing-agency/,Trades,Property services,Industry Marketing Agency Page,Tree service companies,,/trades-industries/property-services/,Index,Phase 2,tree service companies marketing agency,trades-industry-agency-sitemap.xml,https://www.cardinaldigitalmarketing.com/healthcare-specialties/mental-healthcare-providers-agency/
https://www.consultusdigital.com/trades-marketing-services/digital-marketing-for-tree-service-companies/,/trades-marketing-services/digital-marketing-for-tree-service-companies/,Trades,Property services,Service × Industry Landing Page,Tree service companies,Digital Marketing Agency,/trades-industries/tree-service-companies-marketing-agency/,Index after content threshold,Phase 3,digital marketing agency for tree service companies,trades-service-industry-sitemap.xml,Consultus campaign matrix pattern
https://www.consultusdigital.com/trades-marketing-services/google-ads-for-tree-service-companies/,/trades-marketing-services/google-ads-for-tree-service-companies/,Trades,Property services,Service × Industry Landing Page,Tree service companies,Google Ads and PPC,/trades-industries/tree-service-companies-marketing-agency/,Index after content threshold,Phase 3,google ads and ppc for tree service companies,trades-service-industry-sitemap.xml,Consultus campaign matrix pattern
https://www.consultusdigital.com/trades-marketing-services/local-seo-for-tree-service-companies/,/trades-marketing-services/local-seo-for-tree-service-companies/,Trades,Property services,Service × Industry Landing Page,Tree service companies,Local SEO,/trades-industries/tree-service-companies-marketing-agency/,Index after content threshold,Phase 3,local seo for tree service companies,trades-service-industry-sitemap.xml,Consultus campaign matrix pattern
https://www.consultusdigital.com/trades-marketing-services/ai-search-for-tree-service-companies/,/trades-marketing-services/ai-search-for-tree-service-companies/,Trades,Property services,Service × Industry Landing Page,Tree service companies,"AEO, GEO and AI Search",/trades-industries/tree-service-companies-marketing-agency/,Index after content threshold,Phase 3,"aeo, geo and ai search for tree service companies",trades-service-industry-sitemap.xml,Consultus campaign matrix pattern
https://www.consultusdigital.com/trades-marketing-services/paid-social-for-tree-service-companies/,/trades-marketing-services/paid-social-for-tree-service-companies/,Trades,Property services,Service × Industry Landing Page,Tree service companies,Paid Social,/trades-industries/tree-service-companies-marketing-agency/,Index after content threshold,Phase 3,paid social for tree service companies,trades-service-industry-sitemap.xml,Consultus campaign matrix pattern
https://www.consultusdigital.com/trades-marketing-services/web-design-for-tree-service-companies/,/trades-marketing-services/web-design-for-tree-service-companies/,Trades,Property services,Service × Industry Landing Page,Tree service companies,Website Design and CRO,/trades-industries/tree-service-companies-marketing-agency/,Index after content threshold,Phase 3,website design and cro for tree service companies,trades-service-industry-sitemap.xml,Consultus campaign matrix pattern
https://www.consultusdigital.com/trades-marketing-services/crm-revops-for-tree-service-companies/,/trades-marketing-services/crm-revops-for-tree-service-companies/,Trades,Property services,Service × Industry Landing Page,Tree service companies,CRM and Revenue Operations,/trades-industries/tree-service-companies-marketing-agency/,Index after content threshold,Phase 3,crm and revenue operations for tree service companies,trades-service-industry-sitemap.xml,Consultus campaign matrix pattern
https://www.consultusdigital.com/trades-marketing-services/content-marketing-for-tree-service-companies/,/trades-marketing-services/content-marketing-for-tree-service-companies/,Trades,Property services,Service × Industry Landing Page,Tree service companies,Content Marketing,/trades-industries/tree-service-companies-marketing-agency/,Index after content threshold,Phase 3,content marketing for tree service companies,trades-service-industry-sitemap.xml,Consultus campaign matrix pattern
https://www.consultusdigital.com/trades-marketing-services/ad-creative-for-tree-service-companies/,/trades-marketing-services/ad-creative-for-tree-service-companies/,Trades,Property services,Service × Industry Landing Page,Tree service companies,Ad Creative Production,/trades-industries/tree-service-companies-marketing-agency/,Index after content threshold,Phase 3,ad creative production for tree service companies,trades-service-industry-sitemap.xml,Consultus campaign matrix pattern
https://www.consultusdigital.com/trades-marketing-services/call-tracking-for-tree-service-companies/,/trades-marketing-services/call-tracking-for-tree-service-companies/,Trades,Property services,Service × Industry Landing Page,Tree service companies,Call Tracking and Attribution,/trades-industries/tree-service-companies-marketing-agency/,Index after content threshold,Phase 3,call tracking and attribution for tree service companies,trades-service-industry-sitemap.xml,Consultus campaign matrix pattern
https://www.consultusdigital.com/trades-industries/snow-removal-companies-marketing-agency/,/trades-industries/snow-removal-companies-marketing-agency/,Trades,Property services,Industry Marketing Agency Page,Snow removal companies,,/trades-industries/property-services/,Index,Phase 2,snow removal companies marketing agency,trades-industry-agency-sitemap.xml,https://www.cardinaldigitalmarketing.com/healthcare-specialties/mental-healthcare-providers-agency/
https://www.consultusdigital.com/trades-marketing-services/digital-marketing-for-snow-removal-companies/,/trades-marketing-services/digital-marketing-for-snow-removal-companies/,Trades,Property services,Service × Industry Landing Page,Snow removal companies,Digital Marketing Agency,/trades-industries/snow-removal-companies-marketing-agency/,Index after content threshold,Phase 3,digital marketing agency for snow removal companies,trades-service-industry-sitemap.xml,Consultus campaign matrix pattern
https://www.consultusdigital.com/trades-marketing-services/google-ads-for-snow-removal-companies/,/trades-marketing-services/google-ads-for-snow-removal-companies/,Trades,Property services,Service × Industry Landing Page,Snow removal companies,Google Ads and PPC,/trades-industries/snow-removal-companies-marketing-agency/,Index after content threshold,Phase 3,google ads and ppc for snow removal companies,trades-service-industry-sitemap.xml,Consultus campaign matrix pattern
https://www.consultusdigital.com/trades-marketing-services/local-seo-for-snow-removal-companies/,/trades-marketing-services/local-seo-for-snow-removal-companies/,Trades,Property services,Service × Industry Landing Page,Snow removal companies,Local SEO,/trades-industries/snow-removal-companies-marketing-agency/,Index after content threshold,Phase 3,local seo for snow removal companies,trades-service-industry-sitemap.xml,Consultus campaign matrix pattern
https://www.consultusdigital.com/trades-marketing-services/ai-search-for-snow-removal-companies/,/trades-marketing-services/ai-search-for-snow-removal-companies/,Trades,Property services,Service × Industry Landing Page,Snow removal companies,"AEO, GEO and AI Search",/trades-industries/snow-removal-companies-marketing-agency/,Index after content threshold,Phase 3,"aeo, geo and ai search for snow removal companies",trades-service-industry-sitemap.xml,Consultus campaign matrix pattern
https://www.consultusdigital.com/trades-marketing-services/paid-social-for-snow-removal-companies/,/trades-marketing-services/paid-social-for-snow-removal-companies/,Trades,Property services,Service × Industry Landing Page,Snow removal companies,Paid Social,/trades-industries/snow-removal-companies-marketing-agency/,Index after content threshold,Phase 3,paid social for snow removal companies,trades-service-industry-sitemap.xml,Consultus campaign matrix pattern
https://www.consultusdigital.com/trades-marketing-services/web-design-for-snow-removal-companies/,/trades-marketing-services/web-design-for-snow-removal-companies/,Trades,Property services,Service × Industry Landing Page,Snow removal companies,Website Design and CRO,/trades-industries/snow-removal-companies-marketing-agency/,Index after content threshold,Phase 3,website design and cro for snow removal companies,trades-service-industry-sitemap.xml,Consultus campaign matrix pattern
https://www.consultusdigital.com/trades-marketing-services/crm-revops-for-snow-removal-companies/,/trades-marketing-services/crm-revops-for-snow-removal-companies/,Trades,Property services,Service × Industry Landing Page,Snow removal companies,CRM and Revenue Operations,/trades-industries/snow-removal-companies-marketing-agency/,Index after content threshold,Phase 3,crm and revenue operations for snow removal companies,trades-service-industry-sitemap.xml,Consultus campaign matrix pattern
https://www.consultusdigital.com/trades-marketing-services/content-marketing-for-snow-removal-companies/,/trades-marketing-services/content-marketing-for-snow-removal-companies/,Trades,Property services,Service × Industry Landing Page,Snow removal companies,Content Marketing,/trades-industries/snow-removal-companies-marketing-agency/,Index after content threshold,Phase 3,content marketing for snow removal companies,trades-service-industry-sitemap.xml,Consultus campaign matrix pattern
https://www.consultusdigital.com/trades-marketing-services/ad-creative-for-snow-removal-companies/,/trades-marketing-services/ad-creative-for-snow-removal-companies/,Trades,Property services,Service × Industry Landing Page,Snow removal companies,Ad Creative Production,/trades-industries/snow-removal-companies-marketing-agency/,Index after content threshold,Phase 3,ad creative production for snow removal companies,trades-service-industry-sitemap.xml,Consultus campaign matrix pattern
https://www.consultusdigital.com/trades-marketing-services/call-tracking-for-snow-removal-companies/,/trades-marketing-services/call-tracking-for-snow-removal-companies/,Trades,Property services,Service × Industry Landing Page,Snow removal companies,Call Tracking and Attribution,/trades-industries/snow-removal-companies-marketing-agency/,Index after content threshold,Phase 3,call tracking and attribution for snow removal companies,trades-service-industry-sitemap.xml,Consultus campaign matrix pattern
https://www.consultusdigital.com/trades-industries/cleaning-companies-marketing-agency/,/trades-industries/cleaning-companies-marketing-agency/,Trades,Property services,Industry Marketing Agency Page,Cleaning companies,,/trades-industries/property-services/,Index,Phase 2,cleaning companies marketing agency,trades-industry-agency-sitemap.xml,https://www.cardinaldigitalmarketing.com/healthcare-specialties/mental-healthcare-providers-agency/
https://www.consultusdigital.com/trades-marketing-services/digital-marketing-for-cleaning-companies/,/trades-marketing-services/digital-marketing-for-cleaning-companies/,Trades,Property services,Service × Industry Landing Page,Cleaning companies,Digital Marketing Agency,/trades-industries/cleaning-companies-marketing-agency/,Index after content threshold,Phase 3,digital marketing agency for cleaning companies,trades-service-industry-sitemap.xml,Consultus campaign matrix pattern
https://www.consultusdigital.com/trades-marketing-services/google-ads-for-cleaning-companies/,/trades-marketing-services/google-ads-for-cleaning-companies/,Trades,Property services,Service × Industry Landing Page,Cleaning companies,Google Ads and PPC,/trades-industries/cleaning-companies-marketing-agency/,Index after content threshold,Phase 3,google ads and ppc for cleaning companies,trades-service-industry-sitemap.xml,Consultus campaign matrix pattern
https://www.consultusdigital.com/trades-marketing-services/local-seo-for-cleaning-companies/,/trades-marketing-services/local-seo-for-cleaning-companies/,Trades,Property services,Service × Industry Landing Page,Cleaning companies,Local SEO,/trades-industries/cleaning-companies-marketing-agency/,Index after content threshold,Phase 3,local seo for cleaning companies,trades-service-industry-sitemap.xml,Consultus campaign matrix pattern
https://www.consultusdigital.com/trades-marketing-services/ai-search-for-cleaning-companies/,/trades-marketing-services/ai-search-for-cleaning-companies/,Trades,Property services,Service × Industry Landing Page,Cleaning companies,"AEO, GEO and AI Search",/trades-industries/cleaning-companies-marketing-agency/,Index after content threshold,Phase 3,"aeo, geo and ai search for cleaning companies",trades-service-industry-sitemap.xml,Consultus campaign matrix pattern
https://www.consultusdigital.com/trades-marketing-services/paid-social-for-cleaning-companies/,/trades-marketing-services/paid-social-for-cleaning-companies/,Trades,Property services,Service × Industry Landing Page,Cleaning companies,Paid Social,/trades-industries/cleaning-companies-marketing-agency/,Index after content threshold,Phase 3,paid social for cleaning companies,trades-service-industry-sitemap.xml,Consultus campaign matrix pattern
https://www.consultusdigital.com/trades-marketing-services/web-design-for-cleaning-companies/,/trades-marketing-services/web-design-for-cleaning-companies/,Trades,Property services,Service × Industry Landing Page,Cleaning companies,Website Design and CRO,/trades-industries/cleaning-companies-marketing-agency/,Index after content threshold,Phase 3,website design and cro for cleaning companies,trades-service-industry-sitemap.xml,Consultus campaign matrix pattern
https://www.consultusdigital.com/trades-marketing-services/crm-revops-for-cleaning-companies/,/trades-marketing-services/crm-revops-for-cleaning-companies/,Trades,Property services,Service × Industry Landing Page,Cleaning companies,CRM and Revenue Operations,/trades-industries/cleaning-companies-marketing-agency/,Index after content threshold,Phase 3,crm and revenue operations for cleaning companies,trades-service-industry-sitemap.xml,Consultus campaign matrix pattern
https://www.consultusdigital.com/trades-marketing-services/content-marketing-for-cleaning-companies/,/trades-marketing-services/content-marketing-for-cleaning-companies/,Trades,Property services,Service × Industry Landing Page,Cleaning companies,Content Marketing,/trades-industries/cleaning-companies-marketing-agency/,Index after content threshold,Phase 3,content marketing for cleaning companies,trades-service-industry-sitemap.xml,Consultus campaign matrix pattern
https://www.consultusdigital.com/trades-marketing-services/ad-creative-for-cleaning-companies/,/trades-marketing-services/ad-creative-for-cleaning-companies/,Trades,Property services,Service × Industry Landing Page,Cleaning companies,Ad Creative Production,/trades-industries/cleaning-companies-marketing-agency/,Index after content threshold,Phase 3,ad creative production for cleaning companies,trades-service-industry-sitemap.xml,Consultus campaign matrix pattern
https://www.consultusdigital.com/trades-marketing-services/call-tracking-for-cleaning-companies/,/trades-marketing-services/call-tracking-for-cleaning-companies/,Trades,Property services,Service × Industry Landing Page,Cleaning companies,Call Tracking and Attribution,/trades-industries/cleaning-companies-marketing-agency/,Index after content threshold,Phase 3,call tracking and attribution for cleaning companies,trades-service-industry-sitemap.xml,Consultus campaign matrix pattern
https://www.consultusdigital.com/trades-industries/commercial-cleaning-companies-marketing-agency/,/trades-industries/commercial-cleaning-companies-marketing-agency/,Trades,Property services,Industry Marketing Agency Page,Commercial cleaning companies,,/trades-industries/property-services/,Index,Phase 2,commercial cleaning companies marketing agency,trades-industry-agency-sitemap.xml,https://www.cardinaldigitalmarketing.com/healthcare-specialties/mental-healthcare-providers-agency/
https://www.consultusdigital.com/trades-marketing-services/digital-marketing-for-commercial-cleaning-companies/,/trades-marketing-services/digital-marketing-for-commercial-cleaning-companies/,Trades,Property services,Service × Industry Landing Page,Commercial cleaning companies,Digital Marketing Agency,/trades-industries/commercial-cleaning-companies-marketing-agency/,Index after content threshold,Phase 3,digital marketing agency for commercial cleaning companies,trades-service-industry-sitemap.xml,Consultus campaign matrix pattern
https://www.consultusdigital.com/trades-marketing-services/google-ads-for-commercial-cleaning-companies/,/trades-marketing-services/google-ads-for-commercial-cleaning-companies/,Trades,Property services,Service × Industry Landing Page,Commercial cleaning companies,Google Ads and PPC,/trades-industries/commercial-cleaning-companies-marketing-agency/,Index after content threshold,Phase 3,google ads and ppc for commercial cleaning companies,trades-service-industry-sitemap.xml,Consultus campaign matrix pattern
https://www.consultusdigital.com/trades-marketing-services/local-seo-for-commercial-cleaning-companies/,/trades-marketing-services/local-seo-for-commercial-cleaning-companies/,Trades,Property services,Service × Industry Landing Page,Commercial cleaning companies,Local SEO,/trades-industries/commercial-cleaning-companies-marketing-agency/,Index after content threshold,Phase 3,local seo for commercial cleaning companies,trades-service-industry-sitemap.xml,Consultus campaign matrix pattern
https://www.consultusdigital.com/trades-marketing-services/ai-search-for-commercial-cleaning-companies/,/trades-marketing-services/ai-search-for-commercial-cleaning-companies/,Trades,Property services,Service × Industry Landing Page,Commercial cleaning companies,"AEO, GEO and AI Search",/trades-industries/commercial-cleaning-companies-marketing-agency/,Index after content threshold,Phase 3,"aeo, geo and ai search for commercial cleaning companies",trades-service-industry-sitemap.xml,Consultus campaign matrix pattern
https://www.consultusdigital.com/trades-marketing-services/paid-social-for-commercial-cleaning-companies/,/trades-marketing-services/paid-social-for-commercial-cleaning-companies/,Trades,Property services,Service × Industry Landing Page,Commercial cleaning companies,Paid Social,/trades-industries/commercial-cleaning-companies-marketing-agency/,Index after content threshold,Phase 3,paid social for commercial cleaning companies,trades-service-industry-sitemap.xml,Consultus campaign matrix pattern
https://www.consultusdigital.com/trades-marketing-services/web-design-for-commercial-cleaning-companies/,/trades-marketing-services/web-design-for-commercial-cleaning-companies/,Trades,Property services,Service × Industry Landing Page,Commercial cleaning companies,Website Design and CRO,/trades-industries/commercial-cleaning-companies-marketing-agency/,Index after content threshold,Phase 3,website design and cro for commercial cleaning companies,trades-service-industry-sitemap.xml,Consultus campaign matrix pattern
https://www.consultusdigital.com/trades-marketing-services/crm-revops-for-commercial-cleaning-companies/,/trades-marketing-services/crm-revops-for-commercial-cleaning-companies/,Trades,Property services,Service × Industry Landing Page,Commercial cleaning companies,CRM and Revenue Operations,/trades-industries/commercial-cleaning-companies-marketing-agency/,Index after content threshold,Phase 3,crm and revenue operations for commercial cleaning companies,trades-service-industry-sitemap.xml,Consultus campaign matrix pattern
https://www.consultusdigital.com/trades-marketing-services/content-marketing-for-commercial-cleaning-companies/,/trades-marketing-services/content-marketing-for-commercial-cleaning-companies/,Trades,Property services,Service × Industry Landing Page,Commercial cleaning companies,Content Marketing,/trades-industries/commercial-cleaning-companies-marketing-agency/,Index after content threshold,Phase 3,content marketing for commercial cleaning companies,trades-service-industry-sitemap.xml,Consultus campaign matrix pattern
https://www.consultusdigital.com/trades-marketing-services/ad-creative-for-commercial-cleaning-companies/,/trades-marketing-services/ad-creative-for-commercial-cleaning-companies/,Trades,Property services,Service × Industry Landing Page,Commercial cleaning companies,Ad Creative Production,/trades-industries/commercial-cleaning-companies-marketing-agency/,Index after content threshold,Phase 3,ad creative production for commercial cleaning companies,trades-service-industry-sitemap.xml,Consultus campaign matrix pattern
https://www.consultusdigital.com/trades-marketing-services/call-tracking-for-commercial-cleaning-companies/,/trades-marketing-services/call-tracking-for-commercial-cleaning-companies/,Trades,Property services,Service × Industry Landing Page,Commercial cleaning companies,Call Tracking and Attribution,/trades-industries/commercial-cleaning-companies-marketing-agency/,Index after content threshold,Phase 3,call tracking and attribution for commercial cleaning companies,trades-service-industry-sitemap.xml,Consultus campaign matrix pattern
https://www.consultusdigital.com/trades-industries/junk-removal-companies-marketing-agency/,/trades-industries/junk-removal-companies-marketing-agency/,Trades,Property services,Industry Marketing Agency Page,Junk removal companies,,/trades-industries/property-services/,Index,Phase 2,junk removal companies marketing agency,trades-industry-agency-sitemap.xml,https://www.cardinaldigitalmarketing.com/healthcare-specialties/mental-healthcare-providers-agency/
https://www.consultusdigital.com/trades-marketing-services/digital-marketing-for-junk-removal-companies/,/trades-marketing-services/digital-marketing-for-junk-removal-companies/,Trades,Property services,Service × Industry Landing Page,Junk removal companies,Digital Marketing Agency,/trades-industries/junk-removal-companies-marketing-agency/,Index after content threshold,Phase 3,digital marketing agency for junk removal companies,trades-service-industry-sitemap.xml,Consultus campaign matrix pattern
https://www.consultusdigital.com/trades-marketing-services/google-ads-for-junk-removal-companies/,/trades-marketing-services/google-ads-for-junk-removal-companies/,Trades,Property services,Service × Industry Landing Page,Junk removal companies,Google Ads and PPC,/trades-industries/junk-removal-companies-marketing-agency/,Index after content threshold,Phase 3,google ads and ppc for junk removal companies,trades-service-industry-sitemap.xml,Consultus campaign matrix pattern
https://www.consultusdigital.com/trades-marketing-services/local-seo-for-junk-removal-companies/,/trades-marketing-services/local-seo-for-junk-removal-companies/,Trades,Property services,Service × Industry Landing Page,Junk removal companies,Local SEO,/trades-industries/junk-removal-companies-marketing-agency/,Index after content threshold,Phase 3,local seo for junk removal companies,trades-service-industry-sitemap.xml,Consultus campaign matrix pattern
https://www.consultusdigital.com/trades-marketing-services/ai-search-for-junk-removal-companies/,/trades-marketing-services/ai-search-for-junk-removal-companies/,Trades,Property services,Service × Industry Landing Page,Junk removal companies,"AEO, GEO and AI Search",/trades-industries/junk-removal-companies-marketing-agency/,Index after content threshold,Phase 3,"aeo, geo and ai search for junk removal companies",trades-service-industry-sitemap.xml,Consultus campaign matrix pattern
https://www.consultusdigital.com/trades-marketing-services/paid-social-for-junk-removal-companies/,/trades-marketing-services/paid-social-for-junk-removal-companies/,Trades,Property services,Service × Industry Landing Page,Junk removal companies,Paid Social,/trades-industries/junk-removal-companies-marketing-agency/,Index after content threshold,Phase 3,paid social for junk removal companies,trades-service-industry-sitemap.xml,Consultus campaign matrix pattern
https://www.consultusdigital.com/trades-marketing-services/web-design-for-junk-removal-companies/,/trades-marketing-services/web-design-for-junk-removal-companies/,Trades,Property services,Service × Industry Landing Page,Junk removal companies,Website Design and CRO,/trades-industries/junk-removal-companies-marketing-agency/,Index after content threshold,Phase 3,website design and cro for junk removal companies,trades-service-industry-sitemap.xml,Consultus campaign matrix pattern
https://www.consultusdigital.com/trades-marketing-services/crm-revops-for-junk-removal-companies/,/trades-marketing-services/crm-revops-for-junk-removal-companies/,Trades,Property services,Service × Industry Landing Page,Junk removal companies,CRM and Revenue Operations,/trades-industries/junk-removal-companies-marketing-agency/,Index after content threshold,Phase 3,crm and revenue operations for junk removal companies,trades-service-industry-sitemap.xml,Consultus campaign matrix pattern
https://www.consultusdigital.com/trades-marketing-services/content-marketing-for-junk-removal-companies/,/trades-marketing-services/content-marketing-for-junk-removal-companies/,Trades,Property services,Service × Industry Landing Page,Junk removal companies,Content Marketing,/trades-industries/junk-removal-companies-marketing-agency/,Index after content threshold,Phase 3,content marketing for junk removal companies,trades-service-industry-sitemap.xml,Consultus campaign matrix pattern
https://www.consultusdigital.com/trades-marketing-services/ad-creative-for-junk-removal-companies/,/trades-marketing-services/ad-creative-for-junk-removal-companies/,Trades,Property services,Service × Industry Landing Page,Junk removal companies,Ad Creative Production,/trades-industries/junk-removal-companies-marketing-agency/,Index after content threshold,Phase 3,ad creative production for junk removal companies,trades-service-industry-sitemap.xml,Consultus campaign matrix pattern
https://www.consultusdigital.com/trades-marketing-services/call-tracking-for-junk-removal-companies/,/trades-marketing-services/call-tracking-for-junk-removal-companies/,Trades,Property services,Service × Industry Landing Page,Junk removal companies,Call Tracking and Attribution,/trades-industries/junk-removal-companies-marketing-agency/,Index after content threshold,Phase 3,call tracking and attribution for junk removal companies,trades-service-industry-sitemap.xml,Consultus campaign matrix pattern
https://www.consultusdigital.com/trades-industries/waste-management-companies-marketing-agency/,/trades-industries/waste-management-companies-marketing-agency/,Trades,Property services,Industry Marketing Agency Page,Waste management companies,,/trades-industries/property-services/,Index,Phase 2,waste management companies marketing agency,trades-industry-agency-sitemap.xml,https://www.cardinaldigitalmarketing.com/healthcare-specialties/mental-healthcare-providers-agency/
https://www.consultusdigital.com/trades-marketing-services/digital-marketing-for-waste-management-companies/,/trades-marketing-services/digital-marketing-for-waste-management-companies/,Trades,Property services,Service × Industry Landing Page,Waste management companies,Digital Marketing Agency,/trades-industries/waste-management-companies-marketing-agency/,Index after content threshold,Phase 3,digital marketing agency for waste management companies,trades-service-industry-sitemap.xml,Consultus campaign matrix pattern
https://www.consultusdigital.com/trades-marketing-services/google-ads-for-waste-management-companies/,/trades-marketing-services/google-ads-for-waste-management-companies/,Trades,Property services,Service × Industry Landing Page,Waste management companies,Google Ads and PPC,/trades-industries/waste-management-companies-marketing-agency/,Index after content threshold,Phase 3,google ads and ppc for waste management companies,trades-service-industry-sitemap.xml,Consultus campaign matrix pattern
https://www.consultusdigital.com/trades-marketing-services/local-seo-for-waste-management-companies/,/trades-marketing-services/local-seo-for-waste-management-companies/,Trades,Property services,Service × Industry Landing Page,Waste management companies,Local SEO,/trades-industries/waste-management-companies-marketing-agency/,Index after content threshold,Phase 3,local seo for waste management companies,trades-service-industry-sitemap.xml,Consultus campaign matrix pattern
https://www.consultusdigital.com/trades-marketing-services/ai-search-for-waste-management-companies/,/trades-marketing-services/ai-search-for-waste-management-companies/,Trades,Property services,Service × Industry Landing Page,Waste management companies,"AEO, GEO and AI Search",/trades-industries/waste-management-companies-marketing-agency/,Index after content threshold,Phase 3,"aeo, geo and ai search for waste management companies",trades-service-industry-sitemap.xml,Consultus campaign matrix pattern
https://www.consultusdigital.com/trades-marketing-services/paid-social-for-waste-management-companies/,/trades-marketing-services/paid-social-for-waste-management-companies/,Trades,Property services,Service × Industry Landing Page,Waste management companies,Paid Social,/trades-industries/waste-management-companies-marketing-agency/,Index after content threshold,Phase 3,paid social for waste management companies,trades-service-industry-sitemap.xml,Consultus campaign matrix pattern
https://www.consultusdigital.com/trades-marketing-services/web-design-for-waste-management-companies/,/trades-marketing-services/web-design-for-waste-management-companies/,Trades,Property services,Service × Industry Landing Page,Waste management companies,Website Design and CRO,/trades-industries/waste-management-companies-marketing-agency/,Index after content threshold,Phase 3,website design and cro for waste management companies,trades-service-industry-sitemap.xml,Consultus campaign matrix pattern
https://www.consultusdigital.com/trades-marketing-services/crm-revops-for-waste-management-companies/,/trades-marketing-services/crm-revops-for-waste-management-companies/,Trades,Property services,Service × Industry Landing Page,Waste management companies,CRM and Revenue Operations,/trades-industries/waste-management-companies-marketing-agency/,Index after content threshold,Phase 3,crm and revenue operations for waste management companies,trades-service-industry-sitemap.xml,Consultus campaign matrix pattern
https://www.consultusdigital.com/trades-marketing-services/content-marketing-for-waste-management-companies/,/trades-marketing-services/content-marketing-for-waste-management-companies/,Trades,Property services,Service × Industry Landing Page,Waste management companies,Content Marketing,/trades-industries/waste-management-companies-marketing-agency/,Index after content threshold,Phase 3,content marketing for waste management companies,trades-service-industry-sitemap.xml,Consultus campaign matrix pattern
https://www.consultusdigital.com/trades-marketing-services/ad-creative-for-waste-management-companies/,/trades-marketing-services/ad-creative-for-waste-management-companies/,Trades,Property services,Service × Industry Landing Page,Waste management companies,Ad Creative Production,/trades-industries/waste-management-companies-marketing-agency/,Index after content threshold,Phase 3,ad creative production for waste management companies,trades-service-industry-sitemap.xml,Consultus campaign matrix pattern
https://www.consultusdigital.com/trades-marketing-services/call-tracking-for-waste-management-companies/,/trades-marketing-services/call-tracking-for-waste-management-companies/,Trades,Property services,Service × Industry Landing Page,Waste management companies,Call Tracking and Attribution,/trades-industries/waste-management-companies-marketing-agency/,Index after content threshold,Phase 3,call tracking and attribution for waste management companies,trades-service-industry-sitemap.xml,Consultus campaign matrix pattern
https://www.consultusdigital.com/trades-industries/property-maintenance-companies-marketing-agency/,/trades-industries/property-maintenance-companies-marketing-agency/,Trades,Property services,Industry Marketing Agency Page,Property maintenance companies,,/trades-industries/property-services/,Index,Phase 2,property maintenance companies marketing agency,trades-industry-agency-sitemap.xml,https://www.cardinaldigitalmarketing.com/healthcare-specialties/mental-healthcare-providers-agency/
https://www.consultusdigital.com/trades-marketing-services/digital-marketing-for-property-maintenance-companies/,/trades-marketing-services/digital-marketing-for-property-maintenance-companies/,Trades,Property services,Service × Industry Landing Page,Property maintenance companies,Digital Marketing Agency,/trades-industries/property-maintenance-companies-marketing-agency/,Index after content threshold,Phase 3,digital marketing agency for property maintenance companies,trades-service-industry-sitemap.xml,Consultus campaign matrix pattern
https://www.consultusdigital.com/trades-marketing-services/google-ads-for-property-maintenance-companies/,/trades-marketing-services/google-ads-for-property-maintenance-companies/,Trades,Property services,Service × Industry Landing Page,Property maintenance companies,Google Ads and PPC,/trades-industries/property-maintenance-companies-marketing-agency/,Index after content threshold,Phase 3,google ads and ppc for property maintenance companies,trades-service-industry-sitemap.xml,Consultus campaign matrix pattern
https://www.consultusdigital.com/trades-marketing-services/local-seo-for-property-maintenance-companies/,/trades-marketing-services/local-seo-for-property-maintenance-companies/,Trades,Property services,Service × Industry Landing Page,Property maintenance companies,Local SEO,/trades-industries/property-maintenance-companies-marketing-agency/,Index after content threshold,Phase 3,local seo for property maintenance companies,trades-service-industry-sitemap.xml,Consultus campaign matrix pattern
https://www.consultusdigital.com/trades-marketing-services/ai-search-for-property-maintenance-companies/,/trades-marketing-services/ai-search-for-property-maintenance-companies/,Trades,Property services,Service × Industry Landing Page,Property maintenance companies,"AEO, GEO and AI Search",/trades-industries/property-maintenance-companies-marketing-agency/,Index after content threshold,Phase 3,"aeo, geo and ai search for property maintenance companies",trades-service-industry-sitemap.xml,Consultus campaign matrix pattern
https://www.consultusdigital.com/trades-marketing-services/paid-social-for-property-maintenance-companies/,/trades-marketing-services/paid-social-for-property-maintenance-companies/,Trades,Property services,Service × Industry Landing Page,Property maintenance companies,Paid Social,/trades-industries/property-maintenance-companies-marketing-agency/,Index after content threshold,Phase 3,paid social for property maintenance companies,trades-service-industry-sitemap.xml,Consultus campaign matrix pattern
https://www.consultusdigital.com/trades-marketing-services/web-design-for-property-maintenance-companies/,/trades-marketing-services/web-design-for-property-maintenance-companies/,Trades,Property services,Service × Industry Landing Page,Property maintenance companies,Website Design and CRO,/trades-industries/property-maintenance-companies-marketing-agency/,Index after content threshold,Phase 3,website design and cro for property maintenance companies,trades-service-industry-sitemap.xml,Consultus campaign matrix pattern
https://www.consultusdigital.com/trades-marketing-services/crm-revops-for-property-maintenance-companies/,/trades-marketing-services/crm-revops-for-property-maintenance-companies/,Trades,Property services,Service × Industry Landing Page,Property maintenance companies,CRM and Revenue Operations,/trades-industries/property-maintenance-companies-marketing-agency/,Index after content threshold,Phase 3,crm and revenue operations for property maintenance companies,trades-service-industry-sitemap.xml,Consultus campaign matrix pattern
https://www.consultusdigital.com/trades-marketing-services/content-marketing-for-property-maintenance-companies/,/trades-marketing-services/content-marketing-for-property-maintenance-companies/,Trades,Property services,Service × Industry Landing Page,Property maintenance companies,Content Marketing,/trades-industries/property-maintenance-companies-marketing-agency/,Index after content threshold,Phase 3,content marketing for property maintenance companies,trades-service-industry-sitemap.xml,Consultus campaign matrix pattern
https://www.consultusdigital.com/trades-marketing-services/ad-creative-for-property-maintenance-companies/,/trades-marketing-services/ad-creative-for-property-maintenance-companies/,Trades,Property services,Service × Industry Landing Page,Property maintenance companies,Ad Creative Production,/trades-industries/property-maintenance-companies-marketing-agency/,Index after content threshold,Phase 3,ad creative production for property maintenance companies,trades-service-industry-sitemap.xml,Consultus campaign matrix pattern
https://www.consultusdigital.com/trades-marketing-services/call-tracking-for-property-maintenance-companies/,/trades-marketing-services/call-tracking-for-property-maintenance-companies/,Trades,Property services,Service × Industry Landing Page,Property maintenance companies,Call Tracking and Attribution,/trades-industries/property-maintenance-companies-marketing-agency/,Index after content threshold,Phase 3,call tracking and attribution for property maintenance companies,trades-service-industry-sitemap.xml,Consultus campaign matrix pattern
https://www.consultusdigital.com/trades-industries/handyman-companies-marketing-agency/,/trades-industries/handyman-companies-marketing-agency/,Trades,Property services,Industry Marketing Agency Page,Handyman companies,,/trades-industries/property-services/,Index,Phase 2,handyman companies marketing agency,trades-industry-agency-sitemap.xml,https://www.cardinaldigitalmarketing.com/healthcare-specialties/mental-healthcare-providers-agency/
https://www.consultusdigital.com/trades-marketing-services/digital-marketing-for-handyman-companies/,/trades-marketing-services/digital-marketing-for-handyman-companies/,Trades,Property services,Service × Industry Landing Page,Handyman companies,Digital Marketing Agency,/trades-industries/handyman-companies-marketing-agency/,Index after content threshold,Phase 3,digital marketing agency for handyman companies,trades-service-industry-sitemap.xml,Consultus campaign matrix pattern
https://www.consultusdigital.com/trades-marketing-services/google-ads-for-handyman-companies/,/trades-marketing-services/google-ads-for-handyman-companies/,Trades,Property services,Service × Industry Landing Page,Handyman companies,Google Ads and PPC,/trades-industries/handyman-companies-marketing-agency/,Index after content threshold,Phase 3,google ads and ppc for handyman companies,trades-service-industry-sitemap.xml,Consultus campaign matrix pattern
https://www.consultusdigital.com/trades-marketing-services/local-seo-for-handyman-companies/,/trades-marketing-services/local-seo-for-handyman-companies/,Trades,Property services,Service × Industry Landing Page,Handyman companies,Local SEO,/trades-industries/handyman-companies-marketing-agency/,Index after content threshold,Phase 3,local seo for handyman companies,trades-service-industry-sitemap.xml,Consultus campaign matrix pattern
https://www.consultusdigital.com/trades-marketing-services/ai-search-for-handyman-companies/,/trades-marketing-services/ai-search-for-handyman-companies/,Trades,Property services,Service × Industry Landing Page,Handyman companies,"AEO, GEO and AI Search",/trades-industries/handyman-companies-marketing-agency/,Index after content threshold,Phase 3,"aeo, geo and ai search for handyman companies",trades-service-industry-sitemap.xml,Consultus campaign matrix pattern
https://www.consultusdigital.com/trades-marketing-services/paid-social-for-handyman-companies/,/trades-marketing-services/paid-social-for-handyman-companies/,Trades,Property services,Service × Industry Landing Page,Handyman companies,Paid Social,/trades-industries/handyman-companies-marketing-agency/,Index after content threshold,Phase 3,paid social for handyman companies,trades-service-industry-sitemap.xml,Consultus campaign matrix pattern
https://www.consultusdigital.com/trades-marketing-services/web-design-for-handyman-companies/,/trades-marketing-services/web-design-for-handyman-companies/,Trades,Property services,Service × Industry Landing Page,Handyman companies,Website Design and CRO,/trades-industries/handyman-companies-marketing-agency/,Index after content threshold,Phase 3,website design and cro for handyman companies,trades-service-industry-sitemap.xml,Consultus campaign matrix pattern
https://www.consultusdigital.com/trades-marketing-services/crm-revops-for-handyman-companies/,/trades-marketing-services/crm-revops-for-handyman-companies/,Trades,Property services,Service × Industry Landing Page,Handyman companies,CRM and Revenue Operations,/trades-industries/handyman-companies-marketing-agency/,Index after content threshold,Phase 3,crm and revenue operations for handyman companies,trades-service-industry-sitemap.xml,Consultus campaign matrix pattern
https://www.consultusdigital.com/trades-marketing-services/content-marketing-for-handyman-companies/,/trades-marketing-services/content-marketing-for-handyman-companies/,Trades,Property services,Service × Industry Landing Page,Handyman companies,Content Marketing,/trades-industries/handyman-companies-marketing-agency/,Index after content threshold,Phase 3,content marketing for handyman companies,trades-service-industry-sitemap.xml,Consultus campaign matrix pattern
https://www.consultusdigital.com/trades-marketing-services/ad-creative-for-handyman-companies/,/trades-marketing-services/ad-creative-for-handyman-companies/,Trades,Property services,Service × Industry Landing Page,Handyman companies,Ad Creative Production,/trades-industries/handyman-companies-marketing-agency/,Index after content threshold,Phase 3,ad creative production for handyman companies,trades-service-industry-sitemap.xml,Consultus campaign matrix pattern
https://www.consultusdigital.com/trades-marketing-services/call-tracking-for-handyman-companies/,/trades-marketing-services/call-tracking-for-handyman-companies/,Trades,Property services,Service × Industry Landing Page,Handyman companies,Call Tracking and Attribution,/trades-industries/handyman-companies-marketing-agency/,Index after content threshold,Phase 3,call tracking and attribution for handyman companies,trades-service-industry-sitemap.xml,Consultus campaign matrix pattern
https://www.consultusdigital.com/trades-industries/specialty-contractors/,/trades-industries/specialty-contractors/,Trades,Specialty contractors,Sector Hub,Specialty contractors,,/trades-industries/,Index,Phase 1,specialty contractors marketing agency,trades-industry-agency-sitemap.xml,https://www.cardinaldigitalmarketing.com/healthcare-specialties/mental-healthcare-providers-agency/
https://www.consultusdigital.com/trades-industries/demolition-contractors-marketing-agency/,/trades-industries/demolition-contractors-marketing-agency/,Trades,Specialty contractors,Industry Marketing Agency Page,Demolition contractors,,/trades-industries/specialty-contractors/,Index,Phase 2,demolition contractors marketing agency,trades-industry-agency-sitemap.xml,https://www.cardinaldigitalmarketing.com/healthcare-specialties/mental-healthcare-providers-agency/
https://www.consultusdigital.com/trades-marketing-services/digital-marketing-for-demolition-contractors/,/trades-marketing-services/digital-marketing-for-demolition-contractors/,Trades,Specialty contractors,Service × Industry Landing Page,Demolition contractors,Digital Marketing Agency,/trades-industries/demolition-contractors-marketing-agency/,Index after content threshold,Phase 3,digital marketing agency for demolition contractors,trades-service-industry-sitemap.xml,Consultus campaign matrix pattern
https://www.consultusdigital.com/trades-marketing-services/google-ads-for-demolition-contractors/,/trades-marketing-services/google-ads-for-demolition-contractors/,Trades,Specialty contractors,Service × Industry Landing Page,Demolition contractors,Google Ads and PPC,/trades-industries/demolition-contractors-marketing-agency/,Index after content threshold,Phase 3,google ads and ppc for demolition contractors,trades-service-industry-sitemap.xml,Consultus campaign matrix pattern
https://www.consultusdigital.com/trades-marketing-services/local-seo-for-demolition-contractors/,/trades-marketing-services/local-seo-for-demolition-contractors/,Trades,Specialty contractors,Service × Industry Landing Page,Demolition contractors,Local SEO,/trades-industries/demolition-contractors-marketing-agency/,Index after content threshold,Phase 3,local seo for demolition contractors,trades-service-industry-sitemap.xml,Consultus campaign matrix pattern
https://www.consultusdigital.com/trades-marketing-services/ai-search-for-demolition-contractors/,/trades-marketing-services/ai-search-for-demolition-contractors/,Trades,Specialty contractors,Service × Industry Landing Page,Demolition contractors,"AEO, GEO and AI Search",/trades-industries/demolition-contractors-marketing-agency/,Index after content threshold,Phase 3,"aeo, geo and ai search for demolition contractors",trades-service-industry-sitemap.xml,Consultus campaign matrix pattern
https://www.consultusdigital.com/trades-marketing-services/paid-social-for-demolition-contractors/,/trades-marketing-services/paid-social-for-demolition-contractors/,Trades,Specialty contractors,Service × Industry Landing Page,Demolition contractors,Paid Social,/trades-industries/demolition-contractors-marketing-agency/,Index after content threshold,Phase 3,paid social for demolition contractors,trades-service-industry-sitemap.xml,Consultus campaign matrix pattern
https://www.consultusdigital.com/trades-marketing-services/web-design-for-demolition-contractors/,/trades-marketing-services/web-design-for-demolition-contractors/,Trades,Specialty contractors,Service × Industry Landing Page,Demolition contractors,Website Design and CRO,/trades-industries/demolition-contractors-marketing-agency/,Index after content threshold,Phase 3,website design and cro for demolition contractors,trades-service-industry-sitemap.xml,Consultus campaign matrix pattern
https://www.consultusdigital.com/trades-marketing-services/crm-revops-for-demolition-contractors/,/trades-marketing-services/crm-revops-for-demolition-contractors/,Trades,Specialty contractors,Service × Industry Landing Page,Demolition contractors,CRM and Revenue Operations,/trades-industries/demolition-contractors-marketing-agency/,Index after content threshold,Phase 3,crm and revenue operations for demolition contractors,trades-service-industry-sitemap.xml,Consultus campaign matrix pattern
https://www.consultusdigital.com/trades-marketing-services/content-marketing-for-demolition-contractors/,/trades-marketing-services/content-marketing-for-demolition-contractors/,Trades,Specialty contractors,Service × Industry Landing Page,Demolition contractors,Content Marketing,/trades-industries/demolition-contractors-marketing-agency/,Index after content threshold,Phase 3,content marketing for demolition contractors,trades-service-industry-sitemap.xml,Consultus campaign matrix pattern
https://www.consultusdigital.com/trades-marketing-services/ad-creative-for-demolition-contractors/,/trades-marketing-services/ad-creative-for-demolition-contractors/,Trades,Specialty contractors,Service × Industry Landing Page,Demolition contractors,Ad Creative Production,/trades-industries/demolition-contractors-marketing-agency/,Index after content threshold,Phase 3,ad creative production for demolition contractors,trades-service-industry-sitemap.xml,Consultus campaign matrix pattern
https://www.consultusdigital.com/trades-marketing-services/call-tracking-for-demolition-contractors/,/trades-marketing-services/call-tracking-for-demolition-contractors/,Trades,Specialty contractors,Service × Industry Landing Page,Demolition contractors,Call Tracking and Attribution,/trades-industries/demolition-contractors-marketing-agency/,Index after content threshold,Phase 3,call tracking and attribution for demolition contractors,trades-service-industry-sitemap.xml,Consultus campaign matrix pattern
https://www.consultusdigital.com/trades-industries/excavation-contractors-marketing-agency/,/trades-industries/excavation-contractors-marketing-agency/,Trades,Specialty contractors,Industry Marketing Agency Page,Excavation contractors,,/trades-industries/specialty-contractors/,Index,Phase 2,excavation contractors marketing agency,trades-industry-agency-sitemap.xml,https://www.cardinaldigitalmarketing.com/healthcare-specialties/mental-healthcare-providers-agency/
https://www.consultusdigital.com/trades-marketing-services/digital-marketing-for-excavation-contractors/,/trades-marketing-services/digital-marketing-for-excavation-contractors/,Trades,Specialty contractors,Service × Industry Landing Page,Excavation contractors,Digital Marketing Agency,/trades-industries/excavation-contractors-marketing-agency/,Index after content threshold,Phase 3,digital marketing agency for excavation contractors,trades-service-industry-sitemap.xml,Consultus campaign matrix pattern
https://www.consultusdigital.com/trades-marketing-services/google-ads-for-excavation-contractors/,/trades-marketing-services/google-ads-for-excavation-contractors/,Trades,Specialty contractors,Service × Industry Landing Page,Excavation contractors,Google Ads and PPC,/trades-industries/excavation-contractors-marketing-agency/,Index after content threshold,Phase 3,google ads and ppc for excavation contractors,trades-service-industry-sitemap.xml,Consultus campaign matrix pattern
https://www.consultusdigital.com/trades-marketing-services/local-seo-for-excavation-contractors/,/trades-marketing-services/local-seo-for-excavation-contractors/,Trades,Specialty contractors,Service × Industry Landing Page,Excavation contractors,Local SEO,/trades-industries/excavation-contractors-marketing-agency/,Index after content threshold,Phase 3,local seo for excavation contractors,trades-service-industry-sitemap.xml,Consultus campaign matrix pattern
https://www.consultusdigital.com/trades-marketing-services/ai-search-for-excavation-contractors/,/trades-marketing-services/ai-search-for-excavation-contractors/,Trades,Specialty contractors,Service × Industry Landing Page,Excavation contractors,"AEO, GEO and AI Search",/trades-industries/excavation-contractors-marketing-agency/,Index after content threshold,Phase 3,"aeo, geo and ai search for excavation contractors",trades-service-industry-sitemap.xml,Consultus campaign matrix pattern
https://www.consultusdigital.com/trades-marketing-services/paid-social-for-excavation-contractors/,/trades-marketing-services/paid-social-for-excavation-contractors/,Trades,Specialty contractors,Service × Industry Landing Page,Excavation contractors,Paid Social,/trades-industries/excavation-contractors-marketing-agency/,Index after content threshold,Phase 3,paid social for excavation contractors,trades-service-industry-sitemap.xml,Consultus campaign matrix pattern
https://www.consultusdigital.com/trades-marketing-services/web-design-for-excavation-contractors/,/trades-marketing-services/web-design-for-excavation-contractors/,Trades,Specialty contractors,Service × Industry Landing Page,Excavation contractors,Website Design and CRO,/trades-industries/excavation-contractors-marketing-agency/,Index after content threshold,Phase 3,website design and cro for excavation contractors,trades-service-industry-sitemap.xml,Consultus campaign matrix pattern
https://www.consultusdigital.com/trades-marketing-services/crm-revops-for-excavation-contractors/,/trades-marketing-services/crm-revops-for-excavation-contractors/,Trades,Specialty contractors,Service × Industry Landing Page,Excavation contractors,CRM and Revenue Operations,/trades-industries/excavation-contractors-marketing-agency/,Index after content threshold,Phase 3,crm and revenue operations for excavation contractors,trades-service-industry-sitemap.xml,Consultus campaign matrix pattern
https://www.consultusdigital.com/trades-marketing-services/content-marketing-for-excavation-contractors/,/trades-marketing-services/content-marketing-for-excavation-contractors/,Trades,Specialty contractors,Service × Industry Landing Page,Excavation contractors,Content Marketing,/trades-industries/excavation-contractors-marketing-agency/,Index after content threshold,Phase 3,content marketing for excavation contractors,trades-service-industry-sitemap.xml,Consultus campaign matrix pattern
https://www.consultusdigital.com/trades-marketing-services/ad-creative-for-excavation-contractors/,/trades-marketing-services/ad-creative-for-excavation-contractors/,Trades,Specialty contractors,Service × Industry Landing Page,Excavation contractors,Ad Creative Production,/trades-industries/excavation-contractors-marketing-agency/,Index after content threshold,Phase 3,ad creative production for excavation contractors,trades-service-industry-sitemap.xml,Consultus campaign matrix pattern
https://www.consultusdigital.com/trades-marketing-services/call-tracking-for-excavation-contractors/,/trades-marketing-services/call-tracking-for-excavation-contractors/,Trades,Specialty contractors,Service × Industry Landing Page,Excavation contractors,Call Tracking and Attribution,/trades-industries/excavation-contractors-marketing-agency/,Index after content threshold,Phase 3,call tracking and attribution for excavation contractors,trades-service-industry-sitemap.xml,Consultus campaign matrix pattern
https://www.consultusdigital.com/trades-industries/paving-contractors-marketing-agency/,/trades-industries/paving-contractors-marketing-agency/,Trades,Specialty contractors,Industry Marketing Agency Page,Paving contractors,,/trades-industries/specialty-contractors/,Index,Phase 2,paving contractors marketing agency,trades-industry-agency-sitemap.xml,https://www.cardinaldigitalmarketing.com/healthcare-specialties/mental-healthcare-providers-agency/
https://www.consultusdigital.com/trades-marketing-services/digital-marketing-for-paving-contractors/,/trades-marketing-services/digital-marketing-for-paving-contractors/,Trades,Specialty contractors,Service × Industry Landing Page,Paving contractors,Digital Marketing Agency,/trades-industries/paving-contractors-marketing-agency/,Index after content threshold,Phase 3,digital marketing agency for paving contractors,trades-service-industry-sitemap.xml,Consultus campaign matrix pattern
https://www.consultusdigital.com/trades-marketing-services/google-ads-for-paving-contractors/,/trades-marketing-services/google-ads-for-paving-contractors/,Trades,Specialty contractors,Service × Industry Landing Page,Paving contractors,Google Ads and PPC,/trades-industries/paving-contractors-marketing-agency/,Index after content threshold,Phase 3,google ads and ppc for paving contractors,trades-service-industry-sitemap.xml,Consultus campaign matrix pattern
https://www.consultusdigital.com/trades-marketing-services/local-seo-for-paving-contractors/,/trades-marketing-services/local-seo-for-paving-contractors/,Trades,Specialty contractors,Service × Industry Landing Page,Paving contractors,Local SEO,/trades-industries/paving-contractors-marketing-agency/,Index after content threshold,Phase 3,local seo for paving contractors,trades-service-industry-sitemap.xml,Consultus campaign matrix pattern
https://www.consultusdigital.com/trades-marketing-services/ai-search-for-paving-contractors/,/trades-marketing-services/ai-search-for-paving-contractors/,Trades,Specialty contractors,Service × Industry Landing Page,Paving contractors,"AEO, GEO and AI Search",/trades-industries/paving-contractors-marketing-agency/,Index after content threshold,Phase 3,"aeo, geo and ai search for paving contractors",trades-service-industry-sitemap.xml,Consultus campaign matrix pattern
https://www.consultusdigital.com/trades-marketing-services/paid-social-for-paving-contractors/,/trades-marketing-services/paid-social-for-paving-contractors/,Trades,Specialty contractors,Service × Industry Landing Page,Paving contractors,Paid Social,/trades-industries/paving-contractors-marketing-agency/,Index after content threshold,Phase 3,paid social for paving contractors,trades-service-industry-sitemap.xml,Consultus campaign matrix pattern
https://www.consultusdigital.com/trades-marketing-services/web-design-for-paving-contractors/,/trades-marketing-services/web-design-for-paving-contractors/,Trades,Specialty contractors,Service × Industry Landing Page,Paving contractors,Website Design and CRO,/trades-industries/paving-contractors-marketing-agency/,Index after content threshold,Phase 3,website design and cro for paving contractors,trades-service-industry-sitemap.xml,Consultus campaign matrix pattern
https://www.consultusdigital.com/trades-marketing-services/crm-revops-for-paving-contractors/,/trades-marketing-services/crm-revops-for-paving-contractors/,Trades,Specialty contractors,Service × Industry Landing Page,Paving contractors,CRM and Revenue Operations,/trades-industries/paving-contractors-marketing-agency/,Index after content threshold,Phase 3,crm and revenue operations for paving contractors,trades-service-industry-sitemap.xml,Consultus campaign matrix pattern
https://www.consultusdigital.com/trades-marketing-services/content-marketing-for-paving-contractors/,/trades-marketing-services/content-marketing-for-paving-contractors/,Trades,Specialty contractors,Service × Industry Landing Page,Paving contractors,Content Marketing,/trades-industries/paving-contractors-marketing-agency/,Index after content threshold,Phase 3,content marketing for paving contractors,trades-service-industry-sitemap.xml,Consultus campaign matrix pattern
https://www.consultusdigital.com/trades-marketing-services/ad-creative-for-paving-contractors/,/trades-marketing-services/ad-creative-for-paving-contractors/,Trades,Specialty contractors,Service × Industry Landing Page,Paving contractors,Ad Creative Production,/trades-industries/paving-contractors-marketing-agency/,Index after content threshold,Phase 3,ad creative production for paving contractors,trades-service-industry-sitemap.xml,Consultus campaign matrix pattern
https://www.consultusdigital.com/trades-marketing-services/call-tracking-for-paving-contractors/,/trades-marketing-services/call-tracking-for-paving-contractors/,Trades,Specialty contractors,Service × Industry Landing Page,Paving contractors,Call Tracking and Attribution,/trades-industries/paving-contractors-marketing-agency/,Index after content threshold,Phase 3,call tracking and attribution for paving contractors,trades-service-industry-sitemap.xml,Consultus campaign matrix pattern
https://www.consultusdigital.com/trades-industries/asphalt-contractors-marketing-agency/,/trades-industries/asphalt-contractors-marketing-agency/,Trades,Specialty contractors,Industry Marketing Agency Page,Asphalt contractors,,/trades-industries/specialty-contractors/,Index,Phase 2,asphalt contractors marketing agency,trades-industry-agency-sitemap.xml,https://www.cardinaldigitalmarketing.com/healthcare-specialties/mental-healthcare-providers-agency/
https://www.consultusdigital.com/trades-marketing-services/digital-marketing-for-asphalt-contractors/,/trades-marketing-services/digital-marketing-for-asphalt-contractors/,Trades,Specialty contractors,Service × Industry Landing Page,Asphalt contractors,Digital Marketing Agency,/trades-industries/asphalt-contractors-marketing-agency/,Index after content threshold,Phase 3,digital marketing agency for asphalt contractors,trades-service-industry-sitemap.xml,Consultus campaign matrix pattern
https://www.consultusdigital.com/trades-marketing-services/google-ads-for-asphalt-contractors/,/trades-marketing-services/google-ads-for-asphalt-contractors/,Trades,Specialty contractors,Service × Industry Landing Page,Asphalt contractors,Google Ads and PPC,/trades-industries/asphalt-contractors-marketing-agency/,Index after content threshold,Phase 3,google ads and ppc for asphalt contractors,trades-service-industry-sitemap.xml,Consultus campaign matrix pattern
https://www.consultusdigital.com/trades-marketing-services/local-seo-for-asphalt-contractors/,/trades-marketing-services/local-seo-for-asphalt-contractors/,Trades,Specialty contractors,Service × Industry Landing Page,Asphalt contractors,Local SEO,/trades-industries/asphalt-contractors-marketing-agency/,Index after content threshold,Phase 3,local seo for asphalt contractors,trades-service-industry-sitemap.xml,Consultus campaign matrix pattern
https://www.consultusdigital.com/trades-marketing-services/ai-search-for-asphalt-contractors/,/trades-marketing-services/ai-search-for-asphalt-contractors/,Trades,Specialty contractors,Service × Industry Landing Page,Asphalt contractors,"AEO, GEO and AI Search",/trades-industries/asphalt-contractors-marketing-agency/,Index after content threshold,Phase 3,"aeo, geo and ai search for asphalt contractors",trades-service-industry-sitemap.xml,Consultus campaign matrix pattern
https://www.consultusdigital.com/trades-marketing-services/paid-social-for-asphalt-contractors/,/trades-marketing-services/paid-social-for-asphalt-contractors/,Trades,Specialty contractors,Service × Industry Landing Page,Asphalt contractors,Paid Social,/trades-industries/asphalt-contractors-marketing-agency/,Index after content threshold,Phase 3,paid social for asphalt contractors,trades-service-industry-sitemap.xml,Consultus campaign matrix pattern
https://www.consultusdigital.com/trades-marketing-services/web-design-for-asphalt-contractors/,/trades-marketing-services/web-design-for-asphalt-contractors/,Trades,Specialty contractors,Service × Industry Landing Page,Asphalt contractors,Website Design and CRO,/trades-industries/asphalt-contractors-marketing-agency/,Index after content threshold,Phase 3,website design and cro for asphalt contractors,trades-service-industry-sitemap.xml,Consultus campaign matrix pattern
https://www.consultusdigital.com/trades-marketing-services/crm-revops-for-asphalt-contractors/,/trades-marketing-services/crm-revops-for-asphalt-contractors/,Trades,Specialty contractors,Service × Industry Landing Page,Asphalt contractors,CRM and Revenue Operations,/trades-industries/asphalt-contractors-marketing-agency/,Index after content threshold,Phase 3,crm and revenue operations for asphalt contractors,trades-service-industry-sitemap.xml,Consultus campaign matrix pattern
https://www.consultusdigital.com/trades-marketing-services/content-marketing-for-asphalt-contractors/,/trades-marketing-services/content-marketing-for-asphalt-contractors/,Trades,Specialty contractors,Service × Industry Landing Page,Asphalt contractors,Content Marketing,/trades-industries/asphalt-contractors-marketing-agency/,Index after content threshold,Phase 3,content marketing for asphalt contractors,trades-service-industry-sitemap.xml,Consultus campaign matrix pattern
https://www.consultusdigital.com/trades-marketing-services/ad-creative-for-asphalt-contractors/,/trades-marketing-services/ad-creative-for-asphalt-contractors/,Trades,Specialty contractors,Service × Industry Landing Page,Asphalt contractors,Ad Creative Production,/trades-industries/asphalt-contractors-marketing-agency/,Index after content threshold,Phase 3,ad creative production for asphalt contractors,trades-service-industry-sitemap.xml,Consultus campaign matrix pattern
https://www.consultusdigital.com/trades-marketing-services/call-tracking-for-asphalt-contractors/,/trades-marketing-services/call-tracking-for-asphalt-contractors/,Trades,Specialty contractors,Service × Industry Landing Page,Asphalt contractors,Call Tracking and Attribution,/trades-industries/asphalt-contractors-marketing-agency/,Index after content threshold,Phase 3,call tracking and attribution for asphalt contractors,trades-service-industry-sitemap.xml,Consultus campaign matrix pattern
https://www.consultusdigital.com/trades-industries/scaffolding-companies-marketing-agency/,/trades-industries/scaffolding-companies-marketing-agency/,Trades,Specialty contractors,Industry Marketing Agency Page,Scaffolding companies,,/trades-industries/specialty-contractors/,Index,Phase 2,scaffolding companies marketing agency,trades-industry-agency-sitemap.xml,https://www.cardinaldigitalmarketing.com/healthcare-specialties/mental-healthcare-providers-agency/
https://www.consultusdigital.com/trades-marketing-services/digital-marketing-for-scaffolding-companies/,/trades-marketing-services/digital-marketing-for-scaffolding-companies/,Trades,Specialty contractors,Service × Industry Landing Page,Scaffolding companies,Digital Marketing Agency,/trades-industries/scaffolding-companies-marketing-agency/,Index after content threshold,Phase 3,digital marketing agency for scaffolding companies,trades-service-industry-sitemap.xml,Consultus campaign matrix pattern
https://www.consultusdigital.com/trades-marketing-services/google-ads-for-scaffolding-companies/,/trades-marketing-services/google-ads-for-scaffolding-companies/,Trades,Specialty contractors,Service × Industry Landing Page,Scaffolding companies,Google Ads and PPC,/trades-industries/scaffolding-companies-marketing-agency/,Index after content threshold,Phase 3,google ads and ppc for scaffolding companies,trades-service-industry-sitemap.xml,Consultus campaign matrix pattern
https://www.consultusdigital.com/trades-marketing-services/local-seo-for-scaffolding-companies/,/trades-marketing-services/local-seo-for-scaffolding-companies/,Trades,Specialty contractors,Service × Industry Landing Page,Scaffolding companies,Local SEO,/trades-industries/scaffolding-companies-marketing-agency/,Index after content threshold,Phase 3,local seo for scaffolding companies,trades-service-industry-sitemap.xml,Consultus campaign matrix pattern
https://www.consultusdigital.com/trades-marketing-services/ai-search-for-scaffolding-companies/,/trades-marketing-services/ai-search-for-scaffolding-companies/,Trades,Specialty contractors,Service × Industry Landing Page,Scaffolding companies,"AEO, GEO and AI Search",/trades-industries/scaffolding-companies-marketing-agency/,Index after content threshold,Phase 3,"aeo, geo and ai search for scaffolding companies",trades-service-industry-sitemap.xml,Consultus campaign matrix pattern
https://www.consultusdigital.com/trades-marketing-services/paid-social-for-scaffolding-companies/,/trades-marketing-services/paid-social-for-scaffolding-companies/,Trades,Specialty contractors,Service × Industry Landing Page,Scaffolding companies,Paid Social,/trades-industries/scaffolding-companies-marketing-agency/,Index after content threshold,Phase 3,paid social for scaffolding companies,trades-service-industry-sitemap.xml,Consultus campaign matrix pattern
https://www.consultusdigital.com/trades-marketing-services/web-design-for-scaffolding-companies/,/trades-marketing-services/web-design-for-scaffolding-companies/,Trades,Specialty contractors,Service × Industry Landing Page,Scaffolding companies,Website Design and CRO,/trades-industries/scaffolding-companies-marketing-agency/,Index after content threshold,Phase 3,website design and cro for scaffolding companies,trades-service-industry-sitemap.xml,Consultus campaign matrix pattern
https://www.consultusdigital.com/trades-marketing-services/crm-revops-for-scaffolding-companies/,/trades-marketing-services/crm-revops-for-scaffolding-companies/,Trades,Specialty contractors,Service × Industry Landing Page,Scaffolding companies,CRM and Revenue Operations,/trades-industries/scaffolding-companies-marketing-agency/,Index after content threshold,Phase 3,crm and revenue operations for scaffolding companies,trades-service-industry-sitemap.xml,Consultus campaign matrix pattern
https://www.consultusdigital.com/trades-marketing-services/content-marketing-for-scaffolding-companies/,/trades-marketing-services/content-marketing-for-scaffolding-companies/,Trades,Specialty contractors,Service × Industry Landing Page,Scaffolding companies,Content Marketing,/trades-industries/scaffolding-companies-marketing-agency/,Index after content threshold,Phase 3,content marketing for scaffolding companies,trades-service-industry-sitemap.xml,Consultus campaign matrix pattern
https://www.consultusdigital.com/trades-marketing-services/ad-creative-for-scaffolding-companies/,/trades-marketing-services/ad-creative-for-scaffolding-companies/,Trades,Specialty contractors,Service × Industry Landing Page,Scaffolding companies,Ad Creative Production,/trades-industries/scaffolding-companies-marketing-agency/,Index after content threshold,Phase 3,ad creative production for scaffolding companies,trades-service-industry-sitemap.xml,Consultus campaign matrix pattern
https://www.consultusdigital.com/trades-marketing-services/call-tracking-for-scaffolding-companies/,/trades-marketing-services/call-tracking-for-scaffolding-companies/,Trades,Specialty contractors,Service × Industry Landing Page,Scaffolding companies,Call Tracking and Attribution,/trades-industries/scaffolding-companies-marketing-agency/,Index after content threshold,Phase 3,call tracking and attribution for scaffolding companies,trades-service-industry-sitemap.xml,Consultus campaign matrix pattern
https://www.consultusdigital.com/trades-industries/crane-services-marketing-agency/,/trades-industries/crane-services-marketing-agency/,Trades,Specialty contractors,Industry Marketing Agency Page,Crane services,,/trades-industries/specialty-contractors/,Index,Phase 2,crane services marketing agency,trades-industry-agency-sitemap.xml,https://www.cardinaldigitalmarketing.com/healthcare-specialties/mental-healthcare-providers-agency/
https://www.consultusdigital.com/trades-marketing-services/digital-marketing-for-crane-services/,/trades-marketing-services/digital-marketing-for-crane-services/,Trades,Specialty contractors,Service × Industry Landing Page,Crane services,Digital Marketing Agency,/trades-industries/crane-services-marketing-agency/,Index after content threshold,Phase 3,digital marketing agency for crane services,trades-service-industry-sitemap.xml,Consultus campaign matrix pattern
https://www.consultusdigital.com/trades-marketing-services/google-ads-for-crane-services/,/trades-marketing-services/google-ads-for-crane-services/,Trades,Specialty contractors,Service × Industry Landing Page,Crane services,Google Ads and PPC,/trades-industries/crane-services-marketing-agency/,Index after content threshold,Phase 3,google ads and ppc for crane services,trades-service-industry-sitemap.xml,Consultus campaign matrix pattern
https://www.consultusdigital.com/trades-marketing-services/local-seo-for-crane-services/,/trades-marketing-services/local-seo-for-crane-services/,Trades,Specialty contractors,Service × Industry Landing Page,Crane services,Local SEO,/trades-industries/crane-services-marketing-agency/,Index after content threshold,Phase 3,local seo for crane services,trades-service-industry-sitemap.xml,Consultus campaign matrix pattern
https://www.consultusdigital.com/trades-marketing-services/ai-search-for-crane-services/,/trades-marketing-services/ai-search-for-crane-services/,Trades,Specialty contractors,Service × Industry Landing Page,Crane services,"AEO, GEO and AI Search",/trades-industries/crane-services-marketing-agency/,Index after content threshold,Phase 3,"aeo, geo and ai search for crane services",trades-service-industry-sitemap.xml,Consultus campaign matrix pattern
https://www.consultusdigital.com/trades-marketing-services/paid-social-for-crane-services/,/trades-marketing-services/paid-social-for-crane-services/,Trades,Specialty contractors,Service × Industry Landing Page,Crane services,Paid Social,/trades-industries/crane-services-marketing-agency/,Index after content threshold,Phase 3,paid social for crane services,trades-service-industry-sitemap.xml,Consultus campaign matrix pattern
https://www.consultusdigital.com/trades-marketing-services/web-design-for-crane-services/,/trades-marketing-services/web-design-for-crane-services/,Trades,Specialty contractors,Service × Industry Landing Page,Crane services,Website Design and CRO,/trades-industries/crane-services-marketing-agency/,Index after content threshold,Phase 3,website design and cro for crane services,trades-service-industry-sitemap.xml,Consultus campaign matrix pattern
https://www.consultusdigital.com/trades-marketing-services/crm-revops-for-crane-services/,/trades-marketing-services/crm-revops-for-crane-services/,Trades,Specialty contractors,Service × Industry Landing Page,Crane services,CRM and Revenue Operations,/trades-industries/crane-services-marketing-agency/,Index after content threshold,Phase 3,crm and revenue operations for crane services,trades-service-industry-sitemap.xml,Consultus campaign matrix pattern
https://www.consultusdigital.com/trades-marketing-services/content-marketing-for-crane-services/,/trades-marketing-services/content-marketing-for-crane-services/,Trades,Specialty contractors,Service × Industry Landing Page,Crane services,Content Marketing,/trades-industries/crane-services-marketing-agency/,Index after content threshold,Phase 3,content marketing for crane services,trades-service-industry-sitemap.xml,Consultus campaign matrix pattern
https://www.consultusdigital.com/trades-marketing-services/ad-creative-for-crane-services/,/trades-marketing-services/ad-creative-for-crane-services/,Trades,Specialty contractors,Service × Industry Landing Page,Crane services,Ad Creative Production,/trades-industries/crane-services-marketing-agency/,Index after content threshold,Phase 3,ad creative production for crane services,trades-service-industry-sitemap.xml,Consultus campaign matrix pattern
https://www.consultusdigital.com/trades-marketing-services/call-tracking-for-crane-services/,/trades-marketing-services/call-tracking-for-crane-services/,Trades,Specialty contractors,Service × Industry Landing Page,Crane services,Call Tracking and Attribution,/trades-industries/crane-services-marketing-agency/,Index after content threshold,Phase 3,call tracking and attribution for crane services,trades-service-industry-sitemap.xml,Consultus campaign matrix pattern
https://www.consultusdigital.com/trades-industries/heavy-equipment-contractors-marketing-agency/,/trades-industries/heavy-equipment-contractors-marketing-agency/,Trades,Specialty contractors,Industry Marketing Agency Page,Heavy equipment contractors,,/trades-industries/specialty-contractors/,Index,Phase 2,heavy equipment contractors marketing agency,trades-industry-agency-sitemap.xml,https://www.cardinaldigitalmarketing.com/healthcare-specialties/mental-healthcare-providers-agency/
https://www.consultusdigital.com/trades-marketing-services/digital-marketing-for-heavy-equipment-contractors/,/trades-marketing-services/digital-marketing-for-heavy-equipment-contractors/,Trades,Specialty contractors,Service × Industry Landing Page,Heavy equipment contractors,Digital Marketing Agency,/trades-industries/heavy-equipment-contractors-marketing-agency/,Index after content threshold,Phase 3,digital marketing agency for heavy equipment contractors,trades-service-industry-sitemap.xml,Consultus campaign matrix pattern
https://www.consultusdigital.com/trades-marketing-services/google-ads-for-heavy-equipment-contractors/,/trades-marketing-services/google-ads-for-heavy-equipment-contractors/,Trades,Specialty contractors,Service × Industry Landing Page,Heavy equipment contractors,Google Ads and PPC,/trades-industries/heavy-equipment-contractors-marketing-agency/,Index after content threshold,Phase 3,google ads and ppc for heavy equipment contractors,trades-service-industry-sitemap.xml,Consultus campaign matrix pattern
https://www.consultusdigital.com/trades-marketing-services/local-seo-for-heavy-equipment-contractors/,/trades-marketing-services/local-seo-for-heavy-equipment-contractors/,Trades,Specialty contractors,Service × Industry Landing Page,Heavy equipment contractors,Local SEO,/trades-industries/heavy-equipment-contractors-marketing-agency/,Index after content threshold,Phase 3,local seo for heavy equipment contractors,trades-service-industry-sitemap.xml,Consultus campaign matrix pattern
https://www.consultusdigital.com/trades-marketing-services/ai-search-for-heavy-equipment-contractors/,/trades-marketing-services/ai-search-for-heavy-equipment-contractors/,Trades,Specialty contractors,Service × Industry Landing Page,Heavy equipment contractors,"AEO, GEO and AI Search",/trades-industries/heavy-equipment-contractors-marketing-agency/,Index after content threshold,Phase 3,"aeo, geo and ai search for heavy equipment contractors",trades-service-industry-sitemap.xml,Consultus campaign matrix pattern
https://www.consultusdigital.com/trades-marketing-services/paid-social-for-heavy-equipment-contractors/,/trades-marketing-services/paid-social-for-heavy-equipment-contractors/,Trades,Specialty contractors,Service × Industry Landing Page,Heavy equipment contractors,Paid Social,/trades-industries/heavy-equipment-contractors-marketing-agency/,Index after content threshold,Phase 3,paid social for heavy equipment contractors,trades-service-industry-sitemap.xml,Consultus campaign matrix pattern
https://www.consultusdigital.com/trades-marketing-services/web-design-for-heavy-equipment-contractors/,/trades-marketing-services/web-design-for-heavy-equipment-contractors/,Trades,Specialty contractors,Service × Industry Landing Page,Heavy equipment contractors,Website Design and CRO,/trades-industries/heavy-equipment-contractors-marketing-agency/,Index after content threshold,Phase 3,website design and cro for heavy equipment contractors,trades-service-industry-sitemap.xml,Consultus campaign matrix pattern
https://www.consultusdigital.com/trades-marketing-services/crm-revops-for-heavy-equipment-contractors/,/trades-marketing-services/crm-revops-for-heavy-equipment-contractors/,Trades,Specialty contractors,Service × Industry Landing Page,Heavy equipment contractors,CRM and Revenue Operations,/trades-industries/heavy-equipment-contractors-marketing-agency/,Index after content threshold,Phase 3,crm and revenue operations for heavy equipment contractors,trades-service-industry-sitemap.xml,Consultus campaign matrix pattern
https://www.consultusdigital.com/trades-marketing-services/content-marketing-for-heavy-equipment-contractors/,/trades-marketing-services/content-marketing-for-heavy-equipment-contractors/,Trades,Specialty contractors,Service × Industry Landing Page,Heavy equipment contractors,Content Marketing,/trades-industries/heavy-equipment-contractors-marketing-agency/,Index after content threshold,Phase 3,content marketing for heavy equipment contractors,trades-service-industry-sitemap.xml,Consultus campaign matrix pattern
https://www.consultusdigital.com/trades-marketing-services/ad-creative-for-heavy-equipment-contractors/,/trades-marketing-services/ad-creative-for-heavy-equipment-contractors/,Trades,Specialty contractors,Service × Industry Landing Page,Heavy equipment contractors,Ad Creative Production,/trades-industries/heavy-equipment-contractors-marketing-agency/,Index after content threshold,Phase 3,ad creative production for heavy equipment contractors,trades-service-industry-sitemap.xml,Consultus campaign matrix pattern
https://www.consultusdigital.com/trades-marketing-services/call-tracking-for-heavy-equipment-contractors/,/trades-marketing-services/call-tracking-for-heavy-equipment-contractors/,Trades,Specialty contractors,Service × Industry Landing Page,Heavy equipment contractors,Call Tracking and Attribution,/trades-industries/heavy-equipment-contractors-marketing-agency/,Index after content threshold,Phase 3,call tracking and attribution for heavy equipment contractors,trades-service-industry-sitemap.xml,Consultus campaign matrix pattern
https://www.consultusdigital.com/trades-industries/welding-and-fabrication-companies-marketing-agency/,/trades-industries/welding-and-fabrication-companies-marketing-agency/,Trades,Specialty contractors,Industry Marketing Agency Page,Welding and fabrication companies,,/trades-industries/specialty-contractors/,Index,Phase 2,welding and fabrication companies marketing agency,trades-industry-agency-sitemap.xml,https://www.cardinaldigitalmarketing.com/healthcare-specialties/mental-healthcare-providers-agency/
https://www.consultusdigital.com/trades-marketing-services/digital-marketing-for-welding-and-fabrication-companies/,/trades-marketing-services/digital-marketing-for-welding-and-fabrication-companies/,Trades,Specialty contractors,Service × Industry Landing Page,Welding and fabrication companies,Digital Marketing Agency,/trades-industries/welding-and-fabrication-companies-marketing-agency/,Index after content threshold,Phase 3,digital marketing agency for welding and fabrication companies,trades-service-industry-sitemap.xml,Consultus campaign matrix pattern
https://www.consultusdigital.com/trades-marketing-services/google-ads-for-welding-and-fabrication-companies/,/trades-marketing-services/google-ads-for-welding-and-fabrication-companies/,Trades,Specialty contractors,Service × Industry Landing Page,Welding and fabrication companies,Google Ads and PPC,/trades-industries/welding-and-fabrication-companies-marketing-agency/,Index after content threshold,Phase 3,google ads and ppc for welding and fabrication companies,trades-service-industry-sitemap.xml,Consultus campaign matrix pattern
https://www.consultusdigital.com/trades-marketing-services/local-seo-for-welding-and-fabrication-companies/,/trades-marketing-services/local-seo-for-welding-and-fabrication-companies/,Trades,Specialty contractors,Service × Industry Landing Page,Welding and fabrication companies,Local SEO,/trades-industries/welding-and-fabrication-companies-marketing-agency/,Index after content threshold,Phase 3,local seo for welding and fabrication companies,trades-service-industry-sitemap.xml,Consultus campaign matrix pattern
https://www.consultusdigital.com/trades-marketing-services/ai-search-for-welding-and-fabrication-companies/,/trades-marketing-services/ai-search-for-welding-and-fabrication-companies/,Trades,Specialty contractors,Service × Industry Landing Page,Welding and fabrication companies,"AEO, GEO and AI Search",/trades-industries/welding-and-fabrication-companies-marketing-agency/,Index after content threshold,Phase 3,"aeo, geo and ai search for welding and fabrication companies",trades-service-industry-sitemap.xml,Consultus campaign matrix pattern
https://www.consultusdigital.com/trades-marketing-services/paid-social-for-welding-and-fabrication-companies/,/trades-marketing-services/paid-social-for-welding-and-fabrication-companies/,Trades,Specialty contractors,Service × Industry Landing Page,Welding and fabrication companies,Paid Social,/trades-industries/welding-and-fabrication-companies-marketing-agency/,Index after content threshold,Phase 3,paid social for welding and fabrication companies,trades-service-industry-sitemap.xml,Consultus campaign matrix pattern
https://www.consultusdigital.com/trades-marketing-services/web-design-for-welding-and-fabrication-companies/,/trades-marketing-services/web-design-for-welding-and-fabrication-companies/,Trades,Specialty contractors,Service × Industry Landing Page,Welding and fabrication companies,Website Design and CRO,/trades-industries/welding-and-fabrication-companies-marketing-agency/,Index after content threshold,Phase 3,website design and cro for welding and fabrication companies,trades-service-industry-sitemap.xml,Consultus campaign matrix pattern
https://www.consultusdigital.com/trades-marketing-services/crm-revops-for-welding-and-fabrication-companies/,/trades-marketing-services/crm-revops-for-welding-and-fabrication-companies/,Trades,Specialty contractors,Service × Industry Landing Page,Welding and fabrication companies,CRM and Revenue Operations,/trades-industries/welding-and-fabrication-companies-marketing-agency/,Index after content threshold,Phase 3,crm and revenue operations for welding and fabrication companies,trades-service-industry-sitemap.xml,Consultus campaign matrix pattern
https://www.consultusdigital.com/trades-marketing-services/content-marketing-for-welding-and-fabrication-companies/,/trades-marketing-services/content-marketing-for-welding-and-fabrication-companies/,Trades,Specialty contractors,Service × Industry Landing Page,Welding and fabrication companies,Content Marketing,/trades-industries/welding-and-fabrication-companies-marketing-agency/,Index after content threshold,Phase 3,content marketing for welding and fabrication companies,trades-service-industry-sitemap.xml,Consultus campaign matrix pattern
https://www.consultusdigital.com/trades-marketing-services/ad-creative-for-welding-and-fabrication-companies/,/trades-marketing-services/ad-creative-for-welding-and-fabrication-companies/,Trades,Specialty contractors,Service × Industry Landing Page,Welding and fabrication companies,Ad Creative Production,/trades-industries/welding-and-fabrication-companies-marketing-agency/,Index after content threshold,Phase 3,ad creative production for welding and fabrication companies,trades-service-industry-sitemap.xml,Consultus campaign matrix pattern
https://www.consultusdigital.com/trades-marketing-services/call-tracking-for-welding-and-fabrication-companies/,/trades-marketing-services/call-tracking-for-welding-and-fabrication-companies/,Trades,Specialty contractors,Service × Industry Landing Page,Welding and fabrication companies,Call Tracking and Attribution,/trades-industries/welding-and-fabrication-companies-marketing-agency/,Index after content threshold,Phase 3,call tracking and attribution for welding and fabrication companies,trades-service-industry-sitemap.xml,Consultus campaign matrix pattern
https://www.consultusdigital.com/trades-industries/sheet-metal-contractors-marketing-agency/,/trades-industries/sheet-metal-contractors-marketing-agency/,Trades,Specialty contractors,Industry Marketing Agency Page,Sheet metal contractors,,/trades-industries/specialty-contractors/,Index,Phase 2,sheet metal contractors marketing agency,trades-industry-agency-sitemap.xml,https://www.cardinaldigitalmarketing.com/healthcare-specialties/mental-healthcare-providers-agency/
https://www.consultusdigital.com/trades-marketing-services/digital-marketing-for-sheet-metal-contractors/,/trades-marketing-services/digital-marketing-for-sheet-metal-contractors/,Trades,Specialty contractors,Service × Industry Landing Page,Sheet metal contractors,Digital Marketing Agency,/trades-industries/sheet-metal-contractors-marketing-agency/,Index after content threshold,Phase 3,digital marketing agency for sheet metal contractors,trades-service-industry-sitemap.xml,Consultus campaign matrix pattern
https://www.consultusdigital.com/trades-marketing-services/google-ads-for-sheet-metal-contractors/,/trades-marketing-services/google-ads-for-sheet-metal-contractors/,Trades,Specialty contractors,Service × Industry Landing Page,Sheet metal contractors,Google Ads and PPC,/trades-industries/sheet-metal-contractors-marketing-agency/,Index after content threshold,Phase 3,google ads and ppc for sheet metal contractors,trades-service-industry-sitemap.xml,Consultus campaign matrix pattern
https://www.consultusdigital.com/trades-marketing-services/local-seo-for-sheet-metal-contractors/,/trades-marketing-services/local-seo-for-sheet-metal-contractors/,Trades,Specialty contractors,Service × Industry Landing Page,Sheet metal contractors,Local SEO,/trades-industries/sheet-metal-contractors-marketing-agency/,Index after content threshold,Phase 3,local seo for sheet metal contractors,trades-service-industry-sitemap.xml,Consultus campaign matrix pattern
https://www.consultusdigital.com/trades-marketing-services/ai-search-for-sheet-metal-contractors/,/trades-marketing-services/ai-search-for-sheet-metal-contractors/,Trades,Specialty contractors,Service × Industry Landing Page,Sheet metal contractors,"AEO, GEO and AI Search",/trades-industries/sheet-metal-contractors-marketing-agency/,Index after content threshold,Phase 3,"aeo, geo and ai search for sheet metal contractors",trades-service-industry-sitemap.xml,Consultus campaign matrix pattern
https://www.consultusdigital.com/trades-marketing-services/paid-social-for-sheet-metal-contractors/,/trades-marketing-services/paid-social-for-sheet-metal-contractors/,Trades,Specialty contractors,Service × Industry Landing Page,Sheet metal contractors,Paid Social,/trades-industries/sheet-metal-contractors-marketing-agency/,Index after content threshold,Phase 3,paid social for sheet metal contractors,trades-service-industry-sitemap.xml,Consultus campaign matrix pattern
https://www.consultusdigital.com/trades-marketing-services/web-design-for-sheet-metal-contractors/,/trades-marketing-services/web-design-for-sheet-metal-contractors/,Trades,Specialty contractors,Service × Industry Landing Page,Sheet metal contractors,Website Design and CRO,/trades-industries/sheet-metal-contractors-marketing-agency/,Index after content threshold,Phase 3,website design and cro for sheet metal contractors,trades-service-industry-sitemap.xml,Consultus campaign matrix pattern
https://www.consultusdigital.com/trades-marketing-services/crm-revops-for-sheet-metal-contractors/,/trades-marketing-services/crm-revops-for-sheet-metal-contractors/,Trades,Specialty contractors,Service × Industry Landing Page,Sheet metal contractors,CRM and Revenue Operations,/trades-industries/sheet-metal-contractors-marketing-agency/,Index after content threshold,Phase 3,crm and revenue operations for sheet metal contractors,trades-service-industry-sitemap.xml,Consultus campaign matrix pattern
https://www.consultusdigital.com/trades-marketing-services/content-marketing-for-sheet-metal-contractors/,/trades-marketing-services/content-marketing-for-sheet-metal-contractors/,Trades,Specialty contractors,Service × Industry Landing Page,Sheet metal contractors,Content Marketing,/trades-industries/sheet-metal-contractors-marketing-agency/,Index after content threshold,Phase 3,content marketing for sheet metal contractors,trades-service-industry-sitemap.xml,Consultus campaign matrix pattern
https://www.consultusdigital.com/trades-marketing-services/ad-creative-for-sheet-metal-contractors/,/trades-marketing-services/ad-creative-for-sheet-metal-contractors/,Trades,Specialty contractors,Service × Industry Landing Page,Sheet metal contractors,Ad Creative Production,/trades-industries/sheet-metal-contractors-marketing-agency/,Index after content threshold,Phase 3,ad creative production for sheet metal contractors,trades-service-industry-sitemap.xml,Consultus campaign matrix pattern
https://www.consultusdigital.com/trades-marketing-services/call-tracking-for-sheet-metal-contractors/,/trades-marketing-services/call-tracking-for-sheet-metal-contractors/,Trades,Specialty contractors,Service × Industry Landing Page,Sheet metal contractors,Call Tracking and Attribution,/trades-industries/sheet-metal-contractors-marketing-agency/,Index after content threshold,Phase 3,call tracking and attribution for sheet metal contractors,trades-service-industry-sitemap.xml,Consultus campaign matrix pattern
https://www.consultusdigital.com/trades-industries/sign-companies-marketing-agency/,/trades-industries/sign-companies-marketing-agency/,Trades,Specialty contractors,Industry Marketing Agency Page,Sign companies,,/trades-industries/specialty-contractors/,Index,Phase 2,sign companies marketing agency,trades-industry-agency-sitemap.xml,https://www.cardinaldigitalmarketing.com/healthcare-specialties/mental-healthcare-providers-agency/
https://www.consultusdigital.com/trades-marketing-services/digital-marketing-for-sign-companies/,/trades-marketing-services/digital-marketing-for-sign-companies/,Trades,Specialty contractors,Service × Industry Landing Page,Sign companies,Digital Marketing Agency,/trades-industries/sign-companies-marketing-agency/,Index after content threshold,Phase 3,digital marketing agency for sign companies,trades-service-industry-sitemap.xml,Consultus campaign matrix pattern
https://www.consultusdigital.com/trades-marketing-services/google-ads-for-sign-companies/,/trades-marketing-services/google-ads-for-sign-companies/,Trades,Specialty contractors,Service × Industry Landing Page,Sign companies,Google Ads and PPC,/trades-industries/sign-companies-marketing-agency/,Index after content threshold,Phase 3,google ads and ppc for sign companies,trades-service-industry-sitemap.xml,Consultus campaign matrix pattern
https://www.consultusdigital.com/trades-marketing-services/local-seo-for-sign-companies/,/trades-marketing-services/local-seo-for-sign-companies/,Trades,Specialty contractors,Service × Industry Landing Page,Sign companies,Local SEO,/trades-industries/sign-companies-marketing-agency/,Index after content threshold,Phase 3,local seo for sign companies,trades-service-industry-sitemap.xml,Consultus campaign matrix pattern
https://www.consultusdigital.com/trades-marketing-services/ai-search-for-sign-companies/,/trades-marketing-services/ai-search-for-sign-companies/,Trades,Specialty contractors,Service × Industry Landing Page,Sign companies,"AEO, GEO and AI Search",/trades-industries/sign-companies-marketing-agency/,Index after content threshold,Phase 3,"aeo, geo and ai search for sign companies",trades-service-industry-sitemap.xml,Consultus campaign matrix pattern
https://www.consultusdigital.com/trades-marketing-services/paid-social-for-sign-companies/,/trades-marketing-services/paid-social-for-sign-companies/,Trades,Specialty contractors,Service × Industry Landing Page,Sign companies,Paid Social,/trades-industries/sign-companies-marketing-agency/,Index after content threshold,Phase 3,paid social for sign companies,trades-service-industry-sitemap.xml,Consultus campaign matrix pattern
https://www.consultusdigital.com/trades-marketing-services/web-design-for-sign-companies/,/trades-marketing-services/web-design-for-sign-companies/,Trades,Specialty contractors,Service × Industry Landing Page,Sign companies,Website Design and CRO,/trades-industries/sign-companies-marketing-agency/,Index after content threshold,Phase 3,website design and cro for sign companies,trades-service-industry-sitemap.xml,Consultus campaign matrix pattern
https://www.consultusdigital.com/trades-marketing-services/crm-revops-for-sign-companies/,/trades-marketing-services/crm-revops-for-sign-companies/,Trades,Specialty contractors,Service × Industry Landing Page,Sign companies,CRM and Revenue Operations,/trades-industries/sign-companies-marketing-agency/,Index after content threshold,Phase 3,crm and revenue operations for sign companies,trades-service-industry-sitemap.xml,Consultus campaign matrix pattern
https://www.consultusdigital.com/trades-marketing-services/content-marketing-for-sign-companies/,/trades-marketing-services/content-marketing-for-sign-companies/,Trades,Specialty contractors,Service × Industry Landing Page,Sign companies,Content Marketing,/trades-industries/sign-companies-marketing-agency/,Index after content threshold,Phase 3,content marketing for sign companies,trades-service-industry-sitemap.xml,Consultus campaign matrix pattern
https://www.consultusdigital.com/trades-marketing-services/ad-creative-for-sign-companies/,/trades-marketing-services/ad-creative-for-sign-companies/,Trades,Specialty contractors,Service × Industry Landing Page,Sign companies,Ad Creative Production,/trades-industries/sign-companies-marketing-agency/,Index after content threshold,Phase 3,ad creative production for sign companies,trades-service-industry-sitemap.xml,Consultus campaign matrix pattern
https://www.consultusdigital.com/trades-marketing-services/call-tracking-for-sign-companies/,/trades-marketing-services/call-tracking-for-sign-companies/,Trades,Specialty contractors,Service × Industry Landing Page,Sign companies,Call Tracking and Attribution,/trades-industries/sign-companies-marketing-agency/,Index after content threshold,Phase 3,call tracking and attribution for sign companies,trades-service-industry-sitemap.xml,Consultus campaign matrix pattern
https://www.consultusdigital.com/trades-industries/awning-companies-marketing-agency/,/trades-industries/awning-companies-marketing-agency/,Trades,Specialty contractors,Industry Marketing Agency Page,Awning companies,,/trades-industries/specialty-contractors/,Index,Phase 2,awning companies marketing agency,trades-industry-agency-sitemap.xml,https://www.cardinaldigitalmarketing.com/healthcare-specialties/mental-healthcare-providers-agency/
https://www.consultusdigital.com/trades-marketing-services/digital-marketing-for-awning-companies/,/trades-marketing-services/digital-marketing-for-awning-companies/,Trades,Specialty contractors,Service × Industry Landing Page,Awning companies,Digital Marketing Agency,/trades-industries/awning-companies-marketing-agency/,Index after content threshold,Phase 3,digital marketing agency for awning companies,trades-service-industry-sitemap.xml,Consultus campaign matrix pattern
https://www.consultusdigital.com/trades-marketing-services/google-ads-for-awning-companies/,/trades-marketing-services/google-ads-for-awning-companies/,Trades,Specialty contractors,Service × Industry Landing Page,Awning companies,Google Ads and PPC,/trades-industries/awning-companies-marketing-agency/,Index after content threshold,Phase 3,google ads and ppc for awning companies,trades-service-industry-sitemap.xml,Consultus campaign matrix pattern
https://www.consultusdigital.com/trades-marketing-services/local-seo-for-awning-companies/,/trades-marketing-services/local-seo-for-awning-companies/,Trades,Specialty contractors,Service × Industry Landing Page,Awning companies,Local SEO,/trades-industries/awning-companies-marketing-agency/,Index after content threshold,Phase 3,local seo for awning companies,trades-service-industry-sitemap.xml,Consultus campaign matrix pattern
https://www.consultusdigital.com/trades-marketing-services/ai-search-for-awning-companies/,/trades-marketing-services/ai-search-for-awning-companies/,Trades,Specialty contractors,Service × Industry Landing Page,Awning companies,"AEO, GEO and AI Search",/trades-industries/awning-companies-marketing-agency/,Index after content threshold,Phase 3,"aeo, geo and ai search for awning companies",trades-service-industry-sitemap.xml,Consultus campaign matrix pattern
https://www.consultusdigital.com/trades-marketing-services/paid-social-for-awning-companies/,/trades-marketing-services/paid-social-for-awning-companies/,Trades,Specialty contractors,Service × Industry Landing Page,Awning companies,Paid Social,/trades-industries/awning-companies-marketing-agency/,Index after content threshold,Phase 3,paid social for awning companies,trades-service-industry-sitemap.xml,Consultus campaign matrix pattern
https://www.consultusdigital.com/trades-marketing-services/web-design-for-awning-companies/,/trades-marketing-services/web-design-for-awning-companies/,Trades,Specialty contractors,Service × Industry Landing Page,Awning companies,Website Design and CRO,/trades-industries/awning-companies-marketing-agency/,Index after content threshold,Phase 3,website design and cro for awning companies,trades-service-industry-sitemap.xml,Consultus campaign matrix pattern
https://www.consultusdigital.com/trades-marketing-services/crm-revops-for-awning-companies/,/trades-marketing-services/crm-revops-for-awning-companies/,Trades,Specialty contractors,Service × Industry Landing Page,Awning companies,CRM and Revenue Operations,/trades-industries/awning-companies-marketing-agency/,Index after content threshold,Phase 3,crm and revenue operations for awning companies,trades-service-industry-sitemap.xml,Consultus campaign matrix pattern
https://www.consultusdigital.com/trades-marketing-services/content-marketing-for-awning-companies/,/trades-marketing-services/content-marketing-for-awning-companies/,Trades,Specialty contractors,Service × Industry Landing Page,Awning companies,Content Marketing,/trades-industries/awning-companies-marketing-agency/,Index after content threshold,Phase 3,content marketing for awning companies,trades-service-industry-sitemap.xml,Consultus campaign matrix pattern
https://www.consultusdigital.com/trades-marketing-services/ad-creative-for-awning-companies/,/trades-marketing-services/ad-creative-for-awning-companies/,Trades,Specialty contractors,Service × Industry Landing Page,Awning companies,Ad Creative Production,/trades-industries/awning-companies-marketing-agency/,Index after content threshold,Phase 3,ad creative production for awning companies,trades-service-industry-sitemap.xml,Consultus campaign matrix pattern
https://www.consultusdigital.com/trades-marketing-services/call-tracking-for-awning-companies/,/trades-marketing-services/call-tracking-for-awning-companies/,Trades,Specialty contractors,Service × Industry Landing Page,Awning companies,Call Tracking and Attribution,/trades-industries/awning-companies-marketing-agency/,Index after content threshold,Phase 3,call tracking and attribution for awning companies,trades-service-industry-sitemap.xml,Consultus campaign matrix pattern
https://www.consultusdigital.com/trades-industries/marine-contractors-marketing-agency/,/trades-industries/marine-contractors-marketing-agency/,Trades,Specialty contractors,Industry Marketing Agency Page,Marine contractors,,/trades-industries/specialty-contractors/,Index,Phase 2,marine contractors marketing agency,trades-industry-agency-sitemap.xml,https://www.cardinaldigitalmarketing.com/healthcare-specialties/mental-healthcare-providers-agency/
https://www.consultusdigital.com/trades-marketing-services/digital-marketing-for-marine-contractors/,/trades-marketing-services/digital-marketing-for-marine-contractors/,Trades,Specialty contractors,Service × Industry Landing Page,Marine contractors,Digital Marketing Agency,/trades-industries/marine-contractors-marketing-agency/,Index after content threshold,Phase 3,digital marketing agency for marine contractors,trades-service-industry-sitemap.xml,Consultus campaign matrix pattern
https://www.consultusdigital.com/trades-marketing-services/google-ads-for-marine-contractors/,/trades-marketing-services/google-ads-for-marine-contractors/,Trades,Specialty contractors,Service × Industry Landing Page,Marine contractors,Google Ads and PPC,/trades-industries/marine-contractors-marketing-agency/,Index after content threshold,Phase 3,google ads and ppc for marine contractors,trades-service-industry-sitemap.xml,Consultus campaign matrix pattern
https://www.consultusdigital.com/trades-marketing-services/local-seo-for-marine-contractors/,/trades-marketing-services/local-seo-for-marine-contractors/,Trades,Specialty contractors,Service × Industry Landing Page,Marine contractors,Local SEO,/trades-industries/marine-contractors-marketing-agency/,Index after content threshold,Phase 3,local seo for marine contractors,trades-service-industry-sitemap.xml,Consultus campaign matrix pattern
https://www.consultusdigital.com/trades-marketing-services/ai-search-for-marine-contractors/,/trades-marketing-services/ai-search-for-marine-contractors/,Trades,Specialty contractors,Service × Industry Landing Page,Marine contractors,"AEO, GEO and AI Search",/trades-industries/marine-contractors-marketing-agency/,Index after content threshold,Phase 3,"aeo, geo and ai search for marine contractors",trades-service-industry-sitemap.xml,Consultus campaign matrix pattern
https://www.consultusdigital.com/trades-marketing-services/paid-social-for-marine-contractors/,/trades-marketing-services/paid-social-for-marine-contractors/,Trades,Specialty contractors,Service × Industry Landing Page,Marine contractors,Paid Social,/trades-industries/marine-contractors-marketing-agency/,Index after content threshold,Phase 3,paid social for marine contractors,trades-service-industry-sitemap.xml,Consultus campaign matrix pattern
https://www.consultusdigital.com/trades-marketing-services/web-design-for-marine-contractors/,/trades-marketing-services/web-design-for-marine-contractors/,Trades,Specialty contractors,Service × Industry Landing Page,Marine contractors,Website Design and CRO,/trades-industries/marine-contractors-marketing-agency/,Index after content threshold,Phase 3,website design and cro for marine contractors,trades-service-industry-sitemap.xml,Consultus campaign matrix pattern
https://www.consultusdigital.com/trades-marketing-services/crm-revops-for-marine-contractors/,/trades-marketing-services/crm-revops-for-marine-contractors/,Trades,Specialty contractors,Service × Industry Landing Page,Marine contractors,CRM and Revenue Operations,/trades-industries/marine-contractors-marketing-agency/,Index after content threshold,Phase 3,crm and revenue operations for marine contractors,trades-service-industry-sitemap.xml,Consultus campaign matrix pattern
https://www.consultusdigital.com/trades-marketing-services/content-marketing-for-marine-contractors/,/trades-marketing-services/content-marketing-for-marine-contractors/,Trades,Specialty contractors,Service × Industry Landing Page,Marine contractors,Content Marketing,/trades-industries/marine-contractors-marketing-agency/,Index after content threshold,Phase 3,content marketing for marine contractors,trades-service-industry-sitemap.xml,Consultus campaign matrix pattern
https://www.consultusdigital.com/trades-marketing-services/ad-creative-for-marine-contractors/,/trades-marketing-services/ad-creative-for-marine-contractors/,Trades,Specialty contractors,Service × Industry Landing Page,Marine contractors,Ad Creative Production,/trades-industries/marine-contractors-marketing-agency/,Index after content threshold,Phase 3,ad creative production for marine contractors,trades-service-industry-sitemap.xml,Consultus campaign matrix pattern
https://www.consultusdigital.com/trades-marketing-services/call-tracking-for-marine-contractors/,/trades-marketing-services/call-tracking-for-marine-contractors/,Trades,Specialty contractors,Service × Industry Landing Page,Marine contractors,Call Tracking and Attribution,/trades-industries/marine-contractors-marketing-agency/,Index after content threshold,Phase 3,call tracking and attribution for marine contractors,trades-service-industry-sitemap.xml,Consultus campaign matrix pattern
https://www.consultusdigital.com/trades-industries/environmental-contractors-marketing-agency/,/trades-industries/environmental-contractors-marketing-agency/,Trades,Specialty contractors,Industry Marketing Agency Page,Environmental contractors,,/trades-industries/specialty-contractors/,Index,Phase 2,environmental contractors marketing agency,trades-industry-agency-sitemap.xml,https://www.cardinaldigitalmarketing.com/healthcare-specialties/mental-healthcare-providers-agency/
https://www.consultusdigital.com/trades-marketing-services/digital-marketing-for-environmental-contractors/,/trades-marketing-services/digital-marketing-for-environmental-contractors/,Trades,Specialty contractors,Service × Industry Landing Page,Environmental contractors,Digital Marketing Agency,/trades-industries/environmental-contractors-marketing-agency/,Index after content threshold,Phase 3,digital marketing agency for environmental contractors,trades-service-industry-sitemap.xml,Consultus campaign matrix pattern
https://www.consultusdigital.com/trades-marketing-services/google-ads-for-environmental-contractors/,/trades-marketing-services/google-ads-for-environmental-contractors/,Trades,Specialty contractors,Service × Industry Landing Page,Environmental contractors,Google Ads and PPC,/trades-industries/environmental-contractors-marketing-agency/,Index after content threshold,Phase 3,google ads and ppc for environmental contractors,trades-service-industry-sitemap.xml,Consultus campaign matrix pattern
https://www.consultusdigital.com/trades-marketing-services/local-seo-for-environmental-contractors/,/trades-marketing-services/local-seo-for-environmental-contractors/,Trades,Specialty contractors,Service × Industry Landing Page,Environmental contractors,Local SEO,/trades-industries/environmental-contractors-marketing-agency/,Index after content threshold,Phase 3,local seo for environmental contractors,trades-service-industry-sitemap.xml,Consultus campaign matrix pattern
https://www.consultusdigital.com/trades-marketing-services/ai-search-for-environmental-contractors/,/trades-marketing-services/ai-search-for-environmental-contractors/,Trades,Specialty contractors,Service × Industry Landing Page,Environmental contractors,"AEO, GEO and AI Search",/trades-industries/environmental-contractors-marketing-agency/,Index after content threshold,Phase 3,"aeo, geo and ai search for environmental contractors",trades-service-industry-sitemap.xml,Consultus campaign matrix pattern
https://www.consultusdigital.com/trades-marketing-services/paid-social-for-environmental-contractors/,/trades-marketing-services/paid-social-for-environmental-contractors/,Trades,Specialty contractors,Service × Industry Landing Page,Environmental contractors,Paid Social,/trades-industries/environmental-contractors-marketing-agency/,Index after content threshold,Phase 3,paid social for environmental contractors,trades-service-industry-sitemap.xml,Consultus campaign matrix pattern
https://www.consultusdigital.com/trades-marketing-services/web-design-for-environmental-contractors/,/trades-marketing-services/web-design-for-environmental-contractors/,Trades,Specialty contractors,Service × Industry Landing Page,Environmental contractors,Website Design and CRO,/trades-industries/environmental-contractors-marketing-agency/,Index after content threshold,Phase 3,website design and cro for environmental contractors,trades-service-industry-sitemap.xml,Consultus campaign matrix pattern
https://www.consultusdigital.com/trades-marketing-services/crm-revops-for-environmental-contractors/,/trades-marketing-services/crm-revops-for-environmental-contractors/,Trades,Specialty contractors,Service × Industry Landing Page,Environmental contractors,CRM and Revenue Operations,/trades-industries/environmental-contractors-marketing-agency/,Index after content threshold,Phase 3,crm and revenue operations for environmental contractors,trades-service-industry-sitemap.xml,Consultus campaign matrix pattern
https://www.consultusdigital.com/trades-marketing-services/content-marketing-for-environmental-contractors/,/trades-marketing-services/content-marketing-for-environmental-contractors/,Trades,Specialty contractors,Service × Industry Landing Page,Environmental contractors,Content Marketing,/trades-industries/environmental-contractors-marketing-agency/,Index after content threshold,Phase 3,content marketing for environmental contractors,trades-service-industry-sitemap.xml,Consultus campaign matrix pattern
https://www.consultusdigital.com/trades-marketing-services/ad-creative-for-environmental-contractors/,/trades-marketing-services/ad-creative-for-environmental-contractors/,Trades,Specialty contractors,Service × Industry Landing Page,Environmental contractors,Ad Creative Production,/trades-industries/environmental-contractors-marketing-agency/,Index after content threshold,Phase 3,ad creative production for environmental contractors,trades-service-industry-sitemap.xml,Consultus campaign matrix pattern
https://www.consultusdigital.com/trades-marketing-services/call-tracking-for-environmental-contractors/,/trades-marketing-services/call-tracking-for-environmental-contractors/,Trades,Specialty contractors,Service × Industry Landing Page,Environmental contractors,Call Tracking and Attribution,/trades-industries/environmental-contractors-marketing-agency/,Index after content threshold,Phase 3,call tracking and attribution for environmental contractors,trades-service-industry-sitemap.xml,Consultus campaign matrix pattern
https://www.consultusdigital.com/trades-industries/asbestos-abatement-companies-marketing-agency/,/trades-industries/asbestos-abatement-companies-marketing-agency/,Trades,Specialty contractors,Industry Marketing Agency Page,Asbestos abatement companies,,/trades-industries/specialty-contractors/,Index,Phase 2,asbestos abatement companies marketing agency,trades-industry-agency-sitemap.xml,https://www.cardinaldigitalmarketing.com/healthcare-specialties/mental-healthcare-providers-agency/
https://www.consultusdigital.com/trades-marketing-services/digital-marketing-for-asbestos-abatement-companies/,/trades-marketing-services/digital-marketing-for-asbestos-abatement-companies/,Trades,Specialty contractors,Service × Industry Landing Page,Asbestos abatement companies,Digital Marketing Agency,/trades-industries/asbestos-abatement-companies-marketing-agency/,Index after content threshold,Phase 3,digital marketing agency for asbestos abatement companies,trades-service-industry-sitemap.xml,Consultus campaign matrix pattern
https://www.consultusdigital.com/trades-marketing-services/google-ads-for-asbestos-abatement-companies/,/trades-marketing-services/google-ads-for-asbestos-abatement-companies/,Trades,Specialty contractors,Service × Industry Landing Page,Asbestos abatement companies,Google Ads and PPC,/trades-industries/asbestos-abatement-companies-marketing-agency/,Index after content threshold,Phase 3,google ads and ppc for asbestos abatement companies,trades-service-industry-sitemap.xml,Consultus campaign matrix pattern
https://www.consultusdigital.com/trades-marketing-services/local-seo-for-asbestos-abatement-companies/,/trades-marketing-services/local-seo-for-asbestos-abatement-companies/,Trades,Specialty contractors,Service × Industry Landing Page,Asbestos abatement companies,Local SEO,/trades-industries/asbestos-abatement-companies-marketing-agency/,Index after content threshold,Phase 3,local seo for asbestos abatement companies,trades-service-industry-sitemap.xml,Consultus campaign matrix pattern
https://www.consultusdigital.com/trades-marketing-services/ai-search-for-asbestos-abatement-companies/,/trades-marketing-services/ai-search-for-asbestos-abatement-companies/,Trades,Specialty contractors,Service × Industry Landing Page,Asbestos abatement companies,"AEO, GEO and AI Search",/trades-industries/asbestos-abatement-companies-marketing-agency/,Index after content threshold,Phase 3,"aeo, geo and ai search for asbestos abatement companies",trades-service-industry-sitemap.xml,Consultus campaign matrix pattern
https://www.consultusdigital.com/trades-marketing-services/paid-social-for-asbestos-abatement-companies/,/trades-marketing-services/paid-social-for-asbestos-abatement-companies/,Trades,Specialty contractors,Service × Industry Landing Page,Asbestos abatement companies,Paid Social,/trades-industries/asbestos-abatement-companies-marketing-agency/,Index after content threshold,Phase 3,paid social for asbestos abatement companies,trades-service-industry-sitemap.xml,Consultus campaign matrix pattern
https://www.consultusdigital.com/trades-marketing-services/web-design-for-asbestos-abatement-companies/,/trades-marketing-services/web-design-for-asbestos-abatement-companies/,Trades,Specialty contractors,Service × Industry Landing Page,Asbestos abatement companies,Website Design and CRO,/trades-industries/asbestos-abatement-companies-marketing-agency/,Index after content threshold,Phase 3,website design and cro for asbestos abatement companies,trades-service-industry-sitemap.xml,Consultus campaign matrix pattern
https://www.consultusdigital.com/trades-marketing-services/crm-revops-for-asbestos-abatement-companies/,/trades-marketing-services/crm-revops-for-asbestos-abatement-companies/,Trades,Specialty contractors,Service × Industry Landing Page,Asbestos abatement companies,CRM and Revenue Operations,/trades-industries/asbestos-abatement-companies-marketing-agency/,Index after content threshold,Phase 3,crm and revenue operations for asbestos abatement companies,trades-service-industry-sitemap.xml,Consultus campaign matrix pattern
https://www.consultusdigital.com/trades-marketing-services/content-marketing-for-asbestos-abatement-companies/,/trades-marketing-services/content-marketing-for-asbestos-abatement-companies/,Trades,Specialty contractors,Service × Industry Landing Page,Asbestos abatement companies,Content Marketing,/trades-industries/asbestos-abatement-companies-marketing-agency/,Index after content threshold,Phase 3,content marketing for asbestos abatement companies,trades-service-industry-sitemap.xml,Consultus campaign matrix pattern
https://www.consultusdigital.com/trades-marketing-services/ad-creative-for-asbestos-abatement-companies/,/trades-marketing-services/ad-creative-for-asbestos-abatement-companies/,Trades,Specialty contractors,Service × Industry Landing Page,Asbestos abatement companies,Ad Creative Production,/trades-industries/asbestos-abatement-companies-marketing-agency/,Index after content threshold,Phase 3,ad creative production for asbestos abatement companies,trades-service-industry-sitemap.xml,Consultus campaign matrix pattern
https://www.consultusdigital.com/trades-marketing-services/call-tracking-for-asbestos-abatement-companies/,/trades-marketing-services/call-tracking-for-asbestos-abatement-companies/,Trades,Specialty contractors,Service × Industry Landing Page,Asbestos abatement companies,Call Tracking and Attribution,/trades-industries/asbestos-abatement-companies-marketing-agency/,Index after content threshold,Phase 3,call tracking and attribution for asbestos abatement companies,trades-service-industry-sitemap.xml,Consultus campaign matrix pattern
https://www.consultusdigital.com/trades-industries/accessibility-contractors-marketing-agency/,/trades-industries/accessibility-contractors-marketing-agency/,Trades,Specialty contractors,Industry Marketing Agency Page,Accessibility contractors,,/trades-industries/specialty-contractors/,Index,Phase 2,accessibility contractors marketing agency,trades-industry-agency-sitemap.xml,https://www.cardinaldigitalmarketing.com/healthcare-specialties/mental-healthcare-providers-agency/
https://www.consultusdigital.com/trades-marketing-services/digital-marketing-for-accessibility-contractors/,/trades-marketing-services/digital-marketing-for-accessibility-contractors/,Trades,Specialty contractors,Service × Industry Landing Page,Accessibility contractors,Digital Marketing Agency,/trades-industries/accessibility-contractors-marketing-agency/,Index after content threshold,Phase 3,digital marketing agency for accessibility contractors,trades-service-industry-sitemap.xml,Consultus campaign matrix pattern
https://www.consultusdigital.com/trades-marketing-services/google-ads-for-accessibility-contractors/,/trades-marketing-services/google-ads-for-accessibility-contractors/,Trades,Specialty contractors,Service × Industry Landing Page,Accessibility contractors,Google Ads and PPC,/trades-industries/accessibility-contractors-marketing-agency/,Index after content threshold,Phase 3,google ads and ppc for accessibility contractors,trades-service-industry-sitemap.xml,Consultus campaign matrix pattern
https://www.consultusdigital.com/trades-marketing-services/local-seo-for-accessibility-contractors/,/trades-marketing-services/local-seo-for-accessibility-contractors/,Trades,Specialty contractors,Service × Industry Landing Page,Accessibility contractors,Local SEO,/trades-industries/accessibility-contractors-marketing-agency/,Index after content threshold,Phase 3,local seo for accessibility contractors,trades-service-industry-sitemap.xml,Consultus campaign matrix pattern
https://www.consultusdigital.com/trades-marketing-services/ai-search-for-accessibility-contractors/,/trades-marketing-services/ai-search-for-accessibility-contractors/,Trades,Specialty contractors,Service × Industry Landing Page,Accessibility contractors,"AEO, GEO and AI Search",/trades-industries/accessibility-contractors-marketing-agency/,Index after content threshold,Phase 3,"aeo, geo and ai search for accessibility contractors",trades-service-industry-sitemap.xml,Consultus campaign matrix pattern
https://www.consultusdigital.com/trades-marketing-services/paid-social-for-accessibility-contractors/,/trades-marketing-services/paid-social-for-accessibility-contractors/,Trades,Specialty contractors,Service × Industry Landing Page,Accessibility contractors,Paid Social,/trades-industries/accessibility-contractors-marketing-agency/,Index after content threshold,Phase 3,paid social for accessibility contractors,trades-service-industry-sitemap.xml,Consultus campaign matrix pattern
https://www.consultusdigital.com/trades-marketing-services/web-design-for-accessibility-contractors/,/trades-marketing-services/web-design-for-accessibility-contractors/,Trades,Specialty contractors,Service × Industry Landing Page,Accessibility contractors,Website Design and CRO,/trades-industries/accessibility-contractors-marketing-agency/,Index after content threshold,Phase 3,website design and cro for accessibility contractors,trades-service-industry-sitemap.xml,Consultus campaign matrix pattern
https://www.consultusdigital.com/trades-marketing-services/crm-revops-for-accessibility-contractors/,/trades-marketing-services/crm-revops-for-accessibility-contractors/,Trades,Specialty contractors,Service × Industry Landing Page,Accessibility contractors,CRM and Revenue Operations,/trades-industries/accessibility-contractors-marketing-agency/,Index after content threshold,Phase 3,crm and revenue operations for accessibility contractors,trades-service-industry-sitemap.xml,Consultus campaign matrix pattern
https://www.consultusdigital.com/trades-marketing-services/content-marketing-for-accessibility-contractors/,/trades-marketing-services/content-marketing-for-accessibility-contractors/,Trades,Specialty contractors,Service × Industry Landing Page,Accessibility contractors,Content Marketing,/trades-industries/accessibility-contractors-marketing-agency/,Index after content threshold,Phase 3,content marketing for accessibility contractors,trades-service-industry-sitemap.xml,Consultus campaign matrix pattern
https://www.consultusdigital.com/trades-marketing-services/ad-creative-for-accessibility-contractors/,/trades-marketing-services/ad-creative-for-accessibility-contractors/,Trades,Specialty contractors,Service × Industry Landing Page,Accessibility contractors,Ad Creative Production,/trades-industries/accessibility-contractors-marketing-agency/,Index after content threshold,Phase 3,ad creative production for accessibility contractors,trades-service-industry-sitemap.xml,Consultus campaign matrix pattern
https://www.consultusdigital.com/trades-marketing-services/call-tracking-for-accessibility-contractors/,/trades-marketing-services/call-tracking-for-accessibility-contractors/,Trades,Specialty contractors,Service × Industry Landing Page,Accessibility contractors,Call Tracking and Attribution,/trades-industries/accessibility-contractors-marketing-agency/,Index after content threshold,Phase 3,call tracking and attribution for accessibility contractors,trades-service-industry-sitemap.xml,Consultus campaign matrix pattern
https://www.consultusdigital.com/trades-industries/smart-home-installers-marketing-agency/,/trades-industries/smart-home-installers-marketing-agency/,Trades,Specialty contractors,Industry Marketing Agency Page,Smart home installers,,/trades-industries/specialty-contractors/,Index,Phase 2,smart home installers marketing agency,trades-industry-agency-sitemap.xml,https://www.cardinaldigitalmarketing.com/healthcare-specialties/mental-healthcare-providers-agency/
https://www.consultusdigital.com/trades-marketing-services/digital-marketing-for-smart-home-installers/,/trades-marketing-services/digital-marketing-for-smart-home-installers/,Trades,Specialty contractors,Service × Industry Landing Page,Smart home installers,Digital Marketing Agency,/trades-industries/smart-home-installers-marketing-agency/,Index after content threshold,Phase 3,digital marketing agency for smart home installers,trades-service-industry-sitemap.xml,Consultus campaign matrix pattern
https://www.consultusdigital.com/trades-marketing-services/google-ads-for-smart-home-installers/,/trades-marketing-services/google-ads-for-smart-home-installers/,Trades,Specialty contractors,Service × Industry Landing Page,Smart home installers,Google Ads and PPC,/trades-industries/smart-home-installers-marketing-agency/,Index after content threshold,Phase 3,google ads and ppc for smart home installers,trades-service-industry-sitemap.xml,Consultus campaign matrix pattern
https://www.consultusdigital.com/trades-marketing-services/local-seo-for-smart-home-installers/,/trades-marketing-services/local-seo-for-smart-home-installers/,Trades,Specialty contractors,Service × Industry Landing Page,Smart home installers,Local SEO,/trades-industries/smart-home-installers-marketing-agency/,Index after content threshold,Phase 3,local seo for smart home installers,trades-service-industry-sitemap.xml,Consultus campaign matrix pattern
https://www.consultusdigital.com/trades-marketing-services/ai-search-for-smart-home-installers/,/trades-marketing-services/ai-search-for-smart-home-installers/,Trades,Specialty contractors,Service × Industry Landing Page,Smart home installers,"AEO, GEO and AI Search",/trades-industries/smart-home-installers-marketing-agency/,Index after content threshold,Phase 3,"aeo, geo and ai search for smart home installers",trades-service-industry-sitemap.xml,Consultus campaign matrix pattern
https://www.consultusdigital.com/trades-marketing-services/paid-social-for-smart-home-installers/,/trades-marketing-services/paid-social-for-smart-home-installers/,Trades,Specialty contractors,Service × Industry Landing Page,Smart home installers,Paid Social,/trades-industries/smart-home-installers-marketing-agency/,Index after content threshold,Phase 3,paid social for smart home installers,trades-service-industry-sitemap.xml,Consultus campaign matrix pattern
https://www.consultusdigital.com/trades-marketing-services/web-design-for-smart-home-installers/,/trades-marketing-services/web-design-for-smart-home-installers/,Trades,Specialty contractors,Service × Industry Landing Page,Smart home installers,Website Design and CRO,/trades-industries/smart-home-installers-marketing-agency/,Index after content threshold,Phase 3,website design and cro for smart home installers,trades-service-industry-sitemap.xml,Consultus campaign matrix pattern
https://www.consultusdigital.com/trades-marketing-services/crm-revops-for-smart-home-installers/,/trades-marketing-services/crm-revops-for-smart-home-installers/,Trades,Specialty contractors,Service × Industry Landing Page,Smart home installers,CRM and Revenue Operations,/trades-industries/smart-home-installers-marketing-agency/,Index after content threshold,Phase 3,crm and revenue operations for smart home installers,trades-service-industry-sitemap.xml,Consultus campaign matrix pattern
https://www.consultusdigital.com/trades-marketing-services/content-marketing-for-smart-home-installers/,/trades-marketing-services/content-marketing-for-smart-home-installers/,Trades,Specialty contractors,Service × Industry Landing Page,Smart home installers,Content Marketing,/trades-industries/smart-home-installers-marketing-agency/,Index after content threshold,Phase 3,content marketing for smart home installers,trades-service-industry-sitemap.xml,Consultus campaign matrix pattern
https://www.consultusdigital.com/trades-marketing-services/ad-creative-for-smart-home-installers/,/trades-marketing-services/ad-creative-for-smart-home-installers/,Trades,Specialty contractors,Service × Industry Landing Page,Smart home installers,Ad Creative Production,/trades-industries/smart-home-installers-marketing-agency/,Index after content threshold,Phase 3,ad creative production for smart home installers,trades-service-industry-sitemap.xml,Consultus campaign matrix pattern
https://www.consultusdigital.com/trades-marketing-services/call-tracking-for-smart-home-installers/,/trades-marketing-services/call-tracking-for-smart-home-installers/,Trades,Specialty contractors,Service × Industry Landing Page,Smart home installers,Call Tracking and Attribution,/trades-industries/smart-home-installers-marketing-agency/,Index after content threshold,Phase 3,call tracking and attribution for smart home installers,trades-service-industry-sitemap.xml,Consultus campaign matrix pattern
https://www.consultusdigital.com/trades-industries/networks-and-business-models/,/trades-industries/networks-and-business-models/,Trades,Networks and business models,Sector Hub,Networks and business models,,/trades-industries/,Index,Phase 1,networks and business models marketing agency,trades-industry-agency-sitemap.xml,https://www.cardinaldigitalmarketing.com/healthcare-specialties/mental-healthcare-providers-agency/
https://www.consultusdigital.com/trades-industries/multi-location-trades-companies-marketing-agency/,/trades-industries/multi-location-trades-companies-marketing-agency/,Trades,Networks and business models,Industry Marketing Agency Page,Multi-location trades companies,,/trades-industries/networks-and-business-models/,Index,Phase 2,multi-location trades companies marketing agency,trades-industry-agency-sitemap.xml,https://www.cardinaldigitalmarketing.com/healthcare-specialties/mental-healthcare-providers-agency/
https://www.consultusdigital.com/trades-marketing-services/digital-marketing-for-multi-location-trades-companies/,/trades-marketing-services/digital-marketing-for-multi-location-trades-companies/,Trades,Networks and business models,Service × Industry Landing Page,Multi-location trades companies,Digital Marketing Agency,/trades-industries/multi-location-trades-companies-marketing-agency/,Index after content threshold,Phase 3,digital marketing agency for multi-location trades companies,trades-service-industry-sitemap.xml,Consultus campaign matrix pattern
https://www.consultusdigital.com/trades-marketing-services/google-ads-for-multi-location-trades-companies/,/trades-marketing-services/google-ads-for-multi-location-trades-companies/,Trades,Networks and business models,Service × Industry Landing Page,Multi-location trades companies,Google Ads and PPC,/trades-industries/multi-location-trades-companies-marketing-agency/,Index after content threshold,Phase 3,google ads and ppc for multi-location trades companies,trades-service-industry-sitemap.xml,Consultus campaign matrix pattern
https://www.consultusdigital.com/trades-marketing-services/local-seo-for-multi-location-trades-companies/,/trades-marketing-services/local-seo-for-multi-location-trades-companies/,Trades,Networks and business models,Service × Industry Landing Page,Multi-location trades companies,Local SEO,/trades-industries/multi-location-trades-companies-marketing-agency/,Index after content threshold,Phase 3,local seo for multi-location trades companies,trades-service-industry-sitemap.xml,Consultus campaign matrix pattern
https://www.consultusdigital.com/trades-marketing-services/ai-search-for-multi-location-trades-companies/,/trades-marketing-services/ai-search-for-multi-location-trades-companies/,Trades,Networks and business models,Service × Industry Landing Page,Multi-location trades companies,"AEO, GEO and AI Search",/trades-industries/multi-location-trades-companies-marketing-agency/,Index after content threshold,Phase 3,"aeo, geo and ai search for multi-location trades companies",trades-service-industry-sitemap.xml,Consultus campaign matrix pattern
https://www.consultusdigital.com/trades-marketing-services/paid-social-for-multi-location-trades-companies/,/trades-marketing-services/paid-social-for-multi-location-trades-companies/,Trades,Networks and business models,Service × Industry Landing Page,Multi-location trades companies,Paid Social,/trades-industries/multi-location-trades-companies-marketing-agency/,Index after content threshold,Phase 3,paid social for multi-location trades companies,trades-service-industry-sitemap.xml,Consultus campaign matrix pattern
https://www.consultusdigital.com/trades-marketing-services/web-design-for-multi-location-trades-companies/,/trades-marketing-services/web-design-for-multi-location-trades-companies/,Trades,Networks and business models,Service × Industry Landing Page,Multi-location trades companies,Website Design and CRO,/trades-industries/multi-location-trades-companies-marketing-agency/,Index after content threshold,Phase 3,website design and cro for multi-location trades companies,trades-service-industry-sitemap.xml,Consultus campaign matrix pattern
https://www.consultusdigital.com/trades-marketing-services/crm-revops-for-multi-location-trades-companies/,/trades-marketing-services/crm-revops-for-multi-location-trades-companies/,Trades,Networks and business models,Service × Industry Landing Page,Multi-location trades companies,CRM and Revenue Operations,/trades-industries/multi-location-trades-companies-marketing-agency/,Index after content threshold,Phase 3,crm and revenue operations for multi-location trades companies,trades-service-industry-sitemap.xml,Consultus campaign matrix pattern
https://www.consultusdigital.com/trades-marketing-services/content-marketing-for-multi-location-trades-companies/,/trades-marketing-services/content-marketing-for-multi-location-trades-companies/,Trades,Networks and business models,Service × Industry Landing Page,Multi-location trades companies,Content Marketing,/trades-industries/multi-location-trades-companies-marketing-agency/,Index after content threshold,Phase 3,content marketing for multi-location trades companies,trades-service-industry-sitemap.xml,Consultus campaign matrix pattern
https://www.consultusdigital.com/trades-marketing-services/ad-creative-for-multi-location-trades-companies/,/trades-marketing-services/ad-creative-for-multi-location-trades-companies/,Trades,Networks and business models,Service × Industry Landing Page,Multi-location trades companies,Ad Creative Production,/trades-industries/multi-location-trades-companies-marketing-agency/,Index after content threshold,Phase 3,ad creative production for multi-location trades companies,trades-service-industry-sitemap.xml,Consultus campaign matrix pattern
https://www.consultusdigital.com/trades-marketing-services/call-tracking-for-multi-location-trades-companies/,/trades-marketing-services/call-tracking-for-multi-location-trades-companies/,Trades,Networks and business models,Service × Industry Landing Page,Multi-location trades companies,Call Tracking and Attribution,/trades-industries/multi-location-trades-companies-marketing-agency/,Index after content threshold,Phase 3,call tracking and attribution for multi-location trades companies,trades-service-industry-sitemap.xml,Consultus campaign matrix pattern
https://www.consultusdigital.com/trades-industries/home-service-franchises-marketing-agency/,/trades-industries/home-service-franchises-marketing-agency/,Trades,Networks and business models,Industry Marketing Agency Page,Home service franchises,,/trades-industries/networks-and-business-models/,Index,Phase 2,home service franchises marketing agency,trades-industry-agency-sitemap.xml,https://www.cardinaldigitalmarketing.com/healthcare-specialties/mental-healthcare-providers-agency/
https://www.consultusdigital.com/trades-marketing-services/digital-marketing-for-home-service-franchises/,/trades-marketing-services/digital-marketing-for-home-service-franchises/,Trades,Networks and business models,Service × Industry Landing Page,Home service franchises,Digital Marketing Agency,/trades-industries/home-service-franchises-marketing-agency/,Index after content threshold,Phase 3,digital marketing agency for home service franchises,trades-service-industry-sitemap.xml,Consultus campaign matrix pattern
https://www.consultusdigital.com/trades-marketing-services/google-ads-for-home-service-franchises/,/trades-marketing-services/google-ads-for-home-service-franchises/,Trades,Networks and business models,Service × Industry Landing Page,Home service franchises,Google Ads and PPC,/trades-industries/home-service-franchises-marketing-agency/,Index after content threshold,Phase 3,google ads and ppc for home service franchises,trades-service-industry-sitemap.xml,Consultus campaign matrix pattern
https://www.consultusdigital.com/trades-marketing-services/local-seo-for-home-service-franchises/,/trades-marketing-services/local-seo-for-home-service-franchises/,Trades,Networks and business models,Service × Industry Landing Page,Home service franchises,Local SEO,/trades-industries/home-service-franchises-marketing-agency/,Index after content threshold,Phase 3,local seo for home service franchises,trades-service-industry-sitemap.xml,Consultus campaign matrix pattern
https://www.consultusdigital.com/trades-marketing-services/ai-search-for-home-service-franchises/,/trades-marketing-services/ai-search-for-home-service-franchises/,Trades,Networks and business models,Service × Industry Landing Page,Home service franchises,"AEO, GEO and AI Search",/trades-industries/home-service-franchises-marketing-agency/,Index after content threshold,Phase 3,"aeo, geo and ai search for home service franchises",trades-service-industry-sitemap.xml,Consultus campaign matrix pattern
https://www.consultusdigital.com/trades-marketing-services/paid-social-for-home-service-franchises/,/trades-marketing-services/paid-social-for-home-service-franchises/,Trades,Networks and business models,Service × Industry Landing Page,Home service franchises,Paid Social,/trades-industries/home-service-franchises-marketing-agency/,Index after content threshold,Phase 3,paid social for home service franchises,trades-service-industry-sitemap.xml,Consultus campaign matrix pattern
https://www.consultusdigital.com/trades-marketing-services/web-design-for-home-service-franchises/,/trades-marketing-services/web-design-for-home-service-franchises/,Trades,Networks and business models,Service × Industry Landing Page,Home service franchises,Website Design and CRO,/trades-industries/home-service-franchises-marketing-agency/,Index after content threshold,Phase 3,website design and cro for home service franchises,trades-service-industry-sitemap.xml,Consultus campaign matrix pattern
https://www.consultusdigital.com/trades-marketing-services/crm-revops-for-home-service-franchises/,/trades-marketing-services/crm-revops-for-home-service-franchises/,Trades,Networks and business models,Service × Industry Landing Page,Home service franchises,CRM and Revenue Operations,/trades-industries/home-service-franchises-marketing-agency/,Index after content threshold,Phase 3,crm and revenue operations for home service franchises,trades-service-industry-sitemap.xml,Consultus campaign matrix pattern
https://www.consultusdigital.com/trades-marketing-services/content-marketing-for-home-service-franchises/,/trades-marketing-services/content-marketing-for-home-service-franchises/,Trades,Networks and business models,Service × Industry Landing Page,Home service franchises,Content Marketing,/trades-industries/home-service-franchises-marketing-agency/,Index after content threshold,Phase 3,content marketing for home service franchises,trades-service-industry-sitemap.xml,Consultus campaign matrix pattern
https://www.consultusdigital.com/trades-marketing-services/ad-creative-for-home-service-franchises/,/trades-marketing-services/ad-creative-for-home-service-franchises/,Trades,Networks and business models,Service × Industry Landing Page,Home service franchises,Ad Creative Production,/trades-industries/home-service-franchises-marketing-agency/,Index after content threshold,Phase 3,ad creative production for home service franchises,trades-service-industry-sitemap.xml,Consultus campaign matrix pattern
https://www.consultusdigital.com/trades-marketing-services/call-tracking-for-home-service-franchises/,/trades-marketing-services/call-tracking-for-home-service-franchises/,Trades,Networks and business models,Service × Industry Landing Page,Home service franchises,Call Tracking and Attribution,/trades-industries/home-service-franchises-marketing-agency/,Index after content threshold,Phase 3,call tracking and attribution for home service franchises,trades-service-industry-sitemap.xml,Consultus campaign matrix pattern
https://www.consultusdigital.com/trades-industries/construction-franchises-marketing-agency/,/trades-industries/construction-franchises-marketing-agency/,Trades,Networks and business models,Industry Marketing Agency Page,Construction franchises,,/trades-industries/networks-and-business-models/,Index,Phase 2,construction franchises marketing agency,trades-industry-agency-sitemap.xml,https://www.cardinaldigitalmarketing.com/healthcare-specialties/mental-healthcare-providers-agency/
https://www.consultusdigital.com/trades-marketing-services/digital-marketing-for-construction-franchises/,/trades-marketing-services/digital-marketing-for-construction-franchises/,Trades,Networks and business models,Service × Industry Landing Page,Construction franchises,Digital Marketing Agency,/trades-industries/construction-franchises-marketing-agency/,Index after content threshold,Phase 3,digital marketing agency for construction franchises,trades-service-industry-sitemap.xml,Consultus campaign matrix pattern
https://www.consultusdigital.com/trades-marketing-services/google-ads-for-construction-franchises/,/trades-marketing-services/google-ads-for-construction-franchises/,Trades,Networks and business models,Service × Industry Landing Page,Construction franchises,Google Ads and PPC,/trades-industries/construction-franchises-marketing-agency/,Index after content threshold,Phase 3,google ads and ppc for construction franchises,trades-service-industry-sitemap.xml,Consultus campaign matrix pattern
https://www.consultusdigital.com/trades-marketing-services/local-seo-for-construction-franchises/,/trades-marketing-services/local-seo-for-construction-franchises/,Trades,Networks and business models,Service × Industry Landing Page,Construction franchises,Local SEO,/trades-industries/construction-franchises-marketing-agency/,Index after content threshold,Phase 3,local seo for construction franchises,trades-service-industry-sitemap.xml,Consultus campaign matrix pattern
https://www.consultusdigital.com/trades-marketing-services/ai-search-for-construction-franchises/,/trades-marketing-services/ai-search-for-construction-franchises/,Trades,Networks and business models,Service × Industry Landing Page,Construction franchises,"AEO, GEO and AI Search",/trades-industries/construction-franchises-marketing-agency/,Index after content threshold,Phase 3,"aeo, geo and ai search for construction franchises",trades-service-industry-sitemap.xml,Consultus campaign matrix pattern
https://www.consultusdigital.com/trades-marketing-services/paid-social-for-construction-franchises/,/trades-marketing-services/paid-social-for-construction-franchises/,Trades,Networks and business models,Service × Industry Landing Page,Construction franchises,Paid Social,/trades-industries/construction-franchises-marketing-agency/,Index after content threshold,Phase 3,paid social for construction franchises,trades-service-industry-sitemap.xml,Consultus campaign matrix pattern
https://www.consultusdigital.com/trades-marketing-services/web-design-for-construction-franchises/,/trades-marketing-services/web-design-for-construction-franchises/,Trades,Networks and business models,Service × Industry Landing Page,Construction franchises,Website Design and CRO,/trades-industries/construction-franchises-marketing-agency/,Index after content threshold,Phase 3,website design and cro for construction franchises,trades-service-industry-sitemap.xml,Consultus campaign matrix pattern
https://www.consultusdigital.com/trades-marketing-services/crm-revops-for-construction-franchises/,/trades-marketing-services/crm-revops-for-construction-franchises/,Trades,Networks and business models,Service × Industry Landing Page,Construction franchises,CRM and Revenue Operations,/trades-industries/construction-franchises-marketing-agency/,Index after content threshold,Phase 3,crm and revenue operations for construction franchises,trades-service-industry-sitemap.xml,Consultus campaign matrix pattern
https://www.consultusdigital.com/trades-marketing-services/content-marketing-for-construction-franchises/,/trades-marketing-services/content-marketing-for-construction-franchises/,Trades,Networks and business models,Service × Industry Landing Page,Construction franchises,Content Marketing,/trades-industries/construction-franchises-marketing-agency/,Index after content threshold,Phase 3,content marketing for construction franchises,trades-service-industry-sitemap.xml,Consultus campaign matrix pattern
https://www.consultusdigital.com/trades-marketing-services/ad-creative-for-construction-franchises/,/trades-marketing-services/ad-creative-for-construction-franchises/,Trades,Networks and business models,Service × Industry Landing Page,Construction franchises,Ad Creative Production,/trades-industries/construction-franchises-marketing-agency/,Index after content threshold,Phase 3,ad creative production for construction franchises,trades-service-industry-sitemap.xml,Consultus campaign matrix pattern
https://www.consultusdigital.com/trades-marketing-services/call-tracking-for-construction-franchises/,/trades-marketing-services/call-tracking-for-construction-franchises/,Trades,Networks and business models,Service × Industry Landing Page,Construction franchises,Call Tracking and Attribution,/trades-industries/construction-franchises-marketing-agency/,Index after content threshold,Phase 3,call tracking and attribution for construction franchises,trades-service-industry-sitemap.xml,Consultus campaign matrix pattern
https://www.consultusdigital.com/trades-industries/trade-contractor-networks-marketing-agency/,/trades-industries/trade-contractor-networks-marketing-agency/,Trades,Networks and business models,Industry Marketing Agency Page,Trade contractor networks,,/trades-industries/networks-and-business-models/,Index,Phase 2,trade contractor networks marketing agency,trades-industry-agency-sitemap.xml,https://www.cardinaldigitalmarketing.com/healthcare-specialties/mental-healthcare-providers-agency/
https://www.consultusdigital.com/trades-marketing-services/digital-marketing-for-trade-contractor-networks/,/trades-marketing-services/digital-marketing-for-trade-contractor-networks/,Trades,Networks and business models,Service × Industry Landing Page,Trade contractor networks,Digital Marketing Agency,/trades-industries/trade-contractor-networks-marketing-agency/,Index after content threshold,Phase 3,digital marketing agency for trade contractor networks,trades-service-industry-sitemap.xml,Consultus campaign matrix pattern
https://www.consultusdigital.com/trades-marketing-services/google-ads-for-trade-contractor-networks/,/trades-marketing-services/google-ads-for-trade-contractor-networks/,Trades,Networks and business models,Service × Industry Landing Page,Trade contractor networks,Google Ads and PPC,/trades-industries/trade-contractor-networks-marketing-agency/,Index after content threshold,Phase 3,google ads and ppc for trade contractor networks,trades-service-industry-sitemap.xml,Consultus campaign matrix pattern
https://www.consultusdigital.com/trades-marketing-services/local-seo-for-trade-contractor-networks/,/trades-marketing-services/local-seo-for-trade-contractor-networks/,Trades,Networks and business models,Service × Industry Landing Page,Trade contractor networks,Local SEO,/trades-industries/trade-contractor-networks-marketing-agency/,Index after content threshold,Phase 3,local seo for trade contractor networks,trades-service-industry-sitemap.xml,Consultus campaign matrix pattern
https://www.consultusdigital.com/trades-marketing-services/ai-search-for-trade-contractor-networks/,/trades-marketing-services/ai-search-for-trade-contractor-networks/,Trades,Networks and business models,Service × Industry Landing Page,Trade contractor networks,"AEO, GEO and AI Search",/trades-industries/trade-contractor-networks-marketing-agency/,Index after content threshold,Phase 3,"aeo, geo and ai search for trade contractor networks",trades-service-industry-sitemap.xml,Consultus campaign matrix pattern
https://www.consultusdigital.com/trades-marketing-services/paid-social-for-trade-contractor-networks/,/trades-marketing-services/paid-social-for-trade-contractor-networks/,Trades,Networks and business models,Service × Industry Landing Page,Trade contractor networks,Paid Social,/trades-industries/trade-contractor-networks-marketing-agency/,Index after content threshold,Phase 3,paid social for trade contractor networks,trades-service-industry-sitemap.xml,Consultus campaign matrix pattern
https://www.consultusdigital.com/trades-marketing-services/web-design-for-trade-contractor-networks/,/trades-marketing-services/web-design-for-trade-contractor-networks/,Trades,Networks and business models,Service × Industry Landing Page,Trade contractor networks,Website Design and CRO,/trades-industries/trade-contractor-networks-marketing-agency/,Index after content threshold,Phase 3,website design and cro for trade contractor networks,trades-service-industry-sitemap.xml,Consultus campaign matrix pattern
https://www.consultusdigital.com/trades-marketing-services/crm-revops-for-trade-contractor-networks/,/trades-marketing-services/crm-revops-for-trade-contractor-networks/,Trades,Networks and business models,Service × Industry Landing Page,Trade contractor networks,CRM and Revenue Operations,/trades-industries/trade-contractor-networks-marketing-agency/,Index after content threshold,Phase 3,crm and revenue operations for trade contractor networks,trades-service-industry-sitemap.xml,Consultus campaign matrix pattern
https://www.consultusdigital.com/trades-marketing-services/content-marketing-for-trade-contractor-networks/,/trades-marketing-services/content-marketing-for-trade-contractor-networks/,Trades,Networks and business models,Service × Industry Landing Page,Trade contractor networks,Content Marketing,/trades-industries/trade-contractor-networks-marketing-agency/,Index after content threshold,Phase 3,content marketing for trade contractor networks,trades-service-industry-sitemap.xml,Consultus campaign matrix pattern
https://www.consultusdigital.com/trades-marketing-services/ad-creative-for-trade-contractor-networks/,/trades-marketing-services/ad-creative-for-trade-contractor-networks/,Trades,Networks and business models,Service × Industry Landing Page,Trade contractor networks,Ad Creative Production,/trades-industries/trade-contractor-networks-marketing-agency/,Index after content threshold,Phase 3,ad creative production for trade contractor networks,trades-service-industry-sitemap.xml,Consultus campaign matrix pattern
https://www.consultusdigital.com/trades-marketing-services/call-tracking-for-trade-contractor-networks/,/trades-marketing-services/call-tracking-for-trade-contractor-networks/,Trades,Networks and business models,Service × Industry Landing Page,Trade contractor networks,Call Tracking and Attribution,/trades-industries/trade-contractor-networks-marketing-agency/,Index after content threshold,Phase 3,call tracking and attribution for trade contractor networks,trades-service-industry-sitemap.xml,Consultus campaign matrix pattern
https://www.consultusdigital.com/trades-industries/dealer-networks-marketing-agency/,/trades-industries/dealer-networks-marketing-agency/,Trades,Networks and business models,Industry Marketing Agency Page,Dealer networks,,/trades-industries/networks-and-business-models/,Index,Phase 2,dealer networks marketing agency,trades-industry-agency-sitemap.xml,https://www.cardinaldigitalmarketing.com/healthcare-specialties/mental-healthcare-providers-agency/
https://www.consultusdigital.com/trades-marketing-services/digital-marketing-for-dealer-networks/,/trades-marketing-services/digital-marketing-for-dealer-networks/,Trades,Networks and business models,Service × Industry Landing Page,Dealer networks,Digital Marketing Agency,/trades-industries/dealer-networks-marketing-agency/,Index after content threshold,Phase 3,digital marketing agency for dealer networks,trades-service-industry-sitemap.xml,Consultus campaign matrix pattern
https://www.consultusdigital.com/trades-marketing-services/google-ads-for-dealer-networks/,/trades-marketing-services/google-ads-for-dealer-networks/,Trades,Networks and business models,Service × Industry Landing Page,Dealer networks,Google Ads and PPC,/trades-industries/dealer-networks-marketing-agency/,Index after content threshold,Phase 3,google ads and ppc for dealer networks,trades-service-industry-sitemap.xml,Consultus campaign matrix pattern
https://www.consultusdigital.com/trades-marketing-services/local-seo-for-dealer-networks/,/trades-marketing-services/local-seo-for-dealer-networks/,Trades,Networks and business models,Service × Industry Landing Page,Dealer networks,Local SEO,/trades-industries/dealer-networks-marketing-agency/,Index after content threshold,Phase 3,local seo for dealer networks,trades-service-industry-sitemap.xml,Consultus campaign matrix pattern
https://www.consultusdigital.com/trades-marketing-services/ai-search-for-dealer-networks/,/trades-marketing-services/ai-search-for-dealer-networks/,Trades,Networks and business models,Service × Industry Landing Page,Dealer networks,"AEO, GEO and AI Search",/trades-industries/dealer-networks-marketing-agency/,Index after content threshold,Phase 3,"aeo, geo and ai search for dealer networks",trades-service-industry-sitemap.xml,Consultus campaign matrix pattern
https://www.consultusdigital.com/trades-marketing-services/paid-social-for-dealer-networks/,/trades-marketing-services/paid-social-for-dealer-networks/,Trades,Networks and business models,Service × Industry Landing Page,Dealer networks,Paid Social,/trades-industries/dealer-networks-marketing-agency/,Index after content threshold,Phase 3,paid social for dealer networks,trades-service-industry-sitemap.xml,Consultus campaign matrix pattern
https://www.consultusdigital.com/trades-marketing-services/web-design-for-dealer-networks/,/trades-marketing-services/web-design-for-dealer-networks/,Trades,Networks and business models,Service × Industry Landing Page,Dealer networks,Website Design and CRO,/trades-industries/dealer-networks-marketing-agency/,Index after content threshold,Phase 3,website design and cro for dealer networks,trades-service-industry-sitemap.xml,Consultus campaign matrix pattern
https://www.consultusdigital.com/trades-marketing-services/crm-revops-for-dealer-networks/,/trades-marketing-services/crm-revops-for-dealer-networks/,Trades,Networks and business models,Service × Industry Landing Page,Dealer networks,CRM and Revenue Operations,/trades-industries/dealer-networks-marketing-agency/,Index after content threshold,Phase 3,crm and revenue operations for dealer networks,trades-service-industry-sitemap.xml,Consultus campaign matrix pattern
https://www.consultusdigital.com/trades-marketing-services/content-marketing-for-dealer-networks/,/trades-marketing-services/content-marketing-for-dealer-networks/,Trades,Networks and business models,Service × Industry Landing Page,Dealer networks,Content Marketing,/trades-industries/dealer-networks-marketing-agency/,Index after content threshold,Phase 3,content marketing for dealer networks,trades-service-industry-sitemap.xml,Consultus campaign matrix pattern
https://www.consultusdigital.com/trades-marketing-services/ad-creative-for-dealer-networks/,/trades-marketing-services/ad-creative-for-dealer-networks/,Trades,Networks and business models,Service × Industry Landing Page,Dealer networks,Ad Creative Production,/trades-industries/dealer-networks-marketing-agency/,Index after content threshold,Phase 3,ad creative production for dealer networks,trades-service-industry-sitemap.xml,Consultus campaign matrix pattern
https://www.consultusdigital.com/trades-marketing-services/call-tracking-for-dealer-networks/,/trades-marketing-services/call-tracking-for-dealer-networks/,Trades,Networks and business models,Service × Industry Landing Page,Dealer networks,Call Tracking and Attribution,/trades-industries/dealer-networks-marketing-agency/,Index after content threshold,Phase 3,call tracking and attribution for dealer networks,trades-service-industry-sitemap.xml,Consultus campaign matrix pattern
https://www.consultusdigital.com/trades-industries/manufacturer-certified-installers-marketing-agency/,/trades-industries/manufacturer-certified-installers-marketing-agency/,Trades,Networks and business models,Industry Marketing Agency Page,Manufacturer-certified installers,,/trades-industries/networks-and-business-models/,Index,Phase 2,manufacturer-certified installers marketing agency,trades-industry-agency-sitemap.xml,https://www.cardinaldigitalmarketing.com/healthcare-specialties/mental-healthcare-providers-agency/
https://www.consultusdigital.com/trades-marketing-services/digital-marketing-for-manufacturer-certified-installers/,/trades-marketing-services/digital-marketing-for-manufacturer-certified-installers/,Trades,Networks and business models,Service × Industry Landing Page,Manufacturer-certified installers,Digital Marketing Agency,/trades-industries/manufacturer-certified-installers-marketing-agency/,Index after content threshold,Phase 3,digital marketing agency for manufacturer-certified installers,trades-service-industry-sitemap.xml,Consultus campaign matrix pattern
https://www.consultusdigital.com/trades-marketing-services/google-ads-for-manufacturer-certified-installers/,/trades-marketing-services/google-ads-for-manufacturer-certified-installers/,Trades,Networks and business models,Service × Industry Landing Page,Manufacturer-certified installers,Google Ads and PPC,/trades-industries/manufacturer-certified-installers-marketing-agency/,Index after content threshold,Phase 3,google ads and ppc for manufacturer-certified installers,trades-service-industry-sitemap.xml,Consultus campaign matrix pattern
https://www.consultusdigital.com/trades-marketing-services/local-seo-for-manufacturer-certified-installers/,/trades-marketing-services/local-seo-for-manufacturer-certified-installers/,Trades,Networks and business models,Service × Industry Landing Page,Manufacturer-certified installers,Local SEO,/trades-industries/manufacturer-certified-installers-marketing-agency/,Index after content threshold,Phase 3,local seo for manufacturer-certified installers,trades-service-industry-sitemap.xml,Consultus campaign matrix pattern
https://www.consultusdigital.com/trades-marketing-services/ai-search-for-manufacturer-certified-installers/,/trades-marketing-services/ai-search-for-manufacturer-certified-installers/,Trades,Networks and business models,Service × Industry Landing Page,Manufacturer-certified installers,"AEO, GEO and AI Search",/trades-industries/manufacturer-certified-installers-marketing-agency/,Index after content threshold,Phase 3,"aeo, geo and ai search for manufacturer-certified installers",trades-service-industry-sitemap.xml,Consultus campaign matrix pattern
https://www.consultusdigital.com/trades-marketing-services/paid-social-for-manufacturer-certified-installers/,/trades-marketing-services/paid-social-for-manufacturer-certified-installers/,Trades,Networks and business models,Service × Industry Landing Page,Manufacturer-certified installers,Paid Social,/trades-industries/manufacturer-certified-installers-marketing-agency/,Index after content threshold,Phase 3,paid social for manufacturer-certified installers,trades-service-industry-sitemap.xml,Consultus campaign matrix pattern
https://www.consultusdigital.com/trades-marketing-services/web-design-for-manufacturer-certified-installers/,/trades-marketing-services/web-design-for-manufacturer-certified-installers/,Trades,Networks and business models,Service × Industry Landing Page,Manufacturer-certified installers,Website Design and CRO,/trades-industries/manufacturer-certified-installers-marketing-agency/,Index after content threshold,Phase 3,website design and cro for manufacturer-certified installers,trades-service-industry-sitemap.xml,Consultus campaign matrix pattern
https://www.consultusdigital.com/trades-marketing-services/crm-revops-for-manufacturer-certified-installers/,/trades-marketing-services/crm-revops-for-manufacturer-certified-installers/,Trades,Networks and business models,Service × Industry Landing Page,Manufacturer-certified installers,CRM and Revenue Operations,/trades-industries/manufacturer-certified-installers-marketing-agency/,Index after content threshold,Phase 3,crm and revenue operations for manufacturer-certified installers,trades-service-industry-sitemap.xml,Consultus campaign matrix pattern
https://www.consultusdigital.com/trades-marketing-services/content-marketing-for-manufacturer-certified-installers/,/trades-marketing-services/content-marketing-for-manufacturer-certified-installers/,Trades,Networks and business models,Service × Industry Landing Page,Manufacturer-certified installers,Content Marketing,/trades-industries/manufacturer-certified-installers-marketing-agency/,Index after content threshold,Phase 3,content marketing for manufacturer-certified installers,trades-service-industry-sitemap.xml,Consultus campaign matrix pattern
https://www.consultusdigital.com/trades-marketing-services/ad-creative-for-manufacturer-certified-installers/,/trades-marketing-services/ad-creative-for-manufacturer-certified-installers/,Trades,Networks and business models,Service × Industry Landing Page,Manufacturer-certified installers,Ad Creative Production,/trades-industries/manufacturer-certified-installers-marketing-agency/,Index after content threshold,Phase 3,ad creative production for manufacturer-certified installers,trades-service-industry-sitemap.xml,Consultus campaign matrix pattern
https://www.consultusdigital.com/trades-marketing-services/call-tracking-for-manufacturer-certified-installers/,/trades-marketing-services/call-tracking-for-manufacturer-certified-installers/,Trades,Networks and business models,Service × Industry Landing Page,Manufacturer-certified installers,Call Tracking and Attribution,/trades-industries/manufacturer-certified-installers-marketing-agency/,Index after content threshold,Phase 3,call tracking and attribution for manufacturer-certified installers,trades-service-industry-sitemap.xml,Consultus campaign matrix pattern
https://www.consultusdigital.com/trades-industries/private-equity-backed-home-services-marketing-agency/,/trades-industries/private-equity-backed-home-services-marketing-agency/,Trades,Networks and business models,Industry Marketing Agency Page,Private equity-backed home services,,/trades-industries/networks-and-business-models/,Index,Phase 2,private equity-backed home services marketing agency,trades-industry-agency-sitemap.xml,https://www.cardinaldigitalmarketing.com/healthcare-specialties/mental-healthcare-providers-agency/
https://www.consultusdigital.com/trades-marketing-services/digital-marketing-for-private-equity-backed-home-services/,/trades-marketing-services/digital-marketing-for-private-equity-backed-home-services/,Trades,Networks and business models,Service × Industry Landing Page,Private equity-backed home services,Digital Marketing Agency,/trades-industries/private-equity-backed-home-services-marketing-agency/,Index after content threshold,Phase 3,digital marketing agency for private equity-backed home services,trades-service-industry-sitemap.xml,Consultus campaign matrix pattern
https://www.consultusdigital.com/trades-marketing-services/google-ads-for-private-equity-backed-home-services/,/trades-marketing-services/google-ads-for-private-equity-backed-home-services/,Trades,Networks and business models,Service × Industry Landing Page,Private equity-backed home services,Google Ads and PPC,/trades-industries/private-equity-backed-home-services-marketing-agency/,Index after content threshold,Phase 3,google ads and ppc for private equity-backed home services,trades-service-industry-sitemap.xml,Consultus campaign matrix pattern
https://www.consultusdigital.com/trades-marketing-services/local-seo-for-private-equity-backed-home-services/,/trades-marketing-services/local-seo-for-private-equity-backed-home-services/,Trades,Networks and business models,Service × Industry Landing Page,Private equity-backed home services,Local SEO,/trades-industries/private-equity-backed-home-services-marketing-agency/,Index after content threshold,Phase 3,local seo for private equity-backed home services,trades-service-industry-sitemap.xml,Consultus campaign matrix pattern
https://www.consultusdigital.com/trades-marketing-services/ai-search-for-private-equity-backed-home-services/,/trades-marketing-services/ai-search-for-private-equity-backed-home-services/,Trades,Networks and business models,Service × Industry Landing Page,Private equity-backed home services,"AEO, GEO and AI Search",/trades-industries/private-equity-backed-home-services-marketing-agency/,Index after content threshold,Phase 3,"aeo, geo and ai search for private equity-backed home services",trades-service-industry-sitemap.xml,Consultus campaign matrix pattern
https://www.consultusdigital.com/trades-marketing-services/paid-social-for-private-equity-backed-home-services/,/trades-marketing-services/paid-social-for-private-equity-backed-home-services/,Trades,Networks and business models,Service × Industry Landing Page,Private equity-backed home services,Paid Social,/trades-industries/private-equity-backed-home-services-marketing-agency/,Index after content threshold,Phase 3,paid social for private equity-backed home services,trades-service-industry-sitemap.xml,Consultus campaign matrix pattern
https://www.consultusdigital.com/trades-marketing-services/web-design-for-private-equity-backed-home-services/,/trades-marketing-services/web-design-for-private-equity-backed-home-services/,Trades,Networks and business models,Service × Industry Landing Page,Private equity-backed home services,Website Design and CRO,/trades-industries/private-equity-backed-home-services-marketing-agency/,Index after content threshold,Phase 3,website design and cro for private equity-backed home services,trades-service-industry-sitemap.xml,Consultus campaign matrix pattern
https://www.consultusdigital.com/trades-marketing-services/crm-revops-for-private-equity-backed-home-services/,/trades-marketing-services/crm-revops-for-private-equity-backed-home-services/,Trades,Networks and business models,Service × Industry Landing Page,Private equity-backed home services,CRM and Revenue Operations,/trades-industries/private-equity-backed-home-services-marketing-agency/,Index after content threshold,Phase 3,crm and revenue operations for private equity-backed home services,trades-service-industry-sitemap.xml,Consultus campaign matrix pattern
https://www.consultusdigital.com/trades-marketing-services/content-marketing-for-private-equity-backed-home-services/,/trades-marketing-services/content-marketing-for-private-equity-backed-home-services/,Trades,Networks and business models,Service × Industry Landing Page,Private equity-backed home services,Content Marketing,/trades-industries/private-equity-backed-home-services-marketing-agency/,Index after content threshold,Phase 3,content marketing for private equity-backed home services,trades-service-industry-sitemap.xml,Consultus campaign matrix pattern
https://www.consultusdigital.com/trades-marketing-services/ad-creative-for-private-equity-backed-home-services/,/trades-marketing-services/ad-creative-for-private-equity-backed-home-services/,Trades,Networks and business models,Service × Industry Landing Page,Private equity-backed home services,Ad Creative Production,/trades-industries/private-equity-backed-home-services-marketing-agency/,Index after content threshold,Phase 3,ad creative production for private equity-backed home services,trades-service-industry-sitemap.xml,Consultus campaign matrix pattern
https://www.consultusdigital.com/trades-marketing-services/call-tracking-for-private-equity-backed-home-services/,/trades-marketing-services/call-tracking-for-private-equity-backed-home-services/,Trades,Networks and business models,Service × Industry Landing Page,Private equity-backed home services,Call Tracking and Attribution,/trades-industries/private-equity-backed-home-services-marketing-agency/,Index after content threshold,Phase 3,call tracking and attribution for private equity-backed home services,trades-service-industry-sitemap.xml,Consultus campaign matrix pattern
https://www.consultusdigital.com/trades-industries/roll-up-home-service-groups-marketing-agency/,/trades-industries/roll-up-home-service-groups-marketing-agency/,Trades,Networks and business models,Industry Marketing Agency Page,Roll-up home service groups,,/trades-industries/networks-and-business-models/,Index,Phase 2,roll-up home service groups marketing agency,trades-industry-agency-sitemap.xml,https://www.cardinaldigitalmarketing.com/healthcare-specialties/mental-healthcare-providers-agency/
https://www.consultusdigital.com/trades-marketing-services/digital-marketing-for-roll-up-home-service-groups/,/trades-marketing-services/digital-marketing-for-roll-up-home-service-groups/,Trades,Networks and business models,Service × Industry Landing Page,Roll-up home service groups,Digital Marketing Agency,/trades-industries/roll-up-home-service-groups-marketing-agency/,Index after content threshold,Phase 3,digital marketing agency for roll-up home service groups,trades-service-industry-sitemap.xml,Consultus campaign matrix pattern
https://www.consultusdigital.com/trades-marketing-services/google-ads-for-roll-up-home-service-groups/,/trades-marketing-services/google-ads-for-roll-up-home-service-groups/,Trades,Networks and business models,Service × Industry Landing Page,Roll-up home service groups,Google Ads and PPC,/trades-industries/roll-up-home-service-groups-marketing-agency/,Index after content threshold,Phase 3,google ads and ppc for roll-up home service groups,trades-service-industry-sitemap.xml,Consultus campaign matrix pattern
https://www.consultusdigital.com/trades-marketing-services/local-seo-for-roll-up-home-service-groups/,/trades-marketing-services/local-seo-for-roll-up-home-service-groups/,Trades,Networks and business models,Service × Industry Landing Page,Roll-up home service groups,Local SEO,/trades-industries/roll-up-home-service-groups-marketing-agency/,Index after content threshold,Phase 3,local seo for roll-up home service groups,trades-service-industry-sitemap.xml,Consultus campaign matrix pattern
https://www.consultusdigital.com/trades-marketing-services/ai-search-for-roll-up-home-service-groups/,/trades-marketing-services/ai-search-for-roll-up-home-service-groups/,Trades,Networks and business models,Service × Industry Landing Page,Roll-up home service groups,"AEO, GEO and AI Search",/trades-industries/roll-up-home-service-groups-marketing-agency/,Index after content threshold,Phase 3,"aeo, geo and ai search for roll-up home service groups",trades-service-industry-sitemap.xml,Consultus campaign matrix pattern
https://www.consultusdigital.com/trades-marketing-services/paid-social-for-roll-up-home-service-groups/,/trades-marketing-services/paid-social-for-roll-up-home-service-groups/,Trades,Networks and business models,Service × Industry Landing Page,Roll-up home service groups,Paid Social,/trades-industries/roll-up-home-service-groups-marketing-agency/,Index after content threshold,Phase 3,paid social for roll-up home service groups,trades-service-industry-sitemap.xml,Consultus campaign matrix pattern
https://www.consultusdigital.com/trades-marketing-services/web-design-for-roll-up-home-service-groups/,/trades-marketing-services/web-design-for-roll-up-home-service-groups/,Trades,Networks and business models,Service × Industry Landing Page,Roll-up home service groups,Website Design and CRO,/trades-industries/roll-up-home-service-groups-marketing-agency/,Index after content threshold,Phase 3,website design and cro for roll-up home service groups,trades-service-industry-sitemap.xml,Consultus campaign matrix pattern
https://www.consultusdigital.com/trades-marketing-services/crm-revops-for-roll-up-home-service-groups/,/trades-marketing-services/crm-revops-for-roll-up-home-service-groups/,Trades,Networks and business models,Service × Industry Landing Page,Roll-up home service groups,CRM and Revenue Operations,/trades-industries/roll-up-home-service-groups-marketing-agency/,Index after content threshold,Phase 3,crm and revenue operations for roll-up home service groups,trades-service-industry-sitemap.xml,Consultus campaign matrix pattern
https://www.consultusdigital.com/trades-marketing-services/content-marketing-for-roll-up-home-service-groups/,/trades-marketing-services/content-marketing-for-roll-up-home-service-groups/,Trades,Networks and business models,Service × Industry Landing Page,Roll-up home service groups,Content Marketing,/trades-industries/roll-up-home-service-groups-marketing-agency/,Index after content threshold,Phase 3,content marketing for roll-up home service groups,trades-service-industry-sitemap.xml,Consultus campaign matrix pattern
https://www.consultusdigital.com/trades-marketing-services/ad-creative-for-roll-up-home-service-groups/,/trades-marketing-services/ad-creative-for-roll-up-home-service-groups/,Trades,Networks and business models,Service × Industry Landing Page,Roll-up home service groups,Ad Creative Production,/trades-industries/roll-up-home-service-groups-marketing-agency/,Index after content threshold,Phase 3,ad creative production for roll-up home service groups,trades-service-industry-sitemap.xml,Consultus campaign matrix pattern
https://www.consultusdigital.com/trades-marketing-services/call-tracking-for-roll-up-home-service-groups/,/trades-marketing-services/call-tracking-for-roll-up-home-service-groups/,Trades,Networks and business models,Service × Industry Landing Page,Roll-up home service groups,Call Tracking and Attribution,/trades-industries/roll-up-home-service-groups-marketing-agency/,Index after content threshold,Phase 3,call tracking and attribution for roll-up home service groups,trades-service-industry-sitemap.xml,Consultus campaign matrix pattern
https://www.consultusdigital.com/trades-industries/commercial-service-networks-marketing-agency/,/trades-industries/commercial-service-networks-marketing-agency/,Trades,Networks and business models,Industry Marketing Agency Page,Commercial service networks,,/trades-industries/networks-and-business-models/,Index,Phase 2,commercial service networks marketing agency,trades-industry-agency-sitemap.xml,https://www.cardinaldigitalmarketing.com/healthcare-specialties/mental-healthcare-providers-agency/
https://www.consultusdigital.com/trades-marketing-services/digital-marketing-for-commercial-service-networks/,/trades-marketing-services/digital-marketing-for-commercial-service-networks/,Trades,Networks and business models,Service × Industry Landing Page,Commercial service networks,Digital Marketing Agency,/trades-industries/commercial-service-networks-marketing-agency/,Index after content threshold,Phase 3,digital marketing agency for commercial service networks,trades-service-industry-sitemap.xml,Consultus campaign matrix pattern
https://www.consultusdigital.com/trades-marketing-services/google-ads-for-commercial-service-networks/,/trades-marketing-services/google-ads-for-commercial-service-networks/,Trades,Networks and business models,Service × Industry Landing Page,Commercial service networks,Google Ads and PPC,/trades-industries/commercial-service-networks-marketing-agency/,Index after content threshold,Phase 3,google ads and ppc for commercial service networks,trades-service-industry-sitemap.xml,Consultus campaign matrix pattern
https://www.consultusdigital.com/trades-marketing-services/local-seo-for-commercial-service-networks/,/trades-marketing-services/local-seo-for-commercial-service-networks/,Trades,Networks and business models,Service × Industry Landing Page,Commercial service networks,Local SEO,/trades-industries/commercial-service-networks-marketing-agency/,Index after content threshold,Phase 3,local seo for commercial service networks,trades-service-industry-sitemap.xml,Consultus campaign matrix pattern
https://www.consultusdigital.com/trades-marketing-services/ai-search-for-commercial-service-networks/,/trades-marketing-services/ai-search-for-commercial-service-networks/,Trades,Networks and business models,Service × Industry Landing Page,Commercial service networks,"AEO, GEO and AI Search",/trades-industries/commercial-service-networks-marketing-agency/,Index after content threshold,Phase 3,"aeo, geo and ai search for commercial service networks",trades-service-industry-sitemap.xml,Consultus campaign matrix pattern
https://www.consultusdigital.com/trades-marketing-services/paid-social-for-commercial-service-networks/,/trades-marketing-services/paid-social-for-commercial-service-networks/,Trades,Networks and business models,Service × Industry Landing Page,Commercial service networks,Paid Social,/trades-industries/commercial-service-networks-marketing-agency/,Index after content threshold,Phase 3,paid social for commercial service networks,trades-service-industry-sitemap.xml,Consultus campaign matrix pattern
https://www.consultusdigital.com/trades-marketing-services/web-design-for-commercial-service-networks/,/trades-marketing-services/web-design-for-commercial-service-networks/,Trades,Networks and business models,Service × Industry Landing Page,Commercial service networks,Website Design and CRO,/trades-industries/commercial-service-networks-marketing-agency/,Index after content threshold,Phase 3,website design and cro for commercial service networks,trades-service-industry-sitemap.xml,Consultus campaign matrix pattern
https://www.consultusdigital.com/trades-marketing-services/crm-revops-for-commercial-service-networks/,/trades-marketing-services/crm-revops-for-commercial-service-networks/,Trades,Networks and business models,Service × Industry Landing Page,Commercial service networks,CRM and Revenue Operations,/trades-industries/commercial-service-networks-marketing-agency/,Index after content threshold,Phase 3,crm and revenue operations for commercial service networks,trades-service-industry-sitemap.xml,Consultus campaign matrix pattern
https://www.consultusdigital.com/trades-marketing-services/content-marketing-for-commercial-service-networks/,/trades-marketing-services/content-marketing-for-commercial-service-networks/,Trades,Networks and business models,Service × Industry Landing Page,Commercial service networks,Content Marketing,/trades-industries/commercial-service-networks-marketing-agency/,Index after content threshold,Phase 3,content marketing for commercial service networks,trades-service-industry-sitemap.xml,Consultus campaign matrix pattern
https://www.consultusdigital.com/trades-marketing-services/ad-creative-for-commercial-service-networks/,/trades-marketing-services/ad-creative-for-commercial-service-networks/,Trades,Networks and business models,Service × Industry Landing Page,Commercial service networks,Ad Creative Production,/trades-industries/commercial-service-networks-marketing-agency/,Index after content threshold,Phase 3,ad creative production for commercial service networks,trades-service-industry-sitemap.xml,Consultus campaign matrix pattern
https://www.consultusdigital.com/trades-marketing-services/call-tracking-for-commercial-service-networks/,/trades-marketing-services/call-tracking-for-commercial-service-networks/,Trades,Networks and business models,Service × Industry Landing Page,Commercial service networks,Call Tracking and Attribution,/trades-industries/commercial-service-networks-marketing-agency/,Index after content threshold,Phase 3,call tracking and attribution for commercial service networks,trades-service-industry-sitemap.xml,Consultus campaign matrix pattern
https://www.consultusdigital.com/trades-industries/national-accounts-contractors-marketing-agency/,/trades-industries/national-accounts-contractors-marketing-agency/,Trades,Networks and business models,Industry Marketing Agency Page,National accounts contractors,,/trades-industries/networks-and-business-models/,Index,Phase 2,national accounts contractors marketing agency,trades-industry-agency-sitemap.xml,https://www.cardinaldigitalmarketing.com/healthcare-specialties/mental-healthcare-providers-agency/
https://www.consultusdigital.com/trades-marketing-services/digital-marketing-for-national-accounts-contractors/,/trades-marketing-services/digital-marketing-for-national-accounts-contractors/,Trades,Networks and business models,Service × Industry Landing Page,National accounts contractors,Digital Marketing Agency,/trades-industries/national-accounts-contractors-marketing-agency/,Index after content threshold,Phase 3,digital marketing agency for national accounts contractors,trades-service-industry-sitemap.xml,Consultus campaign matrix pattern
https://www.consultusdigital.com/trades-marketing-services/google-ads-for-national-accounts-contractors/,/trades-marketing-services/google-ads-for-national-accounts-contractors/,Trades,Networks and business models,Service × Industry Landing Page,National accounts contractors,Google Ads and PPC,/trades-industries/national-accounts-contractors-marketing-agency/,Index after content threshold,Phase 3,google ads and ppc for national accounts contractors,trades-service-industry-sitemap.xml,Consultus campaign matrix pattern
https://www.consultusdigital.com/trades-marketing-services/local-seo-for-national-accounts-contractors/,/trades-marketing-services/local-seo-for-national-accounts-contractors/,Trades,Networks and business models,Service × Industry Landing Page,National accounts contractors,Local SEO,/trades-industries/national-accounts-contractors-marketing-agency/,Index after content threshold,Phase 3,local seo for national accounts contractors,trades-service-industry-sitemap.xml,Consultus campaign matrix pattern
https://www.consultusdigital.com/trades-marketing-services/ai-search-for-national-accounts-contractors/,/trades-marketing-services/ai-search-for-national-accounts-contractors/,Trades,Networks and business models,Service × Industry Landing Page,National accounts contractors,"AEO, GEO and AI Search",/trades-industries/national-accounts-contractors-marketing-agency/,Index after content threshold,Phase 3,"aeo, geo and ai search for national accounts contractors",trades-service-industry-sitemap.xml,Consultus campaign matrix pattern
https://www.consultusdigital.com/trades-marketing-services/paid-social-for-national-accounts-contractors/,/trades-marketing-services/paid-social-for-national-accounts-contractors/,Trades,Networks and business models,Service × Industry Landing Page,National accounts contractors,Paid Social,/trades-industries/national-accounts-contractors-marketing-agency/,Index after content threshold,Phase 3,paid social for national accounts contractors,trades-service-industry-sitemap.xml,Consultus campaign matrix pattern
https://www.consultusdigital.com/trades-marketing-services/web-design-for-national-accounts-contractors/,/trades-marketing-services/web-design-for-national-accounts-contractors/,Trades,Networks and business models,Service × Industry Landing Page,National accounts contractors,Website Design and CRO,/trades-industries/national-accounts-contractors-marketing-agency/,Index after content threshold,Phase 3,website design and cro for national accounts contractors,trades-service-industry-sitemap.xml,Consultus campaign matrix pattern
https://www.consultusdigital.com/trades-marketing-services/crm-revops-for-national-accounts-contractors/,/trades-marketing-services/crm-revops-for-national-accounts-contractors/,Trades,Networks and business models,Service × Industry Landing Page,National accounts contractors,CRM and Revenue Operations,/trades-industries/national-accounts-contractors-marketing-agency/,Index after content threshold,Phase 3,crm and revenue operations for national accounts contractors,trades-service-industry-sitemap.xml,Consultus campaign matrix pattern
https://www.consultusdigital.com/trades-marketing-services/content-marketing-for-national-accounts-contractors/,/trades-marketing-services/content-marketing-for-national-accounts-contractors/,Trades,Networks and business models,Service × Industry Landing Page,National accounts contractors,Content Marketing,/trades-industries/national-accounts-contractors-marketing-agency/,Index after content threshold,Phase 3,content marketing for national accounts contractors,trades-service-industry-sitemap.xml,Consultus campaign matrix pattern
https://www.consultusdigital.com/trades-marketing-services/ad-creative-for-national-accounts-contractors/,/trades-marketing-services/ad-creative-for-national-accounts-contractors/,Trades,Networks and business models,Service × Industry Landing Page,National accounts contractors,Ad Creative Production,/trades-industries/national-accounts-contractors-marketing-agency/,Index after content threshold,Phase 3,ad creative production for national accounts contractors,trades-service-industry-sitemap.xml,Consultus campaign matrix pattern
https://www.consultusdigital.com/trades-marketing-services/call-tracking-for-national-accounts-contractors/,/trades-marketing-services/call-tracking-for-national-accounts-contractors/,Trades,Networks and business models,Service × Industry Landing Page,National accounts contractors,Call Tracking and Attribution,/trades-industries/national-accounts-contractors-marketing-agency/,Index after content threshold,Phase 3,call tracking and attribution for national accounts contractors,trades-service-industry-sitemap.xml,Consultus campaign matrix pattern
